sequence,kind,id,name,slug,description,category,tags,sources,event,inventory_status,collectible,order_key,order_value,trade_sell_value,trade_buy_value,trade_buy_quantity,life_coins,shop_level,mosslax,storage_capacity,habitat_item_category_ids,favorite_category_ids,image_url,variant_image_urls,source_page,source,filename,relative_path,downloaded_url,content_type,bytes,sha256,status,error
0001,placeable_item,197,Leppa Berry,leppa-berry,A berry with rather unremarkable flavor. Restores some PP when eaten.,Food,"[""Food""]","[""Gifts from Pokemon"",""Headbutt berry trees""]",,in-collection,,food_order,1,13,,,,,Increase Pokemon Friendship (Weak),,[],[],https://pokopiadex.com/images/items/dream_ui/leppa-berry.png,[],https://pokopiadex.com/items/leppa-berry,pokopiadex_items_in_collection,0001-leppa-berry.png,assets/pokopia_image_sources/item_portraits/0001-leppa-berry.png,https://pokopiadex.com/images/items/dream_ui/leppa-berry.png,image/png,141357,a535de3a7cb871dc0457ccb8c8cdd86eaec8fc9be2a5f51934afa18a3fa6c5a2,ok,
0002,placeable_item,414,Chesto Berry,chesto-berry,A rock-hard berry with a dry flavor. Restores some PP when eaten.,Food,"[""Food""]",[],,in-collection,,food_order,2,,,,,,Increase Feather Drops (Weak),,[],[2205],https://pokopiadex.com/images/items/item_ui/chesto-berry.png,[],https://pokopiadex.com/items/chesto-berry,pokopiadex_items_in_collection,0002-chesto-berry.png,assets/pokopia_image_sources/item_portraits/0002-chesto-berry.png,https://pokopiadex.com/images/items/item_ui/chesto-berry.png,image/png,25741,f3ff710846e665981d893d22cc1990dabcabd6eee2a3dbe01c2a58f66fb372ef,ok,
0003,placeable_item,415,Rawst Berry,rawst-berry,"The longer and more curled the leaves are, the more bitter this berry tastes. Restores some PP when eaten.",Food,"[""Food""]",[],,in-collection,,food_order,3,,,,,,Increase Rare Items (Weak),,[],[2197],https://pokopiadex.com/images/items/item_ui/rawst-berry.png,[],https://pokopiadex.com/items/rawst-berry,pokopiadex_items_in_collection,0003-rawst-berry.png,assets/pokopia_image_sources/item_portraits/0003-rawst-berry.png,https://pokopiadex.com/images/items/item_ui/rawst-berry.png,image/png,32476,074963eff7ac272298bc709f2ed3e43b19f25df40ed88dd60c403c6bf6a05855,ok,
0004,placeable_item,416,Aspear Berry,aspear-berry,This berry has a distinctively sharp sour taste. Restores some PP when eaten.,Food,"[""Food""]","[""Trade at PC""]",,in-collection,,food_order,4,,500,10,,,Increase Shop Quality & Discounts (Weak),,[],[2234],https://pokopiadex.com/images/items/item_ui/aspear-berry.png,[],https://pokopiadex.com/items/aspear-berry,pokopiadex_items_in_collection,0004-aspear-berry.png,assets/pokopia_image_sources/item_portraits/0004-aspear-berry.png,https://pokopiadex.com/images/items/item_ui/aspear-berry.png,image/png,27202,02b17c648d12fd1c391370250babd3b16fb4b96c835121e44fe667fcd604fbb8,ok,
0005,placeable_item,28,Pecha Berry,pecha-berry,"A sweet, delicious berry. Restores some PP when eaten.",Food,"[""Food""]","[""Headbutt berry trees""]",,in-collection,,food_order,5,,,,,,Increase Artifact Spawns (Weak),,[],[2240],https://pokopiadex.com/images/items/item_ui/pecha-berry.png,[],https://pokopiadex.com/items/pecha-berry,pokopiadex_items_in_collection,0005-pecha-berry.png,assets/pokopia_image_sources/item_portraits/0005-pecha-berry.png,https://pokopiadex.com/images/items/item_ui/pecha-berry.png,image/png,27083,ec884be41f34265c8d738c45b998b2fef6a0f730e3f9bf4b641a9ba6cf7ef67d,ok,
0006,placeable_item,417,Lum Berry,lum-berry,A berry that has a well-balanced flavor. Restores some PP when eaten.,Food,"[""Food""]",[],,in-collection,,food_order,6,,,,,,Increase Pokemon Friendship (Weak),,[],[],https://pokopiadex.com/images/items/item_ui/lum-berry.png,[],https://pokopiadex.com/items/lum-berry,pokopiadex_items_in_collection,0006-lum-berry.png,assets/pokopia_image_sources/item_portraits/0006-lum-berry.png,https://pokopiadex.com/images/items/item_ui/lum-berry.png,image/png,104195,aca061625ef00eef1c985cde22f5a8b13f02a1616915e7c410575b734b3cb88e,ok,
0007,placeable_item,671,Bean,bean,Small beans that are jam-packed with nutrients. Restores some PP when eaten.,Food,"[""Food""]","[""Harvest from ripe bean plant""]",,in-collection,,food_order,7,,,,,,Increase Artifact Spawns (Weak),,[],[2240],https://pokopiadex.com/images/items/item_ui/bean.png,[],https://pokopiadex.com/items/bean,pokopiadex_items_in_collection,0007-bean.png,assets/pokopia_image_sources/item_portraits/0007-bean.png,https://pokopiadex.com/images/items/item_ui/bean.png,image/png,114702,3f1d910a305b726e20002c71e7b8768535d851b3f275b53322aa53fe42d7cb33,ok,
0008,placeable_item,1577,Tomato,tomato,"A round, tasty-looking tomato. Restores some PP when eaten.",Food,"[""Food""]","[""inspect shiny water ripples""]",,in-collection,,food_order,8,,,,,,Increase Shop Quality & Discounts (Weak),,[],[2234],https://pokopiadex.com/images/items/item_ui/tomato.png,[],https://pokopiadex.com/items/tomato,pokopiadex_items_in_collection,0008-tomato.png,assets/pokopia_image_sources/item_portraits/0008-tomato.png,https://pokopiadex.com/images/items/item_ui/tomato.png,image/png,35963,d83e780c90f6dff021a1a2dbaec03fe39be53b4ba312091eb97a012c4828490d,ok,
0009,placeable_item,753,Wheat,wheat,They're actually edible raw! Restore some PP when eaten.,Food,"[""Food""]","[""inspect shiny water ripples""]",,in-collection,,food_order,9,,,,,,Increase Feather Drops (Weak),,[],[2205],https://pokopiadex.com/images/items/item_ui/wheat.png,[],https://pokopiadex.com/items/wheat,pokopiadex_items_in_collection,0009-wheat.png,assets/pokopia_image_sources/item_portraits/0009-wheat.png,https://pokopiadex.com/images/items/item_ui/wheat.png,image/png,119117,b5addf741c4397438edacce86fa74be3b02ee5646d712d47175ac5ebe27167d4,ok,
0010,placeable_item,1578,Potato,potato,A delicious potato-even with the skin still on! Restores some PP when eaten.,Food,"[""Food""]",[],,in-collection,,food_order,10,,,,,,Increase Rare Items (Weak),,[],[2197],https://pokopiadex.com/images/items/item_ui/potato.png,[],https://pokopiadex.com/items/potato,pokopiadex_items_in_collection,0010-potato.png,assets/pokopia_image_sources/item_portraits/0010-potato.png,https://pokopiadex.com/images/items/item_ui/potato.png,image/png,22720,d008d3a1bab6072d382000665e71d9dee543d0c41f61a5d980881f1cf2ce669a,ok,
0011,placeable_item,198,Fresh carrot,fresh-carrot,You can harvest these spicy carrots by pulling up on their leaves. Restores some PP when eaten.,Food,"[""Food""]","[""Pull carrot leaves""]",,in-collection,,food_order,11,20,,,,,Increase Pokemon Spawns (Weak),,[],[2235],https://pokopiadex.com/images/items/item_ui/fresh-carrot.png,[],https://pokopiadex.com/items/fresh-carrot,pokopiadex_items_in_collection,0011-fresh-carrot.png,assets/pokopia_image_sources/item_portraits/0011-fresh-carrot.png,https://pokopiadex.com/images/items/item_ui/fresh-carrot.png,image/png,92685,9a0dbf11a99443bbfeb8a0f22f554073f805ccf5f4913e050b1820bba91a92c5,ok,
0012,placeable_item,56,Seaweed,seaweed,Seaweed that has washed ashore. Restores some PP when eaten.,Food,"[""Food""]","[""Beach"",""Area gate between Withered Wasteland and Bleak Beach""]",,in-collection,,food_order,12,,,,,,Increase Pokemon Friendship (Weak),,[],[],https://pokopiadex.com/images/items/item_ui/seaweed.png,[],https://pokopiadex.com/items/seaweed,pokopiadex_items_in_collection,0012-seaweed.png,assets/pokopia_image_sources/item_portraits/0012-seaweed.png,https://pokopiadex.com/images/items/item_ui/seaweed.png,image/png,33116,39f5c215801a30cec3e6224eb7b57524dd343e31174313effa0a5f01ec6f6cdf,ok,
0013,placeable_item,574,Cave mushrooms,cave-mushrooms,"Mushrooms that grow in damp places, such as caves or under shady trees. Restores some PP when eaten.",Food,"[""Food""]","[""Gifts from Pokemon""]",,in-collection,,food_order,13,,,,,,Increase Feather Drops (Weak),,[],[2205],https://pokopiadex.com/images/items/dream_ui/cave-mushrooms.png,[],https://pokopiadex.com/items/cave-mushrooms,pokopiadex_items_in_collection,0013-cave-mushrooms.png,assets/pokopia_image_sources/item_portraits/0013-cave-mushrooms.png,https://pokopiadex.com/images/items/dream_ui/cave-mushrooms.png,image/png,167032,bf3a583c3b8df07d47f2367034db1cf8f1d2f856026ad03964219b636af0a0eb,ok,
0014,placeable_item,729,Simple salad,simple-salad,An ordinary salad made with leaves. Powers up Leafage when eaten.,Food,"[""Food""]",[],,in-collection,,food_order,14,,,,,,Increase Pokemon Friendship (Regular),,[],[],https://pokopiadex.com/images/items/item_ui/simple-salad.png,[],https://pokopiadex.com/items/simple-salad,pokopiadex_items_in_collection,0014-simple-salad.png,assets/pokopia_image_sources/item_portraits/0014-simple-salad.png,https://pokopiadex.com/images/items/item_ui/simple-salad.png,image/png,189744,c86b73251dc1f9d71ec70bd43255f3b25fe9566cddbaf3eb421a7f1827fe154d,ok,
0015,placeable_item,1076,Leppa salad,leppa-salad,A sweet salad made with Leppa Berries. Powers up Leafage when eaten.,Food,"[""Food""]",[],,in-collection,,food_order,15,,,,,,Increase Artifact Spawns (Strong),,[],[2240],https://pokopiadex.com/images/items/item_ui/leppa-salad.png,[],https://pokopiadex.com/items/leppa-salad,pokopiadex_items_in_collection,0015-leppa-salad.png,assets/pokopia_image_sources/item_portraits/0015-leppa-salad.png,https://pokopiadex.com/images/items/item_ui/leppa-salad.png,image/png,184366,8abba35df9337ba271122fa6afb9c81582f3f7178770a38d15d30efab878a94c,ok,
0016,placeable_item,1093,Seaweed salad,seaweed-salad,A bitter-tasting salad made with seaweed. Powers up Leafage when eaten.,Food,"[""Food""]",[],,in-collection,,food_order,16,,,,,,Increase Rare Items (Strong),,[],[2197],https://pokopiadex.com/images/items/item_ui/seaweed-salad.png,[],https://pokopiadex.com/items/seaweed-salad,pokopiadex_items_in_collection,0016-seaweed-salad.png,assets/pokopia_image_sources/item_portraits/0016-seaweed-salad.png,https://pokopiadex.com/images/items/item_ui/seaweed-salad.png,image/png,40712,2484746fd0e65edaf1141249565c25e5bff38e423344a6dc15322f926467506a,ok,
0017,placeable_item,1094,Shredded salad,shredded-salad,A sour salad made with finely chopped leaves. Powers up Leafage when eaten.,Food,"[""Food""]",[],,in-collection,,food_order,17,,,,,,Increase Shop Quality & Discounts (Strong),,[],[2234],https://pokopiadex.com/images/items/item_ui/shredded-salad.png,[],https://pokopiadex.com/items/shredded-salad,pokopiadex_items_in_collection,0017-shredded-salad.png,assets/pokopia_image_sources/item_portraits/0017-shredded-salad.png,https://pokopiadex.com/images/items/item_ui/shredded-salad.png,image/png,38092,75956ecb2ec8b7d41249f46c8293b386c6daf7458116fbf12debc39621aba7e6,ok,
0018,placeable_item,1095,Crushed-berry salad,crushed-berry-salad,"A salad with a dry flavor, made with crushed Chesto Berries. Powers up Leafage when eaten.",Food,"[""Food""]",[],,in-collection,,food_order,18,,,,,,Increase Feather Drops (Strong),,[],[2205],https://pokopiadex.com/images/items/item_ui/crushed-berry-salad.png,[],https://pokopiadex.com/items/crushed-berry-salad,pokopiadex_items_in_collection,0018-crushed-berry-salad.png,assets/pokopia_image_sources/item_portraits/0018-crushed-berry-salad.png,https://pokopiadex.com/images/items/item_ui/crushed-berry-salad.png,image/png,33823,11c1c911386abdf64290cb0f17bd82bb02ebe597fb2dbd5e653400632f9fe37c,ok,
0019,placeable_item,1077,Crouton salad,crouton-salad,A spicy salad with a delightfully crunchy texture. Powers up Leafage when eaten.,Food,"[""Food""]",[],,in-collection,,food_order,19,,,,,,Increase Pokemon Spawns (Strong),,[],[2235],https://pokopiadex.com/images/items/item_ui/crouton-salad.png,[],https://pokopiadex.com/items/crouton-salad,pokopiadex_items_in_collection,0019-crouton-salad.png,assets/pokopia_image_sources/item_portraits/0019-crouton-salad.png,https://pokopiadex.com/images/items/item_ui/crouton-salad.png,image/png,183152,617682abd50a83be6a2676142d2cbaf60b057325880f255da53f8a626553b2e6,ok,
0020,placeable_item,1078,Simple soup,simple-soup,An ordinary soup made with Fresh Water. Powers up Water Gun when eaten.,Food,"[""Food""]",[],,in-collection,,food_order,20,,,,,,Increase Pokemon Friendship (Regular),,[],[],https://pokopiadex.com/images/items/item_ui/simple-soup.png,[],https://pokopiadex.com/items/simple-soup,pokopiadex_items_in_collection,0020-simple-soup.png,assets/pokopia_image_sources/item_portraits/0020-simple-soup.png,https://pokopiadex.com/images/items/item_ui/simple-soup.png,image/png,141330,5a638e2c7be14fe2daa1d7d0449103415c83a3be1351e7de7f59b551ae28f367,ok,
0021,placeable_item,858,Seaweed soup,seaweed-soup,A bitter-tasting soup made with seaweed. Powers up Water Gun when eaten.,Food,"[""Food""]",[],,in-collection,,food_order,21,,,,,,Increase Rare Items (Strong),,[],[2197],https://pokopiadex.com/images/items/item_ui/seaweed-soup.png,[],https://pokopiadex.com/items/seaweed-soup,pokopiadex_items_in_collection,0021-seaweed-soup.png,assets/pokopia_image_sources/item_portraits/0021-seaweed-soup.png,https://pokopiadex.com/images/items/item_ui/seaweed-soup.png,image/png,141008,1ca953a0189a271d8a5d10e24065a9df69e481d4cc202706827e58810ad8afee,ok,
0022,placeable_item,1079,Mushroom soup,mushroom-soup,A soup with a dry flavor made with mushroom broth.,Food,"[""Food""]",[],,in-collection,,food_order,22,,,,,,Increase Feather Drops (Strong),,[],[2205],https://pokopiadex.com/images/items/item_ui/mushroom-soup.png,[],https://pokopiadex.com/items/mushroom-soup,pokopiadex_items_in_collection,0022-mushroom-soup.png,assets/pokopia_image_sources/item_portraits/0022-mushroom-soup.png,https://pokopiadex.com/images/items/item_ui/mushroom-soup.png,image/png,158403,b21e9f27b99b9b6929b1d08a7e7801f54b74eaf0addb6c2cdc1130751709679e,ok,
0023,placeable_item,1091,Electrifying soup,electrifying-soup,A shockingly spicy soup.. Powers up Water Gun when eaten.,Food,"[""Food""]",[],,in-collection,,food_order,23,,,,,,Increase Pokemon Spawns (Strong),,[],[2235],https://pokopiadex.com/images/items/item_ui/electrifying-soup.png,[],https://pokopiadex.com/items/electrifying-soup,pokopiadex_items_in_collection,0023-electrifying-soup.png,assets/pokopia_image_sources/item_portraits/0023-electrifying-soup.png,https://pokopiadex.com/images/items/item_ui/electrifying-soup.png,image/png,37384,40f0d1031d3e9b1fb1c9da465e8d1bd6829f2e16612a127df13ec117c5a210c8,ok,
0024,placeable_item,859,Healthy soup,healthy-soup,A spicy soup with an aromantic bean flavor. Powers up Water Gun when eaten!,Food,"[""Food""]",[],,in-collection,,food_order,24,,,,,,Increase Pokemon Spawns (Strong),,[],[2235],https://pokopiadex.com/images/items/item_ui/healthy-soup.png,[],https://pokopiadex.com/items/healthy-soup,pokopiadex_items_in_collection,0024-healthy-soup.png,assets/pokopia_image_sources/item_portraits/0024-healthy-soup.png,https://pokopiadex.com/images/items/item_ui/healthy-soup.png,image/png,178861,ccc6f6819119f0de4cf50def158854a978dce8744de53a0aa76ae9cde2cd5b1e,ok,
0025,placeable_item,1092,Flavorful soup,flavorful-soup,A sour soup bursting with flavor. Powers up Water Gun when eaten.,Food,"[""Food""]",[],,in-collection,,food_order,25,,,,,,Increase Shop Quality & Discounts (Strong),,[],[2234],https://pokopiadex.com/images/items/item_ui/flavorful-soup.png,[],https://pokopiadex.com/items/flavorful-soup,pokopiadex_items_in_collection,0025-flavorful-soup.png,assets/pokopia_image_sources/item_portraits/0025-flavorful-soup.png,https://pokopiadex.com/images/items/item_ui/flavorful-soup.png,image/png,35791,dee8f550e98a4edb274664bf62510962e35117ae24de7aeda7f95dca49281ab1,ok,
0026,placeable_item,748,Simple bread,simple-bread,Ordinary wheat bread. Powers up Cut when eaten.,Food,"[""Food""]",[],,in-collection,,food_order,26,,,,,,Increase Pokemon Friendship (Regular),,[],[],https://pokopiadex.com/images/items/item_ui/simple-bread.png,[],https://pokopiadex.com/items/simple-bread,pokopiadex_items_in_collection,0026-simple-bread.png,assets/pokopia_image_sources/item_portraits/0026-simple-bread.png,https://pokopiadex.com/images/items/item_ui/simple-bread.png,image/png,80161,b7096d52c7427a276a7b6d0706d908761c5d4c624feb07d0975777746fdc23e7,ok,
0027,placeable_item,1080,Leppa bread,leppa-bread,Sour-tasting bread made with Leppa Berry jam. Powers up Cut when eaten.,Food,"[""Food""]",[],,in-collection,,food_order,27,,,,,,Increase Shop Quality & Discounts (Strong),,[],[2234],https://pokopiadex.com/images/items/item_ui/leppa-bread.png,[],https://pokopiadex.com/items/leppa-bread,pokopiadex_items_in_collection,0027-leppa-bread.png,assets/pokopia_image_sources/item_portraits/0027-leppa-bread.png,https://pokopiadex.com/images/items/item_ui/leppa-bread.png,image/png,136684,0a76a57f1a1e776c6e2708cb2b662a2e5c54c89e33f17a2abade769b831d9a2d,ok,
0028,placeable_item,1081,Carrot bread,carrot-bread,Spicy bread with an intense carrot flavor. Powers up Cut when eaten.,Food,"[""Food""]",[],,in-collection,,food_order,28,,,,,,Increase Pokemon Spawns (Strong),,[],[2235],https://pokopiadex.com/images/items/item_ui/carrot-bread.png,[],https://pokopiadex.com/items/carrot-bread,pokopiadex_items_in_collection,0028-carrot-bread.png,assets/pokopia_image_sources/item_portraits/0028-carrot-bread.png,https://pokopiadex.com/images/items/item_ui/carrot-bread.png,image/png,115719,738d28663799bb65578125918759dbae4194e25e58247daffe6fa6f7ee4e9f20,ok,
0029,placeable_item,1088,Recycled bread,recycled-bread,Bitter-tasting bread made by reusing other bread. Powers up Cut when eaten.,Food,"[""Food""]",[],,in-collection,,food_order,29,,,,,,Increase Rare Items (Strong),,[],[2197],https://pokopiadex.com/images/items/item_ui/recycled-bread.png,[],https://pokopiadex.com/items/recycled-bread,pokopiadex_items_in_collection,0029-recycled-bread.png,assets/pokopia_image_sources/item_portraits/0029-recycled-bread.png,https://pokopiadex.com/images/items/item_ui/recycled-bread.png,image/png,28158,6b87a42abc62f3f733fc45ffa048043850b018ec915749dc0065a3db4a35cfd0,ok,
0030,placeable_item,1089,Fluffy bread,fluffy-bread,Sweet bread made with Pecha Berries. Powers up cut when eaten.,Food,"[""Food""]",[],,in-collection,,food_order,30,,,,,,Increase Artifact Spawns (Strong),,[],[2240],https://pokopiadex.com/images/items/item_ui/fluffy-bread.png,[],https://pokopiadex.com/items/fluffy-bread,pokopiadex_items_in_collection,0030-fluffy-bread.png,assets/pokopia_image_sources/item_portraits/0030-fluffy-bread.png,https://pokopiadex.com/images/items/item_ui/fluffy-bread.png,image/png,26983,dbbe7aacac48344ec471f78179f40a6d05e24868d2be1f3d3966f6bc2caf798f,ok,
0031,placeable_item,1090,Bread bowl,bread-bowl,Spicy bread that's delicious even when burnt. Powers up Cut when eaten.,Food,"[""Food""]",[],,in-collection,,food_order,31,,,,,,Increase Pokemon Spawns (Strong),,[],[2235],https://pokopiadex.com/images/items/item_ui/bread-bowl.png,[],https://pokopiadex.com/items/bread-bowl,pokopiadex_items_in_collection,0031-bread-bowl.png,assets/pokopia_image_sources/item_portraits/0031-bread-bowl.png,https://pokopiadex.com/images/items/item_ui/bread-bowl.png,image/png,33984,14e01958c889ce68ed038cc8d9a2a450840496461cc6005368ee525c430353dd,ok,
0032,placeable_item,1082,Simple hamburger steak,simple-hamburger-steak,"An ordinary hamburger steak, made with beans. Powers up Rock Smash when eaten.",Food,"[""Food""]",[],,in-collection,,food_order,32,,,,,,Increase Pokemon Friendship (Regular),,[],[],https://pokopiadex.com/images/items/item_ui/simple-hamburger-steak.png,[],https://pokopiadex.com/items/simple-hamburger-steak,pokopiadex_items_in_collection,0032-simple-hamburger-steak.png,assets/pokopia_image_sources/item_portraits/0032-simple-hamburger-steak.png,https://pokopiadex.com/images/items/item_ui/simple-hamburger-steak.png,image/png,160272,4f1752f4572101346299f7e3477aea603ad4b4b277e8915dd7cedb78ceb1027a,ok,
0033,placeable_item,1084,Mushroom hamburger steak,mushroom-hamburger-steak,"A hamburger steak with an intensely dry, mushroomy flavor. Powers up Rock Smash when eaten.",Food,"[""Food""]",[],,in-collection,,food_order,33,,,,,,Increase Feather Drops (Strong),,[],[2205],https://pokopiadex.com/images/items/item_ui/mushroom-hamburger-steak.png,[],https://pokopiadex.com/items/mushroom-hamburger-steak,pokopiadex_items_in_collection,0033-mushroom-hamburger-steak.png,assets/pokopia_image_sources/item_portraits/0033-mushroom-hamburger-steak.png,https://pokopiadex.com/images/items/item_ui/mushroom-hamburger-steak.png,image/png,33402,a1196d33544e69b002a77829a9e7bdbf68fa3599271040f78be2d2492c9506d6,ok,
0034,placeable_item,1085,Tomato hamburger steak,tomato-hamburger-steak,A hamburger steak that brings out the sour flavor of its ingredients.. Powers up Rock Smash when eaten.,Food,"[""Food""]",[],,in-collection,,food_order,34,,,,,,Increase Shop Quality & Discounts (Strong),,[],[2234],https://pokopiadex.com/images/items/item_ui/tomato-hamburger-steak.png,[],https://pokopiadex.com/items/tomato-hamburger-steak,pokopiadex_items_in_collection,0034-tomato-hamburger-steak.png,assets/pokopia_image_sources/item_portraits/0034-tomato-hamburger-steak.png,https://pokopiadex.com/images/items/item_ui/tomato-hamburger-steak.png,image/png,34474,06e82fee80475c6415c15e5765897999eead53e592727eb3984a5b1dcbf88d83,ok,
0035,placeable_item,1086,Potato Hamburger Steak,potato-hamburger-steak,A satisfyingly sweet hamburger steak. Powers up Rock Smash a lot when eaten.,Food,"[""Food""]",[],,in-collection,,food_order,35,,,,,,Increase Artifact Spawns (Strong),,[],[2240],https://pokopiadex.com/images/items/item_ui/potato-hamburger-steak.png,[],https://pokopiadex.com/items/potato-hamburger-steak,pokopiadex_items_in_collection,0035-potato-hamburger-steak.png,assets/pokopia_image_sources/item_portraits/0035-potato-hamburger-steak.png,https://pokopiadex.com/images/items/item_ui/potato-hamburger-steak.png,image/png,34596,7f4b0e47c416ce4404492dc55ed01dbfed4c1dd0cc62b4395b3e07e45872f788,ok,
0036,placeable_item,1083,Bitter hamburger steak,bitter-hamburger-steak,A bitter-tasting hamburger steak topped with leaves.,Food,"[""Food""]",[],,in-collection,,food_order,36,,,,,,Increase Rare Items (Strong),,[],[2197],https://pokopiadex.com/images/items/item_ui/bitter-hamburger-steak.png,[],https://pokopiadex.com/items/bitter-hamburger-steak,pokopiadex_items_in_collection,0036-bitter-hamburger-steak.png,assets/pokopia_image_sources/item_portraits/0036-bitter-hamburger-steak.png,https://pokopiadex.com/images/items/item_ui/bitter-hamburger-steak.png,image/png,132048,9bf9704aa51b5713fa68dbbdb8ac78a425e2f4931e349d7367a362f391e3b680,ok,
0037,placeable_item,1087,Vibrant hamburger steak,vibrant-hamburger-steak,A hamburger steak made with lots of ingredients. Powers up Rock Smash a lot when eaten.,Food,"[""Food""]",[],,in-collection,,food_order,37,,,,,,Increase Pokemon Friendship (Strong),,[],[],https://pokopiadex.com/images/items/item_ui/vibrant-hamburger-steak.png,[],https://pokopiadex.com/items/vibrant-hamburger-steak,pokopiadex_items_in_collection,0037-vibrant-hamburger-steak.png,assets/pokopia_image_sources/item_portraits/0037-vibrant-hamburger-steak.png,https://pokopiadex.com/images/items/item_ui/vibrant-hamburger-steak.png,image/png,41082,0809905ab19b961298918cb9b239aa2162a71c31f2f321fee55618329a154996,ok,
0038,placeable_item,1579,Bruised berry,bruised-berry,A bruised berry you got from Chef Dente. Restores a bit of PP when eaten.,Food,"[""Food""]",[],,in-collection,,food_order,38,,,,,,Increase Pokemon Friendship (Weak),,[],[],https://pokopiadex.com/images/items/item_ui/bruised-berry.png,[],https://pokopiadex.com/items/bruised-berry,pokopiadex_items_in_collection,0038-bruised-berry.png,assets/pokopia_image_sources/item_portraits/0038-bruised-berry.png,https://pokopiadex.com/images/items/item_ui/bruised-berry.png,image/png,28315,3126047cca3348da3a5694529a3929c3590353e7b80264394d16f8f7b10cdf43,ok,
0039,placeable_item,2043,Common candy,common-candy,A piece of candy you got from Chef Dente. Restores some PP when eaten.,Food,"[""Food""]",[],,in-collection,,food_order,39,,,,,,,,[],[2240],https://pokopiadex.com/images/items/item_ui/common-candy.png,[],https://pokopiadex.com/items/common-candy,pokopiadex_items_in_collection,0039-common-candy.png,assets/pokopia_image_sources/item_portraits/0039-common-candy.png,https://pokopiadex.com/images/items/item_ui/common-candy.png,image/png,20845,840d81435c7d730387f4bb105f5fe692e44ac4cea867559ab8c82c9a75ab114a,ok,
0040,placeable_item,2044,Rare Candy,rare-candy,A Rare Candy you got from Chef Dente. Restores a lot of PP when eaten.,Food,"[""Food""]",[],,in-collection,,food_order,40,,,,,,,,[],[2240],https://pokopiadex.com/images/items/item_ui/rare-candy.png,[],https://pokopiadex.com/items/rare-candy,pokopiadex_items_in_collection,0040-rare-candy.png,assets/pokopia_image_sources/item_portraits/0040-rare-candy.png,https://pokopiadex.com/images/items/item_ui/rare-candy.png,image/png,20817,c3e396ce1f854d85e45e412bd49d95b9eacfcfac34b81d16308b818f7f061795,ok,
0041,placeable_item,1581,Curry and rice,curry-and-rice,An absolutely essential meal for any party. Enjoy some tasty food alongside other Pokémon!,Food,"[""Food""]",[],,in-collection,,food_order,41,,,,,,Increase Pokemon Spawns (Strong),,[],[2235],https://pokopiadex.com/images/items/item_ui/curry-and-rice.png,[],https://pokopiadex.com/items/curry-and-rice,pokopiadex_items_in_collection,0041-curry-and-rice.png,assets/pokopia_image_sources/item_portraits/0041-curry-and-rice.png,https://pokopiadex.com/images/items/item_ui/curry-and-rice.png,image/png,30306,c7f45e7e570e54cb854d07a099b1928ad2cf23c36057faf10c8b4c3706a5b23e,ok,
0042,placeable_item,770,Fresh Water,fresh-water,Delicious water that's perfect for making soup. Drink some and spit it out to make things wet.,Food,"[""Food""]","[""Red Pokeball near mine entrance in Rocky Ridges""]",,in-collection,,food_order,42,,,,50-300,,Increase Pokemon Friendship (Weak),,[],[],https://pokopiadex.com/images/items/item_ui/fresh-water.png,[],https://pokopiadex.com/items/fresh-water,pokopiadex_items_in_collection,0042-fresh-water.png,assets/pokopia_image_sources/item_portraits/0042-fresh-water.png,https://pokopiadex.com/images/items/item_ui/fresh-water.png,image/png,136369,11460a83cb7b27a6f25e2cc01cb0168584afd45b6df85434544eff7d912b84f4,ok,
0043,placeable_item,1582,Soda Pop,soda-pop,"Fizzy, sparkling soda. If you take a sip and spit it out, it becomes seawater.",Food,"[""Food""]",[],,in-collection,,food_order,43,,,,,,Increase Feather Drops (Weak),,[],[2205],https://pokopiadex.com/images/items/item_ui/soda-pop.png,[],https://pokopiadex.com/items/soda-pop,pokopiadex_items_in_collection,0043-soda-pop.png,assets/pokopia_image_sources/item_portraits/0043-soda-pop.png,https://pokopiadex.com/images/items/item_ui/soda-pop.png,image/png,19512,9e3100a34fee73f61de1ad95f78f9acee5ad6c43518947709a0f5fcf66792e4e,ok,
0044,placeable_item,243,Moomoo Milk coffee,moomoo-milk-coffee,"Milky coffee with a comfortingly sweet taste. If you take a sip and spit it out, it becomes muddy water!",Food,"[""Food""]","[""Vending machine""]",,in-collection,,food_order,44,,,,,,Increase Artifact Spawns (Weak),,[],[2240],https://pokopiadex.com/images/items/item_ui/moomoo-milk-coffee.png,[],https://pokopiadex.com/items/moomoo-milk-coffee,pokopiadex_items_in_collection,0044-moomoo-milk-coffee.png,assets/pokopia_image_sources/item_portraits/0044-moomoo-milk-coffee.png,https://pokopiadex.com/images/items/item_ui/moomoo-milk-coffee.png,image/png,23763,d637d31962410c5175631521c1118ba01ea1997af5c2cbb88ca243b73c206131,ok,
0045,placeable_item,1111,Roserade Tea,roserade-tea,"Tea with a delicate, elegant aroma. If you take a sip and spit it out, it becomes a hot spring!",Food,"[""Food""]",[],,in-collection,,food_order,45,,,,,,Increase Rare Items (Weak),,[],[2197],https://pokopiadex.com/images/items/item_ui/roserade-tea.png,[],https://pokopiadex.com/items/roserade-tea,pokopiadex_items_in_collection,0045-roserade-tea.png,assets/pokopia_image_sources/item_portraits/0045-roserade-tea.png,https://pokopiadex.com/images/items/item_ui/roserade-tea.png,image/png,23928,819776835f985b6367865a21088e4c51d8c7e1afe030704d11ce4c1fa534d9aa,ok,
0046,placeable_item,1583,Chili sauce,chili-sauce,"Sauce with an enticingly spicy flavor. If you take a sip and spit it out, it becomes lava!",Food,"[""Food""]",[],,in-collection,,food_order,46,,,,,,Increase Pokemon Spawns (Weak),,[],[2235],https://pokopiadex.com/images/items/item_ui/chili-sauce.png,[],https://pokopiadex.com/items/chili-sauce,pokopiadex_items_in_collection,0046-chili-sauce.png,assets/pokopia_image_sources/item_portraits/0046-chili-sauce.png,https://pokopiadex.com/images/items/item_ui/chili-sauce.png,image/png,25479,07b1ba244db370bd94208ec82e9490a69d119c5c8b0d0f16c03c7335df97847d,ok,
0047,placeable_item,26,Honey,honey,"Sweet-smelling honey. If you spread some where a Pokémon lives, that Pokémon will return home.",Materials,[],"[""Inspect shiny flowers""]",,in-collection,,materials_order,1,100,,,,,,,[],[],https://pokopiadex.com/images/items/item_ui/honey.png,[],https://pokopiadex.com/items/honey,pokopiadex_items_in_collection,0047-honey.png,assets/pokopia_image_sources/item_portraits/0047-honey.png,https://pokopiadex.com/images/items/item_ui/honey.png,image/png,107228,0f72e2cceb26718c0b6379e2aab8c48981e33327e06da0336fc2ac2b85d0c2b4,ok,
0048,placeable_item,18,Sturdy stick,sturdy-stick,A branch that fell off a tree somewhere. Perfect for making various toys and everyday items.,Materials,[],"[""Headbutt trees"",""Near withered trees""]",,in-collection,,materials_order,2,10,,,,,,,[],[],https://pokopiadex.com/images/items/item_ui/sturdy-stick.png,[],https://pokopiadex.com/items/sturdy-stick,pokopiadex_items_in_collection,0048-sturdy-stick.png,assets/pokopia_image_sources/item_portraits/0048-sturdy-stick.png,https://pokopiadex.com/images/items/item_ui/sturdy-stick.png,image/png,98189,6409858d42f515f02ee70a041e069d9ea30d3603d8ecd65a45f99ec4af3d62b2,ok,
0049,placeable_item,32,Stone,stone,Just a normal stone you can find anywhere. It can be used as a material for a lot of different things.,Materials,[],"[""Use Rock Smash on stone blocks"",""inspect shiny water ripples""]",,in-collection,,materials_order,3,15,,,,,,,[],"[2213,2238]",https://pokopiadex.com/images/items/item_ui/stone.png,[],https://pokopiadex.com/items/stone,pokopiadex_items_in_collection,0049-stone.png,assets/pokopia_image_sources/item_portraits/0049-stone.png,https://pokopiadex.com/images/items/item_ui/stone.png,image/png,90369,74060baa18244b354ff6a921ae6df881ef233064fe70744130dc9fd6a50b9505,ok,
0050,placeable_item,45,Leaf,leaf,"A lush, vivid green leaf that you can obtain by cutting trees and grass.",Materials,[],"[""Cut grass with Cut ability"",""Inspect shiny water spot""]",,in-collection,,materials_order,4,10,,,,,,,[],[],https://pokopiadex.com/images/items/item_ui/leaf.png,[],https://pokopiadex.com/items/leaf,pokopiadex_items_in_collection,0050-leaf.png,assets/pokopia_image_sources/item_portraits/0050-leaf.png,https://pokopiadex.com/images/items/item_ui/leaf.png,image/png,95204,5752510bdd0a09afdbde8d5b104e6ca5462e57ea5cbaf742579bf51bd4d17f4d,ok,
0051,placeable_item,22,Small log,small-log,"These can be processed into lumber, but they can also be used as is for certain crafting projects.",Materials,[],"[""Use Cut on wooden objects"",""Gifts from Pokemon""]",,in-collection,,materials_order,5,10,,,,,,,[],[],https://pokopiadex.com/images/items/item_ui/small-log.png,[],https://pokopiadex.com/items/small-log,pokopiadex_items_in_collection,0051-small-log.png,assets/pokopia_image_sources/item_portraits/0051-small-log.png,https://pokopiadex.com/images/items/item_ui/small-log.png,image/png,87635,85f7ef35ddadaf23481d6d20f50c5c2670fef4a97344bd413090555ef18847e6,ok,
0052,placeable_item,265,Vine rope,vine-rope,"Obtained by cutting vines, which grow in caves and high-altitude areas.",Materials,[],"[""Gifts from Pokemon"",""Red Pokeball"",""Use Cut on vines""]",,in-collection,,materials_order,6,10,,,,,,,[],[2232],https://pokopiadex.com/images/items/dream_ui/vine-rope.png,[],https://pokopiadex.com/items/vine-rope,pokopiadex_items_in_collection,0052-vine-rope.png,assets/pokopia_image_sources/item_portraits/0052-vine-rope.png,https://pokopiadex.com/images/items/dream_ui/vine-rope.png,image/png,222259,2012e99eafb84c4b2421b890d2946ef1ec81cb4c276805ccb5c4f52840f61a33,ok,
0053,placeable_item,33,Glowing mushrooms,glowing-mushrooms,"Bioluminescent mushrooms. You can't eat them, but they'd probably make great lights!",Materials,[],"[""Inspect water near fountains"",""Caves"",""Gifts from Pokemon""]",,in-collection,,materials_order,7,20,,,,,,,[],[],https://pokopiadex.com/images/items/dream_ui/glowing-mushrooms.png,[],https://pokopiadex.com/items/glowing-mushrooms,pokopiadex_items_in_collection,0053-glowing-mushrooms.png,assets/pokopia_image_sources/item_portraits/0053-glowing-mushrooms.png,https://pokopiadex.com/images/items/dream_ui/glowing-mushrooms.png,image/png,156963,359bfd7a36ce76ab9c5b605427b8ff26d507d82a859aa116124a01f4db9de6b3,ok,
0054,placeable_item,39,Twine,twine,Obtained by destroying textile garbage. Bug-type Pokémon can also produce it.,Materials,[],"[""Use Cut on cloth objects""]",,in-collection,,materials_order,8,,,,50,,,,[],[2232],https://pokopiadex.com/images/items/dream_ui/twine.png,[],https://pokopiadex.com/items/twine,pokopiadex_items_in_collection,0054-twine.png,assets/pokopia_image_sources/item_portraits/0054-twine.png,https://pokopiadex.com/images/items/dream_ui/twine.png,image/png,195836,20653241659d394245e35a39f3d30e276082451813727ca7aef5483981b41323,ok,
0055,placeable_item,1105,Sea glass fragments,sea-glass-fragments,Pieces of glass that have been polished and buffed by ocean waves. They're used to make glass objects.,Materials,[],"[""Wash away mud with Water speciality Pokemon and Water Gun""]",,in-collection,,materials_order,9,,,,,,,,[],[2211],https://pokopiadex.com/images/items/dream_ui/sea-glass-fragments.png,[],https://pokopiadex.com/items/sea-glass-fragments,pokopiadex_items_in_collection,0055-sea-glass-fragments.png,assets/pokopia_image_sources/item_portraits/0055-sea-glass-fragments.png,https://pokopiadex.com/images/items/dream_ui/sea-glass-fragments.png,image/png,154458,d5ea5395e47863f935991da500a2fe38523363aefaa4218324e57442890af3a7,ok,
0056,placeable_item,62,Seashell,seashell,A common seashell found on sandy beaches. This is useful material for building houses.,Materials,[],"[""Beach"",""Area gate between Withered Wasteland and Bleak Beach"",""inspect shiny water ripples""]",,in-collection,,materials_order,10,,,,,,,,[],[],https://pokopiadex.com/images/items/dream_ui/seashell.png,[],https://pokopiadex.com/items/seashell,pokopiadex_items_in_collection,0056-seashell.png,assets/pokopia_image_sources/item_portraits/0056-seashell.png,https://pokopiadex.com/images/items/dream_ui/seashell.png,image/png,172248,105e8c318ac7f83f21d116850a8e732663f13e9d5a0ccc8bbfbdaf12de262b81,ok,
0057,placeable_item,678,Nonburnable garbage,nonburnable-garbage,Trash discarded here and there. Apparently some Pokémon are big fans of garbage.,Materials,[],"[""Area gate between Withered Wasteland and Bleak Beach""]",,in-collection,,materials_order,11,,,,,,,,[],[2209],https://pokopiadex.com/images/items/item_ui/nonburnable-garbage.png,[],https://pokopiadex.com/items/nonburnable-garbage,pokopiadex_items_in_collection,0057-nonburnable-garbage.png,assets/pokopia_image_sources/item_portraits/0057-nonburnable-garbage.png,https://pokopiadex.com/images/items/item_ui/nonburnable-garbage.png,image/png,130889,79c5a62a84741be1dc155a4aceba45a23d57a8eca9eb38d65245862faa01ee72,ok,
0058,placeable_item,377,Squishy clay,squishy-clay,"A soft, malleable crafting material used for all sorts of things. It can also be fired and hardened into bricks!",Materials,[],"[""Use Rock Smash on clay blocks""]",,in-collection,,materials_order,12,10,200,10,,,,,[],[2233],https://pokopiadex.com/images/items/item_ui/squishy-clay.png,[],https://pokopiadex.com/items/squishy-clay,pokopiadex_items_in_collection,0058-squishy-clay.png,assets/pokopia_image_sources/item_portraits/0058-squishy-clay.png,https://pokopiadex.com/images/items/item_ui/squishy-clay.png,image/png,97697,42a15e55eb5a06aecb1af57ec4856bbecbf1750a8777aa41f1ab8c4d86f8e5df,ok,
0059,placeable_item,241,Fluff,fluff,An irresistibly soft tuft of fluff. Pokémon with the Litter specialty might scatter this.,Materials,[],[],,in-collection,,materials_order,13,,,,50,,,,[],"[2208,2229,2233]",https://pokopiadex.com/images/items/item_ui/fluff.png,[],https://pokopiadex.com/items/fluff,pokopiadex_items_in_collection,0059-fluff.png,assets/pokopia_image_sources/item_portraits/0059-fluff.png,https://pokopiadex.com/images/items/item_ui/fluff.png,image/png,21885,1c524ab856f2cdd278bc45cba3a4dca58e6bc2c9b3c7062a94d1df7a373f3046,ok,
0060,placeable_item,1110,Wastepaper,wastepaper,These look tough to craft in their current state. Try recycling them into regular paper.,Materials,[],[],,in-collection,,materials_order,14,,,,,,,,[],[2209],https://pokopiadex.com/images/items/item_ui/wastepaper.png,[],https://pokopiadex.com/items/wastepaper,pokopiadex_items_in_collection,0060-wastepaper.png,assets/pokopia_image_sources/item_portraits/0060-wastepaper.png,https://pokopiadex.com/images/items/item_ui/wastepaper.png,image/png,28972,6f033c7cd3e2a8f98ca3e6b786600ba77f0465ec0a5908a403deadfcc96493e7,ok,
0061,placeable_item,81,Copper ore,copper-ore,"Raw mineral copper. When processed into ingots, it can be used as a crafting material.",Materials,[],"[""Use Rock Smash on copper ore"",""inspect shiny water ripples"",""Gifts from Pokemon""]",,in-collection,,materials_order,15,,,,,,,,[],[2222],https://pokopiadex.com/images/items/dream_ui/copper-ore.png,[],https://pokopiadex.com/items/copper-ore,pokopiadex_items_in_collection,0061-copper-ore.png,assets/pokopia_image_sources/item_portraits/0061-copper-ore.png,https://pokopiadex.com/images/items/dream_ui/copper-ore.png,image/png,196106,d6c1f975d55160be12f0c66380999484e82e7d6e02dfb6eba2362f6694e5a79b,ok,
0062,placeable_item,981,Iron ore,iron-ore,Metal that can be obtained from iron deposits. It can also be found among metal debris.,Materials,[],"[""inspect shiny water ripples"",""Transform 1 unburnable garbage to 2 iron ore with Recycle specialty Pokemon""]",,in-collection,,materials_order,16,,,,,,,,[],[2222],https://pokopiadex.com/images/items/dream_ui/iron-ore.png,[],https://pokopiadex.com/items/iron-ore,pokopiadex_items_in_collection,0062-iron-ore.png,assets/pokopia_image_sources/item_portraits/0062-iron-ore.png,https://pokopiadex.com/images/items/dream_ui/iron-ore.png,image/png,142917,28199243e6595748d598fca85a93dceffdb09d41b16c409036952269c99aef3c,ok,
0063,placeable_item,702,Gold ore,gold-ore,Metal extracted from gold deposits. It glitters with a luxurious sheen.,Materials,[],"[""inspect shiny water ripples""]",,in-collection,,materials_order,17,,,,,,,,[],[2222],https://pokopiadex.com/images/items/dream_ui/gold-ore.png,[],https://pokopiadex.com/items/gold-ore,pokopiadex_items_in_collection,0063-gold-ore.png,assets/pokopia_image_sources/item_portraits/0063-gold-ore.png,https://pokopiadex.com/images/items/dream_ui/gold-ore.png,image/png,124663,b67bbae500183d2bf00af3016a1cd0129f35ef33e70460d9d74420ac31b3f71d,ok,
0064,placeable_item,1069,Pokémetal fragment,pokemetal-fragment,"Colorful, sparkling metal extracted from Pokémetal deposits.",Materials,[],"[""Golden Pokeball hidden in mines above ladders going down""]",,in-collection,,materials_order,18,,,,,,,,[],[2222],https://pokopiadex.com/images/items/item_ui/pokemetal-fragment.png,[],https://pokopiadex.com/items/pokemetal-fragment,pokopiadex_items_in_collection,0064-pokemetal-fragment.png,assets/pokopia_image_sources/item_portraits/0064-pokemetal-fragment.png,https://pokopiadex.com/images/items/item_ui/pokemetal-fragment.png,image/png,162508,3d2a6f5f75b02517cc7e973ee8790a43a693a9c3b8f5a84af3d1b2c90f8929b3,ok,
0065,placeable_item,1353,Rare Pokémetal fragment,rare-pokemetal-fragment,"This can sometimes be found in Pokémetal deposits. If you find one, consider yourself extremely lucky!",Materials,[],[],,in-collection,,materials_order,19,,,,,,,,[],[2222],https://pokopiadex.com/images/items/item_ui/rare-pokemetal-fragment.png,[],https://pokopiadex.com/items/rare-pokemetal-fragment,pokopiadex_items_in_collection,0065-rare-pokemetal-fragment.png,assets/pokopia_image_sources/item_portraits/0065-rare-pokemetal-fragment.png,https://pokopiadex.com/images/items/item_ui/rare-pokemetal-fragment.png,image/png,42375,b1ae9bee64b0fe199f9e1368647d2583078565ebc64042416f621081d2eebb30,ok,
0066,placeable_item,986,Crystal fragment,crystal-fragment,"A piece of broken crystal. It's transparent, so you can see right through it.",Materials,[],"[""Use Rock Smash on blue crystals""]",,in-collection,,materials_order,20,,,,,,,,[],"[2211,2231]",https://pokopiadex.com/images/items/item_ui/crystal-fragment.png,[],https://pokopiadex.com/items/crystal-fragment,pokopiadex_items_in_collection,0066-crystal-fragment.png,assets/pokopia_image_sources/item_portraits/0066-crystal-fragment.png,https://pokopiadex.com/images/items/item_ui/crystal-fragment.png,image/png,99859,ba2be5218128d48d9981985a34b8d79c0724a27e865d080091601c4f793954e4,ok,
0067,placeable_item,37,Lumber,lumber,"Wood that's been cut so it's easy to use. If you're making something out of wood, this is for you!",Materials,[],"[""Transform 1 small log to 5 lumber with Chop speciality Pokemon""]",,in-collection,,materials_order,21,20,,,,,,,[],[],https://pokopiadex.com/images/items/item_ui/lumber.png,[],https://pokopiadex.com/items/lumber,pokopiadex_items_in_collection,0067-lumber.png,assets/pokopia_image_sources/item_portraits/0067-lumber.png,https://pokopiadex.com/images/items/item_ui/lumber.png,image/png,121788,8fb974bfdfddd2fff2bc94e5cebebdee61c4b87afecadead168e1cff5ab58e41,ok,
0068,placeable_item,1104,Brick,brick,"Bricks made by baking clay. They're perfect for making buildings, roads and other structures.",Materials,[],"[""Transform 1 squishy clay to 2 bricks with Burn speciality Pokemon""]",,in-collection,,materials_order,22,,,,,,,,[],[],https://pokopiadex.com/images/items/item_ui/brick.png,[],https://pokopiadex.com/items/brick,pokopiadex_items_in_collection,0068-brick.png,assets/pokopia_image_sources/item_portraits/0068-brick.png,https://pokopiadex.com/images/items/item_ui/brick.png,image/png,21411,e149459f135631543822b07c9bfd037f80da64856b2be46b4f707dcce6956717,ok,
0069,placeable_item,751,Copper ingot,copper-ingot,Copper that has been processed in a smelting furnace. It kinda looks like chocolate...,Materials,[],"[""Smelt Copper ore""]",,in-collection,,materials_order,23,,,,,,,,[],[2222],https://pokopiadex.com/images/items/item_ui/copper-ingot.png,[],https://pokopiadex.com/items/copper-ingot,pokopiadex_items_in_collection,0069-copper-ingot.png,assets/pokopia_image_sources/item_portraits/0069-copper-ingot.png,https://pokopiadex.com/images/items/item_ui/copper-ingot.png,image/png,96186,cc6c6777b826ffff3caeecf90a7211e285949ec2037d5771397cd23482196872,ok,
0070,placeable_item,755,Iron ingot,iron-ingot,Iron that has been processed in a smelting furnace. It's really hard and super heavy.,Materials,[],"[""Smelt iron ore""]",,in-collection,,materials_order,24,,,,,,,,[],[2222],https://pokopiadex.com/images/items/item_ui/iron-ingot.png,[],https://pokopiadex.com/items/iron-ingot,pokopiadex_items_in_collection,0070-iron-ingot.png,assets/pokopia_image_sources/item_portraits/0070-iron-ingot.png,https://pokopiadex.com/images/items/item_ui/iron-ingot.png,image/png,90643,26dea997ab5b7fd0aa9d87f8ea949a2c332dccb96d7d83ab8e4fd6254c8ea36f,ok,
0071,placeable_item,895,Gold ingot,gold-ingot,Gold that has been processed in a smelting furnace. Just looking at it makes you feel fancy.,Materials,[],[],,in-collection,,materials_order,25,,,,,,,,[],[2222],https://pokopiadex.com/images/items/item_ui/gold-ingot.png,[],https://pokopiadex.com/items/gold-ingot,pokopiadex_items_in_collection,0071-gold-ingot.png,assets/pokopia_image_sources/item_portraits/0071-gold-ingot.png,https://pokopiadex.com/images/items/item_ui/gold-ingot.png,image/png,100614,3f230b5e66f27f372168cf7ee9130d42cd03850f125a0e307937fa9803fb15fb,ok,
0072,placeable_item,380,Pokémetal,pokemetal,"Made from smelted Pokemetal fragments, these can be used to make various items.",Materials,[],"[""Golden Pokeball hidden in cave in hill in front of Team Initiation building in Withered Wasteland"",""Golden Pokeball hidden in cave made for path to Team Initiation in Withered Wasteland"",""Golden Pokeball next to Rocky Ridges / Withered Wasteland area gate"",""Golden Pokeball on Museum second floor in Rocky Ridges"",""Smelt Pokemetal fragment"",""Golden Pokeball in Bleak Beach""]",,in-collection,,materials_order,26,200,,,80,,,,[],"[2200,2222]",https://pokopiadex.com/images/items/item_ui/pokemetal.png,[],https://pokopiadex.com/items/pokemetal,pokopiadex_items_in_collection,0072-pokemetal.png,assets/pokopia_image_sources/item_portraits/0072-pokemetal.png,https://pokopiadex.com/images/items/item_ui/pokemetal.png,image/png,119052,34bed5039bf47a747f2cd5bd5c440a4fdb3c97864b17a2eab4c481a5d30d9d5e,ok,
0073,placeable_item,663,Rare Pokémetal,rare-pokemetal,"Made with smelted rare Pokemetal fragments, these can be used to make various items.",Materials,[],"[""Trade at PC""]",,in-collection,,materials_order,27,2000,2000,,40,,,,[],[],https://pokopiadex.com/images/items/item_ui/rare-pokemetal.png,[],https://pokopiadex.com/items/rare-pokemetal,pokopiadex_items_in_collection,0073-rare-pokemetal.png,assets/pokopia_image_sources/item_portraits/0073-rare-pokemetal.png,https://pokopiadex.com/images/items/item_ui/rare-pokemetal.png,image/png,137570,69222f55dd531c6953114a0f569eda5056dff1571b21b027fd9c8478ca3f5362,ok,
0074,placeable_item,1103,Glass,glass,"You can make glass by melting sand or sandstone in a furnace, or obtain it by smashing broken windows.",Materials,[],[],,in-collection,,materials_order,28,,,,,,,,[],[2211],https://pokopiadex.com/images/items/item_ui/glass.png,[],https://pokopiadex.com/items/glass,pokopiadex_items_in_collection,0074-glass.png,assets/pokopia_image_sources/item_portraits/0074-glass.png,https://pokopiadex.com/images/items/item_ui/glass.png,image/png,16084,6ab05fd1aab817952c79ee3d550e502df1eadf77ef80b854f5beb6f5522968b4,ok,
0075,placeable_item,1102,Concrete,concrete,Made from a thick liquid that has hardened. This stuff is solid and super sturdy.,Materials,[],[],,in-collection,,materials_order,29,,,,,,,,[],[],https://pokopiadex.com/images/items/item_ui/concrete.png,[],https://pokopiadex.com/items/concrete,pokopiadex_items_in_collection,0075-concrete.png,assets/pokopia_image_sources/item_portraits/0075-concrete.png,https://pokopiadex.com/images/items/item_ui/concrete.png,image/png,20608,0f759f927e874d76164d3afd7258065af7f5410dd73e3253f562cdad4f843552,ok,
0076,placeable_item,1027,Paper,paper,Pristine white paper made from recycled wastepaper.,Materials,[],[],,in-collection,,materials_order,30,,,,,,,,[],[],https://pokopiadex.com/images/items/item_ui/paper.png,[],https://pokopiadex.com/items/paper,pokopiadex_items_in_collection,0076-paper.png,assets/pokopia_image_sources/item_portraits/0076-paper.png,https://pokopiadex.com/images/items/item_ui/paper.png,image/png,106911,aabe9d20735856506ed1f43dccbbe934588224d72eae60f9d9471929343bd2cc,ok,
0077,placeable_item,1106,Tinkagear,tinkagear,A cool gear produced by Tinkaton. You can sense their dedication to the craft contained within it.,Materials,[],[],,in-collection,,materials_order,31,,,,,,,,[],[],https://pokopiadex.com/images/items/item_ui/tinkagear.png,[],https://pokopiadex.com/items/tinkagear,pokopiadex_items_in_collection,0077-tinkagear.png,assets/pokopia_image_sources/item_portraits/0077-tinkagear.png,https://pokopiadex.com/images/items/item_ui/tinkagear.png,image/png,32248,c458fde4e9f48fe6d0ea68a9a23b6902392fa0d6ec1d794bd31731324d2d839f,ok,
0078,placeable_item,1072,Strange strings,strange-strings,These strings make a cool sound when plucked. Use them to make guitars and bass guitars.,Materials,[],[],,in-collection,,materials_order,32,,,,,,,,[],[],https://pokopiadex.com/images/items/item_ui/strange-strings.png,[],https://pokopiadex.com/items/strange-strings,pokopiadex_items_in_collection,0078-strange-strings.png,assets/pokopia_image_sources/item_portraits/0078-strange-strings.png,https://pokopiadex.com/images/items/item_ui/strange-strings.png,image/png,114681,4a9da20df117b171e659df24dd1681df5562f357f071cf048c47797eb3b4053a,ok,
0079,placeable_item,1354,Armor fragment,armor-fragment,A piece of shattered armor. Gather all the shards to create armor brimming with emotions.,Materials,[],[],,in-collection,,materials_order,33,,,,,,,,[],[2239],https://pokopiadex.com/images/items/item_ui/armor-fragment.png,[],https://pokopiadex.com/items/armor-fragment,pokopiadex_items_in_collection,0079-armor-fragment.png,assets/pokopia_image_sources/item_portraits/0079-armor-fragment.png,https://pokopiadex.com/images/items/item_ui/armor-fragment.png,image/png,17763,f1e67a34ed9c80f9349d1e5648a6f696a22a725173bcd40842db3e0a5b4a2583,ok,
0080,placeable_item,581,Stardust,stardust,Sand that can be processed into Star Pieces. It can be found on Dream Islands.,Materials,[],"[""Dream Island""]",,in-collection,,materials_order,34,12,,,,,,,[],[2231],https://pokopiadex.com/images/items/item_ui/stardust.png,[],https://pokopiadex.com/items/stardust,pokopiadex_items_in_collection,0080-stardust.png,assets/pokopia_image_sources/item_portraits/0080-stardust.png,https://pokopiadex.com/images/items/item_ui/stardust.png,image/png,149812,991bf105487ab055d9a5e89059b8bd029177ed3a414e9baf77b73e858b1e5336,ok,
0081,placeable_item,1011,Red paint,red-paint,Colorful paint made from crushed berries. A must-have when painting.,Materials,[],[],,in-collection,,materials_order,35,,,,,,,,[],"[2200,2217]",https://pokopiadex.com/images/items/item_ui/red-paint.png,[],https://pokopiadex.com/items/red-paint,pokopiadex_items_in_collection,0081-red-paint.png,assets/pokopia_image_sources/item_portraits/0081-red-paint.png,https://pokopiadex.com/images/items/item_ui/red-paint.png,image/png,32311,7c9cdc3beeb0ff2eaf64b21bdda409448efec0e007425430236f5ffd7f04c06a,ok,
0082,placeable_item,1005,Blue paint,blue-paint,Colorful paint made from crushed berries. A must-have when painting.,Materials,[],[],,in-collection,,materials_order,36,,,,,,,,[],"[2200,2217]",https://pokopiadex.com/images/items/item_ui/blue-paint.png,[],https://pokopiadex.com/items/blue-paint,pokopiadex_items_in_collection,0082-blue-paint.png,assets/pokopia_image_sources/item_portraits/0082-blue-paint.png,https://pokopiadex.com/images/items/item_ui/blue-paint.png,image/png,31806,0fdfb7bcd72e25a13ecc838fc57061f9e4c1a028d7e874b82ad5bc349bbdf1f3,ok,
0083,placeable_item,1010,Green paint,green-paint,Colorful paint made from crushed berries. A must-have when painting.,Materials,[],[],,in-collection,,materials_order,37,,,,,,,,[],"[2200,2217]",https://pokopiadex.com/images/items/item_ui/green-paint.png,[],https://pokopiadex.com/items/green-paint,pokopiadex_items_in_collection,0083-green-paint.png,assets/pokopia_image_sources/item_portraits/0083-green-paint.png,https://pokopiadex.com/images/items/item_ui/green-paint.png,image/png,32146,6daff76b1553d78fb0c3b5821c9300266ba9a588d1f0f842de7474b06933e38f,ok,
0084,placeable_item,1013,Yellow paint,yellow-paint,Colorful paint made from crushed berries. A must-have when painting.,Materials,[],[],,in-collection,,materials_order,38,,,,,,,,[],"[2200,2217]",https://pokopiadex.com/images/items/item_ui/yellow-paint.png,[],https://pokopiadex.com/items/yellow-paint,pokopiadex_items_in_collection,0084-yellow-paint.png,assets/pokopia_image_sources/item_portraits/0084-yellow-paint.png,https://pokopiadex.com/images/items/item_ui/yellow-paint.png,image/png,32314,e3024682383d81529da9560456d816196bef1337548b885cd90af61b4aca672f,ok,
0085,placeable_item,1109,Pink paint,pink-paint,Colorful paint made from crushed berries. A must-have when painting.,Materials,[],[],,in-collection,,materials_order,39,,,,,,,,[],"[2200,2217]",https://pokopiadex.com/images/items/item_ui/pink-paint.png,[],https://pokopiadex.com/items/pink-paint,pokopiadex_items_in_collection,0085-pink-paint.png,assets/pokopia_image_sources/item_portraits/0085-pink-paint.png,https://pokopiadex.com/images/items/item_ui/pink-paint.png,image/png,30195,cd77fd20e472b345e492bd703a5a8733e2eccb13d3f5a5067af94f00d2197025,ok,
0086,placeable_item,1107,Cyan paint,cyan-paint,Colorful paint made from crushed berries. A must-have when painting.,Materials,[],[],,in-collection,,materials_order,40,,,,,,,,[],"[2200,2217]",https://pokopiadex.com/images/items/item_ui/cyan-paint.png,[],https://pokopiadex.com/items/cyan-paint,pokopiadex_items_in_collection,0086-cyan-paint.png,assets/pokopia_image_sources/item_portraits/0086-cyan-paint.png,https://pokopiadex.com/images/items/item_ui/cyan-paint.png,image/png,32112,f0ab43b66a6d93d2b9d020418f300e0bb28b350cc8d422de3c50a2b12e81836f,ok,
0087,placeable_item,1012,White paint,white-paint,Colorful paint made from crushed berries. A must-have when painting.,Materials,[],[],,in-collection,,materials_order,41,,,,,,,,[],"[2200,2217]",https://pokopiadex.com/images/items/item_ui/white-paint.png,[],https://pokopiadex.com/items/white-paint,pokopiadex_items_in_collection,0087-white-paint.png,assets/pokopia_image_sources/item_portraits/0087-white-paint.png,https://pokopiadex.com/images/items/item_ui/white-paint.png,image/png,25186,7fbefd500d42c9deedfbf84ac48d1a66a9400f14275699dc2994aacb05f5fe4f,ok,
0088,placeable_item,1108,Black paint,black-paint,Colorful paint made from crushed berries. A must-have when painting.,Materials,[],[],,in-collection,,materials_order,42,,,,,,,,[],"[2200,2217]",https://pokopiadex.com/images/items/item_ui/black-paint.png,[],https://pokopiadex.com/items/black-paint,pokopiadex_items_in_collection,0088-black-paint.png,assets/pokopia_image_sources/item_portraits/0088-black-paint.png,https://pokopiadex.com/images/items/item_ui/black-paint.png,image/png,24790,f4301c83f5ab56fa0d4fd45ac9053aa5f65f47b62e4972d948f0ffc281406f38,ok,
0089,placeable_item,1045,Cotton spores,cotton-spores,"Small, white tufts of cotton. Bring them to Hoppip!",Materials,[],"[""Dream Island during More Spores for Hoppip event (March 10th to 25th)""]",More Spores for Hoppip,in-collection,,materials_order,1,,,,,0,,,[],[2233],https://pokopiadex.com/images/items/item_ui/cotton-spores.png,[],https://pokopiadex.com/items/cotton-spores,pokopiadex_items_in_collection,0089-cotton-spores.png,assets/pokopia_image_sources/item_portraits/0089-cotton-spores.png,https://pokopiadex.com/images/items/item_ui/cotton-spores.png,image/png,92816,2611580fa798c0946716618bf9957d840b9fbcefcee4e8908c651b2085f692fe,ok,
0090,placeable_item,2373,Red crystal fragment,red-crystal-fragment,A piece of broken red crystal. Bring it to Sableye!,Materials,[],"[""Smash Red crystal clusters on Dream Islands during Sableye's Gem Hunt Event""]",Sableye's Gem Hunt,in-collection,,materials_order,2,,,,,,,,[],[],https://pokopiadex.com/images/items/item_ui/red-crystal-fragment.png,[],https://pokopiadex.com/items/red-crystal-fragment,pokopiadex_items_in_collection,0090-red-crystal-fragment.png,assets/pokopia_image_sources/item_portraits/0090-red-crystal-fragment.png,https://pokopiadex.com/images/items/item_ui/red-crystal-fragment.png,image/png,97353,abe2c62a07a0793fa1a5acf7c7d444d0162f79e059525e8160ed7b1fb8b1503f,ok,
0091,placeable_item,1274,Leppa seeds,leppa-seeds,Seeds that grow into Leppa trees. Try planting them in some soil!,Nature,[],[],,in-collection,,nature_order,1,,,,,,,,[],[],https://pokopiadex.com/images/items/item_ui/leppa-seeds.png,[],https://pokopiadex.com/items/leppa-seeds,pokopiadex_items_in_collection,0091-leppa-seeds.png,assets/pokopia_image_sources/item_portraits/0091-leppa-seeds.png,https://pokopiadex.com/images/items/item_ui/leppa-seeds.png,image/png,41181,dee93fc6e26c81138592adc67bfca6ea8aff22f69979201ede04d773c27cac98,ok,
0092,placeable_item,1356,Chesto seeds,chesto-seeds,Seeds that grow into Chesto trees. Try planting them in some soil!,Nature,[],"[""Red Pokeball in Bleak Beach near Smearguru""]",,in-collection,,nature_order,2,,,,,,,,[],[],https://pokopiadex.com/images/items/item_ui/chesto-seeds.png,[],https://pokopiadex.com/items/chesto-seeds,pokopiadex_items_in_collection,0092-chesto-seeds.png,assets/pokopia_image_sources/item_portraits/0092-chesto-seeds.png,https://pokopiadex.com/images/items/item_ui/chesto-seeds.png,image/png,40592,b56a587940695deb19a85184474bd654c66574a6d7371a9535c82f19284fa4f4,ok,
0093,placeable_item,1357,Rawst seeds,rawst-seeds,Seeds that grow into Rawst trees. Try planting them in some soil!,Nature,[],[],,in-collection,,nature_order,3,,,,,,,,[],[],https://pokopiadex.com/images/items/item_ui/rawst-seeds.png,[],https://pokopiadex.com/items/rawst-seeds,pokopiadex_items_in_collection,0093-rawst-seeds.png,assets/pokopia_image_sources/item_portraits/0093-rawst-seeds.png,https://pokopiadex.com/images/items/item_ui/rawst-seeds.png,image/png,41442,917d3534274e96f4ba526ef7aaf4089bfdd47232fa290ece8f1134fd064b2bbd,ok,
0094,placeable_item,1358,Aspear Seeds,aspear-seeds,Seeds that grow into Aspear trees. Try planting them in some soil.,Nature,[],[],,in-collection,,nature_order,4,,,,,,,,[],[],https://pokopiadex.com/images/items/item_ui/aspear-seeds.png,[],https://pokopiadex.com/items/aspear-seeds,pokopiadex_items_in_collection,0094-aspear-seeds.png,assets/pokopia_image_sources/item_portraits/0094-aspear-seeds.png,https://pokopiadex.com/images/items/item_ui/aspear-seeds.png,image/png,41099,ac00c99a87e522d037d553e4119a4d4602f24696c8e5d69bcf7a1c93cb8eb1d2,ok,
0095,placeable_item,242,Pecha seeds,pecha-seeds,Seeds that grow into Pecha trees. Try planting them in some soil!,Nature,[],"[""In blue crystal room in mines behind grate in Rocky Ridges""]",,in-collection,,nature_order,5,,,,,,,,[],[],https://pokopiadex.com/images/items/item_ui/pecha-seeds.png,[],https://pokopiadex.com/items/pecha-seeds,pokopiadex_items_in_collection,0095-pecha-seeds.png,assets/pokopia_image_sources/item_portraits/0095-pecha-seeds.png,https://pokopiadex.com/images/items/item_ui/pecha-seeds.png,image/png,41028,cec629970e06ab4c4ac3bb7ea8315bbdc04aaf9fe0d6430c3d5c8f8a069f0251,ok,
0096,placeable_item,1067,Lum seeds,lum-seeds,Seeds that grow into Lum trees. Try planting them in some soil!,Nature,[],"[""Red Pokeball in mines behind where DJ Rotem was found""]",,in-collection,,nature_order,6,,,,,,,,[],[],https://pokopiadex.com/images/items/item_ui/lum-seeds.png,[],https://pokopiadex.com/items/lum-seeds,pokopiadex_items_in_collection,0096-lum-seeds.png,assets/pokopia_image_sources/item_portraits/0096-lum-seeds.png,https://pokopiadex.com/images/items/item_ui/lum-seeds.png,image/png,40659,cd0607a28f03be8b8bf0e7db4f0ef27db24b1edca23458549639a730ef72421b,ok,
0097,placeable_item,1359,Palm seeds,palm-seeds,Seeds that grow into palm trees. Try planting them in some soil!,Nature,[],[],,in-collection,,nature_order,7,,,,,,,,[],[],https://pokopiadex.com/images/items/item_ui/palm-seeds.png,[],https://pokopiadex.com/items/palm-seeds,pokopiadex_items_in_collection,0097-palm-seeds.png,assets/pokopia_image_sources/item_portraits/0097-palm-seeds.png,https://pokopiadex.com/images/items/item_ui/palm-seeds.png,image/png,42202,7f5d10d6edf400eda9da3790b5f1c0c7961bd75289f2990dd945a474c8ad8fd2,ok,
0098,placeable_item,1360,Pointy-tree seeds,pointy-tree-seeds,Seeds that blossom into pointy trees once grown. Try planting them in some soil!,Nature,[],[],,in-collection,,nature_order,8,,,,,,,,[],[],https://pokopiadex.com/images/items/item_ui/pointy-tree-seeds.png,[],https://pokopiadex.com/items/pointy-tree-seeds,pokopiadex_items_in_collection,0098-pointy-tree-seeds.png,assets/pokopia_image_sources/item_portraits/0098-pointy-tree-seeds.png,https://pokopiadex.com/images/items/item_ui/pointy-tree-seeds.png,image/png,32109,8f3fedd7a8beae4a8c525ac3285adea9fec392065470ada2a5b71d51f6b7b27c,ok,
0099,placeable_item,264,Wildflower seeds,wildflower-seeds,Seeds that blossom into wildflowers once grown. Try planting them in some soil!,Nature,[],"[""Use Cut on wildflowers"",""Inspect shiny water spot""]",,in-collection,,nature_order,9,,,,,,,,[],[],https://pokopiadex.com/images/items/item_ui/wildflower-seeds.png,"[""https://pokopiadex.com/[object%20Object]"",""https://pokopiadex.com/[object%20Object]"",""https://pokopiadex.com/[object%20Object]"",""https://pokopiadex.com/[object%20Object]""]",https://pokopiadex.com/items/wildflower-seeds,pokopiadex_items_in_collection,0099-wildflower-seeds.png,assets/pokopia_image_sources/item_portraits/0099-wildflower-seeds.png,https://pokopiadex.com/images/items/item_ui/wildflower-seeds.png,image/png,40355,265054142a2cc37983ef9f1f3bdba33bd4ea891fc065716d13d5cf0582c96796,ok,
0100,placeable_item,1361,Seashore-flower seeds,seashore-flower-seeds,Seeds that blossom into beach flowers once grown. Try planting them in some soil!,Nature,[],[],,in-collection,,nature_order,10,,,,50,,,,[],[],https://pokopiadex.com/images/items/item_ui/seashore-flower-seeds.png,"[""https://pokopiadex.com/[object%20Object]"",""https://pokopiadex.com/[object%20Object]"",""https://pokopiadex.com/[object%20Object]"",""https://pokopiadex.com/[object%20Object]""]",https://pokopiadex.com/items/seashore-flower-seeds,pokopiadex_items_in_collection,0100-seashore-flower-seeds.png,assets/pokopia_image_sources/item_portraits/0100-seashore-flower-seeds.png,https://pokopiadex.com/images/items/item_ui/seashore-flower-seeds.png,image/png,37573,f45331c4cc2c72f989edb5b7b6790dd544c00e34f464bb1e98987703b0b704f4,ok,
0101,placeable_item,1273,Mountain-flower seeds,mountain-flower-seeds,Seeds that blossom into mountain flowers when grown. Try planting them in some soil!,Nature,[],[],,in-collection,,nature_order,11,,,,50,,,,[],[],https://pokopiadex.com/images/items/item_ui/mountain-flower-seeds.png,"[""https://pokopiadex.com/[object%20Object]"",""https://pokopiadex.com/[object%20Object]"",""https://pokopiadex.com/[object%20Object]"",""https://pokopiadex.com/[object%20Object]""]",https://pokopiadex.com/items/mountain-flower-seeds,pokopiadex_items_in_collection,0101-mountain-flower-seeds.png,assets/pokopia_image_sources/item_portraits/0101-mountain-flower-seeds.png,https://pokopiadex.com/images/items/item_ui/mountain-flower-seeds.png,image/png,36607,3c808deba8e2dd21edb4a89b5a669274017da932c8747ed1d07ef9b2233b3826,ok,
0102,placeable_item,1362,Skyland-flower seeds,skyland-flower-seeds,Seeds that blossom into skyland flowers when grown. Try planting them in some soil!,Nature,[],[],,in-collection,,nature_order,12,,,,,,,,[],[],https://pokopiadex.com/images/items/item_ui/skyland-flower-seeds.png,"[""https://pokopiadex.com/[object%20Object]"",""https://pokopiadex.com/[object%20Object]"",""https://pokopiadex.com/[object%20Object]"",""https://pokopiadex.com/[object%20Object]""]",https://pokopiadex.com/items/skyland-flower-seeds,pokopiadex_items_in_collection,0102-skyland-flower-seeds.png,assets/pokopia_image_sources/item_portraits/0102-skyland-flower-seeds.png,https://pokopiadex.com/images/items/item_ui/skyland-flower-seeds.png,image/png,39050,bcb802d1546079cab0886f629b5eb2916b0feb94b1b4067fb4cabe63acaf27dd,ok,
0103,placeable_item,649,Beautiful-flower seeds,beautiful-flower-seeds,Seeds that blossom into beautiful flowers once grown. Try planting them in some soil!,Nature,[],"[""Gifts from Pokemon""]",,in-collection,,nature_order,13,50,,,,,,,[],[],https://pokopiadex.com/images/items/item_ui/beautiful-flower-seeds.png,"[""https://pokopiadex.com/[object%20Object]"",""https://pokopiadex.com/[object%20Object]"",""https://pokopiadex.com/[object%20Object]"",""https://pokopiadex.com/[object%20Object]""]",https://pokopiadex.com/items/beautiful-flower-seeds,pokopiadex_items_in_collection,0103-beautiful-flower-seeds.png,assets/pokopia_image_sources/item_portraits/0103-beautiful-flower-seeds.png,https://pokopiadex.com/images/items/item_ui/beautiful-flower-seeds.png,image/png,38475,72075e1b9195146c990ee3cabd8e9dac5e6a7778ecfcbd38942c4525e21168af,ok,
0104,placeable_item,1363,Cute-flower seeds,cute-flower-seeds,Seeds that blossom into cute flowers once grown. Try planting them in some soil!,Nature,[],"[""inspect shiny water ripples""]",,in-collection,,nature_order,14,,,,50,,,,[],[],https://pokopiadex.com/images/items/item_ui/cute-flower-seeds.png,"[""https://pokopiadex.com/[object%20Object]"",""https://pokopiadex.com/[object%20Object]"",""https://pokopiadex.com/[object%20Object]"",""https://pokopiadex.com/[object%20Object]""]",https://pokopiadex.com/items/cute-flower-seeds,pokopiadex_items_in_collection,0104-cute-flower-seeds.png,assets/pokopia_image_sources/item_portraits/0104-cute-flower-seeds.png,https://pokopiadex.com/images/items/item_ui/cute-flower-seeds.png,image/png,40976,8a744b23346236ab1e9a3136b1857effa007a090dda562ab810cb1fd2830245a,ok,
0105,placeable_item,851,Elegant-flower seeds,elegant-flower-seeds,Seeds that blossom into elegant flowers once grown. Try planting them in some soil!,Nature,[],"[""Red Pokeball right of mine entrance in Rocky Ridges"",""inspect shiny water ripples""]",,in-collection,,nature_order,15,,,,,,,,[],[],https://pokopiadex.com/images/items/item_ui/elegant-flower-seeds.png,"[""https://pokopiadex.com/[object%20Object]"",""https://pokopiadex.com/[object%20Object]"",""https://pokopiadex.com/[object%20Object]"",""https://pokopiadex.com/[object%20Object]""]",https://pokopiadex.com/items/elegant-flower-seeds,pokopiadex_items_in_collection,0105-elegant-flower-seeds.png,assets/pokopia_image_sources/item_portraits/0105-elegant-flower-seeds.png,https://pokopiadex.com/images/items/item_ui/elegant-flower-seeds.png,image/png,38042,1b0d89cc0ad487db2463678a4b9eec8362b6fb8d471b77f1c76ffdea5fadb39d,ok,
0106,placeable_item,1364,Robust-flower seeds,robust-flower-seeds,Seeds that blossom into robust flowers when grown. Try planting them in some soil!,Nature,[],[],,in-collection,,nature_order,16,,,,,,,,[],[],https://pokopiadex.com/images/items/item_ui/robust-flower-seeds.png,"[""https://pokopiadex.com/[object%20Object]"",""https://pokopiadex.com/[object%20Object]"",""https://pokopiadex.com/[object%20Object]"",""https://pokopiadex.com/[object%20Object]""]",https://pokopiadex.com/items/robust-flower-seeds,pokopiadex_items_in_collection,0106-robust-flower-seeds.png,assets/pokopia_image_sources/item_portraits/0106-robust-flower-seeds.png,https://pokopiadex.com/images/items/item_ui/robust-flower-seeds.png,image/png,39446,b08f001b1daf06a8afed7acda9c32ee90f249413dc1934297af83a3192f9507a,ok,
0107,placeable_item,636,Adorable-hedge seeds,adorable-hedge-seeds,Seeds that blossom into adorable hedges once grown. Try planting them in some soil!,Nature,[],"[""Red Pokeball north of Pokemon Center in Withered Wasteland"",""Gifts from Pokemon""]",,in-collection,,nature_order,17,50,,,50,,,,[],[],https://pokopiadex.com/images/items/item_ui/adorable-hedge-seeds.png,"[""https://pokopiadex.com/[object%20Object]"",""https://pokopiadex.com/[object%20Object]"",""https://pokopiadex.com/[object%20Object]"",""https://pokopiadex.com/[object%20Object]""]",https://pokopiadex.com/items/adorable-hedge-seeds,pokopiadex_items_in_collection,0107-adorable-hedge-seeds.png,assets/pokopia_image_sources/item_portraits/0107-adorable-hedge-seeds.png,https://pokopiadex.com/images/items/item_ui/adorable-hedge-seeds.png,image/png,44724,abc178c9d89597e2f075cd5f11f36493a69dc3208d75a3c839fa16634cda3c45,ok,
0108,placeable_item,1365,Healthy-hedge seeds,healthy-hedge-seeds,Seeds that blossom into healthy hedges once grown. Try planting them in some soil!,Nature,[],"[""Red Pokeball in Bleak Beach""]",,in-collection,,nature_order,18,,,,,,,,[],[],https://pokopiadex.com/images/items/item_ui/healthy-hedge-seeds.png,"[""https://pokopiadex.com/[object%20Object]"",""https://pokopiadex.com/[object%20Object]"",""https://pokopiadex.com/[object%20Object]"",""https://pokopiadex.com/[object%20Object]""]",https://pokopiadex.com/items/healthy-hedge-seeds,pokopiadex_items_in_collection,0108-healthy-hedge-seeds.png,assets/pokopia_image_sources/item_portraits/0108-healthy-hedge-seeds.png,https://pokopiadex.com/images/items/item_ui/healthy-hedge-seeds.png,image/png,49161,47c57b956df2092b000e3571aa3245017987244c04b56263d9aabf1caab64ce2,ok,
0109,placeable_item,1366,Damp-hedge seeds,damp-hedge-seeds,Seeds that blossom into damp hedges once grown. Try planting them in some soil!,Nature,[],[],,in-collection,,nature_order,19,,,,,,,,[],[],https://pokopiadex.com/images/items/item_ui/damp-hedge-seeds.png,"[""https://pokopiadex.com/[object%20Object]"",""https://pokopiadex.com/[object%20Object]"",""https://pokopiadex.com/[object%20Object]"",""https://pokopiadex.com/[object%20Object]""]",https://pokopiadex.com/items/damp-hedge-seeds,pokopiadex_items_in_collection,0109-damp-hedge-seeds.png,assets/pokopia_image_sources/item_portraits/0109-damp-hedge-seeds.png,https://pokopiadex.com/images/items/item_ui/damp-hedge-seeds.png,image/png,47983,9d99e9d6d43e3c51209d07c43a26e71c2eaee87bc9ddce017826d88fc5115694,ok,
0110,placeable_item,1367,Stylish-hedge seeds,stylish-hedge-seeds,Seeds that blossom into stylish hedges. Try planting them in some soil!,Nature,[],[],,in-collection,,nature_order,20,,,,,,,,[],[],https://pokopiadex.com/images/items/item_ui/stylish-hedge-seeds.png,"[""https://pokopiadex.com/[object%20Object]"",""https://pokopiadex.com/[object%20Object]"",""https://pokopiadex.com/[object%20Object]"",""https://pokopiadex.com/[object%20Object]""]",https://pokopiadex.com/items/stylish-hedge-seeds,pokopiadex_items_in_collection,0110-stylish-hedge-seeds.png,assets/pokopia_image_sources/item_portraits/0110-stylish-hedge-seeds.png,https://pokopiadex.com/images/items/item_ui/stylish-hedge-seeds.png,image/png,49797,4c52e8faecb0fbd4beca1b769a379fc6de1b396a958976050fe22663f65a9d0b,ok,
0111,placeable_item,2041,Square-plant seeds,square-plant-seeds,Seeds that grow into square plants. Try planting them in some soil!,Nature,[],[],,in-collection,,nature_order,21,,,,,,,,[],[],https://pokopiadex.com/images/items/item_ui/square-plant-seeds.png,[],https://pokopiadex.com/items/square-plant-seeds,pokopiadex_items_in_collection,0111-square-plant-seeds.png,assets/pokopia_image_sources/item_portraits/0111-square-plant-seeds.png,https://pokopiadex.com/images/items/item_ui/square-plant-seeds.png,image/png,44589,eaebc453e471cc13a0e137d0000d62bb9750ae0c45f7ea4b11b0f64543819b3b,ok,
0112,placeable_item,57,Bean seeds,bean-seeds,Seeds that grow into beans. Try planting them in a field!,Nature,[],"[""Gifts from Pokemon"",""inspect shiny water ripples"",""Red Pokeball on cliff looking over Rocky Ridges farm""]",,in-collection,,nature_order,22,50,,,,,,,[],[],https://pokopiadex.com/images/items/item_ui/bean-seeds.png,[],https://pokopiadex.com/items/bean-seeds,pokopiadex_items_in_collection,0112-bean-seeds.png,assets/pokopia_image_sources/item_portraits/0112-bean-seeds.png,https://pokopiadex.com/images/items/item_ui/bean-seeds.png,image/png,39897,07d4c4935fdf1de0b63a946c3073a23ad5394230f5f08b3b17576ce52b196631,ok,
0113,placeable_item,1368,Tomato seeds,tomato-seeds,Seeds that grow into tomatoes. Try planting them in a field!,Nature,[],[],,in-collection,,nature_order,23,,,,50,,,,[],[],https://pokopiadex.com/images/items/item_ui/tomato-seeds.png,[],https://pokopiadex.com/items/tomato-seeds,pokopiadex_items_in_collection,0113-tomato-seeds.png,assets/pokopia_image_sources/item_portraits/0113-tomato-seeds.png,https://pokopiadex.com/images/items/item_ui/tomato-seeds.png,image/png,37727,49b3ff340861d6cbecc895ad89e312a85e32f1a61b1a3ca58d887d620cc562c9,ok,
0114,placeable_item,845,Wheat seeds,wheat-seeds,Seeds that grow into wheat. Try planting them in a field!,Nature,[],"[""Gifts from Pokemon"",""inspect shiny water ripples""]",,in-collection,,nature_order,24,,,,50,,,,[],[],https://pokopiadex.com/images/items/item_ui/wheat-seeds.png,[],https://pokopiadex.com/items/wheat-seeds,pokopiadex_items_in_collection,0114-wheat-seeds.png,assets/pokopia_image_sources/item_portraits/0114-wheat-seeds.png,https://pokopiadex.com/images/items/item_ui/wheat-seeds.png,image/png,47143,292c2b0562bebbf668b7f09df64a732a9e726a4a944039eeb413160bec3a8591,ok,
0115,placeable_item,1369,Potato seeds,potato-seeds,Seeds that grow into potatoes. Try planting them in a field!,Nature,[],[],,in-collection,,nature_order,25,,,,,,,,[],[],https://pokopiadex.com/images/items/item_ui/potato-seeds.png,[],https://pokopiadex.com/items/potato-seeds,pokopiadex_items_in_collection,0115-potato-seeds.png,assets/pokopia_image_sources/item_portraits/0115-potato-seeds.png,https://pokopiadex.com/images/items/item_ui/potato-seeds.png,image/png,29726,a142a406135f6c3e199698793b145527efa03c1b424c39529127207fe0e1e6ba,ok,
0116,placeable_item,1275,Tall grass,tall-grass,Grass that smells faintly of soil. It looks perfect for Pokémon to hide in.,Nature,[],[],,in-collection,,nature_order,26,,,,,,,,[],[],https://pokopiadex.com/images/items/item_ui/tall-grass.png,[],https://pokopiadex.com/items/tall-grass,pokopiadex_items_in_collection,0116-tall-grass.png,assets/pokopia_image_sources/item_portraits/0116-tall-grass.png,https://pokopiadex.com/images/items/item_ui/tall-grass.png,image/png,42741,cf90c49eef60500678aeae9fe0c667457f67492c85608f88896b36ad850bfc94,ok,
0117,placeable_item,1309,Yellow tall grass,yellow-tall-grass,"Grass that often grows by the seaside. It has a bright, tropical color.",Nature,[],[],,in-collection,,nature_order,27,,,,,,,,[],[],https://pokopiadex.com/images/items/item_ui/yellow-tall-grass.png,[],https://pokopiadex.com/items/yellow-tall-grass,pokopiadex_items_in_collection,0117-yellow-tall-grass.png,assets/pokopia_image_sources/item_portraits/0117-yellow-tall-grass.png,https://pokopiadex.com/images/items/item_ui/yellow-tall-grass.png,image/png,40507,67c053203d98f16cdff56ab0225284a2419daa3054ab8ef6a20c39c263bb814b,ok,
0118,placeable_item,1304,Red tall grass,red-tall-grass,"Grass that grows far and wide, even on volcanoes or tall mountains. Its tips are as red as lava.",Nature,[],[],,in-collection,,nature_order,28,,,,,,,,[],[],https://pokopiadex.com/images/items/item_ui/red-tall-grass.png,[],https://pokopiadex.com/items/red-tall-grass,pokopiadex_items_in_collection,0118-red-tall-grass.png,assets/pokopia_image_sources/item_portraits/0118-red-tall-grass.png,https://pokopiadex.com/images/items/item_ui/red-tall-grass.png,image/png,41361,aa89342d8d5bce164cb09fa69ed5460a37b67a3c8d36d01032407c8efcfec984,ok,
0119,placeable_item,1308,Pink tall grass,pink-tall-grass,Grass that paints the surface of the skylands pink with its floral hue.,Nature,[],[],,in-collection,,nature_order,29,,,,,,,,[],[],https://pokopiadex.com/images/items/item_ui/pink-tall-grass.png,[],https://pokopiadex.com/items/pink-tall-grass,pokopiadex_items_in_collection,0119-pink-tall-grass.png,assets/pokopia_image_sources/item_portraits/0119-pink-tall-grass.png,https://pokopiadex.com/images/items/item_ui/pink-tall-grass.png,image/png,39790,83f43e6b661190dfc079df377a730a1efc2ecd2c4553ad2ab933a8d40236351b,ok,
0120,placeable_item,1370,Green shoots,green-shoots,"Small, sparsely grown plants that stand strong no matter how much you walk on them.",Nature,[],[],,in-collection,,nature_order,30,,,,,,,,[],[],https://pokopiadex.com/images/items/item_ui/green-shoots.png,[],https://pokopiadex.com/items/green-shoots,pokopiadex_items_in_collection,0120-green-shoots.png,assets/pokopia_image_sources/item_portraits/0120-green-shoots.png,https://pokopiadex.com/images/items/item_ui/green-shoots.png,image/png,12829,4fced8153da550f77292ba74a5a81580fa3f46827c16362d894500d9dcef0528,ok,
0121,placeable_item,1371,Yellow-green shoots,yellow-green-shoots,"Small, sparsely grown plants that stand strong no matter how much you walk on them.",Nature,[],[],,in-collection,,nature_order,31,,,,,,,,[],[],https://pokopiadex.com/images/items/item_ui/yellow-green-shoots.png,[],https://pokopiadex.com/items/yellow-green-shoots,pokopiadex_items_in_collection,0121-yellow-green-shoots.png,assets/pokopia_image_sources/item_portraits/0121-yellow-green-shoots.png,https://pokopiadex.com/images/items/item_ui/yellow-green-shoots.png,image/png,13454,5963483752cfdde23cbbdcd841d9dd4a124d14aa6beda7f401c0be3ae128bd20,ok,
0122,placeable_item,1372,Verdant shoots,verdant-shoots,"Small, sparsely grown plants that stand strong no matter how much you walk on them.",Nature,[],[],,in-collection,,nature_order,32,,,,,,,,[],[],https://pokopiadex.com/images/items/item_ui/verdant-shoots.png,[],https://pokopiadex.com/items/verdant-shoots,pokopiadex_items_in_collection,0122-verdant-shoots.png,assets/pokopia_image_sources/item_portraits/0122-verdant-shoots.png,https://pokopiadex.com/images/items/item_ui/verdant-shoots.png,image/png,12261,6805d0505cd4ae71258f4ceb9e1ff5d6e71e1b36d72be33586cebfdd6b0e0b70,ok,
0123,placeable_item,1373,Blue-green shoots,blue-green-shoots,"Small, sparsely grown plants that stand strong no matter how much you walk on them.",Nature,[],[],,in-collection,,nature_order,33,,,,,,,,[],[],https://pokopiadex.com/images/items/item_ui/blue-green-shoots.png,[],https://pokopiadex.com/items/blue-green-shoots,pokopiadex_items_in_collection,0123-blue-green-shoots.png,assets/pokopia_image_sources/item_portraits/0123-blue-green-shoots.png,https://pokopiadex.com/images/items/item_ui/blue-green-shoots.png,image/png,13147,a3f46e89b0237ae1e68282a595761404a2650f5fe540a5d1a18546a27d98603c,ok,
0124,placeable_item,746,Duckweed,duckweed,It floats gently on the water's surface. Some Pokémon probably love sitting on this.,Nature,[],[],,in-collection,,nature_order,34,,,,,,,,[],[],https://pokopiadex.com/images/items/item_ui/duckweed.png,[],https://pokopiadex.com/items/duckweed,pokopiadex_items_in_collection,0124-duckweed.png,assets/pokopia_image_sources/item_portraits/0124-duckweed.png,https://pokopiadex.com/images/items/item_ui/duckweed.png,image/png,32234,bd7d517a17adc2144b0df7d8f12290bd26fd853ef03eda9ff8fc9df0e31d29e2,ok,
0125,placeable_item,2042,Flowering Duckweed,flowering-duckweed,Duckweed leaves floati n the water and support the blooming flowers that are larger than them.,Nature,[],[],,in-collection,,nature_order,35,,,,,,,,[],[],https://pokopiadex.com/images/items/item_ui/flowering-duckweed.png,[],https://pokopiadex.com/items/flowering-duckweed,pokopiadex_items_in_collection,0125-flowering-duckweed.png,assets/pokopia_image_sources/item_portraits/0125-flowering-duckweed.png,https://pokopiadex.com/images/items/item_ui/flowering-duckweed.png,image/png,29552,c002a1f7fdabcbf763ccc6d77d51d1a82d5b0d1659dfff31fcf0ce2064bc87b7,ok,
0126,placeable_item,1374,Dense vines,dense-vines,"Hardy, creeping vines that cling securely to things that plants can't grow in, like bricks and boulders.",Nature,[],[],,in-collection,,nature_order,36,,,,,,,,[],[],https://pokopiadex.com/images/items/item_ui/dense-vines.png,[],https://pokopiadex.com/items/dense-vines,pokopiadex_items_in_collection,0126-dense-vines.png,assets/pokopia_image_sources/item_portraits/0126-dense-vines.png,https://pokopiadex.com/images/items/item_ui/dense-vines.png,image/png,47017,d68a49feead84301bb2340d64c800ec4205acc6b1a5d44533eca11156fbcb028,ok,
0127,placeable_item,1303,Moss,moss,This plant can grow anywhere dim and damp—even on boulders!,Nature,[],[],,in-collection,,nature_order,37,,,,,,,,[],[],https://pokopiadex.com/images/items/item_ui/moss.png,[],https://pokopiadex.com/items/moss,pokopiadex_items_in_collection,0127-moss.png,assets/pokopia_image_sources/item_portraits/0127-moss.png,https://pokopiadex.com/images/items/item_ui/moss.png,image/png,26990,a8e2990eee62b1cc6ed88d8d349cb560a996977d779988518f0a4066fe063470,ok,
0128,placeable_item,1375,Fern,fern,An unusual plant that can grow in coarse volcanic ash or bumpy igneous boulders.,Nature,[],[],,in-collection,,nature_order,38,,,,,,,,[],[],https://pokopiadex.com/images/items/item_ui/fern.png,[],https://pokopiadex.com/items/fern,pokopiadex_items_in_collection,0128-fern.png,assets/pokopia_image_sources/item_portraits/0128-fern.png,https://pokopiadex.com/images/items/item_ui/fern.png,image/png,25665,36d584d6f2027261988a9011f59d177a2afa562463de98f4b6fbab14f7a6fd8b,ok,
0129,placeable_item,1376,Leppa tree,leppa-tree,A tree that grows Leppa Berries. Berries that fall from its branches are sure to grow back after a while.,Nature,[],[],,in-collection,,nature_order,39,,,,,,,,[],[],https://pokopiadex.com/images/items/item_ui/leppa-tree.png,[],https://pokopiadex.com/items/leppa-tree,pokopiadex_items_in_collection,0129-leppa-tree.png,assets/pokopia_image_sources/item_portraits/0129-leppa-tree.png,https://pokopiadex.com/images/items/item_ui/leppa-tree.png,image/png,39525,a03258cdeca43fe45d997d2d9356cf9e45b2195beda993f586338172fddce310,ok,
0130,placeable_item,1313,Large palm tree,large-palm-tree,A large tree that grows by the seaside. Its shape looks just like an Exeggutor.,Nature,[],[],,in-collection,,nature_order,40,,,,,,,,[],[],https://pokopiadex.com/images/items/item_ui/large-palm-tree.png,[],https://pokopiadex.com/items/large-palm-tree,pokopiadex_items_in_collection,0130-large-palm-tree.png,assets/pokopia_image_sources/item_portraits/0130-large-palm-tree.png,https://pokopiadex.com/images/items/item_ui/large-palm-tree.png,image/png,40554,dc7db9cbf05647e46afc31733eb18af3fed01eb50bc2af28f984a21b7e36a41c,ok,
0131,placeable_item,1312,Pointy tree,pointy-tree,These pointy trees grow in all sorts of different places. They look pretty prickly.,Nature,[],[],,in-collection,,nature_order,41,,,,,,,,[],[],https://pokopiadex.com/images/items/item_ui/pointy-tree.png,[],https://pokopiadex.com/items/pointy-tree,pokopiadex_items_in_collection,0131-pointy-tree.png,assets/pokopia_image_sources/item_portraits/0131-pointy-tree.png,https://pokopiadex.com/images/items/item_ui/pointy-tree.png,image/png,30184,411030731c8aed5ec74ad13dd7272cda42caf2f9994298c3ef62dd6d732ef665,ok,
0132,placeable_item,59,Wildflowers,wildflowers,Beautiful flowers blooming on fresh dirt. Looking at them seems to soothe the mind.,Nature,[],[],,in-collection,,nature_order,42,,,,,,,,[],[2227],https://pokopiadex.com/images/items/habitat_ui/wildflowers.png,"[""https://pokopiadex.com/[object%20Object]"",""https://pokopiadex.com/[object%20Object]"",""https://pokopiadex.com/[object%20Object]"",""https://pokopiadex.com/[object%20Object]""]",https://pokopiadex.com/items/wildflowers,pokopiadex_items_in_collection,0132-wildflowers.png,assets/pokopia_image_sources/item_portraits/0132-wildflowers.png,https://pokopiadex.com/images/items/habitat_ui/wildflowers.png,image/png,100896,b1bd3919eb730cd0280d3172ba4193855fedd2354a9a1bb3e4c6008dd57a462c,ok,
0133,placeable_item,1310,Seashore flowers,seashore-flowers,The symbol of a port town. Looking at these seems to refresh you.,Nature,[],[],,in-collection,,nature_order,43,,,,,,,,[],[2227],https://pokopiadex.com/images/items/item_ui/seashore-flowers.png,"[""https://pokopiadex.com/[object%20Object]"",""https://pokopiadex.com/[object%20Object]"",""https://pokopiadex.com/[object%20Object]"",""https://pokopiadex.com/[object%20Object]""]",https://pokopiadex.com/items/seashore-flowers,pokopiadex_items_in_collection,0133-seashore-flowers.png,assets/pokopia_image_sources/item_portraits/0133-seashore-flowers.png,https://pokopiadex.com/images/items/item_ui/seashore-flowers.png,image/png,35914,d14899f5c1f29a38738823935f5ab8338cda51d3e9d7a3ab39e9e7d0587a4e82,ok,
0134,placeable_item,1302,Mountain flowers,mountain-flowers,"Flowers that bloom elegantly, even in rugged, rocky environments. They are always sublimely beautiful.",Nature,[],[],,in-collection,,nature_order,44,,,,,,,,[],[2227],https://pokopiadex.com/images/items/item_ui/mountain-flowers.png,"[""https://pokopiadex.com/[object%20Object]"",""https://pokopiadex.com/[object%20Object]"",""https://pokopiadex.com/[object%20Object]"",""https://pokopiadex.com/[object%20Object]""]",https://pokopiadex.com/items/mountain-flowers,pokopiadex_items_in_collection,0134-mountain-flowers.png,assets/pokopia_image_sources/item_portraits/0134-mountain-flowers.png,https://pokopiadex.com/images/items/item_ui/mountain-flowers.png,image/png,34915,aa1d55ddd482bf95f42a7babf645c8fabc52557cc2eed28602ec960eaa371973,ok,
0135,placeable_item,1311,Skyland flowers,skyland-flowers,Puffy flowers often found at the skylands. Their blossoms are cute and ethereal.,Nature,[],[],,in-collection,,nature_order,45,,,,,,,,[],[2227],https://pokopiadex.com/images/items/item_ui/skyland-flowers.png,"[""https://pokopiadex.com/[object%20Object]"",""https://pokopiadex.com/[object%20Object]"",""https://pokopiadex.com/[object%20Object]"",""https://pokopiadex.com/[object%20Object]""]",https://pokopiadex.com/items/skyland-flowers,pokopiadex_items_in_collection,0135-skyland-flowers.png,assets/pokopia_image_sources/item_portraits/0135-skyland-flowers.png,https://pokopiadex.com/images/items/item_ui/skyland-flowers.png,image/png,37328,40e9742509c4d6a6d09456e7a788aaaf6e6ceebcf618f20ea10ca7a637e83257,ok,
0136,placeable_item,1377,Beautiful flower,beautiful-flower,Gorgeous and extravagant flowers in full bloom. Be wary of the thorns on their stems.,Nature,[],[],,in-collection,,nature_order,46,,,,,,,,[],[2227],https://pokopiadex.com/images/items/item_ui/beautiful-flower.png,"[""https://pokopiadex.com/[object%20Object]"",""https://pokopiadex.com/[object%20Object]"",""https://pokopiadex.com/[object%20Object]"",""https://pokopiadex.com/[object%20Object]""]",https://pokopiadex.com/items/beautiful-flower,pokopiadex_items_in_collection,0136-beautiful-flower.png,assets/pokopia_image_sources/item_portraits/0136-beautiful-flower.png,https://pokopiadex.com/images/items/item_ui/beautiful-flower.png,image/png,36801,4b78b062534b673369d585245920e4e34e4e4a83e8e976d21e8d4a15872eccaf,ok,
0137,placeable_item,1378,Cute flower,cute-flower,Cute flowers that bloom in port towns. They would surely be a delightful gift to any Pokémon.,Nature,[],[],,in-collection,,nature_order,47,,,,,,,,[],"[2204,2227]",https://pokopiadex.com/images/items/item_ui/cute-flower.png,"[""https://pokopiadex.com/[object%20Object]"",""https://pokopiadex.com/[object%20Object]"",""https://pokopiadex.com/[object%20Object]"",""https://pokopiadex.com/[object%20Object]""]",https://pokopiadex.com/items/cute-flower,pokopiadex_items_in_collection,0137-cute-flower.png,assets/pokopia_image_sources/item_portraits/0137-cute-flower.png,https://pokopiadex.com/images/items/item_ui/cute-flower.png,image/png,39514,9ceff13db55ce607f8db693d96e048e3c1a40dda120072d90670ea8db4489e36,ok,
0138,placeable_item,1379,Elegant flower,elegant-flower,"Flowers that stand tall, even in rugged mountains. Their majestic elegance fills your heart with resolve.",Nature,[],[],,in-collection,,nature_order,48,,,,,,,,[],[2227],https://pokopiadex.com/images/items/item_ui/elegant-flower.png,"[""https://pokopiadex.com/[object%20Object]"",""https://pokopiadex.com/[object%20Object]"",""https://pokopiadex.com/[object%20Object]"",""https://pokopiadex.com/[object%20Object]""]",https://pokopiadex.com/items/elegant-flower,pokopiadex_items_in_collection,0138-elegant-flower.png,assets/pokopia_image_sources/item_portraits/0138-elegant-flower.png,https://pokopiadex.com/images/items/item_ui/elegant-flower.png,image/png,36413,9094b26ae5edd4fd0b0533942704f6e30911bfa162d142d897cfb62fe4aca468,ok,
0139,placeable_item,1380,Robust flower,robust-flower,Flowers resolutely blooming toward the sky. Looking at them seems to fill you with energy.,Nature,[],[],,in-collection,,nature_order,49,,,,,,,,[],[2227],https://pokopiadex.com/images/items/item_ui/robust-flower.png,"[""https://pokopiadex.com/[object%20Object]"",""https://pokopiadex.com/[object%20Object]"",""https://pokopiadex.com/[object%20Object]"",""https://pokopiadex.com/[object%20Object]""]",https://pokopiadex.com/items/robust-flower,pokopiadex_items_in_collection,0139-robust-flower.png,assets/pokopia_image_sources/item_portraits/0139-robust-flower.png,https://pokopiadex.com/images/items/item_ui/robust-flower.png,image/png,37875,dea9e146896b3c76dfd2a88173b3d0723cd4f28ce2b2f6b485a82651cd584ca2,ok,
0140,placeable_item,1300,Adorable hedge,adorable-hedge,A round hedge often seen in wide-open fields. Cute flowers are blooming on it.,Nature,[],[],,in-collection,,nature_order,50,,,,,,,,[],[],https://pokopiadex.com/images/items/item_ui/adorable-hedge.png,"[""https://pokopiadex.com/[object%20Object]"",""https://pokopiadex.com/[object%20Object]"",""https://pokopiadex.com/[object%20Object]"",""https://pokopiadex.com/[object%20Object]""]",https://pokopiadex.com/items/adorable-hedge,pokopiadex_items_in_collection,0140-adorable-hedge.png,assets/pokopia_image_sources/item_portraits/0140-adorable-hedge.png,https://pokopiadex.com/images/items/item_ui/adorable-hedge.png,image/png,43304,501099807058c9f3cc7ac6f92cd037033ae287e0f0a8e9c0ad70d59b73e71d39,ok,
0141,placeable_item,1381,Healthy hedge,healthy-hedge,A hedge that has grown tall in the sunshine. Looking at it seems to fill you with vigor.,Nature,[],[],,in-collection,,nature_order,51,,,,,,,,[],[],https://pokopiadex.com/images/items/item_ui/healthy-hedge.png,"[""https://pokopiadex.com/[object%20Object]"",""https://pokopiadex.com/[object%20Object]"",""https://pokopiadex.com/[object%20Object]"",""https://pokopiadex.com/[object%20Object]""]",https://pokopiadex.com/items/healthy-hedge,pokopiadex_items_in_collection,0141-healthy-hedge.png,assets/pokopia_image_sources/item_portraits/0141-healthy-hedge.png,https://pokopiadex.com/images/items/item_ui/healthy-hedge.png,image/png,47732,5c6d238fe055faf8f292be88250890e951d98582da43e31564380885f493215f,ok,
0142,placeable_item,1301,Damp hedge,damp-hedge,A hedge with lustrous flowers blooming on it. It might be even more beautiful on a rainy day.,Nature,[],[],,in-collection,,nature_order,52,,,,,,,,[],[],https://pokopiadex.com/images/items/item_ui/damp-hedge.png,"[""https://pokopiadex.com/[object%20Object]"",""https://pokopiadex.com/[object%20Object]"",""https://pokopiadex.com/[object%20Object]"",""https://pokopiadex.com/[object%20Object]""]",https://pokopiadex.com/items/damp-hedge,pokopiadex_items_in_collection,0142-damp-hedge.png,assets/pokopia_image_sources/item_portraits/0142-damp-hedge.png,https://pokopiadex.com/images/items/item_ui/damp-hedge.png,image/png,46247,d1d965ce3ad04676a46a6757c319899bcc14a7bbae4cbc2fe023db5a23f143fb,ok,
0143,placeable_item,1382,Stylish hedge,stylish-hedge,"With petals blooming one atop the other, this fluffy hedge looks just like Mareep's wool.",Nature,[],[],,in-collection,,nature_order,53,,,,,,,,[],[],https://pokopiadex.com/images/items/item_ui/stylish-hedge.png,"[""https://pokopiadex.com/[object%20Object]"",""https://pokopiadex.com/[object%20Object]"",""https://pokopiadex.com/[object%20Object]"",""https://pokopiadex.com/[object%20Object]""]",https://pokopiadex.com/items/stylish-hedge,pokopiadex_items_in_collection,0143-stylish-hedge.png,assets/pokopia_image_sources/item_portraits/0143-stylish-hedge.png,https://pokopiadex.com/images/items/item_ui/stylish-hedge.png,image/png,48053,8ce93766a605932c07fbbbfeb72ca52040e14d623d447602d88fa3c2bfd1435b,ok,
0144,placeable_item,1383,Square plant,square-plant,"A bush that has grown thick, dense leaves. You can make a hedge by joining a few of these together.",Nature,[],[],,in-collection,,nature_order,54,,,,,,,,[],[],https://pokopiadex.com/images/items/item_ui/square-plant.png,[],https://pokopiadex.com/items/square-plant,pokopiadex_items_in_collection,0144-square-plant.png,assets/pokopia_image_sources/item_portraits/0144-square-plant.png,https://pokopiadex.com/images/items/item_ui/square-plant.png,image/png,42841,0fb23c1b50f3b6e3041882f80066a322d0aec827541886fa34e97b70bbeefce3,ok,
0145,placeable_item,1384,Leppa tree stump,leppa-tree-stump,A stump left behind after cutting down a Leppa tree. It looks like it would make a great seat.,Nature,[],[],,in-collection,,nature_order,55,,,,,,,,[],[],https://pokopiadex.com/images/items/item_ui/leppa-tree-stump.png,[],https://pokopiadex.com/items/leppa-tree-stump,pokopiadex_items_in_collection,0145-leppa-tree-stump.png,assets/pokopia_image_sources/item_portraits/0145-leppa-tree-stump.png,https://pokopiadex.com/images/items/item_ui/leppa-tree-stump.png,image/png,19985,c0dab11c3c47f6225a999c7940fa7b01c45223688f987348fa0324a6fa0688e2,ok,
0146,placeable_item,1385,Palm tree stump,palm-tree-stump,"Sit on this stump, gaze out at the sea, and enjoy total relaxation.",Nature,[],[],,in-collection,,nature_order,56,,,,,,,,[],[],https://pokopiadex.com/images/items/item_ui/palm-tree-stump.png,[],https://pokopiadex.com/items/palm-tree-stump,pokopiadex_items_in_collection,0146-palm-tree-stump.png,assets/pokopia_image_sources/item_portraits/0146-palm-tree-stump.png,https://pokopiadex.com/images/items/item_ui/palm-tree-stump.png,image/png,20873,4186e3e3a8d22ed39789f6d509fe904f0bc743661bd1b1558d3317b3fd893f89,ok,
0147,placeable_item,1386,Pointy tree stump,pointy-tree-stump,The remains of a felled pointy tree. The stump itself is round and not pointy at all.,Nature,[],[],,in-collection,,nature_order,57,,,,,,,,[],[],https://pokopiadex.com/images/items/item_ui/pointy-tree-stump.png,[],https://pokopiadex.com/items/pointy-tree-stump,pokopiadex_items_in_collection,0147-pointy-tree-stump.png,assets/pokopia_image_sources/item_portraits/0147-pointy-tree-stump.png,https://pokopiadex.com/images/items/item_ui/pointy-tree-stump.png,image/png,21808,e7e9e8947d6fdcca8ca0565904b22fb3a98120bc5610cd6e694d3c855d6246d0,ok,
0148,placeable_item,1387,Driftwood,driftwood,The remains of a tree that washed ashore. It would look great as a piece of interior décor.,Nature,[],[],,in-collection,,nature_order,58,,,,,,,,[],[],https://pokopiadex.com/images/items/item_ui/driftwood.png,[],https://pokopiadex.com/items/driftwood,pokopiadex_items_in_collection,0148-driftwood.png,assets/pokopia_image_sources/item_portraits/0148-driftwood.png,https://pokopiadex.com/images/items/item_ui/driftwood.png,image/png,26000,2993752b7e9d9e587c543e8dbe1d2f5305e82f203ff99af3d2b95b6fce9f7da5,ok,
0149,placeable_item,1388,Sticky web,sticky-web,"A web that clings to walls or rocks. If you get tangled in it, you might have a hard time moving.",Nature,[],[],,in-collection,,nature_order,59,,,,,,,,[],[],https://pokopiadex.com/images/items/item_ui/sticky-web.png,[],https://pokopiadex.com/items/sticky-web,pokopiadex_items_in_collection,0149-sticky-web.png,assets/pokopia_image_sources/item_portraits/0149-sticky-web.png,https://pokopiadex.com/images/items/item_ui/sticky-web.png,image/png,21989,cd4dbd6f46645bb76cf4be0610b9434fcace7cfa36d6915e3a1dc499f6441cfa,ok,
0150,placeable_item,1314,Large boulder,large-boulder,"A large, heavy boulder. Looks like even hardened fists couldn't break this.",Nature,[],[],,in-collection,,nature_order,60,,,,,,,,[],[],https://pokopiadex.com/images/items/item_ui/large-boulder.png,[],https://pokopiadex.com/items/large-boulder,pokopiadex_items_in_collection,0150-large-boulder.png,assets/pokopia_image_sources/item_portraits/0150-large-boulder.png,https://pokopiadex.com/images/items/item_ui/large-boulder.png,image/png,28455,37ae44cf3edd6f90affc79c6566e1261bbadc70f306655b5e933b1c2ba886117,ok,
0151,placeable_item,1315,Mossy boulder,mossy-boulder,The dense moss clinging to it can't be peeled off.,Nature,[],[],,in-collection,,nature_order,61,,,,,,,,[],[],https://pokopiadex.com/images/items/item_ui/mossy-boulder.png,[],https://pokopiadex.com/items/mossy-boulder,pokopiadex_items_in_collection,0151-mossy-boulder.png,assets/pokopia_image_sources/item_portraits/0151-mossy-boulder.png,https://pokopiadex.com/images/items/item_ui/mossy-boulder.png,image/png,37069,1a2cf7a982e1ebb1f0dbf72b98b10458cad77717c4368c3f4806089f789f86f6,ok,
0152,placeable_item,1348,Molten rock,molten-rock,Lava that's cooling and hardening. Pour water on it to instantly harden it.,Nature,[],[],,in-collection,,nature_order,62,,,,,,,,[],[],https://pokopiadex.com/images/items/item_ui/molten-rock.png,[],https://pokopiadex.com/items/molten-rock,pokopiadex_items_in_collection,0152-molten-rock.png,assets/pokopia_image_sources/item_portraits/0152-molten-rock.png,https://pokopiadex.com/images/items/item_ui/molten-rock.png,image/png,39095,80e86aa1478d567c694bb6a9c4191420d86395a48dbc64a8fbe293e152a92698,ok,
0153,placeable_item,1389,Cooled molten rock,cooled-molten-rock,Molten rock that has been cooled with water. Heat it up again by placing it near lava!,Nature,[],[],,in-collection,,nature_order,63,,,,,,,,[],[],https://pokopiadex.com/images/items/item_ui/cooled-molten-rock.png,[],https://pokopiadex.com/items/cooled-molten-rock,pokopiadex_items_in_collection,0153-cooled-molten-rock.png,assets/pokopia_image_sources/item_portraits/0153-cooled-molten-rock.png,https://pokopiadex.com/images/items/item_ui/cooled-molten-rock.png,image/png,34599,6bf0e763cbabdeafb3e5f43cebaabb0cfa64f1036f0e0ae903ac689a94e2a40e,ok,
0154,placeable_item,761,Stalagmites,stalagmites,Mineral formations that jut from the ground in limestone caverns. They look like big Pokémon fangs!,Nature,[],[],,in-collection,,nature_order,64,,,,,,,,[],[],https://pokopiadex.com/images/items/item_ui/stalagmites.png,[],https://pokopiadex.com/items/stalagmites,pokopiadex_items_in_collection,0154-stalagmites.png,assets/pokopia_image_sources/item_portraits/0154-stalagmites.png,https://pokopiadex.com/images/items/item_ui/stalagmites.png,image/png,32541,2eef9031c3797bc182f9f361e56c130a03af223a6625109e65deefe9a537c68f,ok,
0155,placeable_item,1390,Stalactites,stalactites,Dissolved limestone that has rehardened. These hang from the ceilings of limestone caverns.,Nature,[],[],,in-collection,,nature_order,65,,,,,,,,[],[],https://pokopiadex.com/images/items/item_ui/stalactites.png,[],https://pokopiadex.com/items/stalactites,pokopiadex_items_in_collection,0155-stalactites.png,assets/pokopia_image_sources/item_portraits/0155-stalactites.png,https://pokopiadex.com/images/items/item_ui/stalactites.png,image/png,32413,c5cac620a9a28bbd7512d14f2fc4c663a560fc0e4225ec2298b3b0345507fc7f,ok,
0156,placeable_item,1391,Icicle,icicle,Formed when moisture on the ceiling freezes into ice. Place these to cool the surrounding area.,Nature,[],[],,in-collection,,nature_order,66,,,,,,,,[],[],https://pokopiadex.com/images/items/item_ui/icicle.png,[],https://pokopiadex.com/items/icicle,pokopiadex_items_in_collection,0156-icicle.png,assets/pokopia_image_sources/item_portraits/0156-icicle.png,https://pokopiadex.com/images/items/item_ui/icicle.png,image/png,27195,681e5e1dd51adb96e214059fca195f5914f91425656319f1fbc48c34d9455477,ok,
0157,placeable_item,1392,Crystal cluster,crystal-cluster,Gemstones that brightly sparkle in caves. Shatter one and use the pieces to make something!,Nature,[],[],,in-collection,,nature_order,67,,,,,,,,[],[],https://pokopiadex.com/images/items/item_ui/crystal-cluster.png,[],https://pokopiadex.com/items/crystal-cluster,pokopiadex_items_in_collection,0157-crystal-cluster.png,assets/pokopia_image_sources/item_portraits/0157-crystal-cluster.png,https://pokopiadex.com/images/items/item_ui/crystal-cluster.png,image/png,34753,ca85c4f2612719fc50d7e0e70cf91f83f000d3346244bbe1b89694a2e4f0d328,ok,
0158,placeable_item,1393,Strength rock,strength-rock,"Though this boulder is incredibly big, it looks like you could use Strength to push it.",Nature,[],[],,in-collection,,nature_order,68,,,,,,,,[],[2213],https://pokopiadex.com/images/items/item_ui/strength-rock.png,[],https://pokopiadex.com/items/strength-rock,pokopiadex_items_in_collection,0158-strength-rock.png,assets/pokopia_image_sources/item_portraits/0158-strength-rock.png,https://pokopiadex.com/images/items/item_ui/strength-rock.png,image/png,20048,009c5bb4b295fe3a9f589a0660c934e5d64f06172538a9b9924a6712a4a9500b,ok,
0159,placeable_item,1044,Dandy flower seeds,dandy-flower-seeds,Seeds that blossom into dandy flowers once grown. Try planting them in some soil!,Nature,[],"[""Trade 5 Cotton spores to Hoppip""]",More Spores for Hoppip,in-collection,,nature_order,1,,,,,0,,,[],[],https://pokopiadex.com/images/items/item_ui/dandy-flower-seeds.png,[],https://pokopiadex.com/items/dandy-flower-seeds,pokopiadex_items_in_collection,0159-dandy-flower-seeds.png,assets/pokopia_image_sources/item_portraits/0159-dandy-flower-seeds.png,https://pokopiadex.com/images/items/item_ui/dandy-flower-seeds.png,image/png,194075,7d5461b8365c7330ec0f491fcb3e8b936ab6831ccb34589860223f2b2001ba0f,ok,
0160,placeable_item,1043,Dandy flowers,dandy-flowers,Fluffy yellow flowers that seem fine and dandy. They bloom in the sunlight.,Nature,[],"[""Grows from dandy flower seeds""]",More Spores for Hoppip,in-collection,,nature_order,2,,,,,0,,,[],[],https://pokopiadex.com/images/items/item_ui/dandy-flowers.png,[],https://pokopiadex.com/items/dandy-flowers,pokopiadex_items_in_collection,0160-dandy-flowers.png,assets/pokopia_image_sources/item_portraits/0160-dandy-flowers.png,https://pokopiadex.com/images/items/item_ui/dandy-flowers.png,image/png,194075,7d5461b8365c7330ec0f491fcb3e8b936ab6831ccb34589860223f2b2001ba0f,ok,
0161,placeable_item,207,Leaf den kit,leaf-den-kit,Gather some Pokémon and build away! This makes a den for medium-sized Pokémon or smaller.,Kits,[],"[""Inspect shiny water spot""]",,in-collection,,kits_order,1,,,,100,,,,[],[],https://pokopiadex.com/images/items/shop_ui/leaf-den-kit.png,[],https://pokopiadex.com/items/leaf-den-kit,pokopiadex_items_in_collection,0161-leaf-den-kit.png,assets/pokopia_image_sources/item_portraits/0161-leaf-den-kit.png,https://pokopiadex.com/images/items/shop_ui/leaf-den-kit.png,image/png,318488,f14b23f906269227a5c7ff4dfaf0d6c800002123fb3f185ea3174ac107f2a7f0,ok,
0162,placeable_item,439,Leaf hut kit,leaf-hut-kit,Gather some Pokémon and build away! This makes a hut that any Pokémon could easily live in.,Kits,[],"[""inspect shiny water ripples""]",,in-collection,,kits_order,2,,,,200,,,,[],[],https://pokopiadex.com/images/items/shop_ui/leaf-hut-kit.png,[],https://pokopiadex.com/items/leaf-hut-kit,pokopiadex_items_in_collection,0162-leaf-hut-kit.png,assets/pokopia_image_sources/item_portraits/0162-leaf-hut-kit.png,https://pokopiadex.com/images/items/shop_ui/leaf-hut-kit.png,image/png,446839,39a87be4b1c3a664c4a548333a90b0d7eb0b9fb1f866e07e5dda0b6cc748db37,ok,
0163,placeable_item,403,Leaf cottage kit,leaf-cottage-kit,Gather some Pokémon and build away! This makes a place where two Pokémon can relax.,Kits,[],"[""Inspect shiny water spot""]",,in-collection,,kits_order,3,,,,500,,,,[],[],https://pokopiadex.com/images/items/shop_ui/leaf-cottage-kit.png,[],https://pokopiadex.com/items/leaf-cottage-kit,pokopiadex_items_in_collection,0163-leaf-cottage-kit.png,assets/pokopia_image_sources/item_portraits/0163-leaf-cottage-kit.png,https://pokopiadex.com/images/items/shop_ui/leaf-cottage-kit.png,image/png,452974,0c37f633f67e396997eca020961585bf146bd6c658be4b5708f432c93f0adb27,ok,
0164,placeable_item,645,Leaf house kit,leaf-house-kit,Gather some Pokémon and build away! Let's make a ginormous house where everyone can live together!,Kits,[],"[""inspect shiny water ripples""]",,in-collection,,kits_order,4,,,,1000,,,,[],[],https://pokopiadex.com/images/items/shop_ui/leaf-house-kit.png,[],https://pokopiadex.com/items/leaf-house-kit,pokopiadex_items_in_collection,0164-leaf-house-kit.png,assets/pokopia_image_sources/item_portraits/0164-leaf-house-kit.png,https://pokopiadex.com/images/items/shop_ui/leaf-house-kit.png,image/png,509960,89d3acfe8026adf75dd425d10773749571c9afc92c1b0e8ae3b5e24b5b67e0c0,ok,
0165,placeable_item,1200,Sand den kit,sand-den-kit,Gather some Pokémon and build away! This makes a den for medium-sized Pokémon or smaller.,Kits,[],[],,in-collection,,kits_order,5,,,,100,,,,[],[],https://pokopiadex.com/images/items/shop_ui/sand-den-kit.png,[],https://pokopiadex.com/items/sand-den-kit,pokopiadex_items_in_collection,0165-sand-den-kit.png,assets/pokopia_image_sources/item_portraits/0165-sand-den-kit.png,https://pokopiadex.com/images/items/shop_ui/sand-den-kit.png,image/png,37456,555f160cb6a4656e2f7d21895002141c8618f80ac8659f9c27de271adfcac952,ok,
0166,placeable_item,1202,Sand hut kit,sand-hut-kit,Gather some Pokémon and build away! This makes a hut that any Pokémon could easily live in.,Kits,[],[],,in-collection,,kits_order,6,,,,200,,,,[],[],https://pokopiadex.com/images/items/shop_ui/sand-hut-kit.png,[],https://pokopiadex.com/items/sand-hut-kit,pokopiadex_items_in_collection,0166-sand-hut-kit.png,assets/pokopia_image_sources/item_portraits/0166-sand-hut-kit.png,https://pokopiadex.com/images/items/shop_ui/sand-hut-kit.png,image/png,46641,c818914b6a6dc6ef6e06a75b04c7898e9ce5422c0e7762909a6aedd90f93530d,ok,
0167,placeable_item,1199,Sand cottage kit,sand-cottage-kit,Gather some Pokémon and build away! This makes a place where two Pokémon can relax.,Kits,[],"[""inspect shiny water ripples""]",,in-collection,,kits_order,7,,,,500,,,,[],[],https://pokopiadex.com/images/items/shop_ui/sand-cottage-kit.png,[],https://pokopiadex.com/items/sand-cottage-kit,pokopiadex_items_in_collection,0167-sand-cottage-kit.png,assets/pokopia_image_sources/item_portraits/0167-sand-cottage-kit.png,https://pokopiadex.com/images/items/shop_ui/sand-cottage-kit.png,image/png,62032,797411266e177ddb2e249d54a90bbad02686d6457564a16d46ea6e2f2365940f,ok,
0168,placeable_item,1201,Sand house kit,sand-house-kit,Gather some Pokémon and build away! Let's make a ginormous house where everyone can live together.,Kits,[],[],,in-collection,,kits_order,8,,,,1000,,,,[],[],https://pokopiadex.com/images/items/shop_ui/sand-house-kit.png,[],https://pokopiadex.com/items/sand-house-kit,pokopiadex_items_in_collection,0168-sand-house-kit.png,assets/pokopia_image_sources/item_portraits/0168-sand-house-kit.png,https://pokopiadex.com/images/items/shop_ui/sand-house-kit.png,image/png,78983,d10510189a8f95229590c74fea761240b291ff2eece99bd222259b29959073ef,ok,
0169,placeable_item,726,Stone den kit,stone-den-kit,Gather some Pokémon and build away! This makes a den for medium-sized Pokémon or smaller.,Kits,[],"[""inspect shiny water ripples""]",,in-collection,,kits_order,9,,,,100,,,,[],[],https://pokopiadex.com/images/items/shop_ui/stone-den-kit.png,[],https://pokopiadex.com/items/stone-den-kit,pokopiadex_items_in_collection,0169-stone-den-kit.png,assets/pokopia_image_sources/item_portraits/0169-stone-den-kit.png,https://pokopiadex.com/images/items/shop_ui/stone-den-kit.png,image/png,266745,dcc3e5ecbb989d9d0aac39f679bfae9daf676d1cf122e13300392c12f2b5bbd2,ok,
0170,placeable_item,864,Stone hut kit,stone-hut-kit,Gather some Pokémon and build away! This makes a hut that any Pokémon could easily live in.,Kits,[],"[""inspect shiny water ripples""]",,in-collection,,kits_order,10,,,,200,,,,[],[],https://pokopiadex.com/images/items/shop_ui/stone-hut-kit.png,[],https://pokopiadex.com/items/stone-hut-kit,pokopiadex_items_in_collection,0170-stone-hut-kit.png,assets/pokopia_image_sources/item_portraits/0170-stone-hut-kit.png,https://pokopiadex.com/images/items/shop_ui/stone-hut-kit.png,image/png,192199,7a60c391ce1a7a6ee3bf4c1a819ed8ad4796b5a38c3bf0c8eacd49a4c6f1efba,ok,
0171,placeable_item,1204,Stone cottage kit,stone-cottage-kit,Gather some Pokémon and build away! This makes a place where two Pokémon can relax.,Kits,[],[],,in-collection,,kits_order,11,,,,500,,,,[],[],https://pokopiadex.com/images/items/shop_ui/stone-cottage-kit.png,[],https://pokopiadex.com/items/stone-cottage-kit,pokopiadex_items_in_collection,0171-stone-cottage-kit.png,assets/pokopia_image_sources/item_portraits/0171-stone-cottage-kit.png,https://pokopiadex.com/images/items/shop_ui/stone-cottage-kit.png,image/png,50853,90a3aa8d2b58e64330f480093a1dcabce651bc8da5be85a14f0e4ea7154415e2,ok,
0172,placeable_item,843,Stone house kit,stone-house-kit,Gather some Pokémon and build away! Let's make a ginormous house where everyone can live together.,Kits,[],"[""inspect shiny water ripples""]",,in-collection,,kits_order,12,,,,100,,,,[],[],https://pokopiadex.com/images/items/shop_ui/stone-house-kit.png,[],https://pokopiadex.com/items/stone-house-kit,pokopiadex_items_in_collection,0172-stone-house-kit.png,assets/pokopia_image_sources/item_portraits/0172-stone-house-kit.png,https://pokopiadex.com/images/items/shop_ui/stone-house-kit.png,image/png,64120,6b1278dca0f342b273a387b2b6e91bc4d487041fff310b332eff2371cb64a397,ok,
0173,placeable_item,1184,City den kit,city-den-kit,Gather some Pokémon and build away! This makes a den for medium-sized Pokémon or smaller.,Kits,[],[],,in-collection,,kits_order,13,,,,,,,,[],[],https://pokopiadex.com/images/items/shop_ui/city-den-kit.png,[],https://pokopiadex.com/items/city-den-kit,pokopiadex_items_in_collection,0173-city-den-kit.png,assets/pokopia_image_sources/item_portraits/0173-city-den-kit.png,https://pokopiadex.com/images/items/shop_ui/city-den-kit.png,image/png,32023,29e7e17070dcf46b0adef7add7c806d66b915ae1e046b63e4035d639a5988603,ok,
0174,placeable_item,1186,City hut kit,city-hut-kit,Gather some Pokémon and build away! This makes a hut that any Pokémon could easily live in.,Kits,[],[],,in-collection,,kits_order,14,,,,,,,,[],[],https://pokopiadex.com/images/items/shop_ui/city-hut-kit.png,[],https://pokopiadex.com/items/city-hut-kit,pokopiadex_items_in_collection,0174-city-hut-kit.png,assets/pokopia_image_sources/item_portraits/0174-city-hut-kit.png,https://pokopiadex.com/images/items/shop_ui/city-hut-kit.png,image/png,33374,c974915bf56200658c52d6197c2b37090c7576275d44f2cd7fd1c574f73add50,ok,
0175,placeable_item,1183,City cottage kit,city-cottage-kit,Gather some Pokémon and build away! This makes a place where two Pokémon can relax.,Kits,[],[],,in-collection,,kits_order,15,,,,,,,,[],[],https://pokopiadex.com/images/items/shop_ui/city-cottage-kit.png,[],https://pokopiadex.com/items/city-cottage-kit,pokopiadex_items_in_collection,0175-city-cottage-kit.png,assets/pokopia_image_sources/item_portraits/0175-city-cottage-kit.png,https://pokopiadex.com/images/items/shop_ui/city-cottage-kit.png,image/png,43949,b894024aed4b16c6754648841bac9987d1178fc39c78ea884ff64bab7bb99ec0,ok,
0176,placeable_item,1185,City house kit,city-house-kit,Gather some Pokémon and build away! Let's make a ginormous house where everyone can live together.,Kits,[],[],,in-collection,,kits_order,16,,,,,,,,[],[],https://pokopiadex.com/images/items/shop_ui/city-house-kit.png,[],https://pokopiadex.com/items/city-house-kit,pokopiadex_items_in_collection,0176-city-house-kit.png,assets/pokopia_image_sources/item_portraits/0176-city-house-kit.png,https://pokopiadex.com/images/items/shop_ui/city-house-kit.png,image/png,45386,ffff54f9fe562c02181dece71f2488ad66a3833cf6680ab2e4082ca43549ed60,ok,
0177,placeable_item,1196,Poké Ball house kit,poke-ball-house-kit,Gather some Pokémon and build away! This makes a house that looks like a giant Poké Ball.,Kits,[],[],,in-collection,,kits_order,17,,,,,,,,[],[],https://pokopiadex.com/images/items/shop_ui/poke-ball-house-kit.png,[],https://pokopiadex.com/items/poke-ball-house-kit,pokopiadex_items_in_collection,0177-poke-ball-house-kit.png,assets/pokopia_image_sources/item_portraits/0177-poke-ball-house-kit.png,https://pokopiadex.com/images/items/shop_ui/poke-ball-house-kit.png,image/png,55491,1405c08cabd81d3080c6850a2df94458c4444c7f1455d0553dfd6a4c149cbed5,ok,
0178,placeable_item,1197,Poké Mart kit,poke-mart-kit,Gather some Pokémon and build away! This makes a store that somehow always feels a little exciting.,Kits,[],[],,in-collection,,kits_order,18,,,,,,,,[],[],https://pokopiadex.com/images/items/shop_ui/poke-mart-kit.png,[],https://pokopiadex.com/items/poke-mart-kit,pokopiadex_items_in_collection,0178-poke-mart-kit.png,assets/pokopia_image_sources/item_portraits/0178-poke-mart-kit.png,https://pokopiadex.com/images/items/shop_ui/poke-mart-kit.png,image/png,68948,2cfe4dec5bb432917046af0e5a1a46a15ed8f2a84076ef056a5584d7e622c58a,ok,
0179,placeable_item,2035,Wasteland Pokémon Center kit,wasteland-pokemon-center-kit,Use this to remodel a Pokémon Center to make it look just like the Wasteland Pokémon Center.,Kits,[],[],,in-collection,,kits_order,19,,,,,,,,[],[],https://pokopiadex.com/images/items/item_ui/wasteland-pokemon-center-kit.png,[],https://pokopiadex.com/items/wasteland-pokemon-center-kit,pokopiadex_items_in_collection,0179-wasteland-pokemon-center-kit.png,assets/pokopia_image_sources/item_portraits/0179-wasteland-pokemon-center-kit.png,https://pokopiadex.com/images/items/item_ui/wasteland-pokemon-center-kit.png,image/png,30583,0b5f603f015c507a02784249013f306d07d0eccc2eccf350405db378882c61a4,ok,
0180,placeable_item,2036,Beach Pokémon Center kit,beach-pokemon-center-kit,Use this to remodel a Pokémon Center to make it look just like the Beach Pokémon Center.,Kits,[],[],,in-collection,,kits_order,20,,,,,,,,[],[],https://pokopiadex.com/images/items/item_ui/beach-pokemon-center-kit.png,[],https://pokopiadex.com/items/beach-pokemon-center-kit,pokopiadex_items_in_collection,0180-beach-pokemon-center-kit.png,assets/pokopia_image_sources/item_portraits/0180-beach-pokemon-center-kit.png,https://pokopiadex.com/images/items/item_ui/beach-pokemon-center-kit.png,image/png,31652,1f501307e41e8fac0ff3a189ace622757fde8f11c12765fbfd71030492f218d4,ok,
0181,placeable_item,2037,Ridge Pokémon Center kit,ridge-pokemon-center-kit,Use this to remodel a Pokémon Center to make it look just like the Ridge Pokémon Center.,Kits,[],[],,in-collection,,kits_order,21,,,,,,,,[],[],https://pokopiadex.com/images/items/item_ui/ridge-pokemon-center-kit.png,[],https://pokopiadex.com/items/ridge-pokemon-center-kit,pokopiadex_items_in_collection,0181-ridge-pokemon-center-kit.png,assets/pokopia_image_sources/item_portraits/0181-ridge-pokemon-center-kit.png,https://pokopiadex.com/images/items/item_ui/ridge-pokemon-center-kit.png,image/png,31239,77a4058035451c207f23d27c3320f7e54c087bd6b8629eec25f0d62c604c6e1b,ok,
0182,placeable_item,2038,Skyland Pokémon Center kit,skyland-pokemon-center-kit,Use this to remodel a Pokémon Center to make it look just like the Skyland Pokémon Center.,Kits,[],[],,in-collection,,kits_order,22,,,,,,,,[],[],https://pokopiadex.com/images/items/item_ui/skyland-pokemon-center-kit.png,[],https://pokopiadex.com/items/skyland-pokemon-center-kit,pokopiadex_items_in_collection,0182-skyland-pokemon-center-kit.png,assets/pokopia_image_sources/item_portraits/0182-skyland-pokemon-center-kit.png,https://pokopiadex.com/images/items/item_ui/skyland-pokemon-center-kit.png,image/png,30689,6bdf3cbaf7a8405785a4e2481f032b3693605a0fa417583eb5872a6639dda480,ok,
0183,placeable_item,1207,Windmill kit,windmill-kit,Gather some Pokémon and build away! This makes a generator that turns wind energy into loads of power.,Kits,[],[],,in-collection,,kits_order,23,,,,,,,,[],[],https://pokopiadex.com/images/items/shop_ui/windmill-kit.png,[],https://pokopiadex.com/items/windmill-kit,pokopiadex_items_in_collection,0183-windmill-kit.png,assets/pokopia_image_sources/item_portraits/0183-windmill-kit.png,https://pokopiadex.com/images/items/shop_ui/windmill-kit.png,image/png,47827,19d7341ba0f99f7c789eb6fc3a09968e1c110d4b2133aebf19b20953414fb49c,ok,
0184,placeable_item,1206,Waterwheel kit,waterwheel-kit,Gather some Pokémon and build away! This makes a generator that uses water to produce tons of power.,Kits,[],[],,in-collection,,kits_order,24,,,,,,,,[],[],https://pokopiadex.com/images/items/shop_ui/waterwheel-kit.png,[],https://pokopiadex.com/items/waterwheel-kit,pokopiadex_items_in_collection,0184-waterwheel-kit.png,assets/pokopia_image_sources/item_portraits/0184-waterwheel-kit.png,https://pokopiadex.com/images/items/shop_ui/waterwheel-kit.png,image/png,74248,3ced8f93637db378a909a02ca77d491981fa37d7cd00334bb663d4bceb7752a1,ok,
0185,placeable_item,1190,Furnace kit,furnace-kit,Gather some Pokémon and build away! This makes a generator that burns stuff to produce heaps of power.,Kits,[],[],,in-collection,,kits_order,25,,,,,,,,[],[],https://pokopiadex.com/images/items/shop_ui/furnace-kit.png,[],https://pokopiadex.com/items/furnace-kit,pokopiadex_items_in_collection,0185-furnace-kit.png,assets/pokopia_image_sources/item_portraits/0185-furnace-kit.png,https://pokopiadex.com/images/items/shop_ui/furnace-kit.png,image/png,60525,25f80c8cd1d5176c446a9ebc58bdb29d24cce03581f63fcc2ad814c2cbba24d5,ok,
0186,placeable_item,1182,Charging station kit,charging-station-kit,Gather some Pokémon and build away! This makes a device that's perfect for charging things up.,Kits,[],[],,in-collection,,kits_order,26,,,,,,,,[],[],https://pokopiadex.com/images/items/shop_ui/charging-station-kit.png,[],https://pokopiadex.com/items/charging-station-kit,pokopiadex_items_in_collection,0186-charging-station-kit.png,assets/pokopia_image_sources/item_portraits/0186-charging-station-kit.png,https://pokopiadex.com/images/items/shop_ui/charging-station-kit.png,image/png,55504,3a07d087680f87cbdf4755fee2215306584937172a460dc18fbd162623f4041c,ok,
0187,placeable_item,1195,Pikachu fountain kit,pikachu-fountain-kit,Gather some Pokémon and build away! This makes a fountain that would look great all lit up.,Kits,[],[],,in-collection,,kits_order,27,,,,500,,,,[],[],https://pokopiadex.com/images/items/shop_ui/pikachu-fountain-kit.png,[],https://pokopiadex.com/items/pikachu-fountain-kit,pokopiadex_items_in_collection,0187-pikachu-fountain-kit.png,assets/pokopia_image_sources/item_portraits/0187-pikachu-fountain-kit.png,https://pokopiadex.com/images/items/shop_ui/pikachu-fountain-kit.png,image/png,42864,745f2ef035a867c76eae09fe42da919c75058dba00c0c413c29fd0e580836fbe,ok,
0188,placeable_item,865,Moonlight dance statue kit,moonlight-dance-statue-kit,Gather some Pokémon and build away! This will make you want to dance as you're building it!,Kits,[],[],,in-collection,,kits_order,28,,,,500,,,,[],[],https://pokopiadex.com/images/items/shop_ui/moonlight-dance-statue-kit.png,[],https://pokopiadex.com/items/moonlight-dance-statue-kit,pokopiadex_items_in_collection,0188-moonlight-dance-statue-kit.png,assets/pokopia_image_sources/item_portraits/0188-moonlight-dance-statue-kit.png,https://pokopiadex.com/images/items/shop_ui/moonlight-dance-statue-kit.png,image/png,515613,3dd57c6ba340c2cb6b2a0ef0f6984050a03043b2148f357de5ad5255ee378efa,ok,
0189,placeable_item,643,Pink hut kit,pink-hut-kit,Gather some Pokémon and build away! This makes a cute plaster house.,Kits,[],"[""Golden Pokeball near water wheel in Withered Wasteland""]",,in-collection,,kits_order,29,,,,300,,,,[],[],https://pokopiadex.com/images/items/shop_ui/pink-hut-kit.png,[],https://pokopiadex.com/items/pink-hut-kit,pokopiadex_items_in_collection,0189-pink-hut-kit.png,assets/pokopia_image_sources/item_portraits/0189-pink-hut-kit.png,https://pokopiadex.com/images/items/shop_ui/pink-hut-kit.png,image/png,237747,8d6cc98216a0c5e8ea24cc8062dadd848e159b5cabc2f129b24536b5fa8e9fab,ok,
0190,placeable_item,969,Pink cottage kit,pink-cottage-kit,,Kits,[],"[""inspect shiny water ripples""]",,in-collection,,kits_order,30,,,,,,,,[],[],https://pokopiadex.com/images/items/item_ui/pink-cottage-kit.png,[],https://pokopiadex.com/items/pink-cottage-kit,pokopiadex_items_in_collection,0190-pink-cottage-kit.png,assets/pokopia_image_sources/item_portraits/0190-pink-cottage-kit.png,https://pokopiadex.com/images/items/item_ui/pink-cottage-kit.png,image/png,37596,f178f669ffbdc48afe183e006ded51864d4bb9d9f6c841f60061d5f2c332db03,ok,
0191,placeable_item,1194,Orange hut kit,orange-hut-kit,Gather some Pokémon and build away! This makes a fancy brick house.,Kits,[],[],,in-collection,,kits_order,31,,,,300,,,,[],[],https://pokopiadex.com/images/items/shop_ui/orange-hut-kit.png,[],https://pokopiadex.com/items/orange-hut-kit,pokopiadex_items_in_collection,0191-orange-hut-kit.png,assets/pokopia_image_sources/item_portraits/0191-orange-hut-kit.png,https://pokopiadex.com/images/items/shop_ui/orange-hut-kit.png,image/png,47084,7412c5d073e31c11fba306dfb627ac7aadb611cc63088b80f7b5033dbe1c5446,ok,
0192,placeable_item,2039,Orange cottage kit,orange-cottage-kit,Gather some Pokémon and build away! This makes a vibrant house where you can enjoy resort vibes.,Kits,[],[],,in-collection,,kits_order,32,,,,,,,,[],[],https://pokopiadex.com/images/items/item_ui/orange-cottage-kit.png,[],https://pokopiadex.com/items/orange-cottage-kit,pokopiadex_items_in_collection,0192-orange-cottage-kit.png,assets/pokopia_image_sources/item_portraits/0192-orange-cottage-kit.png,https://pokopiadex.com/images/items/item_ui/orange-cottage-kit.png,image/png,43478,a70d8dd3a849a71302cd527fc093ac2b048a4775ee2f2a2e071b1a878c5d77e4,ok,
0193,placeable_item,1192,Gray hut kit,gray-hut-kit,Gather some Pokémon and build away! This makes a cool stone house.,Kits,[],[],,in-collection,,kits_order,33,,,,,,,,[],[],https://pokopiadex.com/images/items/shop_ui/gray-hut-kit.png,[],https://pokopiadex.com/items/gray-hut-kit,pokopiadex_items_in_collection,0193-gray-hut-kit.png,assets/pokopia_image_sources/item_portraits/0193-gray-hut-kit.png,https://pokopiadex.com/images/items/shop_ui/gray-hut-kit.png,image/png,50938,6b8c1732a708b300674b6ed8407fa776536f9af08f3af079fc54214b36022c41,ok,
0194,placeable_item,1191,Gray cottage kit,gray-cottage-kit,A high-class house with a serene atmosphere. It's full of luxurious furniture.,Kits,[],"[""inspect shiny water ripples""]",,in-collection,,kits_order,34,,,,,,,,[],[],https://pokopiadex.com/images/items/item_ui/gray-cottage-kit.png,[],https://pokopiadex.com/items/gray-cottage-kit,pokopiadex_items_in_collection,0194-gray-cottage-kit.png,assets/pokopia_image_sources/item_portraits/0194-gray-cottage-kit.png,https://pokopiadex.com/images/items/item_ui/gray-cottage-kit.png,image/png,37567,73e30ed9d9e3f2f31dd860930d4889704f27e0e98a17273c41a3364d8ab50c30,ok,
0195,placeable_item,1208,Yellow hut kit,yellow-hut-kit,Gather some Pokémon and build away! This makes a flashy concrete house.,Kits,[],[],,in-collection,,kits_order,35,,,,,,,,[],[],https://pokopiadex.com/images/items/shop_ui/yellow-hut-kit.png,[],https://pokopiadex.com/items/yellow-hut-kit,pokopiadex_items_in_collection,0195-yellow-hut-kit.png,assets/pokopia_image_sources/item_portraits/0195-yellow-hut-kit.png,https://pokopiadex.com/images/items/shop_ui/yellow-hut-kit.png,image/png,50568,b0c930f0cec520f49395c260d6e04aa280c87ee2b1c067a6c9bd977eeacfc027,ok,
0196,placeable_item,2040,Yellow cottage kit,yellow-cottage-kit,,Kits,[],[],,in-collection,,kits_order,36,,,,,,,,[],[],https://pokopiadex.com/images/items/item_ui/yellow-cottage-kit.png,[],https://pokopiadex.com/items/yellow-cottage-kit,pokopiadex_items_in_collection,0196-yellow-cottage-kit.png,assets/pokopia_image_sources/item_portraits/0196-yellow-cottage-kit.png,https://pokopiadex.com/images/items/item_ui/yellow-cottage-kit.png,image/png,46399,8211d03d96dbe521be1048407cbc6a172363d771bc6525872b19baff2063cd5a,ok,
0197,placeable_item,1193,Log cabin kit,log-cabin-kit,Gather some Pokémon and build away! This makes a house that has a pleasing woodsy aroma.,Kits,[],[],,in-collection,,kits_order,37,,,,,,,,[],[],https://pokopiadex.com/images/items/shop_ui/log-cabin-kit.png,[],https://pokopiadex.com/items/log-cabin-kit,pokopiadex_items_in_collection,0197-log-cabin-kit.png,assets/pokopia_image_sources/item_portraits/0197-log-cabin-kit.png,https://pokopiadex.com/images/items/shop_ui/log-cabin-kit.png,image/png,65366,b796c8fde6600c73fb7dc274d586e95d85a07d0f7fcd4c6dc59fcc217231c863,ok,
0198,placeable_item,1203,Small office kit,small-office-kit,Gather some Pokémon and build away! This makes a place where you can really focus on your work.,Kits,[],[],,in-collection,,kits_order,38,,,,,,,,[],[],https://pokopiadex.com/images/items/shop_ui/small-office-kit.png,[],https://pokopiadex.com/items/small-office-kit,pokopiadex_items_in_collection,0198-small-office-kit.png,assets/pokopia_image_sources/item_portraits/0198-small-office-kit.png,https://pokopiadex.com/images/items/shop_ui/small-office-kit.png,image/png,56905,872ba74f2f46bef6d68563acd7ab4e05a1dc28724ae05e56ef53546c7728b3d3,ok,
0199,placeable_item,1198,Relaxing park kit,relaxing-park-kit,Gather some Pokémon and build away! This makes a park with an iconic Chansey tree.,Kits,[],[],,in-collection,,kits_order,39,,,,,,,,[],[],https://pokopiadex.com/images/items/shop_ui/relaxing-park-kit.png,[],https://pokopiadex.com/items/relaxing-park-kit,pokopiadex_items_in_collection,0199-relaxing-park-kit.png,assets/pokopia_image_sources/item_portraits/0199-relaxing-park-kit.png,https://pokopiadex.com/images/items/shop_ui/relaxing-park-kit.png,image/png,98819,208324b956eb933b13c2a5eaeb73af048971da5790f026cce64238a611980a4e,ok,
0200,placeable_item,1205,Stylish Café kit,stylish-cafe-kit,Gather some Pokémon and build away! This makes a lovely café where you can take a little breather.,Kits,[],[],,in-collection,,kits_order,40,,,,,,,,[],[],https://pokopiadex.com/images/items/shop_ui/stylish-cafe-kit.png,[],https://pokopiadex.com/items/stylish-cafe-kit,pokopiadex_items_in_collection,0200-stylish-cafe-kit.png,assets/pokopia_image_sources/item_portraits/0200-stylish-cafe-kit.png,https://pokopiadex.com/images/items/shop_ui/stylish-cafe-kit.png,image/png,93777,40e6d6f5ecd2d93b8724e89e764542515213c6fb001662c025ecaab1ce880bc7,ok,
0201,placeable_item,1187,Concert stage kit,concert-stage-kit,Gather some Pokémon and build away! This makes a stage big enough to hold all your friends.,Kits,[],[],,in-collection,,kits_order,41,,,,,,,,[],[],https://pokopiadex.com/images/items/shop_ui/concert-stage-kit.png,[],https://pokopiadex.com/items/concert-stage-kit,pokopiadex_items_in_collection,0201-concert-stage-kit.png,assets/pokopia_image_sources/item_portraits/0201-concert-stage-kit.png,https://pokopiadex.com/images/items/shop_ui/concert-stage-kit.png,image/png,73082,475f16a58a4b6475ede3af9f459fb7c599e386387ff74c69df919fec8c367731,ok,
0202,placeable_item,1188,Fountain plaza kit,fountain-plaza-kit,Gather some Pokémon and build away! This makes a plaza that's perfect for meetups.,Kits,[],[],,in-collection,,kits_order,42,,,,,,,,[],[],https://pokopiadex.com/images/items/shop_ui/fountain-plaza-kit.png,[],https://pokopiadex.com/items/fountain-plaza-kit,pokopiadex_items_in_collection,0202-fountain-plaza-kit.png,assets/pokopia_image_sources/item_portraits/0202-fountain-plaza-kit.png,https://pokopiadex.com/images/items/shop_ui/fountain-plaza-kit.png,image/png,98053,40a07f9d86701b48d7f56aa6a3cc99df49cb528ac78ade6d8d8d5d15615c64ec,ok,
0203,placeable_item,1181,Altar of Flame kit,altar-of-flame-kit,Gather some Pokémon and build away! This makes an altar accompanied by roaring flames.,Kits,[],[],,in-collection,,kits_order,43,,,,,,,,[],[],https://pokopiadex.com/images/items/item_ui/altar-of-flame-kit.png,[],https://pokopiadex.com/items/altar-of-flame-kit,pokopiadex_items_in_collection,0203-altar-of-flame-kit.png,assets/pokopia_image_sources/item_portraits/0203-altar-of-flame-kit.png,https://pokopiadex.com/images/items/item_ui/altar-of-flame-kit.png,image/png,42427,da6b03c1a3b39cf948ae43a6449bfa76c48d467db8ec78041d7f68e8d90a7e70,ok,
0204,placeable_item,1180,Abandoned Power Plant kit,abandoned-power-plant-kit,Gather some Pokémon and build away! This makes an abandoned power plant teeming with electricity.,Kits,[],[],,in-collection,,kits_order,44,,,,,,,,[],[],https://pokopiadex.com/images/items/item_ui/abandoned-power-plant-kit.png,[],https://pokopiadex.com/items/abandoned-power-plant-kit,pokopiadex_items_in_collection,0204-abandoned-power-plant-kit.png,assets/pokopia_image_sources/item_portraits/0204-abandoned-power-plant-kit.png,https://pokopiadex.com/images/items/item_ui/abandoned-power-plant-kit.png,image/png,39997,9b36f876a8a1523de1076d5fcef5fe2834505b84f030b54b78eefd165c125e42,ok,
0205,placeable_item,1189,Freezing Chambers kit,freezing-chambers-kit,Gather some Pokémon and build away! This makes frozen mountains with a mystical atmosphere.,Kits,[],"[""Golden Pokeball on hill in Palette Town""]",,in-collection,,kits_order,45,,,,,,,,[],[],https://pokopiadex.com/images/items/item_ui/freezing-chambers-kit.png,[],https://pokopiadex.com/items/freezing-chambers-kit,pokopiadex_items_in_collection,0205-freezing-chambers-kit.png,assets/pokopia_image_sources/item_portraits/0205-freezing-chambers-kit.png,https://pokopiadex.com/images/items/item_ui/freezing-chambers-kit.png,image/png,38945,f367e9d9303fdafaba34b4d32089f6f3fd69752af43855f30c41bf51be3a3239,ok,
0206,placeable_item,698,Relocation kit (prepare),relocation-kit-prepare,"Place this in front of a building, and Pokémon with the Bulldoze specialty will help you relocate it!",Kits,[],[],,in-collection,,kits_order,46,,,,10,,,,[],[],https://pokopiadex.com/images/items/item_ui/relocation-kit-prepare.png,[],https://pokopiadex.com/items/relocation-kit-prepare,pokopiadex_items_in_collection,0206-relocation-kit-prepare.png,assets/pokopia_image_sources/item_portraits/0206-relocation-kit-prepare.png,https://pokopiadex.com/images/items/item_ui/relocation-kit-prepare.png,image/png,36039,d3198e8f6dd95b612e7da68740355b2cef91019ce08f0447f0d752a7ee6066c2,ok,
0207,placeable_item,699,Demolition kit,demolition-kit,"Place this in front of a building, and a Pokémon with the Bulldoze specialty will help you demolish it!",Kits,[],[],,in-collection,,kits_order,47,,,,10,,,,[],[],https://pokopiadex.com/images/items/item_ui/demolition-kit.png,[],https://pokopiadex.com/items/demolition-kit,pokopiadex_items_in_collection,0207-demolition-kit.png,assets/pokopia_image_sources/item_portraits/0207-demolition-kit.png,https://pokopiadex.com/images/items/item_ui/demolition-kit.png,image/png,36110,1ff70bf618b1b1b3a83a671c8b61c92b49b0bc584394e237543a67b57a75632e,ok,
0208,placeable_item,2372,Tent kit,tent-kit,Gather some Pokémon and build away! This makes a house that repels rain and wind. Great for camping!,Kits,[],"[""Trade 10 Red crystal fragments to Sableye""]",Sableye's Gem Hunt,in-collection,,kits_order,1,,,,,,,,[],[],https://pokopiadex.com/images/items/item_ui/tent-kit.png,[],https://pokopiadex.com/items/tent-kit,pokopiadex_items_in_collection,0208-tent-kit.png,assets/pokopia_image_sources/item_portraits/0208-tent-kit.png,https://pokopiadex.com/images/items/item_ui/tent-kit.png,image/png,106314,c1fdacf11ca46980406df10dbd66d4a87b36b37ac4b3f96a8234fc1ec525e717,ok,
0209,placeable_item,41,Storage box,storage-box,A convenient box you can store items in. It's made of wood and easy to move things in and out of.,Furniture,[],[],,in-collection,,furniture_order,1,,,,,,,20,[],[2244],https://pokopiadex.com/images/items/crafting_ui/storage-box.png,[],https://pokopiadex.com/items/storage-box,pokopiadex_items_in_collection,0209-storage-box.png,assets/pokopia_image_sources/item_portraits/0209-storage-box.png,https://pokopiadex.com/images/items/crafting_ui/storage-box.png,image/png,107108,174be00347b60870af512fef8c297b8c430fd20344a7bebb684bd48ab07f2a23,ok,
0210,placeable_item,1782,Wall storage box,wall-storage-box,"It may be small, but it can store lots of stuff. Try mounting it on a wall.",Furniture,[],[],,in-collection,,furniture_order,2,,,,,,,,[],"[2198,2203,2244]",https://pokopiadex.com/images/items/item_ui/wall-storage-box.png,[],https://pokopiadex.com/items/wall-storage-box,pokopiadex_items_in_collection,0210-wall-storage-box.png,assets/pokopia_image_sources/item_portraits/0210-wall-storage-box.png,https://pokopiadex.com/images/items/item_ui/wall-storage-box.png,image/png,24716,0616ec32c939282232c17a064e3e55eea53bbae3f9f7a8070f94be91833fd668,ok,
0211,placeable_item,652,Big storage box,big-storage-box,Roughly three times bigger than your standard storage box. You can put a lot of things inside.,Furniture,[],[],,in-collection,,furniture_order,3,,,,200,,,60,[],[2244],https://pokopiadex.com/images/items/crafting_ui/big-storage-box.png,[],https://pokopiadex.com/items/big-storage-box,pokopiadex_items_in_collection,0211-big-storage-box.png,assets/pokopia_image_sources/item_portraits/0211-big-storage-box.png,https://pokopiadex.com/images/items/crafting_ui/big-storage-box.png,image/png,135463,0f224b970abf78d4f7cb46b6514042ad54886ed6e5497eee8c5ab0a1686d99dc,ok,
0212,placeable_item,40,Plain chest,plain-chest,A chest with a simple design. It can be used to store items.,Furniture,"[""Decoration""]",[],,in-collection,,furniture_order,4,,,,,,,,[],"[2198,2203,2208,2244]",https://pokopiadex.com/images/items/item_ui/plain-chest.png,[],https://pokopiadex.com/items/plain-chest,pokopiadex_items_in_collection,0212-plain-chest.png,assets/pokopia_image_sources/item_portraits/0212-plain-chest.png,https://pokopiadex.com/images/items/item_ui/plain-chest.png,image/png,28536,c47a5c958e1cfd6f4a70189b4903a686aa4ee014c21579ec6e17f1ec35003053,ok,
0213,placeable_item,1135,Office cabinet,office-cabinet,Compact furniture that's surprisingly spacious. Open the sliding door to put items inside.,Furniture,"[""Decoration""]",[],,in-collection,,furniture_order,5,,,,,,,,[],"[2198,2203,2222,2244]",https://pokopiadex.com/images/items/crafting_ui/office-cabinet.png,[],https://pokopiadex.com/items/office-cabinet,pokopiadex_items_in_collection,0213-office-cabinet.png,assets/pokopia_image_sources/item_portraits/0213-office-cabinet.png,https://pokopiadex.com/images/items/crafting_ui/office-cabinet.png,image/png,83194,592a44cd9329337a906586a1cfa6f0f6af256086224c8bc0f6d770a0dbdbce82,ok,
0214,placeable_item,1456,Gaming Fridge,gaming-fridge,A chest that's slightly cold to the touch. Ice-type Pokémon will probably enjoy this.,Furniture,"[""Decoration""]",[],,in-collection,,furniture_order,6,,,,,,,,[],"[2200,2203,2206,2211,2222]",https://pokopiadex.com/images/items/item_ui/gaming-fridge.png,[],https://pokopiadex.com/items/gaming-fridge,pokopiadex_items_in_collection,0214-gaming-fridge.png,assets/pokopia_image_sources/item_portraits/0214-gaming-fridge.png,https://pokopiadex.com/images/items/item_ui/gaming-fridge.png,image/png,21766,ccefce034684663e568b19db240d59e6946a9f9363ff4d3c641734f8b86be37c,ok,
0215,placeable_item,1783,Poké Ball Chest,poke-ball-chest,This looks like a giant Poké Ball. It opens wide for you to store things inside.,Furniture,"[""Decoration""]",[],,in-collection,,furniture_order,7,,,,,,,,[],"[2203,2204,2222,2229,2231]",https://pokopiadex.com/images/items/item_ui/poke-ball-chest.png,[],https://pokopiadex.com/items/poke-ball-chest,pokopiadex_items_in_collection,0215-poke-ball-chest.png,assets/pokopia_image_sources/item_portraits/0215-poke-ball-chest.png,https://pokopiadex.com/images/items/item_ui/poke-ball-chest.png,image/png,29546,65777a36ba19c980b9cdb2f2cdf9a25fd2fbcfb3717404425fabe660ccbbfc47,ok,
0216,placeable_item,1994,Berry case,berry-case,"At a glance, this looks just like a glossy Cheri Berry. It opens wide for you to store things inside.",Furniture,"[""Decoration""]",[],,in-collection,,furniture_order,8,,,,,,,,[],"[2203,2204,2216,2219]",https://pokopiadex.com/images/items/item_ui/berry-case.png,[],https://pokopiadex.com/items/berry-case,pokopiadex_items_in_collection,0216-berry-case.png,assets/pokopia_image_sources/item_portraits/0216-berry-case.png,https://pokopiadex.com/images/items/item_ui/berry-case.png,image/png,29321,80155316749ad465dfa45590930ff83096846ebeeb87196f39504fe2d04e9c26,ok,
0217,placeable_item,1784,Antique chest,antique-chest,Its four curvy legs are adorable. Try putting lots of different things in the drawer.,Furniture,"[""Decoration""]",[],,in-collection,,furniture_order,9,,,,,,,,[],"[2198,2203,2221,2244]",https://pokopiadex.com/images/items/item_ui/antique-chest.png,[],https://pokopiadex.com/items/antique-chest,pokopiadex_items_in_collection,0217-antique-chest.png,assets/pokopia_image_sources/item_portraits/0217-antique-chest.png,https://pokopiadex.com/images/items/item_ui/antique-chest.png,image/png,25304,8110bdf1e0abee5ccdb86a9ae4c01ab0d38c6080f6f2284f3de397c3ee587dba,ok,
0218,placeable_item,43,Plain closet,plain-closet,Open the curtains and store your stuff! You don't actually need the hangers—but they're there anyway!,Furniture,"[""Decoration""]","[""Red Pokeball in Bleak Beach""]",,in-collection,,furniture_order,10,,,,100,,,20,[],"[2198,2203,2208,2244]",https://pokopiadex.com/images/items/crafting_ui/plain-closet.png,[],https://pokopiadex.com/items/plain-closet,pokopiadex_items_in_collection,0218-plain-closet.png,assets/pokopia_image_sources/item_portraits/0218-plain-closet.png,https://pokopiadex.com/images/items/crafting_ui/plain-closet.png,image/png,141056,3f34db6dae065da052973e4410f374bb454ce2a93b10b5cc3a06e5f285c84ff2,ok,
0219,placeable_item,1292,Office locker,office-locker,A large locker that can even hold clothing. Try storing lots of different things in it!,Furniture,"[""Decoration""]",[],,in-collection,,furniture_order,11,,,,,,,,[],"[2198,2203,2222]",https://pokopiadex.com/images/items/item_ui/office-locker.png,[],https://pokopiadex.com/items/office-locker,pokopiadex_items_in_collection,0219-office-locker.png,assets/pokopia_image_sources/item_portraits/0219-office-locker.png,https://pokopiadex.com/images/items/item_ui/office-locker.png,image/png,14821,a367d2a2bc56f062674bfa75f7fd987f1ff34240a16b18601b7cdda1e9e49999,ok,
0220,placeable_item,813,Antique closet,antique-closet,A large bulky closet. Try storing different things in it!,Furniture,"[""Decoration""]",[],,in-collection,,furniture_order,12,,,,,,,,[],"[2198,2203,2221,2244]",https://pokopiadex.com/images/items/item_ui/antique-closet.png,[],https://pokopiadex.com/items/antique-closet,pokopiadex_items_in_collection,0220-antique-closet.png,assets/pokopia_image_sources/item_portraits/0220-antique-closet.png,https://pokopiadex.com/images/items/item_ui/antique-closet.png,image/png,26996,ab9226bf4b864a04b3009c951fbd4005960fc5288096c74a71c379c83afad315,ok,
0221,placeable_item,1506,Office shelf,office-shelf,This is jam-packed with so many files that it can't hold anything else.,Furniture,"[""Decoration""]",[],,in-collection,,furniture_order,13,,,,,,,,[],"[2198,2203,2210,2211,2215,2222]",https://pokopiadex.com/images/items/item_ui/office-shelf.png,[],https://pokopiadex.com/items/office-shelf,pokopiadex_items_in_collection,0221-office-shelf.png,assets/pokopia_image_sources/item_portraits/0221-office-shelf.png,https://pokopiadex.com/images/items/item_ui/office-shelf.png,image/png,27144,46f41e30e757bf28ae5dc5795e749a4bd66444bad66e40fef9d871ea43159860,ok,
0222,placeable_item,900,Polygonal Shelf,polygonal-shelf,"A stylish, eye-catching shelf. Looks hard to use but still functions as a shelf just fine.",Furniture,"[""Decoration""]","[""Appraise Large lost relic""]",,in-collection,Lost Relics (L),lost_relics_l_order,1,,,,,,,,[],"[2203,2204,2239]",https://pokopiadex.com/images/items/item_ui/polygonal-shelf.png,[],https://pokopiadex.com/items/polygonal-shelf,pokopiadex_items_in_collection,0222-polygonal-shelf.png,assets/pokopia_image_sources/item_portraits/0222-polygonal-shelf.png,https://pokopiadex.com/images/items/item_ui/polygonal-shelf.png,image/png,115416,f0af813854db80895da50f02087bbe8bf6d8302a8acd7e3aaf2ee672ae484862,ok,
0223,placeable_item,44,Straw table,straw-table,"""Table"" may be an overly generous description of this big slab of stone atop a pile of hay.",Furniture,[],[],,in-collection,,furniture_order,15,,,,,,,,[1342],[2219],https://pokopiadex.com/images/items/crafting_ui/straw-table.png,[],https://pokopiadex.com/items/straw-table,pokopiadex_items_in_collection,0223-straw-table.png,assets/pokopia_image_sources/item_portraits/0223-straw-table.png,https://pokopiadex.com/images/items/crafting_ui/straw-table.png,image/png,169681,6074c4be6d6cdc6e1e99be93f1db5701d1a6c8fbdb835825eda3d0d49424dd6f,ok,
0224,placeable_item,63,Log table,log-table,"With just some cutting and sanding, you can trim logs into a proper table.",Furniture,[],[],,in-collection,,furniture_order,16,,,,,,,,[1342],"[2219,2244]",https://pokopiadex.com/images/items/crafting_ui/log-table.png,[],https://pokopiadex.com/items/log-table,pokopiadex_items_in_collection,0224-log-table.png,assets/pokopia_image_sources/item_portraits/0224-log-table.png,https://pokopiadex.com/images/items/crafting_ui/log-table.png,image/png,95439,d3d39778576569debfa5f33139417a81c6dff59388c0e0de197e82ca55b74cb9,ok,
0225,placeable_item,216,Side table,side-table,A side table with a refreshing appearance. It'd be perfect next to a beach chair.,Furniture,[],"[""Beach""]",,in-collection,,furniture_order,17,,,,,,,,[1342],[],https://pokopiadex.com/images/items/item_ui/side-table.png,[],https://pokopiadex.com/items/side-table,pokopiadex_items_in_collection,0225-side-table.png,assets/pokopia_image_sources/item_portraits/0225-side-table.png,https://pokopiadex.com/images/items/item_ui/side-table.png,image/png,18756,ffa8c67d1623fd46a04b4f31e1585e4a7f1bfcab8528679dd4429d0cb360063b,ok,
0226,placeable_item,431,Garden table,garden-table,A stylish table that would look nice with a garden chair or two.,Furniture,[],[],,in-collection,,furniture_order,18,,,,,,,,[1342],[2219],https://pokopiadex.com/images/items/shop_ui/garden-table.png,[],https://pokopiadex.com/items/garden-table,pokopiadex_items_in_collection,0226-garden-table.png,assets/pokopia_image_sources/item_portraits/0226-garden-table.png,https://pokopiadex.com/images/items/shop_ui/garden-table.png,image/png,85279,4cc0a667bdbf19b0a9976a9581542947372a105da663966757009cf51896b39a,ok,
0227,placeable_item,288,Wooden table,wooden-table,"You only need lumber to make this. Despite its small size, it's still a splendid table.",Furniture,[],[],,in-collection,,furniture_order,19,,,,50,,,,[1342],[],https://pokopiadex.com/images/items/shop_ui/wooden-table.png,[],https://pokopiadex.com/items/wooden-table,pokopiadex_items_in_collection,0227-wooden-table.png,assets/pokopia_image_sources/item_portraits/0227-wooden-table.png,https://pokopiadex.com/images/items/shop_ui/wooden-table.png,image/png,124875,5aeb5171a3ee401895f342c7672a2372d3c1a3bad4808d11d3a1a9853c77d9e5,ok,
0228,placeable_item,1404,Counter,counter,Line up these counters to make them longer. You can also rotate a few to make some nice corners.,Furniture,[],[],,in-collection,,furniture_order,20,,,,,,,,[1342],[],https://pokopiadex.com/images/items/item_ui/counter.png,[],https://pokopiadex.com/items/counter,pokopiadex_items_in_collection,0228-counter.png,assets/pokopia_image_sources/item_portraits/0228-counter.png,https://pokopiadex.com/images/items/item_ui/counter.png,image/png,21917,5b59aa59100eb3d5837152ab23c6d324c0da5788e21fc584565ae796a2ff0aed,ok,
0229,placeable_item,1785,Wall-mounted table,wall-mounted-table,A superb table that can fit snugly in a corner. A row of them would also make a great countertop.,Furniture,[],[],,in-collection,,furniture_order,21,,,,,,,,[],[],https://pokopiadex.com/images/items/item_ui/wall-mounted-table.png,[],https://pokopiadex.com/items/wall-mounted-table,pokopiadex_items_in_collection,0229-wall-mounted-table.png,assets/pokopia_image_sources/item_portraits/0229-wall-mounted-table.png,https://pokopiadex.com/images/items/item_ui/wall-mounted-table.png,image/png,18535,2161e16adbc90f57341c68bea646874c1935d3bf34a8d6ce41c6243e82d5eb74,ok,
0230,placeable_item,1786,Pokémon Center counter,pokemon-center-counter,"Line these up to make a Pokémon Center countertop. They have a simple, clean design.",Furniture,[],[],,in-collection,,furniture_order,22,,,,,,,,[],[],https://pokopiadex.com/images/items/item_ui/pokemon-center-counter.png,[],https://pokopiadex.com/items/pokemon-center-counter,pokopiadex_items_in_collection,0230-pokemon-center-counter.png,assets/pokopia_image_sources/item_portraits/0230-pokemon-center-counter.png,https://pokopiadex.com/images/items/item_ui/pokemon-center-counter.png,image/png,20072,7c3c053114c69beb64001baaeaa2e5da9b6233a5e4fc8432f9c6911a2c64fd2c,ok,
0231,placeable_item,1488,Kitchen table,kitchen-table,A glossy table that protects against grime. It would look great placed near a sink and stove.,Furniture,[],[],,in-collection,,furniture_order,23,,,,,,,,[],[],https://pokopiadex.com/images/items/item_ui/kitchen-table.png,[],https://pokopiadex.com/items/kitchen-table,pokopiadex_items_in_collection,0231-kitchen-table.png,assets/pokopia_image_sources/item_portraits/0231-kitchen-table.png,https://pokopiadex.com/images/items/item_ui/kitchen-table.png,image/png,18404,74786d4298a5bb326fe3fccbdc0c6de6477aa9c0644f5d54a725252d0b7d2955,ok,
0232,placeable_item,1552,Push cart,push-cart,"A table cart. Try putting stuff on top of it, like food.",Furniture,[],[],,in-collection,,furniture_order,24,,,,,,,,[],[],https://pokopiadex.com/images/items/shop_ui/push-cart.png,[],https://pokopiadex.com/items/push-cart,pokopiadex_items_in_collection,0232-push-cart.png,assets/pokopia_image_sources/item_portraits/0232-push-cart.png,https://pokopiadex.com/images/items/shop_ui/push-cart.png,image/png,162329,35722b93b84152f5aa26d87ccc7304c6b7ade86f07abba6485edc34371e67c02,ok,
0233,placeable_item,577,Exhibition stand,exhibition-stand,You can place these side by side to adjust the size. Try displaying lots of different things on top!,Furniture,[],[],,in-collection,,furniture_order,25,,,,,,,,[1334],[],https://pokopiadex.com/images/items/crafting_ui/exhibition-stand.png,[],https://pokopiadex.com/items/exhibition-stand,pokopiadex_items_in_collection,0233-exhibition-stand.png,assets/pokopia_image_sources/item_portraits/0233-exhibition-stand.png,https://pokopiadex.com/images/items/crafting_ui/exhibition-stand.png,image/png,116394,1d8d9b9cfa6fd52a0b1a9e5587aa9d98a2ce7bf0393f02ceed2308ac6e3662e3,ok,
0234,placeable_item,1055,Mysterious pedestal,mysterious-pedestal,Looks like it originally had something on top of it...,Furniture,[],[],,in-collection,Lost Relics (L),lost_relics_l_order,2,,,,,,,,[1334],[],https://pokopiadex.com/images/items/item_ui/mysterious-pedestal.png,[],https://pokopiadex.com/items/mysterious-pedestal,pokopiadex_items_in_collection,0234-mysterious-pedestal.png,assets/pokopia_image_sources/item_portraits/0234-mysterious-pedestal.png,https://pokopiadex.com/images/items/item_ui/mysterious-pedestal.png,image/png,131032,82a348e4be315a5b1f1c13a0ead3adccdb0ebe2cd8f021f86d1927cb149e0816,ok,
0235,placeable_item,64,Plain stand,plain-stand,This low table has a simple design and is perfect for displaying items.,Furniture,"[""Decoration""]",[],,in-collection,,furniture_order,27,,,,100,,,,[],"[2198,2203,2208,2244]",https://pokopiadex.com/images/items/shop_ui/plain-stand.png,[],https://pokopiadex.com/items/plain-stand,pokopiadex_items_in_collection,0235-plain-stand.png,assets/pokopia_image_sources/item_portraits/0235-plain-stand.png,https://pokopiadex.com/images/items/shop_ui/plain-stand.png,image/png,201459,df7e694316f062e013ea65bc50bf905b3af8a55d69587b7f23cc1220a125926c,ok,
0236,placeable_item,1130,Iron stand,iron-stand,An impressively sturdy iron stand. Effortlessly supports even heavy items.,Furniture,"[""Decoration""]",[],,in-collection,,furniture_order,28,,,,,,,,[],"[2198,2203,2213,2222,2231]",https://pokopiadex.com/images/items/crafting_ui/iron-stand.png,[],https://pokopiadex.com/items/iron-stand,pokopiadex_items_in_collection,0236-iron-stand.png,assets/pokopia_image_sources/item_portraits/0236-iron-stand.png,https://pokopiadex.com/images/items/crafting_ui/iron-stand.png,image/png,128321,1caaf4281f9fe0fbab3b838fd529510c0b860d4cb6420e3fe4166f0bb757096e,ok,
0237,placeable_item,1057,Food counter,food-counter,A counter that is perfect for putting out food at parties.,Furniture,[],"[""Red Pokeball in mines behind where DJ Rotem was found""]",,in-collection,,furniture_order,29,,,,,,,,[],[2244],https://pokopiadex.com/images/items/crafting_ui/food-counter.png,[],https://pokopiadex.com/items/food-counter,pokopiadex_items_in_collection,0237-food-counter.png,assets/pokopia_image_sources/item_portraits/0237-food-counter.png,https://pokopiadex.com/images/items/crafting_ui/food-counter.png,image/png,196092,62b2982d9468ce6efa7095deae9ddcaaa4e2c53717984a5a8a733d648de19a24,ok,
0238,placeable_item,826,Plain table,plain-table,This simple table can be placed just about anywhere. Try putting different things on it!,Furniture,[],[],,in-collection,,furniture_order,30,,,,,,,,"[1342,1435]",[2244],https://pokopiadex.com/images/items/crafting_ui/plain-table.png,[],https://pokopiadex.com/items/plain-table,pokopiadex_items_in_collection,0238-plain-table.png,assets/pokopia_image_sources/item_portraits/0238-plain-table.png,https://pokopiadex.com/images/items/crafting_ui/plain-table.png,image/png,117070,62a6cb44137c7ce190d0ac56e388b41eba3f573b7d4604bb4cd86b4e24c709eb,ok,
0239,placeable_item,1787,Antique table,antique-table,Its lumpy legs are cute. You can make a large table by arranging several of these together.,Furniture,[],[],,in-collection,,furniture_order,31,,,,,,,,"[1342,1435]","[2221,2244]",https://pokopiadex.com/images/items/item_ui/antique-table.png,[],https://pokopiadex.com/items/antique-table,pokopiadex_items_in_collection,0239-antique-table.png,assets/pokopia_image_sources/item_portraits/0239-antique-table.png,https://pokopiadex.com/images/items/item_ui/antique-table.png,image/png,14937,6647e490b72bf331d6ff3959513ecd50c225b4b9c330fb971d5ab45f31ccd3f8,ok,
0240,placeable_item,1065,Industrial desk,industrial-desk,A desk with a beautifully wood grain texture. This would even look great outside the house.,Furniture,[],"[""Red Pokeball in right room of Museum in Rocky Ridges""]",,in-collection,,furniture_order,32,,,,150,,,,"[1342,1435]",[2222],https://pokopiadex.com/images/items/shop_ui/industrial-desk.png,[],https://pokopiadex.com/items/industrial-desk,pokopiadex_items_in_collection,0240-industrial-desk.png,assets/pokopia_image_sources/item_portraits/0240-industrial-desk.png,https://pokopiadex.com/images/items/shop_ui/industrial-desk.png,image/png,133084,a7e5f71cea66449cfb42121c1d64ece079d418b3eabffb3ace0961f7142c3673,ok,
0241,placeable_item,844,Iron table,iron-table,Iron-crafted with a simple design. This would work well in any sleekly stylish room.,Furniture,[],[],,in-collection,,furniture_order,33,,,,100,,,,"[1342,1435]","[2213,2222]",https://pokopiadex.com/images/items/crafting_ui/iron-table.png,[],https://pokopiadex.com/items/iron-table,pokopiadex_items_in_collection,0241-iron-table.png,assets/pokopia_image_sources/item_portraits/0241-iron-table.png,https://pokopiadex.com/images/items/crafting_ui/iron-table.png,image/png,104784,3c7873ff033a489d90d6e945ddf20f447f0acc0d095f35a6c955c0cda52aa619,ok,
0242,placeable_item,1137,Office desk,office-desk,A desk often used in offices. The pull-out drawer is locked and won't open.,Furniture,[],[],,in-collection,,furniture_order,34,,,,,,,,[],[2222],https://pokopiadex.com/images/items/crafting_ui/office-desk.png,[],https://pokopiadex.com/items/office-desk,pokopiadex_items_in_collection,0242-office-desk.png,assets/pokopia_image_sources/item_portraits/0242-office-desk.png,https://pokopiadex.com/images/items/crafting_ui/office-desk.png,image/png,133479,0ad4654330b8169ef81b3ca7699fbe5af16153fefd4039fb1ef91fb17a48473b,ok,
0243,placeable_item,1788,Study desk,study-desk,Just looking at this desk feels like it will somehow make you smarter.,Furniture,[],[],,in-collection,,furniture_order,35,,,,,,,,[],[2244],https://pokopiadex.com/images/items/item_ui/study-desk.png,[],https://pokopiadex.com/items/study-desk,pokopiadex_items_in_collection,0243-study-desk.png,assets/pokopia_image_sources/item_portraits/0243-study-desk.png,https://pokopiadex.com/images/items/item_ui/study-desk.png,image/png,18533,cb7eb51cc0fd2d31f97edc48fdff6a0c47144a7feef0f83e84cd49b4040b6893,ok,
0244,placeable_item,1424,Cute table,cute-table,A table with cute lace and frills. It somehow reminds you of Fairy types.,Furniture,[],[],,in-collection,,furniture_order,36,,,,,,,,[],[2204],https://pokopiadex.com/images/items/item_ui/cute-table.png,[],https://pokopiadex.com/items/cute-table,pokopiadex_items_in_collection,0244-cute-table.png,assets/pokopia_image_sources/item_portraits/0244-cute-table.png,https://pokopiadex.com/images/items/item_ui/cute-table.png,image/png,24291,3f115ac5ed6b91dc229a7a5ff7c8b3e81f49632eb621d7c0e20e4703e4f932f0,ok,
0245,placeable_item,1028,Iron rack,iron-rack,Decorate your space by putting your favorite things on these stackable shelves!,Furniture,[],[],,in-collection,,furniture_order,37,,,,100,,,,[],[2213],https://pokopiadex.com/images/items/shop_ui/iron-rack.png,[],https://pokopiadex.com/items/iron-rack,pokopiadex_items_in_collection,0245-iron-rack.png,assets/pokopia_image_sources/item_portraits/0245-iron-rack.png,https://pokopiadex.com/images/items/shop_ui/iron-rack.png,image/png,100396,d6910b0b963bed972067413e64cb45ad3b6b862e85834b00b70bfb3eafa656d9,ok,
0246,placeable_item,831,Resort table,resort-table,"This table is made of resilient material and perfectly safe to keep outside, even in rain or a squall.",Furniture,[],"[""Red Pokeball in Bleak Beach""]",,in-collection,,furniture_order,38,,,,,,,,"[1342,1435]",[],https://pokopiadex.com/images/items/item_ui/resort-table.png,[],https://pokopiadex.com/items/resort-table,pokopiadex_items_in_collection,0246-resort-table.png,assets/pokopia_image_sources/item_portraits/0246-resort-table.png,https://pokopiadex.com/images/items/item_ui/resort-table.png,image/png,25178,afbf5147c7b7e1d5c744b067ce5635a780b9848ac5881d25d6159092924cc6a3,ok,
0247,placeable_item,1551,Chic table,chic-table,A table that would look right at home in a fancy restaurant. Perfect for a decadent dinner.,Furniture,[],[],,in-collection,,furniture_order,39,,,,100,,,,"[1342,1435]",[2221],https://pokopiadex.com/images/items/shop_ui/chic-table.png,[],https://pokopiadex.com/items/chic-table,pokopiadex_items_in_collection,0247-chic-table.png,assets/pokopia_image_sources/item_portraits/0247-chic-table.png,https://pokopiadex.com/images/items/shop_ui/chic-table.png,image/png,166445,b9b14df4bafc357d8d16979c3dd43abbe81b428f0bb446dd40fa8b9977591ab3,ok,
0248,placeable_item,839,Pop art table,pop-art-table,"A shiny, round table. It's as smooth as a Porygon2.",Furniture,[],[],,in-collection,,furniture_order,40,,,,,,,,"[1342,1435]",[2204],https://pokopiadex.com/images/items/item_ui/pop-art-table.png,[],https://pokopiadex.com/items/pop-art-table,pokopiadex_items_in_collection,0248-pop-art-table.png,assets/pokopia_image_sources/item_portraits/0248-pop-art-table.png,https://pokopiadex.com/images/items/item_ui/pop-art-table.png,image/png,20539,e3979c1d83b531b66b7fcf031547b2bc86db655fbbf5e81373bb0414ee23b400,ok,
0249,placeable_item,1503,Poké Ball table,poke-ball-table,A round table that looks like a Poké Ball. It's large enough to carry lots of stuff.,Furniture,[],[],,in-collection,,furniture_order,41,,,,,,,,"[1342,1435]",[],https://pokopiadex.com/images/items/item_ui/poke-ball-table.png,[],https://pokopiadex.com/items/poke-ball-table,pokopiadex_items_in_collection,0249-poke-ball-table.png,assets/pokopia_image_sources/item_portraits/0249-poke-ball-table.png,https://pokopiadex.com/images/items/item_ui/poke-ball-table.png,image/png,19961,522364d3fe13e71a2dadba0ce20cec88736fadde4771793e3516abfb0716216a,ok,
0250,placeable_item,1564,Berry table,berry-table,A large Aspear Berry table. It looks real enough to make you want to bite into it.,Furniture,[],[],,in-collection,,furniture_order,42,,,,,,,,[],"[2216,2219]",https://pokopiadex.com/images/items/item_ui/berry-table.png,[],https://pokopiadex.com/items/berry-table,pokopiadex_items_in_collection,0250-berry-table.png,assets/pokopia_image_sources/item_portraits/0250-berry-table.png,https://pokopiadex.com/images/items/item_ui/berry-table.png,image/png,28193,1701847924229f9c1b0a703779c9e330917ab5ea3bfd60af721d4e2e8c2a2f1f,ok,
0251,placeable_item,1350,Stone table,stone-table,A table made from stones. It's as hard as an Onix!,Furniture,[],[],,in-collection,,furniture_order,43,,,,,,,,"[1342,1435]",[2213],https://pokopiadex.com/images/items/item_ui/stone-table.png,[],https://pokopiadex.com/items/stone-table,pokopiadex_items_in_collection,0251-stone-table.png,assets/pokopia_image_sources/item_portraits/0251-stone-table.png,https://pokopiadex.com/images/items/item_ui/stone-table.png,image/png,18495,296a1a461cce081f3920c74f362b31688065d660af1ccd7aa406d41a01f5719e,ok,
0252,placeable_item,1398,Luxury table,luxury-table,An extravagant marble table. Setting one down brings elegance to any room.,Furniture,[],[],,in-collection,,furniture_order,44,,,,,,,,"[1342,1435]",[2221],https://pokopiadex.com/images/items/item_ui/luxury-table.png,[],https://pokopiadex.com/items/luxury-table,pokopiadex_items_in_collection,0252-luxury-table.png,assets/pokopia_image_sources/item_portraits/0252-luxury-table.png,https://pokopiadex.com/images/items/item_ui/luxury-table.png,image/png,23342,fd994373a13a2bff3b7f64a9a7e7217c44cede9150408aa92741a8d65c89ba20,ok,
0253,placeable_item,1138,Office table,office-table,"You can see through the glass surface. If you drop anything underneath it, you'll notice right away!",Furniture,[],[],,in-collection,,furniture_order,45,,,,,,,,"[1342,1435]",[],https://pokopiadex.com/images/items/crafting_ui/office-table.png,[],https://pokopiadex.com/items/office-table,pokopiadex_items_in_collection,0253-office-table.png,assets/pokopia_image_sources/item_portraits/0253-office-table.png,https://pokopiadex.com/images/items/crafting_ui/office-table.png,image/png,106920,b0d5d8fb2d2ef80d4c0e3a0589ee5ec487f25635572c38db614e7d16940c88f5,ok,
0254,placeable_item,901,Avalugg Table,avalugg-table,A solid table with cracks in it. It looks just like a resting Avalugg.,Furniture,[],"[""Appraise Large lost relic""]",,in-collection,Lost Relics (L),lost_relics_l_order,3,,,,,,,,"[1342,1435]",[],https://pokopiadex.com/images/items/item_ui/avalugg-table.png,[],https://pokopiadex.com/items/avalugg-table,pokopiadex_items_in_collection,0254-avalugg-table.png,assets/pokopia_image_sources/item_portraits/0254-avalugg-table.png,https://pokopiadex.com/images/items/item_ui/avalugg-table.png,image/png,117273,d1729629d398e7120353927724f4cede0f790b67bece67c9f5026532596a7191,ok,
0255,placeable_item,46,Straw stool,straw-stool,This is the perfect size for small Pokémon to take a seat!,Furniture,"[""Relaxation""]",[],,in-collection,,furniture_order,47,,,,,,,,[],[2233],https://pokopiadex.com/images/items/crafting_ui/straw-stool.png,[],https://pokopiadex.com/items/straw-stool,pokopiadex_items_in_collection,0255-straw-stool.png,assets/pokopia_image_sources/item_portraits/0255-straw-stool.png,https://pokopiadex.com/images/items/crafting_ui/straw-stool.png,image/png,157255,abead34891f44fa9f573507f3ce93b09d1ce8823943dbbacfb4e182a158f0273,ok,
0256,placeable_item,669,Berry chair,berry-chair,"When placed on the ground, it looks just like a buried Leppa Berry. The stem and leaves are a backrest.",Furniture,"[""Relaxation""]","[""Trade at PC""]",,in-collection,,furniture_order,48,,1000,,,,,,[],"[2204,2216,2219,2233]",https://pokopiadex.com/images/items/item_ui/berry-chair.png,[],https://pokopiadex.com/items/berry-chair,pokopiadex_items_in_collection,0256-berry-chair.png,assets/pokopia_image_sources/item_portraits/0256-berry-chair.png,https://pokopiadex.com/images/items/item_ui/berry-chair.png,image/png,24220,0ae6459b6ae8ea39bfb85872e297ce437a4402bfc541ae79610f423e573dc5c6,ok,
0257,placeable_item,1549,Simple cushion,simple-cushion,A simple practical cushion. It's filled with cotton and provides a soft seat.,Furniture,"[""Relaxation""]",[],,in-collection,,furniture_order,49,,,,,,,,[],"[2208,2233]",https://pokopiadex.com/images/items/item_ui/simple-cushion.png,[],https://pokopiadex.com/items/simple-cushion,pokopiadex_items_in_collection,0257-simple-cushion.png,assets/pokopia_image_sources/item_portraits/0257-simple-cushion.png,https://pokopiadex.com/images/items/item_ui/simple-cushion.png,image/png,17178,2080f4cae55f39c767a3b9d5592ce53d5938737241a46c7f7934c0f63524e8eb,ok,
0258,placeable_item,66,Log chair,log-chair,You can sit on this log to take a quick breather. Other Pokémon might stop by to take a small break too.,Furniture,"[""Relaxation""]",[],,in-collection,,furniture_order,50,,,,,,,,[],"[2219,2244]",https://pokopiadex.com/images/items/crafting_ui/log-chair.png,[],https://pokopiadex.com/items/log-chair,pokopiadex_items_in_collection,0258-log-chair.png,assets/pokopia_image_sources/item_portraits/0258-log-chair.png,https://pokopiadex.com/images/items/crafting_ui/log-chair.png,image/png,93139,315743849a7a0739efa83521944d15a845f0bf46d3e60e8d3185001743a061e2,ok,
0259,placeable_item,65,Plain stool,plain-stool,A stool with a simple design. Small Pokémon can use this as a seat.,Furniture,"[""Relaxation""]",[],,in-collection,,furniture_order,51,,,,,,,,[],"[2208,2233]",https://pokopiadex.com/images/items/item_ui/plain-stool.png,[],https://pokopiadex.com/items/plain-stool,pokopiadex_items_in_collection,0259-plain-stool.png,assets/pokopia_image_sources/item_portraits/0259-plain-stool.png,https://pokopiadex.com/images/items/item_ui/plain-stool.png,image/png,14986,b7671ced51bee84957bb7e008bbc23673831fd3e96d53a0759c49b9e3e425192,ok,
0260,placeable_item,1789,Resort stool,resort-stool,"While this stool looks stiff, the cotton padding inside makes it surprisingly soft.",Furniture,"[""Relaxation""]",[],,in-collection,,furniture_order,52,,,,,,,,[],"[2208,2225,2233]",https://pokopiadex.com/images/items/item_ui/resort-stool.png,[],https://pokopiadex.com/items/resort-stool,pokopiadex_items_in_collection,0260-resort-stool.png,assets/pokopia_image_sources/item_portraits/0260-resort-stool.png,https://pokopiadex.com/images/items/item_ui/resort-stool.png,image/png,17596,a6b674d74375fb8792f79e7f94b60153e3a38f578bc8e2263a51b076e16cd409,ok,
0261,placeable_item,1169,Stylish stool,stylish-stool,"A small, round stool with a stylish three-color cushion.",Furniture,"[""Relaxation""]",[],,in-collection,,furniture_order,53,,,,,,,,[],"[2200,2204,2208,2233]",https://pokopiadex.com/images/items/crafting_ui/stylish-stool.png,[],https://pokopiadex.com/items/stylish-stool,pokopiadex_items_in_collection,0261-stylish-stool.png,assets/pokopia_image_sources/item_portraits/0261-stylish-stool.png,https://pokopiadex.com/images/items/crafting_ui/stylish-stool.png,image/png,111325,bc1d99429f6cebfdaa9b73496c1279985ac3474002799057cc8f7b41bbc37e36,ok,
0262,placeable_item,847,Industrial chair,industrial-chair,"A perfectly round chair that can easily fit anywhere. Surprisingly sturdy, thanks to its iron legs.",Furniture,"[""Relaxation""]","[""Red Pokeball under volcanic ash near Pokemon Center in Rocky Ridges""]",,in-collection,,furniture_order,54,,,,,,,,[],[2222],https://pokopiadex.com/images/items/item_ui/industrial-chair.png,[],https://pokopiadex.com/items/industrial-chair,pokopiadex_items_in_collection,0262-industrial-chair.png,assets/pokopia_image_sources/item_portraits/0262-industrial-chair.png,https://pokopiadex.com/images/items/item_ui/industrial-chair.png,image/png,13318,11192743df6ae4deebfba790d606ff9993f66e0e6962b86f04bfea7d61d54e5b,ok,
0263,placeable_item,1790,Waterproof seat,waterproof-seat,A smooth waterproof chair. Place it near a bathtub or shower.,Furniture,"[""Relaxation""]",[],,in-collection,,furniture_order,55,,,,,,,,[],[2199],https://pokopiadex.com/images/items/item_ui/waterproof-seat.png,[],https://pokopiadex.com/items/waterproof-seat,pokopiadex_items_in_collection,0263-waterproof-seat.png,assets/pokopia_image_sources/item_portraits/0263-waterproof-seat.png,https://pokopiadex.com/images/items/item_ui/waterproof-seat.png,image/png,16313,69abaa3e101da464050f1336dfbcc326b6058a4ec37b117440d56b1c6cad7574,ok,
0264,placeable_item,67,Wooden stool,wooden-stool,"It's a little chipped but surprisingly sturdy. Even if a Pokémon sits on it, it won't break. Probably.",Furniture,"[""Relaxation""]",[],,in-collection,,furniture_order,56,,,,,,,,[],[2198],https://pokopiadex.com/images/items/crafting_ui/wooden-stool.png,[],https://pokopiadex.com/items/wooden-stool,pokopiadex_items_in_collection,0264-wooden-stool.png,assets/pokopia_image_sources/item_portraits/0264-wooden-stool.png,https://pokopiadex.com/images/items/crafting_ui/wooden-stool.png,image/png,100656,d124f21899e4c918091889748a3ca17476b24aa12951bf2b02298a0ab41ef495,ok,
0265,placeable_item,842,Iron chair,iron-chair,"Though small, this seat is very sturdy. It doesn't look like it would break easily.",Furniture,"[""Relaxation""]",[],,in-collection,,furniture_order,57,,,,,,,,[],"[2198,2222]",https://pokopiadex.com/images/items/crafting_ui/iron-chair.png,[],https://pokopiadex.com/items/iron-chair,pokopiadex_items_in_collection,0265-iron-chair.png,assets/pokopia_image_sources/item_portraits/0265-iron-chair.png,https://pokopiadex.com/images/items/crafting_ui/iron-chair.png,image/png,93681,23a9f86fd481e90976aed329abc78371ccaf4e2f2c8efd9e07c474170ec946e4,ok,
0266,placeable_item,1791,Public seat,public-seat,A simple chair without a backrest. Try arranging a bunch of 'em together.,Furniture,"[""Relaxation""]",[],,in-collection,,furniture_order,58,,,,,,,,[],"[2198,2222]",https://pokopiadex.com/images/items/item_ui/public-seat.png,[],https://pokopiadex.com/items/public-seat,pokopiadex_items_in_collection,0266-public-seat.png,assets/pokopia_image_sources/item_portraits/0266-public-seat.png,https://pokopiadex.com/images/items/item_ui/public-seat.png,image/png,13328,6dee968d63142188516daf033f2900cd0a632048ce474785fe54b9a8ef2ba592,ok,
0267,placeable_item,1792,Soft seat,soft-seat,"A cushioned seat that's soft and fluffy-perfect for waiting rooms, relaxation spaces, and the like!",Furniture,"[""Relaxation""]",[],,in-collection,,furniture_order,59,,,,,,,,[],"[2198,2208,2233]",https://pokopiadex.com/images/items/item_ui/soft-seat.png,[],https://pokopiadex.com/items/soft-seat,pokopiadex_items_in_collection,0267-soft-seat.png,assets/pokopia_image_sources/item_portraits/0267-soft-seat.png,https://pokopiadex.com/images/items/item_ui/soft-seat.png,image/png,22971,1f2918445229d6170e95d6e2c5fb133b16a2c7052ebe7783459258354799f025,ok,
0268,placeable_item,1793,Box sofa,box-sofa,A small square sofa. Line up several of them to make a wide chic sofa.,Furniture,"[""Relaxation""]",[],,in-collection,,furniture_order,60,,,,,,,,[1339],"[2198,2208,2233]",https://pokopiadex.com/images/items/item_ui/box-sofa.png,[],https://pokopiadex.com/items/box-sofa,pokopiadex_items_in_collection,0268-box-sofa.png,assets/pokopia_image_sources/item_portraits/0268-box-sofa.png,https://pokopiadex.com/images/items/item_ui/box-sofa.png,image/png,20478,9ccfd8f61fbdcbcd1361f018cb818b9b2a1752513048b2cfd2d957b6e9791455,ok,
0269,placeable_item,68,Plain chair,plain-chair,This chair is just the right height for eating meals in the dining room.,Furniture,"[""Relaxation""]",[],,in-collection,,furniture_order,61,,,,,,,,[],"[2208,2233,2244]",https://pokopiadex.com/images/items/crafting_ui/plain-chair.png,[],https://pokopiadex.com/items/plain-chair,pokopiadex_items_in_collection,0269-plain-chair.png,assets/pokopia_image_sources/item_portraits/0269-plain-chair.png,https://pokopiadex.com/images/items/crafting_ui/plain-chair.png,image/png,111509,7dbdd668044e2d50de40535ea50edc5e0ed9d8bd02a97763819f8fc7a7c59b68,ok,
0270,placeable_item,1794,Resort chair,resort-chair,A chair perfect for relaxing. Kick back on this to taste a bit of the resort life.,Furniture,"[""Relaxation""]",[],,in-collection,,furniture_order,62,,,,,,,,[],"[2208,2225,2233]",https://pokopiadex.com/images/items/item_ui/resort-chair.png,[],https://pokopiadex.com/items/resort-chair,pokopiadex_items_in_collection,0270-resort-chair.png,assets/pokopia_image_sources/item_portraits/0270-resort-chair.png,https://pokopiadex.com/images/items/item_ui/resort-chair.png,image/png,29376,7577f345a093c20e073f79b4610e4e1889592add9fffe298c06857cbf1a41ac9,ok,
0271,placeable_item,1119,Chic chair,chic-chair,A luxurious lounge chair. Sitting on its soft cushions is absolutely beyond compare!,Furniture,"[""Relaxation""]",[],,in-collection,,furniture_order,63,,,,,,,,[],"[2208,2221,2233]",https://pokopiadex.com/images/items/crafting_ui/chic-chair.png,[],https://pokopiadex.com/items/chic-chair,pokopiadex_items_in_collection,0271-chic-chair.png,assets/pokopia_image_sources/item_portraits/0271-chic-chair.png,https://pokopiadex.com/images/items/crafting_ui/chic-chair.png,image/png,124979,eb01858ca5a328efba5e427fa7f27cd750f3bd59f694f37ff8cd495474b4549c,ok,
0272,placeable_item,1795,Fancy chair,fancy-chair,A high-class chair with a real dignified feel to it. Just sitting here will make you feel important.,Furniture,"[""Relaxation""]",[],,in-collection,,furniture_order,64,,,,,,,,[],"[2208,2221,2233,2236]",https://pokopiadex.com/images/items/item_ui/fancy-chair.png,[],https://pokopiadex.com/items/fancy-chair,pokopiadex_items_in_collection,0272-fancy-chair.png,assets/pokopia_image_sources/item_portraits/0272-fancy-chair.png,https://pokopiadex.com/images/items/item_ui/fancy-chair.png,image/png,32771,89d78b0c373ebd79edf6c001f89deb11f62682bf807f67f135597bc964d93186,ok,
0273,placeable_item,381,Antique chair,antique-chair,A chair with a charming retro design. Its cushions are soft and fluffy.,Furniture,"[""Relaxation""]","[""Trade honey to Gather Honey specialty Pokemon""]",,in-collection,,furniture_order,65,,,,,,,,[],"[2200,2208,2221,2233]",https://pokopiadex.com/images/items/item_ui/antique-chair.png,[],https://pokopiadex.com/items/antique-chair,pokopiadex_items_in_collection,0273-antique-chair.png,assets/pokopia_image_sources/item_portraits/0273-antique-chair.png,https://pokopiadex.com/images/items/item_ui/antique-chair.png,image/png,27009,117948a0b65273226e9e5e6a5c81281913e856cf6dd9f0737397ceb594bdbafc,ok,
0274,placeable_item,1796,Spectator chair,spectator-chair,Audience seats like those are found at concert halls or stadiums. Try arranging a bunch of 'em in a row!,Furniture,"[""Relaxation""]",[],,in-collection,,furniture_order,66,,,,,,,,[],[2222],https://pokopiadex.com/images/items/item_ui/spectator-chair.png,[],https://pokopiadex.com/items/spectator-chair,pokopiadex_items_in_collection,0274-spectator-chair.png,assets/pokopia_image_sources/item_portraits/0274-spectator-chair.png,https://pokopiadex.com/images/items/item_ui/spectator-chair.png,image/png,29609,ba5ad519bfcd2a71cc8537f381fcc1c9cf764d7f958a02a79dc94b955feba9d0,ok,
0275,placeable_item,1797,Luxury chair,luxury-chair,A classy-looking seat with a gemstone embedded in it. Just sitting on it makes you feel rich.,Furniture,"[""Relaxation""]",[],,in-collection,,furniture_order,67,,,,,,,,[],"[2221,2222,2237]",https://pokopiadex.com/images/items/item_ui/luxury-chair.png,[],https://pokopiadex.com/items/luxury-chair,pokopiadex_items_in_collection,0275-luxury-chair.png,assets/pokopia_image_sources/item_portraits/0275-luxury-chair.png,https://pokopiadex.com/images/items/item_ui/luxury-chair.png,image/png,27842,30cea6e7265460a9c19fb14b94c348d1d708e58f92aaae7fe2fdb4f2eb062b69,ok,
0276,placeable_item,429,Garden chair,garden-chair,A chair that would be perfect in a nice garden. Take a seat and enjoy an elegant afternoon.,Furniture,"[""Relaxation""]",[],,in-collection,,furniture_order,68,,,,,,,,[],"[2219,2222]",https://pokopiadex.com/images/items/item_ui/garden-chair.png,[],https://pokopiadex.com/items/garden-chair,pokopiadex_items_in_collection,0276-garden-chair.png,assets/pokopia_image_sources/item_portraits/0276-garden-chair.png,https://pokopiadex.com/images/items/item_ui/garden-chair.png,image/png,27636,f86f1237e1e2486ef82559bb1fa61e5cc07e8f8d2dae2b367f9fa81d59495a49,ok,
0277,placeable_item,1470,Folding chair,folding-chair,A foldable chair that's simple and easy to carry. Set these up at event venues or similar spaces!,Furniture,"[""Relaxation""]",[],,in-collection,,furniture_order,69,,,,,,,,[],"[2222,2243]",https://pokopiadex.com/images/items/shop_ui/folding-chair.png,[],https://pokopiadex.com/items/folding-chair,pokopiadex_items_in_collection,0277-folding-chair.png,assets/pokopia_image_sources/item_portraits/0277-folding-chair.png,https://pokopiadex.com/images/items/shop_ui/folding-chair.png,image/png,142494,d14ffd3ce0ffd7ac33ea3ce5bb9016649f3ab5016e87092cb2c2480b9bbf9df9,ok,
0278,placeable_item,1136,Office chair,office-chair,"With a gentle curve to support the body, this chair was designed to help you sit longer without tiring.",Furniture,"[""Relaxation""]",[],,in-collection,,furniture_order,70,,,,,,,,[],"[2208,2222,2233,2236]",https://pokopiadex.com/images/items/crafting_ui/office-chair.png,[],https://pokopiadex.com/items/office-chair,pokopiadex_items_in_collection,0278-office-chair.png,assets/pokopia_image_sources/item_portraits/0278-office-chair.png,https://pokopiadex.com/images/items/crafting_ui/office-chair.png,image/png,128408,3f2a6bbad811d5e0fb8da211c426465fdd70501ee7c5ccdf7bdb29ec546f6d2f,ok,
0279,placeable_item,1798,Cute chair,cute-chair,The ruffle skirt is exceptionally cute and lovely.,Furniture,"[""Relaxation""]",[],,in-collection,,furniture_order,71,,,,,,,,[],"[2204,2208,2233]",https://pokopiadex.com/images/items/item_ui/cute-chair.png,[],https://pokopiadex.com/items/cute-chair,pokopiadex_items_in_collection,0279-cute-chair.png,assets/pokopia_image_sources/item_portraits/0279-cute-chair.png,https://pokopiadex.com/images/items/item_ui/cute-chair.png,image/png,25511,b2738b685f465d46a4b044dc523af1785e44d9a748cbc34aac174b990a8a478a,ok,
0280,placeable_item,1799,Pop art chair,pop-art-chair,A chair with a soft design and rounded corners. The colors of the backrest and cushion can be changed.,Furniture,"[""Relaxation""]",[],,in-collection,,furniture_order,72,,,,,,,,[],"[2200,2204,2208,2233]",https://pokopiadex.com/images/items/item_ui/pop-art-chair.png,[],https://pokopiadex.com/items/pop-art-chair,pokopiadex_items_in_collection,0280-pop-art-chair.png,assets/pokopia_image_sources/item_portraits/0280-pop-art-chair.png,https://pokopiadex.com/images/items/item_ui/pop-art-chair.png,image/png,22346,c17ea996ed8a4d157e15b66229b2c81c5fbeaa95de51d2a6bf1f4f24a74601f0,ok,
0281,placeable_item,1455,Gaming Chair,gaming-chair,"With its large backrest and cushions, you could sit comfortable in this chair for a long time.",Furniture,"[""Relaxation""]",[],,in-collection,,furniture_order,73,,,,,,,,[],"[2200,2206,2208,2221,2231,2233,2236]",https://pokopiadex.com/images/items/item_ui/gaming-chair.png,[],https://pokopiadex.com/items/gaming-chair,pokopiadex_items_in_collection,0281-gaming-chair.png,assets/pokopia_image_sources/item_portraits/0281-gaming-chair.png,https://pokopiadex.com/images/items/item_ui/gaming-chair.png,image/png,30025,0bc50ae4ccce3b713fe8d02db5d204c2f6706bfef1234572433edd79b70b7293,ok,
0282,placeable_item,47,Wooden bench,wooden-bench,A long bench that's perfect for taking a break. Pokémon might sit next to each other here.,Furniture,"[""Relaxation""]",[],,in-collection,,furniture_order,74,,,,,,,,[1339],[2212],https://pokopiadex.com/images/items/crafting_ui/wooden-bench.png,[],https://pokopiadex.com/items/wooden-bench,pokopiadex_items_in_collection,0282-wooden-bench.png,assets/pokopia_image_sources/item_portraits/0282-wooden-bench.png,https://pokopiadex.com/images/items/crafting_ui/wooden-bench.png,image/png,147975,a9d90ad462b41194d0a2c2d3d0a37c802a8c6e5bc0301004da986d31ad78d593,ok,
0283,placeable_item,712,Stone bench,stone-bench,"A wide, rock-solid seat. This would make a great park bench.",Furniture,"[""Relaxation""]",[],,in-collection,,furniture_order,75,,,,100,,,,[1339],"[2212,2213,2238]",https://pokopiadex.com/images/items/shop_ui/stone-bench.png,[],https://pokopiadex.com/items/stone-bench,pokopiadex_items_in_collection,0283-stone-bench.png,assets/pokopia_image_sources/item_portraits/0283-stone-bench.png,https://pokopiadex.com/images/items/shop_ui/stone-bench.png,image/png,191928,2fba5b09ddefd3d71f5cf928a8132acf0edd1f130920cb9b46fe8282fc1852f3,ok,
0284,placeable_item,240,Plain sofa,plain-sofa,"If you see small Pokémon on this sofa, try sitting down next to them!",Furniture,"[""Relaxation""]",[],,in-collection,,furniture_order,76,,,,,,,,[1339],"[2208,2212,2233]",https://pokopiadex.com/images/items/crafting_ui/plain-sofa.png,[],https://pokopiadex.com/items/plain-sofa,pokopiadex_items_in_collection,0284-plain-sofa.png,assets/pokopia_image_sources/item_portraits/0284-plain-sofa.png,https://pokopiadex.com/images/items/crafting_ui/plain-sofa.png,image/png,131298,867779e8a7af614143ed0cc8583d3acc575dbf3bce283f1c1d9e481bd72addf6,ok,
0285,placeable_item,830,Resort sofa,resort-sofa,Sitting on this makes you feel like you're in the tropics! Feel free to just laze the day away…,Furniture,"[""Relaxation""]",[],,in-collection,,furniture_order,77,,,,150,,,,[1339],"[2208,2212,2225,2233]",https://pokopiadex.com/images/items/shop_ui/resort-sofa.png,[],https://pokopiadex.com/items/resort-sofa,pokopiadex_items_in_collection,0285-resort-sofa.png,assets/pokopia_image_sources/item_portraits/0285-resort-sofa.png,https://pokopiadex.com/images/items/shop_ui/resort-sofa.png,image/png,329056,cf0051d2e796545881ee68bd832963a77054d478552983b44ec4c8ce135c0cad,ok,
0286,placeable_item,825,Chic sofa,chic-sofa,A luxurious high-class sofa. It looks exactly like the ones on the S.S. Anne.,Furniture,"[""Relaxation""]",[],,in-collection,,furniture_order,78,,,,,,,,[1339],"[2208,2212,2221,2233]",https://pokopiadex.com/images/items/item_ui/chic-sofa.png,[],https://pokopiadex.com/items/chic-sofa,pokopiadex_items_in_collection,0286-chic-sofa.png,assets/pokopia_image_sources/item_portraits/0286-chic-sofa.png,https://pokopiadex.com/images/items/item_ui/chic-sofa.png,image/png,34566,e613f584bcc13e2726b57eb641f92678faec8b4c88599c06e1ba56f0b6bb463c,ok,
0287,placeable_item,1800,Antique sofa,antique-sofa,A retro sofa with Poké Ball designs here and there.,Furniture,"[""Relaxation""]",[],,in-collection,,furniture_order,79,,,,,,,,[1339],"[2200,2208,2212,2221,2233]",https://pokopiadex.com/images/items/item_ui/antique-sofa.png,[],https://pokopiadex.com/items/antique-sofa,pokopiadex_items_in_collection,0287-antique-sofa.png,assets/pokopia_image_sources/item_portraits/0287-antique-sofa.png,https://pokopiadex.com/images/items/item_ui/antique-sofa.png,image/png,30593,47074dbe948fa3fb1e60e433a78313da4e611af0c23520acb0f0a29af8decb88,ok,
0288,placeable_item,1129,Iron bench,iron-bench,"A seat made of solid, hardened iron. It's sturdy enough to support even the heaviest Pokémon.",Furniture,"[""Relaxation""]",[],,in-collection,,furniture_order,80,,,,,,,,[],"[2212,2222]",https://pokopiadex.com/images/items/crafting_ui/iron-bench.png,[],https://pokopiadex.com/items/iron-bench,pokopiadex_items_in_collection,0288-iron-bench.png,assets/pokopia_image_sources/item_portraits/0288-iron-bench.png,https://pokopiadex.com/images/items/crafting_ui/iron-bench.png,image/png,118949,a7618b5207d12c5d81f1029870860a68631edd5e6bea9f60bf3dbe5c1b43b747,ok,
0289,placeable_item,1801,Industrial bench,industrial-bench,A simple bench made of wood and iron. The kind you'd expect to find at parks and walking paths.,Furniture,"[""Relaxation""]",[],,in-collection,,furniture_order,81,,,,,,,,[1339],"[2212,2222]",https://pokopiadex.com/images/items/item_ui/industrial-bench.png,[],https://pokopiadex.com/items/industrial-bench,pokopiadex_items_in_collection,0289-industrial-bench.png,assets/pokopia_image_sources/item_portraits/0289-industrial-bench.png,https://pokopiadex.com/images/items/item_ui/industrial-bench.png,image/png,20889,d5252f31f3c9e68f0ba3374188ddcd9d89e8d0b6659bfc82292da6afb91e8b38,ok,
0290,placeable_item,1397,Luxury sofa,luxury-sofa,This sofa is sooo fluffy. It's like sitting on a cloud.,Furniture,"[""Relaxation""]",[],,in-collection,,furniture_order,82,,,,,,,,[],"[2208,2212,2221,2233]",https://pokopiadex.com/images/items/item_ui/luxury-sofa.png,[],https://pokopiadex.com/items/luxury-sofa,pokopiadex_items_in_collection,0290-luxury-sofa.png,assets/pokopia_image_sources/item_portraits/0290-luxury-sofa.png,https://pokopiadex.com/images/items/item_ui/luxury-sofa.png,image/png,31512,4431c05c7fe5adbf6dbc6be1b117acb3388899c7a4ee369a0fdbdce326460c1c,ok,
0291,placeable_item,289,Garden bench,garden-bench,A stylish bench with a vine pattern. Put one down to instantly add some flair to an area.,Furniture,"[""Relaxation""]",[],,in-collection,,furniture_order,83,,,,50,,,,[1339],"[2212,2219,2222]",https://pokopiadex.com/images/items/shop_ui/garden-bench.png,[],https://pokopiadex.com/items/garden-bench,pokopiadex_items_in_collection,0291-garden-bench.png,assets/pokopia_image_sources/item_portraits/0291-garden-bench.png,https://pokopiadex.com/images/items/shop_ui/garden-bench.png,image/png,327888,62a8967b54f063e4b911dccaac01426090efa073d99889359927583f574452f5,ok,
0292,placeable_item,1423,Cute sofa,cute-sofa,"A cute, slightly elegant sofa. The backrest is shaped like a Pokémon's wings.",Furniture,"[""Relaxation""]",[],,in-collection,,furniture_order,84,,,,,,,,[],"[2204,2208,2212,2233]",https://pokopiadex.com/images/items/item_ui/cute-sofa.png,[],https://pokopiadex.com/items/cute-sofa,pokopiadex_items_in_collection,0292-cute-sofa.png,assets/pokopia_image_sources/item_portraits/0292-cute-sofa.png,https://pokopiadex.com/images/items/item_ui/cute-sofa.png,image/png,25393,48dc42eb75c6d5708ebf3119c1028e04071e3056650f5a341c9003341d9e5ae2,ok,
0293,placeable_item,838,Pop art sofa,pop-art-sofa,"A soft-looking sofa with cute, rounded edges.",Furniture,"[""Relaxation""]",[],,in-collection,,furniture_order,85,,,,,,,,[],"[2200,2204,2208,2212,2233]",https://pokopiadex.com/images/items/item_ui/pop-art-sofa.png,[],https://pokopiadex.com/items/pop-art-sofa,pokopiadex_items_in_collection,0293-pop-art-sofa.png,assets/pokopia_image_sources/item_portraits/0293-pop-art-sofa.png,https://pokopiadex.com/images/items/item_ui/pop-art-sofa.png,image/png,31858,305a9efa85728da6311f83d171a9bd145bac4589af279e6caaee9a4dc66eff88,ok,
0294,placeable_item,1501,Poké Ball Sofa,poke-ball-sofa,Experience sitting in an open Poké Ball! Seats two comfortably.,Furniture,"[""Relaxation""]",[],,in-collection,,furniture_order,86,,,,,,,,[],"[2212,2222]",https://pokopiadex.com/images/items/item_ui/poke-ball-sofa.png,[],https://pokopiadex.com/items/poke-ball-sofa,pokopiadex_items_in_collection,0294-poke-ball-sofa.png,assets/pokopia_image_sources/item_portraits/0294-poke-ball-sofa.png,https://pokopiadex.com/images/items/item_ui/poke-ball-sofa.png,image/png,25598,ecd8ba34a4aab432d120c7fd8881f6196719c2762773154853d3d09be7f6b80a,ok,
0295,placeable_item,902,Pikachu sofa,pikachu-sofa,"Pikachu's face is front and center. On the back, you can find a little tail sticking out.",Furniture,"[""Relaxation""]","[""Appraise Large lost relic""]",,in-collection,Lost Relics (L),lost_relics_l_order,4,,,,,,,,[],"[2200,2204,2208,2212,2233]",https://pokopiadex.com/images/items/item_ui/pikachu-sofa.png,[],https://pokopiadex.com/items/pikachu-sofa,pokopiadex_items_in_collection,0295-pikachu-sofa.png,assets/pokopia_image_sources/item_portraits/0295-pikachu-sofa.png,https://pokopiadex.com/images/items/item_ui/pikachu-sofa.png,image/png,132115,34dae905c1947f4ac27f2c30278d37ed9b2ff47038406712e19484b71491229e,ok,
0296,placeable_item,290,Log bed,log-bed,A bed made from small logs. You'll sleep soundly enveloped by a woodsy aroma.,Furniture,"[""Relaxation""]",[],,in-collection,,furniture_order,88,,,,100,,,,[1323],"[2198,2200,2208,2219,2233,2244]",https://pokopiadex.com/images/items/shop_ui/log-bed.png,[],https://pokopiadex.com/items/log-bed,pokopiadex_items_in_collection,0296-log-bed.png,assets/pokopia_image_sources/item_portraits/0296-log-bed.png,https://pokopiadex.com/images/items/shop_ui/log-bed.png,image/png,334210,4491df70151adb99cd1da746a727c5ac050f1946cd2ee356ecb770874c4d62e7,ok,
0297,placeable_item,853,Mini plain bed,mini-plain-bed,"A small, plain bed. Great for solo sleepers!",Furniture,"[""Relaxation""]",[],,in-collection,,furniture_order,89,,,,,,,,[1323],"[2198,2208,2233]",https://pokopiadex.com/images/items/crafting_ui/mini-plain-bed.png,[],https://pokopiadex.com/items/mini-plain-bed,pokopiadex_items_in_collection,0297-mini-plain-bed.png,assets/pokopia_image_sources/item_portraits/0297-mini-plain-bed.png,https://pokopiadex.com/images/items/crafting_ui/mini-plain-bed.png,image/png,103413,5a047f2a09cd950af8e0712d2ac86bdeed1bd142fd7bcb1ac94080cb1b39ef93,ok,
0298,placeable_item,1802,Resort bed,resort-bed,A refreshingly cool bed made of woven vines. Lying down on this makes you feel like you're at a resort.,Furniture,"[""Relaxation""]",[],,in-collection,,furniture_order,90,,,,,,,,[],"[2208,2225,2233]",https://pokopiadex.com/images/items/item_ui/resort-bed.png,[],https://pokopiadex.com/items/resort-bed,pokopiadex_items_in_collection,0298-resort-bed.png,assets/pokopia_image_sources/item_portraits/0298-resort-bed.png,https://pokopiadex.com/images/items/item_ui/resort-bed.png,image/png,30548,454424366f3efa21dc814fe3b25965a9081ae8b559d5dfa880c63edea4ad141c,ok,
0299,placeable_item,866,Iron bed,iron-bed,A slightly narrow bed. It's sturdy enough for a good night's sleep!,Furniture,"[""Relaxation""]",[],,in-collection,,furniture_order,91,,,,,,,,[1323],"[2208,2222,2233]",https://pokopiadex.com/images/items/crafting_ui/iron-bed.png,[],https://pokopiadex.com/items/iron-bed,pokopiadex_items_in_collection,0299-iron-bed.png,assets/pokopia_image_sources/item_portraits/0299-iron-bed.png,https://pokopiadex.com/images/items/crafting_ui/iron-bed.png,image/png,107830,98d23d2ea5b0344320dc22b2f1bc916dcac9673c43d35525aaf5780dbdccfbaf,ok,
0300,placeable_item,217,Deck chair,deck-chair,Lean this chair back and relax for a bit. It looks great for sunbathing.,Furniture,"[""Relaxation""]","[""Beach""]",,in-collection,,furniture_order,92,,,,,,,,[],[2225],https://pokopiadex.com/images/items/item_ui/deck-chair.png,[],https://pokopiadex.com/items/deck-chair,pokopiadex_items_in_collection,0300-deck-chair.png,assets/pokopia_image_sources/item_portraits/0300-deck-chair.png,https://pokopiadex.com/images/items/item_ui/deck-chair.png,image/png,26241,c104ac087e35e2f9f524f6302a14eac60c258f948c678014f9e875c250a0832d,ok,
0301,placeable_item,218,Beach chair,beach-chair,Lean back and relax in this chair. It pairs perfectly with a beach parasol.,Furniture,"[""Relaxation""]",[],,in-collection,,furniture_order,93,,,,100,,,,[],"[2208,2225,2233]",https://pokopiadex.com/images/items/crafting_ui/beach-chair.png,[],https://pokopiadex.com/items/beach-chair,pokopiadex_items_in_collection,0301-beach-chair.png,assets/pokopia_image_sources/item_portraits/0301-beach-chair.png,https://pokopiadex.com/images/items/crafting_ui/beach-chair.png,image/png,137627,df9a1420cc93c46b87993171583815fcafa3ec1a57ea9a44c79b6dff21e1a883,ok,
0302,placeable_item,73,Straw bed,straw-bed,"It's a little itchy, but that doesn't bother Pokémon. They'll snooze away just fine on this.",Furniture,"[""Relaxation""]",[],,in-collection,,furniture_order,94,,,,,,,,[1323],"[2233,2219]",https://pokopiadex.com/images/items/crafting_ui/straw-bed.png,[],https://pokopiadex.com/items/straw-bed,pokopiadex_items_in_collection,0302-straw-bed.png,assets/pokopia_image_sources/item_portraits/0302-straw-bed.png,https://pokopiadex.com/images/items/crafting_ui/straw-bed.png,image/png,175810,33a5acbc18ecc8c9661f655aadb57e054d467329ddaf6349959db7af85ca4b8e,ok,
0303,placeable_item,837,Pop art bed,pop-art-bed,"Lying on this bed feels like being inside of a pod. It's soft, fluffy, and easy to sleep on.",Furniture,"[""Relaxation""]",[],,in-collection,,furniture_order,95,,,,,,,,[1323],"[2204,2208,2212,2233]",https://pokopiadex.com/images/items/item_ui/pop-art-bed.png,[],https://pokopiadex.com/items/pop-art-bed,pokopiadex_items_in_collection,0303-pop-art-bed.png,assets/pokopia_image_sources/item_portraits/0303-pop-art-bed.png,https://pokopiadex.com/images/items/item_ui/pop-art-bed.png,image/png,33739,ef79684d257367dcdf193c1d6200888bf693c669b672aba3861089416d4554bd,ok,
0304,placeable_item,1502,Poké Ball Bed,poke-ball-bed,A big bed. Even large Pokémon could sprawl out on it.,Furniture,"[""Relaxation""]",[],,in-collection,,furniture_order,96,,,,,,,,[1323],"[2208,2233]",https://pokopiadex.com/images/items/item_ui/poke-ball-bed.png,[],https://pokopiadex.com/items/poke-ball-bed,pokopiadex_items_in_collection,0304-poke-ball-bed.png,assets/pokopia_image_sources/item_portraits/0304-poke-ball-bed.png,https://pokopiadex.com/images/items/item_ui/poke-ball-bed.png,image/png,25282,5786898bc66fdc1fcf2fcea46c20e0b345a55ab4ae287c6ffad3a2cab773c8ab,ok,
0305,placeable_item,1563,Berry bed,berry-bed,A large Pecha Berry-themed bed. It's springy texture provides ultimate comfort at bedtime.,Furniture,"[""Relaxation""]",[],,in-collection,,furniture_order,97,,,,,,,,[1323],"[2204,2208,2216,2219,2233]",https://pokopiadex.com/images/items/item_ui/berry-bed.png,[],https://pokopiadex.com/items/berry-bed,pokopiadex_items_in_collection,0305-berry-bed.png,assets/pokopia_image_sources/item_portraits/0305-berry-bed.png,https://pokopiadex.com/images/items/item_ui/berry-bed.png,image/png,26804,95902a6dd2f1af219d8ff89ad345c980f8c766079bec3c6385b3f80dff072e49,ok,
0306,placeable_item,302,Wooden bed,wooden-bed,This bed gives any room a mountain lodge aesthetic. You'll sleep soundly surrounded by the woodsy scent.,Furniture,"[""Relaxation""]",[],,in-collection,,furniture_order,98,,,,50,,,,[1323],"[2212,2219,2233]",https://pokopiadex.com/images/items/crafting_ui/wooden-bed.png,[],https://pokopiadex.com/items/wooden-bed,pokopiadex_items_in_collection,0306-wooden-bed.png,assets/pokopia_image_sources/item_portraits/0306-wooden-bed.png,https://pokopiadex.com/images/items/crafting_ui/wooden-bed.png,image/png,159316,d97c863fea3d99c24362babdd57d09b47fa02cad4a4b0c2d9be24bd2ce10619d,ok,
0307,placeable_item,1157,Plain bed,plain-bed,A bed with a simple design. It looks like it would mesh with a variety of rooms.,Furniture,"[""Relaxation""]",[],,in-collection,,furniture_order,99,,,,,,,,[1323],"[2208,2212,2233]",https://pokopiadex.com/images/items/crafting_ui/plain-bed.png,[],https://pokopiadex.com/items/plain-bed,pokopiadex_items_in_collection,0307-plain-bed.png,assets/pokopia_image_sources/item_portraits/0307-plain-bed.png,https://pokopiadex.com/images/items/crafting_ui/plain-bed.png,image/png,106889,16fd360731b6790fbd85dc66bc75ac71953e0e5dff6398206180013a79a2508e,ok,
0308,placeable_item,832,Resort hammock,resort-hammock,The breeze feels so nice when you're lying on this hammock. It's perfect for dozing off!,Furniture,"[""Relaxation""]",[],,in-collection,,furniture_order,100,,,,,,,,[],"[2208,2220,2225,2233,2243]",https://pokopiadex.com/images/items/item_ui/resort-hammock.png,[],https://pokopiadex.com/items/resort-hammock,pokopiadex_items_in_collection,0308-resort-hammock.png,assets/pokopia_image_sources/item_portraits/0308-resort-hammock.png,https://pokopiadex.com/images/items/item_ui/resort-hammock.png,image/png,24580,a856bc413c1e1a543320050a9313728a33b24d92e241af89a239c325429fc0ed,ok,
0309,placeable_item,1803,Guest-room bed,guest-room-bed,A bed with a rather high-class vibe. It looks like it belongs on a luxury ship or in a fancy hotel.,Furniture,"[""Relaxation""]",[],,in-collection,,furniture_order,101,,,,,,,,[1323],"[2208,2212,2221,2233,2244]",https://pokopiadex.com/images/items/item_ui/guest-room-bed.png,[],https://pokopiadex.com/items/guest-room-bed,pokopiadex_items_in_collection,0309-guest-room-bed.png,assets/pokopia_image_sources/item_portraits/0309-guest-room-bed.png,https://pokopiadex.com/images/items/item_ui/guest-room-bed.png,image/png,32186,f926b56357ccc1123ded77ec7c8e72ebf5861aff8c5e9be01f0a668f8612d0fe,ok,
0310,placeable_item,814,Antique bed,antique-bed,"This bed has a relaxing, nostalgic atmosphere. The blanket is smooth to the touch.",Furniture,"[""Relaxation""]",[],,in-collection,,furniture_order,102,,,,,,,,[1323],"[2208,2212,2221,2233]",https://pokopiadex.com/images/items/item_ui/antique-bed.png,[],https://pokopiadex.com/items/antique-bed,pokopiadex_items_in_collection,0310-antique-bed.png,assets/pokopia_image_sources/item_portraits/0310-antique-bed.png,https://pokopiadex.com/images/items/item_ui/antique-bed.png,image/png,40639,15094eb81ed1b7a7b2815a0001d4ed230deca8537abe84ecf52b3cc22745336a,ok,
0311,placeable_item,765,Industrial bed,industrial-bed,"A nice, wide bed that works in any type of room. Even a large Pokémon could sleep in it.",Furniture,"[""Relaxation""]",[],,in-collection,,furniture_order,103,,,,,,,,[1323],"[2208,2212,2222,2233]",https://pokopiadex.com/images/items/crafting_ui/industrial-bed.png,[],https://pokopiadex.com/items/industrial-bed,pokopiadex_items_in_collection,0311-industrial-bed.png,assets/pokopia_image_sources/item_portraits/0311-industrial-bed.png,https://pokopiadex.com/images/items/crafting_ui/industrial-bed.png,image/png,142647,53da687de2f97b5f7707f1a3bf353fc6b501498abc5c7371ae7807116027e00a,ok,
0312,placeable_item,1396,Luxury bed,luxury-bed,An extravagantly crafted bed. It somehow reminds you of a Luxury Ball!,Furniture,"[""Relaxation""]",[],,in-collection,,furniture_order,104,,,,,,,,[1323],"[2212,2221,2233,2238]",https://pokopiadex.com/images/items/item_ui/luxury-bed.png,[],https://pokopiadex.com/items/luxury-bed,pokopiadex_items_in_collection,0312-luxury-bed.png,assets/pokopia_image_sources/item_portraits/0312-luxury-bed.png,https://pokopiadex.com/images/items/item_ui/luxury-bed.png,image/png,36717,69ab76640028f0465a9dacb7426221a5962fd576d3946459f9f42494beacc17a,ok,
0313,placeable_item,1426,Cute bed,cute-bed,You'll feel like royalty sleeping on this cute canopy bed.,Furniture,"[""Relaxation""]",[],,in-collection,,furniture_order,105,,,,,,,,[1323],"[2204,2208,2233]",https://pokopiadex.com/images/items/item_ui/cute-bed.png,[],https://pokopiadex.com/items/cute-bed,pokopiadex_items_in_collection,0313-cute-bed.png,assets/pokopia_image_sources/item_portraits/0313-cute-bed.png,https://pokopiadex.com/images/items/item_ui/cute-bed.png,image/png,40941,50d343a078eacec030988cbc57cbcf148eda164540d1311a5ffec4b78fd3d883,ok,
0314,placeable_item,1453,Gaming bed,gaming-bed,"A cool, stylish bed. Flip on the power switch to get a cyberspace vibe going.",Furniture,"[""Relaxation""]","[""Red Pokeball in Bleak Beach""]",,in-collection,,furniture_order,106,,,,,,,,[1323],"[2200,2206,2212,2231,2233]",https://pokopiadex.com/images/items/item_ui/gaming-bed.png,[],https://pokopiadex.com/items/gaming-bed,pokopiadex_items_in_collection,0314-gaming-bed.png,assets/pokopia_image_sources/item_portraits/0314-gaming-bed.png,https://pokopiadex.com/images/items/item_ui/gaming-bed.png,image/png,29449,b40a0fb60f680159d9593ffdfe64bc94a3c9c2db001c0ce7ce30d49cff7b6188,ok,
0315,placeable_item,903,Naptime bed,naptime-bed,Kick back right on top of Snorlax's belly. It feels so comfy you could snooze through the whole day.,Furniture,"[""Relaxation""]","[""Appraise Large lost relic""]",,in-collection,Lost Relics (L),lost_relics_l_order,5,,,,,,,,[1323],[2233],https://pokopiadex.com/images/items/item_ui/naptime-bed.png,[],https://pokopiadex.com/items/naptime-bed,pokopiadex_items_in_collection,0315-naptime-bed.png,assets/pokopia_image_sources/item_portraits/0315-naptime-bed.png,https://pokopiadex.com/images/items/item_ui/naptime-bed.png,image/png,112652,d7735fca8c0fbce60c46095d4d1758165be91b547af63612a3eb46b1f17fb5c2,ok,
0316,placeable_item,1541,Wall mirror,wall-mirror,Look into the mirror to change your transformation and perfect your look!,Furniture,"[""Toy""]",[],,in-collection,,furniture_order,108,,,,,,,,[],"[2198,2211,2221,2239,2242]",https://pokopiadex.com/images/items/item_ui/wall-mirror.png,[],https://pokopiadex.com/items/wall-mirror,pokopiadex_items_in_collection,0316-wall-mirror.png,assets/pokopia_image_sources/item_portraits/0316-wall-mirror.png,https://pokopiadex.com/images/items/item_ui/wall-mirror.png,image/png,18557,28bb1a0c5d2b5566c6ccd9e452b8f06e9045b7f06f10b4ff0367bee8b230c33d,ok,
0317,placeable_item,258,Large mirror,large-mirror,Look into the mirror to change your transformation and perfect your look!,Furniture,"[""Toy""]",[],,in-collection,,furniture_order,109,,,,50,,,,[],"[2198,2211,2221,2239]",https://pokopiadex.com/images/items/shop_ui/large-mirror.png,[],https://pokopiadex.com/items/large-mirror,pokopiadex_items_in_collection,0317-large-mirror.png,assets/pokopia_image_sources/item_portraits/0317-large-mirror.png,https://pokopiadex.com/images/items/shop_ui/large-mirror.png,image/png,139788,50da5c77a140be52c2f16555861ce04b77108ba16dee92f795243f5ef62b8591,ok,
0318,placeable_item,815,Antique dresser,antique-dresser,Look into the mirror to change your transformation and perfect your look!,Furniture,"[""Toy""]",[],,in-collection,,furniture_order,110,,,,,,,,[],"[2211,2221]",https://pokopiadex.com/images/items/item_ui/antique-dresser.png,[],https://pokopiadex.com/items/antique-dresser,pokopiadex_items_in_collection,0318-antique-dresser.png,assets/pokopia_image_sources/item_portraits/0318-antique-dresser.png,https://pokopiadex.com/images/items/item_ui/antique-dresser.png,image/png,29897,75dd060de0913dd6d84cf298636a45f57707bbe11940b26d9df6b59c60bf34ec,ok,
0319,placeable_item,1804,Luxury dresser,luxury-dresser,Look into the mirror to change your transformation and perfect your look!,Furniture,"[""Toy""]",[],,in-collection,,furniture_order,111,,,,,,,,[],"[2203,2211,2221,2239]",https://pokopiadex.com/images/items/item_ui/luxury-dresser.png,[],https://pokopiadex.com/items/luxury-dresser,pokopiadex_items_in_collection,0319-luxury-dresser.png,assets/pokopia_image_sources/item_portraits/0319-luxury-dresser.png,https://pokopiadex.com/images/items/item_ui/luxury-dresser.png,image/png,29975,15646089a37bf54550b33b8b091d7d4aa3733b1fc07f0e96c936e5134e54d904,ok,
0320,placeable_item,1427,Cute dresser,cute-dresser,Look into the mirror to change your transformation and perfect your look!,Furniture,"[""Toy""]",[],,in-collection,,furniture_order,112,,,,,,,,[],"[2203,2204,2211,2239]",https://pokopiadex.com/images/items/item_ui/cute-dresser.png,[],https://pokopiadex.com/items/cute-dresser,pokopiadex_items_in_collection,0320-cute-dresser.png,assets/pokopia_image_sources/item_portraits/0320-cute-dresser.png,https://pokopiadex.com/images/items/item_ui/cute-dresser.png,image/png,32363,d4dda0544f615030a41596c0ac062b3e2805e64df83fcc13ba8598a49e4242ec,ok,
0321,placeable_item,904,Wiggly mirror,wiggly-mirror,Look into the mirror to change your transformation and perfect your look!,Furniture,"[""Toy""]","[""Appraise Large lost relic""]",,in-collection,Lost Relics (L),lost_relics_l_order,6,,,,,,,,[],"[2204,2211,2239,2242]",https://pokopiadex.com/images/items/item_ui/wiggly-mirror.png,[],https://pokopiadex.com/items/wiggly-mirror,pokopiadex_items_in_collection,0321-wiggly-mirror.png,assets/pokopia_image_sources/item_portraits/0321-wiggly-mirror.png,https://pokopiadex.com/images/items/item_ui/wiggly-mirror.png,image/png,131882,7e6395b065574ae67fe2f921b51eccdcd36312d52bf9217a50af66cef289fc1a,ok,
0322,placeable_item,1042,Flower table,flower-table,A table with a flower-patterned tablecloth. It makes any meal feel just like a picnic!,Furniture,[],"[""Trade 10 Cotton spores to Hoppip""]",More Spores for Hoppip,in-collection,,furniture_order,1,,,,,0,,,[],[],https://pokopiadex.com/images/items/item_ui/flower-table.png,[],https://pokopiadex.com/items/flower-table,pokopiadex_items_in_collection,0322-flower-table.png,assets/pokopia_image_sources/item_portraits/0322-flower-table.png,https://pokopiadex.com/images/items/item_ui/flower-table.png,image/png,130313,d77e7614af493efc04008eaaea808598d596c535713963b6b84609a6dda7bd42,ok,
0323,placeable_item,1040,Flower cushion,flower-cushion,A cute flower-shaped cushion. It would look nice on some grassy ground.,Furniture,"[""Relaxation""]","[""Trade 10 Cotton spores to Hoppip""]",More Spores for Hoppip,in-collection,,furniture_order,2,,,,,,,,[],"[2204,2212,2227,2233]",https://pokopiadex.com/images/items/item_ui/flower-cushion.png,[],https://pokopiadex.com/items/flower-cushion,pokopiadex_items_in_collection,0323-flower-cushion.png,assets/pokopia_image_sources/item_portraits/0323-flower-cushion.png,https://pokopiadex.com/images/items/item_ui/flower-cushion.png,image/png,123121,f3570d997ad3f595780d80f4091c6dd8fee508c272e4c4a97337683f855982d8,ok,
0324,placeable_item,2368,Camping chair,camping-chair,A simple seat that's perfect for resting on while camping or adventuring.,Furniture,"[""Relaxation""]","[""Trade 5 Red crystal fragments to Sableye""]",Sableye's Gem Hunt,in-collection,,furniture_order,3,,,,,,,,[],"[2208,2222,2233]",https://pokopiadex.com/images/items/item_ui/camping-chair.png,[],https://pokopiadex.com/items/camping-chair,pokopiadex_items_in_collection,0324-camping-chair.png,assets/pokopia_image_sources/item_portraits/0324-camping-chair.png,https://pokopiadex.com/images/items/item_ui/camping-chair.png,image/png,89874,5d738a97c2a999c7fde28a08a43188c5ab654cb11d20960862a57fabe1ed1542,ok,
0325,placeable_item,2366,Sleeping bag,sleeping-bag,"A comfy sleeping bag with lots of soft, fluffy padding. Even on cold days, you'll feel warm and toasty inside!",Furniture,"[""Relaxation""]","[""Trade 10 Red crystal fragments to Sableye""]",Sableye's Gem Hunt,in-collection,,furniture_order,4,,,,,,,,[],"[2208,2233]",https://pokopiadex.com/images/items/item_ui/sleeping-bag.png,[],https://pokopiadex.com/items/sleeping-bag,pokopiadex_items_in_collection,0325-sleeping-bag.png,assets/pokopia_image_sources/item_portraits/0325-sleeping-bag.png,https://pokopiadex.com/images/items/item_ui/sleeping-bag.png,image/png,120416,1d30f849ac2c1c1a735983ef81697efbae76d312293ae078176c39df425de1b1,ok,
0326,placeable_item,259,Wooden plate,wooden-plate,"If you put some food on this plate, Pokémon might stop by to eat.",Misc.,[],"[""Red Pokeball near Pokemon Center in Withered Wasteland""]",,in-collection,,misc_order,1,,,,50,,,,[],[2244],https://pokopiadex.com/images/items/crafting_ui/wooden-plate.png,[],https://pokopiadex.com/items/wooden-plate,pokopiadex_items_in_collection,0326-wooden-plate.png,assets/pokopia_image_sources/item_portraits/0326-wooden-plate.png,https://pokopiadex.com/images/items/crafting_ui/wooden-plate.png,image/png,123036,914ef4915a8eb4e9e1ab3c2e23a44917b0b5185e828d3d1dce7ec503a68a22df,ok,
0327,placeable_item,1159,Plate,plate,Dishware made from fired clay. A Pokémon might eat food served on it.,Misc.,[],[],,in-collection,,misc_order,2,,,,,,,,[],[],https://pokopiadex.com/images/items/crafting_ui/plate.png,[],https://pokopiadex.com/items/plate,pokopiadex_items_in_collection,0327-plate.png,assets/pokopia_image_sources/item_portraits/0327-plate.png,https://pokopiadex.com/images/items/crafting_ui/plate.png,image/png,101682,ffd3057d9bd6ecdee53b61ac2029cb5a63f8106815c67e423d2f5928646287de,ok,
0328,placeable_item,1995,Offering dish,offering-dish,Try placing food in this platter as an offering to Mosslax!,Misc.,[],[],,in-collection,,misc_order,3,,,,,,,,[],[],https://pokopiadex.com/images/items/item_ui/offering-dish.png,[],https://pokopiadex.com/items/offering-dish,pokopiadex_items_in_collection,0328-offering-dish.png,assets/pokopia_image_sources/item_portraits/0328-offering-dish.png,https://pokopiadex.com/images/items/item_ui/offering-dish.png,image/png,24222,8b1ef06427bd1f57aeba1f4a48663dea557bb410bd4291937402570685601e00,ok,
0329,placeable_item,991,Party platter,party-platter,"A plate for serving party food. No sneaking a taste before the party starts, though!",Misc.,[],[],,in-collection,,misc_order,4,,,,,,,,[],[],https://pokopiadex.com/images/items/crafting_ui/party-platter.png,[],https://pokopiadex.com/items/party-platter,pokopiadex_items_in_collection,0329-party-platter.png,assets/pokopia_image_sources/item_portraits/0329-party-platter.png,https://pokopiadex.com/images/items/crafting_ui/party-platter.png,image/png,111450,a691b1b249c2ac3e0bf759f01ed83c392b6222f1257f9b7bce1adfde04ef46d1,ok,
0330,placeable_item,266,Picnic basket,picnic-basket,"Try putting some food inside, and hungry Pokémon might stop by for a bite!",Misc.,[],[],,in-collection,,misc_order,5,,,,,,,,[],"[2198,2203,2208,2212]",https://pokopiadex.com/images/items/crafting_ui/picnic-basket.png,[],https://pokopiadex.com/items/picnic-basket,pokopiadex_items_in_collection,0330-picnic-basket.png,assets/pokopia_image_sources/item_portraits/0330-picnic-basket.png,https://pokopiadex.com/images/items/crafting_ui/picnic-basket.png,image/png,162597,453234aac2ef09da86435cdbbb996f8cd7b96b6bd62a6a81eaf8db8fffb42a80,ok,
0331,placeable_item,291,Mug,mug,"A simple, easy-to-use mug. You could change up the colors, and it would still look great.",Misc.,"[""Decoration""]",[],,in-collection,,misc_order,6,,,,50,,,,[],"[2203,2241]",https://pokopiadex.com/images/items/crafting_ui/mug.png,[],https://pokopiadex.com/items/mug,pokopiadex_items_in_collection,0331-mug.png,assets/pokopia_image_sources/item_portraits/0331-mug.png,https://pokopiadex.com/images/items/crafting_ui/mug.png,image/png,106874,11e5265c36cdd954d2ac9897491df43e4e32fc13043ff9c4cdaa3132b3a14981,ok,
0332,placeable_item,1172,Tea set,tea-set,Enjoy an elegant teatime with this gorgeous set that includes a teapot and teacups.,Misc.,"[""Decoration""]",[],,in-collection,,misc_order,7,,,,50,,,,[],"[2203,2210,2212]",https://pokopiadex.com/images/items/crafting_ui/tea-set.png,[],https://pokopiadex.com/items/tea-set,pokopiadex_items_in_collection,0332-tea-set.png,assets/pokopia_image_sources/item_portraits/0332-tea-set.png,https://pokopiadex.com/images/items/crafting_ui/tea-set.png,image/png,119127,99f70838b374a37bf543adf2f82454d6e69b6f9e5fbed3a33772c5be5de46e7f,ok,
0333,placeable_item,1805,Table setting,table-setting,This cutlery immediately makes any table look like it belongs in a high-class restaurant.,Misc.,"[""Decoration""]",[],,in-collection,,misc_order,8,,,,50,,,,[],"[2208,2210,2212,2216]",https://pokopiadex.com/images/items/crafting_ui/table-setting.png,[],https://pokopiadex.com/items/table-setting,pokopiadex_items_in_collection,0333-table-setting.png,assets/pokopia_image_sources/item_portraits/0333-table-setting.png,https://pokopiadex.com/images/items/crafting_ui/table-setting.png,image/png,152310,bb4c82859e4bd5bc40afaed5a0c22e9686aa47138a763d9ca9a28d946473071c,ok,
0334,placeable_item,220,Paper party cups,paper-party-cups,Paper cups that are easy to carry—perfect for hosting a party!,Misc.,"[""Decoration""]",[],,in-collection,,misc_order,9,,,,150,,,,[],"[2210,2212,2220]",https://pokopiadex.com/images/items/shop_ui/paper-party-cups.png,[],https://pokopiadex.com/items/paper-party-cups,pokopiadex_items_in_collection,0334-paper-party-cups.png,assets/pokopia_image_sources/item_portraits/0334-paper-party-cups.png,https://pokopiadex.com/images/items/shop_ui/paper-party-cups.png,image/png,94906,4ccef23c11896a68db088ed05c8dd3894c571e28e6484bf8828ffe060882a41a,ok,
0335,placeable_item,1409,Pizza,pizza,Food loved by one of Eevee's friends. Be sure to prepare a table and chair too!,Misc.,"[""Decoration""]",[],,in-collection,,misc_order,10,,,,,,,,[],"[2200,2216,2229]",https://pokopiadex.com/images/items/item_ui/pizza.png,[],https://pokopiadex.com/items/pizza,pokopiadex_items_in_collection,0335-pizza.png,assets/pokopia_image_sources/item_portraits/0335-pizza.png,https://pokopiadex.com/images/items/item_ui/pizza.png,image/png,30561,4604917610dc5e26f640e7a652fba2364f3ec4a5a4820c70ba0b3a9116f363d0,ok,
0336,placeable_item,1438,Fried Potatoes,fried-potatoes,Food loved by one of Eevee's friends. Be sure to prepare a table and chair too!,Misc.,"[""Decoration""]",[],,in-collection,,misc_order,11,,,,,,,,[],"[2200,2210,2216]",https://pokopiadex.com/images/items/item_ui/fried-potatoes.png,[],https://pokopiadex.com/items/fried-potatoes,pokopiadex_items_in_collection,0336-fried-potatoes.png,assets/pokopia_image_sources/item_portraits/0336-fried-potatoes.png,https://pokopiadex.com/images/items/item_ui/fried-potatoes.png,image/png,34653,79407bbe00d078a989bc2156b31b8ddb462c0fe954096b56ee07c32fe6a8aba2,ok,
0337,placeable_item,1407,Soda Float,soda-float,Food loved by one of Eevee's friends. Be sure to prepare a table and chair too!,Misc.,"[""Decoration""]",[],,in-collection,,misc_order,12,,,,,,,,[],"[2200,2216,2220]",https://pokopiadex.com/images/items/item_ui/soda-float.png,[],https://pokopiadex.com/items/soda-float,pokopiadex_items_in_collection,0337-soda-float.png,assets/pokopia_image_sources/item_portraits/0337-soda-float.png,https://pokopiadex.com/images/items/item_ui/soda-float.png,image/png,26739,c350450f70a0eab9c1f38dfb4d785856bdac36c720d5609ea947897f0a606ec9,ok,
0338,placeable_item,1440,Afternoon tea set,afternoon-tea-set,Food loved by one of Eevee's friends. Be sure to prepare a table and chair too!,Misc.,"[""Decoration""]",[],,in-collection,,misc_order,13,,,,,,,,[],"[2200,2210,2216,2221]",https://pokopiadex.com/images/items/item_ui/afternoon-tea-set.png,[],https://pokopiadex.com/items/afternoon-tea-set,pokopiadex_items_in_collection,0338-afternoon-tea-set.png,assets/pokopia_image_sources/item_portraits/0338-afternoon-tea-set.png,https://pokopiadex.com/images/items/item_ui/afternoon-tea-set.png,image/png,32240,bf0c8637ff5b2caf0494abfc7c99846e09f6a7b883ee2c0f89c7943839e1b173,ok,
0339,placeable_item,1429,Chocolate cookies,chocolate-cookies,Food loved by one of Eevee's friends. Be sure to prepare a table and chair too!,Misc.,"[""Decoration""]",[],,in-collection,,misc_order,14,,,,,,,,[],"[2200,2210,2216,2229]",https://pokopiadex.com/images/items/item_ui/chocolate-cookies.png,[],https://pokopiadex.com/items/chocolate-cookies,pokopiadex_items_in_collection,0339-chocolate-cookies.png,assets/pokopia_image_sources/item_portraits/0339-chocolate-cookies.png,https://pokopiadex.com/images/items/item_ui/chocolate-cookies.png,image/png,33843,28258913aaff903ddf1fca43b62134f2b9c730fa005805f49901da3ebd493079,ok,
0340,placeable_item,1478,Sandwiches,sandwiches,Food loved by one of Eevee's friends. Be sure to prepare a table and chair too!,Misc.,"[""Decoration""]",[],,in-collection,,misc_order,15,,,,,,,,[],"[2198,2200,2210,2216]",https://pokopiadex.com/images/items/item_ui/sandwiches.png,[],https://pokopiadex.com/items/sandwiches,pokopiadex_items_in_collection,0340-sandwiches.png,assets/pokopia_image_sources/item_portraits/0340-sandwiches.png,https://pokopiadex.com/images/items/item_ui/sandwiches.png,image/png,37401,8104228ee5895c9f059fd96b06c89e2e2e7c13bb71b40fa4715b228ad6e90972,ok,
0341,placeable_item,1416,Shaved ice,shaved-ice,Food loved by one of Eevee's friends. Be sure to prepare a table and chair too!,Misc.,"[""Decoration""]",[],,in-collection,,misc_order,16,,,,,,,,[],"[2200,2216,2220]",https://pokopiadex.com/images/items/item_ui/shaved-ice.png,[],https://pokopiadex.com/items/shaved-ice,pokopiadex_items_in_collection,0341-shaved-ice.png,assets/pokopia_image_sources/item_portraits/0341-shaved-ice.png,https://pokopiadex.com/images/items/item_ui/shaved-ice.png,image/png,35112,364250ad5a992685002fde3c7b0ea1bc6c41943a0b84f0ad11c68bf3afca5a1c,ok,
0342,placeable_item,1480,Ribbon cake,ribbon-cake,Food loved by one of Eevee's friends. Be sure to prepare a table and chair too!,Misc.,"[""Decoration""]",[],,in-collection,,misc_order,17,,,,,,,,[],"[2200,2204,2216,2229]",https://pokopiadex.com/images/items/item_ui/ribbon-cake.png,[],https://pokopiadex.com/items/ribbon-cake,pokopiadex_items_in_collection,0342-ribbon-cake.png,assets/pokopia_image_sources/item_portraits/0342-ribbon-cake.png,https://pokopiadex.com/images/items/item_ui/ribbon-cake.png,image/png,36371,e43efb29b9035a3206a6b9b01962325bafd5a88fe5a64e8f934598adf4386281,ok,
0343,placeable_item,404,Berry basket,berry-basket,A basket packed with berries. Line up a few to make your very own fruit stand!,Misc.,"[""Decoration""]",[],,in-collection,,misc_order,18,,,,,,,,[],"[2198,2203,2216,2219]",https://pokopiadex.com/images/items/crafting_ui/berry-basket.png,[],https://pokopiadex.com/items/berry-basket,pokopiadex_items_in_collection,0343-berry-basket.png,assets/pokopia_image_sources/item_portraits/0343-berry-basket.png,https://pokopiadex.com/images/items/crafting_ui/berry-basket.png,image/png,218198,cd6efde06f194dccad7c99bb365448b0506cb4b3f1ccf40a3353f4db8c89d490,ok,
0344,placeable_item,399,Small vase,small-vase,A vase with a single cute flower inside. Put it anywhere to add a splash of color to your life!,Misc.,"[""Decoration""]",[],,in-collection,,misc_order,19,,,,,,,,[],"[2203,2227,2232,2238,2242]",https://pokopiadex.com/images/items/crafting_ui/small-vase.png,[],https://pokopiadex.com/items/small-vase,pokopiadex_items_in_collection,0344-small-vase.png,assets/pokopia_image_sources/item_portraits/0344-small-vase.png,https://pokopiadex.com/images/items/crafting_ui/small-vase.png,image/png,155203,0c465cd73b867a68919956a3048dc484546ecafcd418ec207af12bff1bb2305d,ok,
0345,placeable_item,1052,Leafy plant,leafy-plant,"A plant with large, glossy leaves. It's actually related to the toro root!",Misc.,"[""Decoration""]",[],,in-collection,,misc_order,20,,,,50,,,,[],"[2203,2227,2242,2243]",https://pokopiadex.com/images/items/shop_ui/leafy-plant.png,[],https://pokopiadex.com/items/leafy-plant,pokopiadex_items_in_collection,0345-leafy-plant.png,assets/pokopia_image_sources/item_portraits/0345-leafy-plant.png,https://pokopiadex.com/images/items/shop_ui/leafy-plant.png,image/png,73219,37f15e22c868cb833231b37f96bcab3b61f7704c79d8915fa16a219eb72607ac,ok,
0346,placeable_item,1473,Pitcher-plant pot,pitcher-plant-pot,A flower vase with a pink lip that resembles a Pokémon's mouth. It emanates a faintly sweet aroma.,Misc.,"[""Decoration""]",[],,in-collection,Lost Relics (L),lost_relics_l_order,7,,,,,,,,[],"[2203,2237,2238,2242,2243]",https://pokopiadex.com/images/items/item_ui/pitcher-plant-pot.png,[],https://pokopiadex.com/items/pitcher-plant-pot,pokopiadex_items_in_collection,0346-pitcher-plant-pot.png,assets/pokopia_image_sources/item_portraits/0346-pitcher-plant-pot.png,https://pokopiadex.com/images/items/item_ui/pitcher-plant-pot.png,image/png,105813,a602a5e0e6663ed3520a0c3a0c58ba7161dfb4a0ea3556a15ae2dbeecd8c194c,ok,
0347,placeable_item,376,Extravagant flowers,extravagant-flowers,"With robust orange flowers in full bloom, using this for decoration is sure to add some color to an area.",Misc.,"[""Decoration""]",[],,in-collection,,misc_order,22,,,,,,,,[],"[2203,2227,2238,2242,2243]",https://pokopiadex.com/images/items/crafting_ui/extravagant-flowers.png,[],https://pokopiadex.com/items/extravagant-flowers,pokopiadex_items_in_collection,0347-extravagant-flowers.png,assets/pokopia_image_sources/item_portraits/0347-extravagant-flowers.png,https://pokopiadex.com/images/items/crafting_ui/extravagant-flowers.png,image/png,147730,64934471a18baedb38102cb9788bdbae61b07749f38618c0446ea3f5bd7317f3,ok,
0348,placeable_item,298,Tall potted plant,tall-potted-plant,"A small, thin palm tree. It comes in a planter, so it won't make a mess even if it's placed indoors.",Misc.,"[""Decoration""]","[""Red Pokeball on Dream Island""]",,in-collection,,misc_order,23,,,,50,,,,[],"[2203,2219,2227,2232,2238,2242]",https://pokopiadex.com/images/items/shop_ui/tall-potted-plant.png,[],https://pokopiadex.com/items/tall-potted-plant,pokopiadex_items_in_collection,0348-tall-potted-plant.png,assets/pokopia_image_sources/item_portraits/0348-tall-potted-plant.png,https://pokopiadex.com/images/items/shop_ui/tall-potted-plant.png,image/png,280058,bdfd9e342ba173f7fa761d7b1164cc4a796051b2a01ddad2624d2d7ccf3ac80c,ok,
0349,placeable_item,1996,Flat-leaf plant,flat-leaf-plant,A plant with flat leaves that look like planks. It's actually a type of succulent.,Misc.,"[""Decoration""]",[],,in-collection,,misc_order,24,,,,,,,,[],"[2203,2219,2227,2232,2242]",https://pokopiadex.com/images/items/item_ui/flat-leaf-plant.png,[],https://pokopiadex.com/items/flat-leaf-plant,pokopiadex_items_in_collection,0349-flat-leaf-plant.png,assets/pokopia_image_sources/item_portraits/0349-flat-leaf-plant.png,https://pokopiadex.com/images/items/item_ui/flat-leaf-plant.png,image/png,26738,416a525adb8ef83852a517dfbf3e617d9d3ca7e6582f648a32df3e272be62e2e,ok,
0350,placeable_item,292,Twisted potted plant,twisted-potted-plant,"A plant with a winding, twisted trunk. It doesn't look like it will get any bigger than it already is.",Misc.,"[""Decoration""]",[],,in-collection,,misc_order,25,,,,50,,,,[],"[2203,2219,2227,2232,2242]",https://pokopiadex.com/images/items/shop_ui/twisted-potted-plant.png,[],https://pokopiadex.com/items/twisted-potted-plant,pokopiadex_items_in_collection,0350-twisted-potted-plant.png,assets/pokopia_image_sources/item_portraits/0350-twisted-potted-plant.png,https://pokopiadex.com/images/items/shop_ui/twisted-potted-plant.png,image/png,247907,6d4e5727bed41bcda9dfdf3971343dfa5db7f31eb214a41c8c031f97385a703d,ok,
0351,placeable_item,1955,Munna bank,munna-bank,An especially heavy money box. It feels like it's full of coins.,Misc.,"[""Toy""]","[""Appraise Large lost relic""]",,in-collection,Lost Relics (L),lost_relics_l_order,8,,,,,,,,[],"[2203,2204,2237,2238]",https://pokopiadex.com/images/items/item_ui/munna-bank.png,[],https://pokopiadex.com/items/munna-bank,pokopiadex_items_in_collection,0351-munna-bank.png,assets/pokopia_image_sources/item_portraits/0351-munna-bank.png,https://pokopiadex.com/images/items/item_ui/munna-bank.png,image/png,85736,c46d50d46719e6f97ce3bb20871ddddce6ad6cc4907b90a4831da443dcfb89b2,ok,
0352,placeable_item,1806,Small garbage can,small-garbage-can,"A simple, colorful trash can, perfect for indoor use.",Misc.,"[""Decoration""]",[],,in-collection,,misc_order,27,,,,,,,,[],"[2203,2209,2222,2229]",https://pokopiadex.com/images/items/item_ui/small-garbage-can.png,[],https://pokopiadex.com/items/small-garbage-can,pokopiadex_items_in_collection,0352-small-garbage-can.png,assets/pokopia_image_sources/item_portraits/0352-small-garbage-can.png,https://pokopiadex.com/images/items/item_ui/small-garbage-can.png,image/png,21184,7f10862502e2671d3a3cc2ba8c503376d7854e8d6fa39912b8cb67c8f6bd8caf,ok,
0353,placeable_item,1546,Pencil holder,pencil-holder,A pencil holder with lots of pencils in it. Try putting this on top of a study desk.,Misc.,"[""Toy""]",[],,in-collection,,misc_order,28,,,,,,,,[],"[2201,2203,2210,2238]",https://pokopiadex.com/images/items/item_ui/pencil-holder.png,[],https://pokopiadex.com/items/pencil-holder,pokopiadex_items_in_collection,0353-pencil-holder.png,assets/pokopia_image_sources/item_portraits/0353-pencil-holder.png,https://pokopiadex.com/images/items/item_ui/pencil-holder.png,image/png,22423,ec508acf4ceb047d0e398c544fd091e2ac164dbf292cab81234ae63b9c82cb77,ok,
0354,placeable_item,1807,Fancy pen,fancy-pen,A high-class ballpoint pen that exudes luxury. A very important person could have used this.,Misc.,"[""Toy""]",[],,in-collection,,misc_order,29,,,,,,,,[],"[2221,2222,2232]",https://pokopiadex.com/images/items/item_ui/fancy-pen.png,[],https://pokopiadex.com/items/fancy-pen,pokopiadex_items_in_collection,0354-fancy-pen.png,assets/pokopia_image_sources/item_portraits/0354-fancy-pen.png,https://pokopiadex.com/images/items/item_ui/fancy-pen.png,image/png,19455,f9795a9c4d77bc8b546b70bff71c84661cef509c5929baac8088b8ad81b85a09,ok,
0355,placeable_item,1808,Letter,letter,A simple sealed letter. It has a Poké Ball stamp on it.,Misc.,"[""Toy""]",[],,in-collection,,misc_order,30,,,,,,,,[],"[2198,2201,2215,2242]",https://pokopiadex.com/images/items/item_ui/letter.png,[],https://pokopiadex.com/items/letter,pokopiadex_items_in_collection,0355-letter.png,assets/pokopia_image_sources/item_portraits/0355-letter.png,https://pokopiadex.com/images/items/item_ui/letter.png,image/png,99907,cc0220390542400a66331d6c1ef3573aefea050a443812531195311c8470fecf,ok,
0356,placeable_item,1809,Notepad,notepad,"It's full of important-looking notes, so there's no space to write anything else!",Misc.,"[""Toy""]",[],,in-collection,,misc_order,31,,,,,,,,[],"[2198,2201,2215,2242]",https://pokopiadex.com/images/items/item_ui/notepad.png,[],https://pokopiadex.com/items/notepad,pokopiadex_items_in_collection,0356-notepad.png,assets/pokopia_image_sources/item_portraits/0356-notepad.png,https://pokopiadex.com/images/items/item_ui/notepad.png,image/png,109409,07d20855408424fa270dc1275d41560aeb926acdc37a903dd6db2fa6be3d7753,ok,
0357,placeable_item,1997,Book,book,A thick hardcover book. The pages inside were written in small print.,Misc.,"[""Toy""]",[],,in-collection,,misc_order,32,,,,,,,,[],"[2198,2201,2215,2242]",https://pokopiadex.com/images/items/item_ui/book.png,[],https://pokopiadex.com/items/book,pokopiadex_items_in_collection,0357-book.png,assets/pokopia_image_sources/item_portraits/0357-book.png,https://pokopiadex.com/images/items/item_ui/book.png,image/png,111131,02203a49ff5b34752f0e91fbc47298d69b8fd044842da9b3460afc937692567e,ok,
0358,placeable_item,1810,Open book,open-book,A classic hardcover book. It's probably got a lot of difficult words inside.,Misc.,"[""Toy""]",[],,in-collection,,misc_order,33,,,,,,,,[],"[2198,2201,2215,2242]",https://pokopiadex.com/images/items/item_ui/open-book.png,[],https://pokopiadex.com/items/open-book,pokopiadex_items_in_collection,0358-open-book.png,assets/pokopia_image_sources/item_portraits/0358-open-book.png,https://pokopiadex.com/images/items/item_ui/open-book.png,image/png,29642,86a41a2897c4b14b3c85ef7e7baa91ed81c6840a31947a851b7c200e693fd250,ok,
0359,placeable_item,1998,Book pile,book-pile,A pile of upturned books with torn-out pages. They look like they fell off from a bookshelf.,Misc.,"[""Toy""]",[],,in-collection,,misc_order,34,,,,,,,,[],[],https://pokopiadex.com/images/items/item_ui/book-pile.png,[],https://pokopiadex.com/items/book-pile,pokopiadex_items_in_collection,0359-book-pile.png,assets/pokopia_image_sources/item_portraits/0359-book-pile.png,https://pokopiadex.com/images/items/item_ui/book-pile.png,image/png,19952,ae716d1f529728dd47f1ca7ccd5e39daae5f545a17057e87b5dccdcc48cfc54d,ok,
0360,placeable_item,1811,Papers,papers,Lots of tiny words are written on the white pages along with drawings of colorful shapes.,Misc.,"[""Toy""]",[],,in-collection,,misc_order,35,,,,,,,,[],"[2198,2201,2215,2242]",https://pokopiadex.com/images/items/item_ui/papers.png,[],https://pokopiadex.com/items/papers,pokopiadex_items_in_collection,0360-papers.png,assets/pokopia_image_sources/item_portraits/0360-papers.png,https://pokopiadex.com/images/items/item_ui/papers.png,image/png,24820,ffcb8e5a79ff984490f19672ff905c35c57c015a4c4eb7b87a3586ba755d72d5,ok,
0361,placeable_item,1528,Newspaper,newspaper,"Its pages are filled with small, tightly-packed letters. What could be written here?",Misc.,"[""Toy""]",[],,in-collection,,misc_order,36,,,,,,,,[],"[2198,2201,2215,2242]",https://pokopiadex.com/images/items/item_ui/newspaper.png,[],https://pokopiadex.com/items/newspaper,pokopiadex_items_in_collection,0361-newspaper.png,assets/pokopia_image_sources/item_portraits/0361-newspaper.png,https://pokopiadex.com/images/items/item_ui/newspaper.png,image/png,97353,846dcf593dfad9b264c3e8d50dda7b0558894e71c85b46072b3c5b71ebc6a6c9,ok,
0362,placeable_item,1812,Photo frame,photo-frame,You can put one of your photos in this frame and place it on a table or stand.,Misc.,"[""Decoration""]",[],,in-collection,,misc_order,37,,,,,,,,[],"[2198,2203,2212,2242]",https://pokopiadex.com/images/items/item_ui/photo-frame.png,[],https://pokopiadex.com/items/photo-frame,pokopiadex_items_in_collection,0362-photo-frame.png,assets/pokopia_image_sources/item_portraits/0362-photo-frame.png,https://pokopiadex.com/images/items/item_ui/photo-frame.png,image/png,21666,16f62214473f8f0884143309226f7e6eb1485359b200834eaec506ea64ff6a12,ok,
0363,placeable_item,1813,Wall photo frame,wall-photo-frame,You can put one of your photos in this frame and hang it on a wall.,Misc.,"[""Decoration""]",[],,in-collection,,misc_order,38,,,,,,,,[],"[2198,2203,2242]",https://pokopiadex.com/images/items/item_ui/wall-photo-frame.png,[],https://pokopiadex.com/items/wall-photo-frame,pokopiadex_items_in_collection,0363-wall-photo-frame.png,assets/pokopia_image_sources/item_portraits/0363-wall-photo-frame.png,https://pokopiadex.com/images/items/item_ui/wall-photo-frame.png,image/png,21918,6d700c90631a0e25d9a003f6133a180c6b09d54d31d7f4f86291fab2a9402de2,ok,
0364,placeable_item,1054,Corkboard,corkboard,Choose one of your favorite photos to hang on this corkboard!,Misc.,"[""Decoration""]","[""Red Pokeball on Dream Island""]",,in-collection,,misc_order,39,,,,,,,,[],"[2198,2210,2242]",https://pokopiadex.com/images/items/crafting_ui/corkboard.png,[],https://pokopiadex.com/items/corkboard,pokopiadex_items_in_collection,0364-corkboard.png,assets/pokopia_image_sources/item_portraits/0364-corkboard.png,https://pokopiadex.com/images/items/crafting_ui/corkboard.png,image/png,179519,7113225e81500ecd8e8c8b27443b3e55029067b26a8112e8004c1d0b337d0324,ok,
0365,placeable_item,1495,CD rack,cd-rack,A rack with CDs on it. Sure to appeal to music lovers.,Misc.,"[""Decoration""]",[],,in-collection,,misc_order,40,,,,,,,,[],"[2200,2201,2203,2210,2231,2239,2242,2244]",https://pokopiadex.com/images/items/item_ui/cd-rack.png,[],https://pokopiadex.com/items/cd-rack,pokopiadex_items_in_collection,0365-cd-rack.png,assets/pokopia_image_sources/item_portraits/0365-cd-rack.png,https://pokopiadex.com/images/items/item_ui/cd-rack.png,image/png,30513,5083bfc94bae1993b9cd56aa40f8a3e24f5e569a61ad1d6149306dcb302be9f0,ok,
0366,placeable_item,1496,Magazine rack,magazine-rack,This stand has a great selection of weekly magazines and photo books.,Misc.,"[""Decoration""]",[],,in-collection,,misc_order,41,,,,,,,,[],"[2200,2201,2203,2210,2242,2244]",https://pokopiadex.com/images/items/item_ui/magazine-rack.png,[],https://pokopiadex.com/items/magazine-rack,pokopiadex_items_in_collection,0366-magazine-rack.png,assets/pokopia_image_sources/item_portraits/0366-magazine-rack.png,https://pokopiadex.com/images/items/item_ui/magazine-rack.png,image/png,42463,2f9217e0498e7a434242751f124517e81657bba7fb84faad8db612085ea9410f,ok,
0367,placeable_item,1133,Mini bookcase,mini-bookcase,A small bookcase packed with books. It's tiny enough to fit in tight spaces!,Misc.,"[""Decoration""]",[],,in-collection,,misc_order,42,,,,,,,,[],"[2198,2200,2203,2242,2244]",https://pokopiadex.com/images/items/crafting_ui/mini-bookcase.png,[],https://pokopiadex.com/items/mini-bookcase,pokopiadex_items_in_collection,0367-mini-bookcase.png,assets/pokopia_image_sources/item_portraits/0367-mini-bookcase.png,https://pokopiadex.com/images/items/crafting_ui/mini-bookcase.png,image/png,133645,b58b8d2a676f5e84c7855ad655325d02d2d5ed5401ff21582c730bbdda2348b4,ok,
0368,placeable_item,824,Bookcase,bookcase,Furniture with colorful books arranged on the shelves. It looks like there's room for even MORE books!,Misc.,"[""Decoration""]",[],,in-collection,,misc_order,43,,,,,,,,[],"[2198,2200,2203,2242,2244]",https://pokopiadex.com/images/items/item_ui/bookcase.png,[],https://pokopiadex.com/items/bookcase,pokopiadex_items_in_collection,0368-bookcase.png,assets/pokopia_image_sources/item_portraits/0368-bookcase.png,https://pokopiadex.com/images/items/item_ui/bookcase.png,image/png,36085,dd4a1e317a2a5c4eb2da7e962a9895bb3a9131001ce6c7e188002f5ddc724055,ok,
0369,placeable_item,1448,Stone fireplace,stone-fireplace,A huge fireplace. Light this up to make a space feel warm and cozy.,Misc.,"[""Relaxation""]",[],,in-collection,,misc_order,44,,,,100,,,,[],"[2198,2200,2213,2221,2238]",https://pokopiadex.com/images/items/shop_ui/stone-fireplace.png,[],https://pokopiadex.com/items/stone-fireplace,pokopiadex_items_in_collection,0369-stone-fireplace.png,assets/pokopia_image_sources/item_portraits/0369-stone-fireplace.png,https://pokopiadex.com/images/items/shop_ui/stone-fireplace.png,image/png,390440,2dd8c201c1f2dc769974e4c3262e31dfe37498368debad51ba55c453842b37d3,ok,
0370,placeable_item,1814,Dining cabinet,dining-cabinet,"A cupboard packed full of plates, cups-even a tea set.",Misc.,"[""Decoration""]",[],,in-collection,,misc_order,45,,,,,,,,[],"[2203,2210,2211,2221,2244]",https://pokopiadex.com/images/items/item_ui/dining-cabinet.png,[],https://pokopiadex.com/items/dining-cabinet,pokopiadex_items_in_collection,0370-dining-cabinet.png,assets/pokopia_image_sources/item_portraits/0370-dining-cabinet.png,https://pokopiadex.com/images/items/item_ui/dining-cabinet.png,image/png,31100,59e01ea9953fb62d04581b620ee6459519ecbf743e11ac5479eb281c372de20f,ok,
0371,placeable_item,1413,Modern sink,modern-sink,A state-of-the-art sink that even has a drain. Turn the handle to make water flow out.,Misc.,"[""Toy""]",[],,in-collection,,misc_order,46,,,,,,,,[],"[2198,2199,2220,2222,2239]",https://pokopiadex.com/images/items/item_ui/modern-sink.png,[],https://pokopiadex.com/items/modern-sink,pokopiadex_items_in_collection,0371-modern-sink.png,assets/pokopia_image_sources/item_portraits/0371-modern-sink.png,https://pokopiadex.com/images/items/item_ui/modern-sink.png,image/png,26416,4afd4fb2960fdae62378a85086a0e23ea060867539a899b51a1258dd8d324c46,ok,
0372,placeable_item,1412,Cooking stove,cooking-stove,A simple stylish stove. Turn the dial and flames will shoot right out of it.,Misc.,"[""Decoration""]",[],,in-collection,,misc_order,47,,,,,,,,[],"[2198,2218,2222,2239]",https://pokopiadex.com/images/items/item_ui/cooking-stove.png,[],https://pokopiadex.com/items/cooking-stove,pokopiadex_items_in_collection,0372-cooking-stove.png,assets/pokopia_image_sources/item_portraits/0372-cooking-stove.png,https://pokopiadex.com/images/items/item_ui/cooking-stove.png,image/png,26863,fa12839d7d9614ddaae3ed628bad025db7ecff66b0661e56c4dfb5ce969cda71,ok,
0373,placeable_item,1511,Microwave oven,microwave-oven,"This lights up when powered on, but it doesn't seem like it can heat anything…",Misc.,"[""Toy""]",[],,in-collection,,misc_order,48,,,,,,,,[],"[2198,2206,2211,2222,2239]",https://pokopiadex.com/images/items/item_ui/microwave-oven.png,[],https://pokopiadex.com/items/microwave-oven,pokopiadex_items_in_collection,0373-microwave-oven.png,assets/pokopia_image_sources/item_portraits/0373-microwave-oven.png,https://pokopiadex.com/images/items/item_ui/microwave-oven.png,image/png,29783,be092f49885e256410597509b433f72d921071ee540f0cb8a11ca72d11ab0173,ok,
0374,placeable_item,1815,Refrigerator,refrigerator,"It emits a slight chill, but it doesn't seem like it can keep anything cold.",Misc.,"[""Toy""]",[],,in-collection,,misc_order,49,,,,,,,,[],"[2198,2203,2206,2222,2239]",https://pokopiadex.com/images/items/item_ui/refrigerator.png,[],https://pokopiadex.com/items/refrigerator,pokopiadex_items_in_collection,0374-refrigerator.png,assets/pokopia_image_sources/item_portraits/0374-refrigerator.png,https://pokopiadex.com/images/items/item_ui/refrigerator.png,image/png,16424,56aa7341691a7fc197ffe516d0296838582e0f71b7c848d26228bb63476a0191,ok,
0375,placeable_item,1816,Fan,fan,Power on this fan to make it swivel. Pokémon might stop by to watch it move.,Misc.,"[""Toy""]",[],,in-collection,,misc_order,50,,,,,,,,[],"[2206,2222,2223,2236]",https://pokopiadex.com/images/items/item_ui/fan.png,[],https://pokopiadex.com/items/fan,pokopiadex_items_in_collection,0375-fan.png,assets/pokopia_image_sources/item_portraits/0375-fan.png,https://pokopiadex.com/images/items/item_ui/fan.png,image/png,34186,222a71316637196e52e84926db3e658f8a5d3c624195c4971ccf9264e68e2067,ok,
0376,placeable_item,1817,Air conditioner,air-conditioner,"A state-of-the-art air conditioner. Press once for cold air, or press twice for hot.",Misc.,"[""Decoration""]",[],,in-collection,,misc_order,51,,,,,,,,[],"[2206,2222,2223,2239]",https://pokopiadex.com/images/items/item_ui/air-conditioner.png,[],https://pokopiadex.com/items/air-conditioner,pokopiadex_items_in_collection,0376-air-conditioner.png,assets/pokopia_image_sources/item_portraits/0376-air-conditioner.png,https://pokopiadex.com/images/items/item_ui/air-conditioner.png,image/png,13590,fdd51323e434ed84633a765d0330601f280f4031d37ca382469934c5b5bd19b6,ok,
0377,placeable_item,1818,Printer,printer,A large printer used by businesses. Perfect for an office or other workspaces!,Misc.,"[""Decoration""]",[],,in-collection,,misc_order,52,,,,,,,,[],"[2206,2211,2239]",https://pokopiadex.com/images/items/item_ui/printer.png,[],https://pokopiadex.com/items/printer,pokopiadex_items_in_collection,0377-printer.png,assets/pokopia_image_sources/item_portraits/0377-printer.png,https://pokopiadex.com/images/items/item_ui/printer.png,image/png,29858,1ef61b9b470c679715bcadbb2b6634faeb1654911f06f822a740a57bf5044f89,ok,
0378,placeable_item,1819,Washing machine,washing-machine,"While this does make noise when powered on, it doesn't seem to actually wash clothes…",Misc.,"[""Toy""]","[""Complete \""Raise the environment level!\"" Important Request in Bleak Beach""]",,in-collection,,misc_order,53,,,,,,,,[],"[2198,2199,2203,2206,2211,2222,2239]",https://pokopiadex.com/images/items/shop_ui/washing-machine.png,[],https://pokopiadex.com/items/washing-machine,pokopiadex_items_in_collection,0378-washing-machine.png,assets/pokopia_image_sources/item_portraits/0378-washing-machine.png,https://pokopiadex.com/images/items/shop_ui/washing-machine.png,image/png,151557,26afbe7b617f50ec35a6bc6c37584d47ed6c0466c8fc5b63c5cd0234b0e1ecc3,ok,
0379,placeable_item,1820,Toilet,toilet,Lift the cover and sit on the toilet for as long as you like.,Misc.,"[""Decoration""]",[],,in-collection,,misc_order,54,,,,,,,,[],"[2199,2206,2220,2238,2239]",https://pokopiadex.com/images/items/item_ui/toilet.png,[],https://pokopiadex.com/items/toilet,pokopiadex_items_in_collection,0379-toilet.png,assets/pokopia_image_sources/item_portraits/0379-toilet.png,https://pokopiadex.com/images/items/item_ui/toilet.png,image/png,34577,37b62113bcd8447a088867db7db4a7dc08e35dfcca6a806df152a5a8a099949d,ok,
0380,placeable_item,1542,Sink,sink,A stylish sink on a wooden stand. Turn on the faucet to make water pour out.,Misc.,"[""Toy""]",[],,in-collection,,misc_order,55,,,,,,,,[],"[2198,2199,2220,2238,2239]",https://pokopiadex.com/images/items/item_ui/sink.png,[],https://pokopiadex.com/items/sink,pokopiadex_items_in_collection,0380-sink.png,assets/pokopia_image_sources/item_portraits/0380-sink.png,https://pokopiadex.com/images/items/item_ui/sink.png,image/png,31599,6f6779f565ec70217512152839e05436718b118d6a637d1c6043cc63b478b76f,ok,
0381,placeable_item,1540,Towel Rack,towel-rack,A simple wall rack with a towel hanging on it. This would look great next to a sink.,Misc.,"[""Decoration""]",[],,in-collection,,misc_order,56,,,,,,,,[],"[2199,2208,2233]",https://pokopiadex.com/images/items/item_ui/towel-rack.png,[],https://pokopiadex.com/items/towel-rack,pokopiadex_items_in_collection,0381-towel-rack.png,assets/pokopia_image_sources/item_portraits/0381-towel-rack.png,https://pokopiadex.com/images/items/item_ui/towel-rack.png,image/png,19576,1412b8ffbcb7d689f3f997d4b41c5cdd813f46eb8487a95122ff8c2de047b75e,ok,
0382,placeable_item,1821,Bathtime set,bathtime-set,"Shampoo, towels and a toy-everything you need to make bath time a blast!",Misc.,"[""Toy""]",[],,in-collection,,misc_order,57,,,,,,,,[],"[2199,2204,2220,2231]",https://pokopiadex.com/images/items/item_ui/bathtime-set.png,[],https://pokopiadex.com/items/bathtime-set,pokopiadex_items_in_collection,0382-bathtime-set.png,assets/pokopia_image_sources/item_portraits/0382-bathtime-set.png,https://pokopiadex.com/images/items/item_ui/bathtime-set.png,image/png,41032,ea598d1549cba57281e58bc04d0a4f204b486d02a2c47b559b830989462874ed,ok,
0383,placeable_item,1544,Cleaning supplies,cleaning-supplies,"Detergent, a dust cloth, and a Mareep sponge are all you need to become a cleaning master!",Misc.,"[""Toy""]",[],,in-collection,,misc_order,58,,,,,,,,[],"[2199,2220,2231]",https://pokopiadex.com/images/items/item_ui/cleaning-supplies.png,[],https://pokopiadex.com/items/cleaning-supplies,pokopiadex_items_in_collection,0383-cleaning-supplies.png,assets/pokopia_image_sources/item_portraits/0383-cleaning-supplies.png,https://pokopiadex.com/images/items/item_ui/cleaning-supplies.png,image/png,30886,1086d5c43721ba71c3db2a0b2b2bd29dbde8484571487815d61dc4dedef1aede,ok,
0384,placeable_item,1165,Shower,shower,A shower with a simple design. Place it next to a bathtub to make your bathroom complete.,Misc.,"[""Toy""]",[],,in-collection,,misc_order,59,,,,,,,,[],"[2199,2220,2222,2232,2239]",https://pokopiadex.com/images/items/crafting_ui/shower.png,[],https://pokopiadex.com/items/shower,pokopiadex_items_in_collection,0384-shower.png,assets/pokopia_image_sources/item_portraits/0384-shower.png,https://pokopiadex.com/images/items/crafting_ui/shower.png,image/png,151430,6c5c3b22230813de8948b4c732b4b5f66cfa19b31ca0c87b22282bc34f457a1f,ok,
0385,placeable_item,1538,Bathtub,bathtub,A bathtub with a simple design. Fill it up with water to enjoy a nice soak.,Misc.,"[""Decoration""]",[],,in-collection,,misc_order,60,,,,,,,,[],"[2199,2220,2238,2239]",https://pokopiadex.com/images/items/item_ui/bathtub.png,[],https://pokopiadex.com/items/bathtub,pokopiadex_items_in_collection,0385-bathtub.png,assets/pokopia_image_sources/item_portraits/0385-bathtub.png,https://pokopiadex.com/images/items/item_ui/bathtub.png,image/png,18724,a28b20b62708cd8fc690a6a51ac89808fe281c866816fa4630576442e2af0599,ok,
0386,placeable_item,905,Bouncy blue bathtub,bouncy-blue-bathtub,"A bathtub that lets you experience waves and bubbles, even without a single drop of water inside.",Misc.,"[""Decoration""]","[""Appraise Large lost relic""]",,in-collection,Lost Relics (L),lost_relics_l_order,9,,,,,,,,[],"[2199,2204,2220,2239]",https://pokopiadex.com/images/items/item_ui/bouncy-blue-bathtub.png,[],https://pokopiadex.com/items/bouncy-blue-bathtub,pokopiadex_items_in_collection,0386-bouncy-blue-bathtub.png,assets/pokopia_image_sources/item_portraits/0386-bouncy-blue-bathtub.png,https://pokopiadex.com/images/items/item_ui/bouncy-blue-bathtub.png,image/png,107860,3a26d187cdb899a1623fc858ba27a4fca964e80a3ea52bac584047e3d3a8179e,ok,
0387,placeable_item,1476,Tablet,tablet,"A convenient, easy-to-carry computer. It's got a hard case so no worries if you drop it!",Misc.,"[""Toy""]",[],,in-collection,,misc_order,62,,,,,,,,[],"[2198,2206,2211,2222,2231]",https://pokopiadex.com/images/items/item_ui/tablet.png,[],https://pokopiadex.com/items/tablet,pokopiadex_items_in_collection,0387-tablet.png,assets/pokopia_image_sources/item_portraits/0387-tablet.png,https://pokopiadex.com/images/items/item_ui/tablet.png,image/png,108792,7b5e076a6cd2adad5f7ef41192da36c902bb71aca73d472c69da22143a516fcf,ok,
0388,placeable_item,1822,Cell phone,cell-phone,"A device carefully protected inside a hard case. It can't make calls, even when powered on.",Misc.,"[""Toy""]",[],,in-collection,,misc_order,63,,,,,,,,[],"[2198,2206,2211,2222,2231]",https://pokopiadex.com/images/items/item_ui/cell-phone.png,[],https://pokopiadex.com/items/cell-phone,pokopiadex_items_in_collection,0388-cell-phone.png,assets/pokopia_image_sources/item_portraits/0388-cell-phone.png,https://pokopiadex.com/images/items/item_ui/cell-phone.png,image/png,23549,35e318353eac949e26c4244745cc1a5665c02f7229a39d5a3fe48e3c4213140f,ok,
0389,placeable_item,1524,Laptop,laptop,"A sleek, easy-to-carry laptop. Try displaying some photos on the monitor.",Misc.,"[""Toy""]",[],,in-collection,,misc_order,64,,,,,,,,[],"[2198,2206,2211,2222,2231]",https://pokopiadex.com/images/items/item_ui/laptop.png,[],https://pokopiadex.com/items/laptop,pokopiadex_items_in_collection,0389-laptop.png,assets/pokopia_image_sources/item_portraits/0389-laptop.png,https://pokopiadex.com/images/items/item_ui/laptop.png,image/png,21750,14053e2cc1816f948aeaf529c995196981710804466b0bc05e52e406608c4caf,ok,
0390,placeable_item,1530,Computer,computer,A computer that looks like it belongs in a laboratory. Some notes have been stuck to it here and there.,Misc.,"[""Toy""]",[],,in-collection,,misc_order,65,,,,,,,,[],"[2201,2206,2211,2222,2231]",https://pokopiadex.com/images/items/item_ui/computer.png,[],https://pokopiadex.com/items/computer,pokopiadex_items_in_collection,0390-computer.png,assets/pokopia_image_sources/item_portraits/0390-computer.png,https://pokopiadex.com/images/items/item_ui/computer.png,image/png,27933,4adbc46c3ef1af4de2a5f12acdc5d70726ba8b31d096c7b6c37272c57ed6c66d,ok,
0391,placeable_item,1454,Gaming PC,gaming-pc,A PC rig that even includes a headset. The monitor can display photos when powered on.,Misc.,"[""Toy""]",[],,in-collection,,misc_order,66,,,,,,,,[],"[2200,2206,2211,2222,2231]",https://pokopiadex.com/images/items/item_ui/gaming-pc.png,[],https://pokopiadex.com/items/gaming-pc,pokopiadex_items_in_collection,0391-gaming-pc.png,assets/pokopia_image_sources/item_portraits/0391-gaming-pc.png,https://pokopiadex.com/images/items/item_ui/gaming-pc.png,image/png,33763,2c0fca619362ea7cedb52158c381cad2d0266b4020edc62c99a43a400056542f,ok,
0392,placeable_item,1464,Television,television,"A large television that can be easily viewed from far away. It's a flatscreen, so carrying it is easy-peasy.",Misc.,"[""Toy""]",[],,in-collection,,misc_order,67,,,,,,,,[],"[2198,2206,2211,2212,2215,2222,2231,2242]",https://pokopiadex.com/images/items/item_ui/television.png,[],https://pokopiadex.com/items/television,pokopiadex_items_in_collection,0392-television.png,assets/pokopia_image_sources/item_portraits/0392-television.png,https://pokopiadex.com/images/items/item_ui/television.png,image/png,22381,e7bcdc847994584d184d8b7f6d915a5a16e75da68d2543bf87ccc04ca16574d9,ok,
0393,placeable_item,1823,Wall monitor,wall-monitor,A monitor that emits blue light when powered on. Try displaying your photographs on it.,Misc.,"[""Toy""]",[],,in-collection,,misc_order,68,,,,,,,,[],"[2198,2206,2211,2212,2215,2222,2231,2242]",https://pokopiadex.com/images/items/item_ui/wall-monitor.png,[],https://pokopiadex.com/items/wall-monitor,pokopiadex_items_in_collection,0393-wall-monitor.png,assets/pokopia_image_sources/item_portraits/0393-wall-monitor.png,https://pokopiadex.com/images/items/item_ui/wall-monitor.png,image/png,17726,4db26439c6c85749f7d239b1fe39f3b657a8679401f696ac4941caf17beed669,ok,
0394,placeable_item,906,Arcade machine,arcade-machine,"A game machine from a facility somewhere. It looks brand-new, so it probably can still be turned on.",Misc.,"[""Toy""]","[""Appraise Large lost relic""]",,in-collection,Lost Relics (L),lost_relics_l_order,10,,,,,,,,[],"[2198,2206,2211,2212,2226]",https://pokopiadex.com/images/items/item_ui/arcade-machine.png,[],https://pokopiadex.com/items/arcade-machine,pokopiadex_items_in_collection,0394-arcade-machine.png,assets/pokopia_image_sources/item_portraits/0394-arcade-machine.png,https://pokopiadex.com/images/items/item_ui/arcade-machine.png,image/png,106241,40ddb55f2e4f590ed80b49769dd30f47675fd22d63a85f8681b2d0735d7ff751,ok,
0395,placeable_item,823,Alarm clock,alarm-clock,A loud noise rings out when you press this. Be careful! You might accidentally wake someone up!,Misc.,"[""Toy""]",[],,in-collection,,misc_order,70,,,,,,,,[],"[2211,2222,2224,2229,2239]",https://pokopiadex.com/images/items/crafting_ui/alarm-clock.png,[],https://pokopiadex.com/items/alarm-clock,pokopiadex_items_in_collection,0395-alarm-clock.png,assets/pokopia_image_sources/item_portraits/0395-alarm-clock.png,https://pokopiadex.com/images/items/crafting_ui/alarm-clock.png,image/png,146827,f74797b40dd76bd5eac5962916a7c73c053ddeefd080732d7a6f6375c77517fb,ok,
0396,placeable_item,303,Toy blocks,toy-blocks,Stacking toys that are fun to play with. Discover all the different combinations you can make!,Misc.,"[""Toy""]","[""Red Pokeball""]",,in-collection,,misc_order,71,,,,50,,,,[],"[2202,2210,2226,2244]",https://pokopiadex.com/images/items/crafting_ui/toy-blocks.png,[],https://pokopiadex.com/items/toy-blocks,pokopiadex_items_in_collection,0396-toy-blocks.png,assets/pokopia_image_sources/item_portraits/0396-toy-blocks.png,https://pokopiadex.com/images/items/crafting_ui/toy-blocks.png,image/png,119477,223723817381b52afce52fa2e124d8523de26f91ac44709dec60691b544deedb,ok,
0397,placeable_item,260,Pinwheels,pinwheels,Pokémon like to spin these round and round. Wind-producing Pokémon especially like them!,Misc.,"[""Toy""]",[],,in-collection,,misc_order,72,,,,50,,,,[],"[2200,2210,2223,2226,2236,2242]",https://pokopiadex.com/images/items/crafting_ui/pinwheels.png,[],https://pokopiadex.com/items/pinwheels,pokopiadex_items_in_collection,0397-pinwheels.png,assets/pokopia_image_sources/item_portraits/0397-pinwheels.png,https://pokopiadex.com/images/items/crafting_ui/pinwheels.png,image/png,164729,fbdaffe849a7ce15085f86bb9fbebc49d697c6f07e62c59b6b0dd93f9af9f815,ok,
0398,placeable_item,822,Knitting supplies,knitting-supplies,"Tools for knitting hats, sweaters, and the like. Pokémon are captivated by the round balls of yarn.",Misc.,"[""Toy""]","[""Bleak Beach on table left before first bridge (may be submerged)""]",,in-collection,,misc_order,73,,,,100,,,,[],"[2200,2208,2210,2212,2217,2229,2233]",https://pokopiadex.com/images/items/shop_ui/knitting-supplies.png,[],https://pokopiadex.com/items/knitting-supplies,pokopiadex_items_in_collection,0398-knitting-supplies.png,assets/pokopia_image_sources/item_portraits/0398-knitting-supplies.png,https://pokopiadex.com/images/items/shop_ui/knitting-supplies.png,image/png,146168,f69d5b54a7d289c62e2c8a67863dd8c7389298dd06dfbcae4d4325405a7dfee2,ok,
0399,placeable_item,1824,Game Boy system,game-boy-system,A very sturdy-looking game console. It's old but it still seems to start up.,Misc.,"[""Toy""]",[],,in-collection,,misc_order,74,,,,,,,,[],"[2198,2206,2212]",https://pokopiadex.com/images/items/item_ui/game-boy-system.png,[],https://pokopiadex.com/items/game-boy-system,pokopiadex_items_in_collection,0399-game-boy-system.png,assets/pokopia_image_sources/item_portraits/0399-game-boy-system.png,https://pokopiadex.com/images/items/item_ui/game-boy-system.png,image/png,28509,df059a9d8926e65f3396b21533488ebe813e8e21e88ade219568d6904d3fcc0e,ok,
0400,placeable_item,1493,Humidifier,humidifier,A humidifier with a distinct round shape. Turn it on to increase the humidity level nearby.,Misc.,"[""Toy""]",[],,in-collection,,misc_order,75,,,,,,,,[],"[2206,2211,2214,2220,2229,2239]",https://pokopiadex.com/images/items/item_ui/humidifier.png,[],https://pokopiadex.com/items/humidifier,pokopiadex_items_in_collection,0400-humidifier.png,assets/pokopia_image_sources/item_portraits/0400-humidifier.png,https://pokopiadex.com/images/items/item_ui/humidifier.png,image/png,22980,97f1ca8acca6dc805461155c3bd4f4a7cd3cf67240debfaebf5f2c3623f2257d,ok,
0401,placeable_item,907,Funky diffuser,funky-diffuser,"The symbol on it looks dangerous, but it doesn't seem like this will actually spew out poison gas...",Misc.,"[""Toy""]","[""Appraise Large lost relic""]",,in-collection,Lost Relics (L),lost_relics_l_order,11,,,,,,,,[],"[2220,2222,2239]",https://pokopiadex.com/images/items/item_ui/funky-diffuser.png,[],https://pokopiadex.com/items/funky-diffuser,pokopiadex_items_in_collection,0401-funky-diffuser.png,assets/pokopia_image_sources/item_portraits/0401-funky-diffuser.png,https://pokopiadex.com/images/items/item_ui/funky-diffuser.png,image/png,106660,79e01a48dcf30709f281a28810e37c7d5a50b66bba0bc384cddc380f52db86e3,ok,
0402,placeable_item,350,First aid kit,first-aid-kit,A box filled with lots of medicines and supplies for treating injuries.,Misc.,"[""Toy""]","[""Red Pokeball"",""Red Pokeball in second floor of right room in Museum in Rocky Ridges""]",,in-collection,,misc_order,77,,,,150,,,,[],"[2200,2203,2214,2222]",https://pokopiadex.com/images/items/shop_ui/first-aid-kit.png,[],https://pokopiadex.com/items/first-aid-kit,pokopiadex_items_in_collection,0402-first-aid-kit.png,assets/pokopia_image_sources/item_portraits/0402-first-aid-kit.png,https://pokopiadex.com/images/items/shop_ui/first-aid-kit.png,image/png,119422,9bd1a9056600a656c9b5e18aa6b6d4d01bdc42ae76b09a39bddbe3aa7a9a8f99,ok,
0403,placeable_item,1124,Crystal ball,crystal-ball,A large crystal ball used for fortune-telling. Give it to Psychic-type Pokémon and see what happens...,Misc.,"[""Toy""]",[],,in-collection,,misc_order,78,,,,,,,,[],"[2208,2211,2229,2231,2239]",https://pokopiadex.com/images/items/crafting_ui/crystal-ball.png,[],https://pokopiadex.com/items/crystal-ball,pokopiadex_items_in_collection,0403-crystal-ball.png,assets/pokopia_image_sources/item_portraits/0403-crystal-ball.png,https://pokopiadex.com/images/items/crafting_ui/crystal-ball.png,image/png,94585,eeb758b00fc04132915875da56836a352e8ce8209df2a605ee5f120ed7b37e76,ok,
0404,placeable_item,1444,Microscope,microscope,A microscope often found in chemistry labs and research institutions. Essential for experiments!,Misc.,"[""Toy""]",[],,in-collection,,misc_order,79,,,,,,,,[],"[2201,2211,2222,2239,2242]",https://pokopiadex.com/images/items/item_ui/microscope.png,[],https://pokopiadex.com/items/microscope,pokopiadex_items_in_collection,0404-microscope.png,assets/pokopia_image_sources/item_portraits/0404-microscope.png,https://pokopiadex.com/images/items/item_ui/microscope.png,image/png,20937,0554c86469905d21d9e30f196632b95721cf5c5459ffc774414dc98f4f5d3729,ok,
0405,placeable_item,1443,Science Experiment,science-experiment,"Chemicals, testing equipment, and a clipboard… OK! The experiment is ready to begin!",Misc.,"[""Toy""]",[],,in-collection,,misc_order,80,,,,,,,,[],"[2201,2210,2211,2215,2222]",https://pokopiadex.com/images/items/item_ui/science-experiment.png,[],https://pokopiadex.com/items/science-experiment,pokopiadex_items_in_collection,0405-science-experiment.png,assets/pokopia_image_sources/item_portraits/0405-science-experiment.png,https://pokopiadex.com/images/items/item_ui/science-experiment.png,image/png,22546,6858fdfda8f7037cf29b0db2a7b2e00136804e0ad0bf9ac13abc97548292256f,ok,
0406,placeable_item,1447,Jumbled cords,jumbled-cords,These cords are all tangled up and cannot be separated.,Misc.,"[""Toy""]",[],,in-collection,,misc_order,81,,,,,,,,[],"[2201,2203,2206,2209,2210,2212,2222]",https://pokopiadex.com/images/items/item_ui/jumbled-cords.png,[],https://pokopiadex.com/items/jumbled-cords,pokopiadex_items_in_collection,0406-jumbled-cords.png,assets/pokopia_image_sources/item_portraits/0406-jumbled-cords.png,https://pokopiadex.com/images/items/item_ui/jumbled-cords.png,image/png,21187,5795ddfdbd33ddae1ca8bb620cf1e4fbf6c6f0f42bfa8a82ee64a10e94bf0bd3,ok,
0407,placeable_item,1290,CD player,cd-player,"A device that plays music. If you find a CD, try putting it inside!",Misc.,"[""Toy""]",[],,in-collection,,misc_order,82,,,,200,,,,[],"[2206,2212,2224]",https://pokopiadex.com/images/items/shop_ui/cd-player.png,[],https://pokopiadex.com/items/cd-player,pokopiadex_items_in_collection,0407-cd-player.png,assets/pokopia_image_sources/item_portraits/0407-cd-player.png,https://pokopiadex.com/images/items/shop_ui/cd-player.png,image/png,158453,bb34e3d48ecf36a864eb1065877749644709b6b2c311da0bfcddac2cb4282671,ok,
0408,placeable_item,1825,Tabletop mic,tabletop-mic,A microphone like those used at recording studios or public speeches. Try putting it on a desk!,Misc.,"[""Toy""]",[],,in-collection,,misc_order,83,,,,,,,,[],"[2206,2231]",https://pokopiadex.com/images/items/item_ui/tabletop-mic.png,[],https://pokopiadex.com/items/tabletop-mic,pokopiadex_items_in_collection,0408-tabletop-mic.png,assets/pokopia_image_sources/item_portraits/0408-tabletop-mic.png,https://pokopiadex.com/images/items/item_ui/tabletop-mic.png,image/png,21749,d061102f4237d89af6f34895e57fcf6d022c0cbadfeaf54d6308de14704ba3d0,ok,
0409,placeable_item,713,Standing mic,standing-mic,A microphone meant for the stage. Standing before it makes you want to burst out in song.,Misc.,"[""Toy""]",[],,in-collection,,misc_order,84,,,,200,,,,[],"[2206,2212,2213,2231,2239]",https://pokopiadex.com/images/items/item_ui/standing-mic.png,[],https://pokopiadex.com/items/standing-mic,pokopiadex_items_in_collection,0409-standing-mic.png,assets/pokopia_image_sources/item_portraits/0409-standing-mic.png,https://pokopiadex.com/images/items/item_ui/standing-mic.png,image/png,9024,65975c127b967166b55139e816657d4e274d454ce56f1e8a38d1f49c47d86a2d,ok,
0410,placeable_item,1460,Big drum,big-drum,"A very impressive drum. Beat it to produce a loud, invigorating da-a-DUM!",Misc.,"[""Toy""]",[],,in-collection,,misc_order,85,,,,,,,,[],"[2229,2243]",https://pokopiadex.com/images/items/item_ui/big-drum.png,[],https://pokopiadex.com/items/big-drum,pokopiadex_items_in_collection,0410-big-drum.png,assets/pokopia_image_sources/item_portraits/0410-big-drum.png,https://pokopiadex.com/images/items/item_ui/big-drum.png,image/png,31760,3b02f72cee3c88357c0a1965ce7d8d67f75388dff0eecc5ed17b060178a5d450,ok,
0411,placeable_item,1073,Cool electric guitar,cool-electric-guitar,A snazzy guitar strung with strange strings. Holding it would make you feel pretty amped...,Misc.,"[""Toy""]",[],,in-collection,,misc_order,86,,,,,,,,[],"[2206,2224,2239]",https://pokopiadex.com/images/items/crafting_ui/cool-electric-guitar.png,[],https://pokopiadex.com/items/cool-electric-guitar,pokopiadex_items_in_collection,0411-cool-electric-guitar.png,assets/pokopia_image_sources/item_portraits/0411-cool-electric-guitar.png,https://pokopiadex.com/images/items/crafting_ui/cool-electric-guitar.png,image/png,171349,901623a39bdeb77adf3e779d0ce388356a5e055c71968b5b2f39cb11648e4a67,ok,
0412,placeable_item,1074,Cool bass guitar,cool-bass-guitar,A snazzy guitar strung with strange strings. Holding it would make you feel pretty low-key...,Misc.,"[""Toy""]",[],,in-collection,,misc_order,87,,,,,,,,[],"[2206,2224,2239]",https://pokopiadex.com/images/items/crafting_ui/cool-bass-guitar.png,[],https://pokopiadex.com/items/cool-bass-guitar,pokopiadex_items_in_collection,0412-cool-bass-guitar.png,assets/pokopia_image_sources/item_portraits/0412-cool-bass-guitar.png,https://pokopiadex.com/images/items/crafting_ui/cool-bass-guitar.png,image/png,183658,ee2e70afb94d0ba35096805fdf70b82f0b2f2738edc8ed8ac0097a482cc10b96,ok,
0413,placeable_item,1826,Audio mixer,audio-mixer,Plug it in and switch on the screen. DJ Ditto is in the house!,Misc.,"[""Toy""]",[],,in-collection,,misc_order,88,,,,,,,,[],"[2201,2206,2239]",https://pokopiadex.com/images/items/item_ui/audio-mixer.png,[],https://pokopiadex.com/items/audio-mixer,pokopiadex_items_in_collection,0413-audio-mixer.png,assets/pokopia_image_sources/item_portraits/0413-audio-mixer.png,https://pokopiadex.com/images/items/item_ui/audio-mixer.png,image/png,26689,a5c56dbb459bca3c78aaac92fd4bd3f116a0ff951ef10ffc5d459ff6a74c315e,ok,
0414,placeable_item,1178,Speaker,speaker,Putting this next to a stage or an audio mixer ought to create an electrifying atmopshere!,Misc.,"[""Toy""]",[],,in-collection,,misc_order,89,,,,200,,,,[],"[2198,2206,2224]",https://pokopiadex.com/images/items/shop_ui/speaker.png,[],https://pokopiadex.com/items/speaker,pokopiadex_items_in_collection,0414-speaker.png,assets/pokopia_image_sources/item_portraits/0414-speaker.png,https://pokopiadex.com/images/items/shop_ui/speaker.png,image/png,86568,31ed6c5d8e41793babd2b82be45fc9e0cc73adc76771d45a91417ded90a0b60e,ok,
0415,placeable_item,908,Gold Teeth,gold-teeth,Their lustrous golden whine hasn't changed at all. Maybe someone dropped them long ago?,Misc.,"[""Toy""]","[""Appraise Large lost relic""]",,in-collection,Lost Relics (L),lost_relics_l_order,12,,,,,,,,[],"[2222,2231,2238,2239]",https://pokopiadex.com/images/items/item_ui/gold-teeth.png,[],https://pokopiadex.com/items/gold-teeth,pokopiadex_items_in_collection,0415-gold-teeth.png,assets/pokopia_image_sources/item_portraits/0415-gold-teeth.png,https://pokopiadex.com/images/items/item_ui/gold-teeth.png,image/png,120980,0901c534c8498cc4866ce25f3536c5b0c93f6432c233d863d988c290eb3ef75d,ok,
0416,placeable_item,971,Repel,repel,"When you press the spray cap, a weird scent spritzes out and permeates the area.",Misc.,"[""Toy""]","[""Appraise Large lost relic""]",,in-collection,Lost Relics (L),lost_relics_l_order,13,,,,,,,,[],[2239],https://pokopiadex.com/images/items/item_ui/repel.png,[],https://pokopiadex.com/items/repel,pokopiadex_items_in_collection,0416-repel.png,assets/pokopia_image_sources/item_portraits/0416-repel.png,https://pokopiadex.com/images/items/item_ui/repel.png,image/png,133734,287e881117aee718bef75072266bfbf096c14d994daec1e414d24185878d01b1,ok,
0417,placeable_item,1956,Big Nugget,big-nugget,,Misc.,"[""Toy""]","[""Appraise Large lost relic""]",,in-collection,Lost Relics (L),lost_relics_l_order,14,,,,,,,,[],"[2222,2229,2231,2238]",https://pokopiadex.com/images/items/item_ui/big-nugget.png,[],https://pokopiadex.com/items/big-nugget,pokopiadex_items_in_collection,0417-big-nugget.png,assets/pokopia_image_sources/item_portraits/0417-big-nugget.png,https://pokopiadex.com/images/items/item_ui/big-nugget.png,image/png,81010,dc6d8abfe7dec2190373dcc4e784d32107bfb33eabf7a6ab27b9953762df089a,ok,
0418,placeable_item,768,Balloons,balloons,Balloons of many vibrant colors. They sway back and forth even in the most gentle of breezes.,Misc.,"[""Toy""]","[""Red Pokeball under ash near party venue in Rocky Ridges""]",,in-collection,,misc_order,93,,,,100,,,,[],"[2200,2210,2226,2229,2243]",https://pokopiadex.com/images/items/shop_ui/balloons.png,[],https://pokopiadex.com/items/balloons,pokopiadex_items_in_collection,0418-balloons.png,assets/pokopia_image_sources/item_portraits/0418-balloons.png,https://pokopiadex.com/images/items/shop_ui/balloons.png,image/png,156810,6b743f97a78b1a51d98974bf41fbb3787ea2e0023b89eaedce22f39cb04a70cc,ok,
0419,placeable_item,1293,Punching game,punching-game,"Slug this machine real good with your fist, and it'll tell you how strong your punch is.",Misc.,"[""Toy""]",[],,in-collection,,misc_order,94,,,,,,,,[],"[2200,2207,2226,2243]",https://pokopiadex.com/images/items/item_ui/punching-game.png,[],https://pokopiadex.com/items/punching-game,pokopiadex_items_in_collection,0419-punching-game.png,assets/pokopia_image_sources/item_portraits/0419-punching-game.png,https://pokopiadex.com/images/items/item_ui/punching-game.png,image/png,27520,9cb583002b492b74c455c0f77b1a2a95361aa90df0730bf5353a33c8c69fd0c9,ok,
0420,placeable_item,909,Boo-in-the-box,boo-in-the-box,"Open the box, and -BOING!-out pops the Gengar!",Misc.,"[""Toy""]","[""Appraise Large lost relic""]",,in-collection,Lost Relics (L),lost_relics_l_order,15,,,,,,,,[],"[2198,2203,2212,2226,2237,2239]",https://pokopiadex.com/images/items/item_ui/boo-in-the-box.png,[],https://pokopiadex.com/items/boo-in-the-box,pokopiadex_items_in_collection,0420-boo-in-the-box.png,assets/pokopia_image_sources/item_portraits/0420-boo-in-the-box.png,https://pokopiadex.com/images/items/item_ui/boo-in-the-box.png,image/png,125310,e76729b2a3ddc42f2c4041ca1db82940bf6e82a57b05b7d4362b0fe55cd77820,ok,
0421,placeable_item,885,Wobbuffet wobbler,wobbuffet-wobbler,An exceptionally durable Wobbuffet doll. It gets back up no matter how many times you knock it over.,Misc.,"[""Toy""]","[""Appraise Large lost relic""]",,in-collection,Lost Relics (L),lost_relics_l_order,16,,,,,,,,[],"[2204,2207,2226,2229,2239,2243]",https://pokopiadex.com/images/items/item_ui/wobbuffet-wobbler.png,[],https://pokopiadex.com/items/wobbuffet-wobbler,pokopiadex_items_in_collection,0421-wobbuffet-wobbler.png,assets/pokopia_image_sources/item_portraits/0421-wobbuffet-wobbler.png,https://pokopiadex.com/images/items/item_ui/wobbuffet-wobbler.png,image/png,123141,3016959a372db76d7ce67ce1fc125a4c87a3d67503ad30cfff9552995069345c,ok,
0422,placeable_item,1507,Step stool,step-stool,A step stool for reaching things in high places. Try climbing on top of it!,Misc.,"[""Toy""]",[],,in-collection,,misc_order,97,,,,100,,,,[],"[2222,2228]",https://pokopiadex.com/images/items/crafting_ui/step-stool.png,[],https://pokopiadex.com/items/step-stool,pokopiadex_items_in_collection,0422-step-stool.png,assets/pokopia_image_sources/item_portraits/0422-step-stool.png,https://pokopiadex.com/images/items/crafting_ui/step-stool.png,image/png,121829,4f0eabeb6ba4dfd67aa6da1896f0778c9af27501d46617c356a9ee70a8c67415,ok,
0423,placeable_item,817,Cardboard boxes,cardboard-boxes,Light cardboard boxes. It doesn't look like they have anything inside.,Misc.,"[""Decoration""]",[],,in-collection,,misc_order,98,,,,,,,,[],"[2198,2203,2210]",https://pokopiadex.com/images/items/item_ui/cardboard-boxes.png,[],https://pokopiadex.com/items/cardboard-boxes,pokopiadex_items_in_collection,0423-cardboard-boxes.png,assets/pokopia_image_sources/item_portraits/0423-cardboard-boxes.png,https://pokopiadex.com/images/items/item_ui/cardboard-boxes.png,image/png,19626,ad4ec329b051e6cf181a192d6187bd7c61db32db298011e351510a8d55a065d7,ok,
0424,placeable_item,1523,Whiteboard,whiteboard,A whiteboard covered in writing and sticky notes that looks like it belongs in a lab.,Misc.,"[""Decoration""]",[],,in-collection,,misc_order,99,,,,,,,,[],"[2198,2210,2212,2215,2231]",https://pokopiadex.com/images/items/crafting_ui/whiteboard.png,[],https://pokopiadex.com/items/whiteboard,pokopiadex_items_in_collection,0424-whiteboard.png,assets/pokopia_image_sources/item_portraits/0424-whiteboard.png,https://pokopiadex.com/images/items/crafting_ui/whiteboard.png,image/png,131984,3445f7f6a64bf04a09b420eb24ab4b0c4b7095c4b36eb014975eb18232707553,ok,
0425,placeable_item,1446,Control unit,control-unit,"This has a bunch of switches, but it doesn't look like any of them do anything.",Misc.,"[""Toy""]",[],,in-collection,,misc_order,100,,,,,,,,[],"[2198,2201]",https://pokopiadex.com/images/items/item_ui/control-unit.png,[],https://pokopiadex.com/items/control-unit,pokopiadex_items_in_collection,0425-control-unit.png,assets/pokopia_image_sources/item_portraits/0425-control-unit.png,https://pokopiadex.com/images/items/item_ui/control-unit.png,image/png,31702,857d1fd280f5a8d59d6fa167434726142acc2ee1b8dd9d21e85c2dfe35619e45,ok,
0426,placeable_item,1401,Auspicious Armor,auspicious-armor,Heavy armor recreated from armor fragments. Auspicious wishes live within it.,Misc.,"[""Decoration""]",[],,in-collection,,misc_order,101,,,,,,,,[],"[2221,2231,2239]",https://pokopiadex.com/images/items/item_ui/auspicious-armor.png,[],https://pokopiadex.com/items/auspicious-armor,pokopiadex_items_in_collection,0426-auspicious-armor.png,assets/pokopia_image_sources/item_portraits/0426-auspicious-armor.png,https://pokopiadex.com/images/items/item_ui/auspicious-armor.png,image/png,38156,4957d5b6398f9c1692c2fb06184e3804c14cc827c27721e778b3026ba844ada3,ok,
0427,placeable_item,1485,Malicious Armor,malicious-armor,Heavy armor recreated from armor fragments. Malicious will lurks within it.,Misc.,"[""Decoration""]",[],,in-collection,,misc_order,102,,,,,,,,[],"[2221,2239]",https://pokopiadex.com/images/items/item_ui/malicious-armor.png,[],https://pokopiadex.com/items/malicious-armor,pokopiadex_items_in_collection,0427-malicious-armor.png,assets/pokopia_image_sources/item_portraits/0427-malicious-armor.png,https://pokopiadex.com/images/items/item_ui/malicious-armor.png,image/png,35651,9006c4b5e1518c7c14cd514ae155255c0a1dd58a4c8b9397096bfeb8b2f0a80e,ok,
0428,placeable_item,1827,Clear Bell,clear-bell,A very-old fashioned bell that makes a gentle ringing sound. Ring it in an open space to call Ho-Oh.,Misc.,"[""Toy""]",[],,in-collection,,misc_order,103,,,,,,,,[],"[2224,2229,2231,2239]",https://pokopiadex.com/images/items/item_ui/clear-bell.png,[],https://pokopiadex.com/items/clear-bell,pokopiadex_items_in_collection,0428-clear-bell.png,assets/pokopia_image_sources/item_portraits/0428-clear-bell.png,https://pokopiadex.com/images/items/item_ui/clear-bell.png,image/png,26668,a2600e0c35a6f9d873dddf1be9cd350e736482799cb00e0712fb2bd6f0e1eb9f,ok,
0429,placeable_item,1828,Tidal Bell,tidal-bell,A very-old fashioned bell that makes a gentle ringing sound. Ring it in an open space to call Lugia.,Misc.,"[""Toy""]",[],,in-collection,,misc_order,104,,,,,,,,[],"[2223,2224,2229,2239]",https://pokopiadex.com/images/items/item_ui/tidal-bell.png,[],https://pokopiadex.com/items/tidal-bell,pokopiadex_items_in_collection,0429-tidal-bell.png,assets/pokopia_image_sources/item_portraits/0429-tidal-bell.png,https://pokopiadex.com/images/items/item_ui/tidal-bell.png,image/png,23239,b665b0c8b22931d28cee5b04521f9c5a0b04c6ce1062d137bd5effe579f4dab2,ok,
0430,placeable_item,827,Ship's wheel,ships-wheel,A wheel used to steer a ship. It spins round and round when you touch it!,Misc.,"[""Toy""]",[],,in-collection,,misc_order,105,,,,,,,,[],"[2225,2229]",https://pokopiadex.com/images/items/item_ui/ships-wheel.png,[],https://pokopiadex.com/items/ships-wheel,pokopiadex_items_in_collection,0430-ships-wheel.png,assets/pokopia_image_sources/item_portraits/0430-ships-wheel.png,https://pokopiadex.com/images/items/item_ui/ships-wheel.png,image/png,34468,17795055617e86ee306987066c381b38ec10d01b2d58e49fd9d3c16fcf19e194,ok,
0431,placeable_item,656,Mysterious statue,mysterious-statue,Doesn't seem like anyone knows exactly what this is a statue of...,Misc.,"[""Decoration""]","[""Appraise Large lost relic""]",,in-collection,Lost Relics (L),lost_relics_l_order,17,,,,,,,,[],"[2237,2238,2239]",https://pokopiadex.com/images/items/item_ui/mysterious-statue.png,[],https://pokopiadex.com/items/mysterious-statue,pokopiadex_items_in_collection,0431-mysterious-statue.png,assets/pokopia_image_sources/item_portraits/0431-mysterious-statue.png,https://pokopiadex.com/images/items/item_ui/mysterious-statue.png,image/png,108138,96702e788127f14137ee1cd0497a5aac03bd296ea83d778fcf98cca5953fb137,ok,
0432,placeable_item,910,Fiery Magby statue,fiery-magby-statue,"If you place a switch nearby and activate it, Magby will shoot fire out of their mouth! Fwooosh!",Misc.,"[""Toy""]","[""Appraise Large lost relic""]",,in-collection,Lost Relics (L),lost_relics_l_order,18,,,,,,,,[],"[2218,2238,2239]",https://pokopiadex.com/images/items/item_ui/fiery-magby-statue.png,[],https://pokopiadex.com/items/fiery-magby-statue,pokopiadex_items_in_collection,0432-fiery-magby-statue.png,assets/pokopia_image_sources/item_portraits/0432-fiery-magby-statue.png,https://pokopiadex.com/images/items/item_ui/fiery-magby-statue.png,image/png,115572,ed3b308dc1324c8375c7bb11299dbe7181b3bcd54e33e194d7137eccde302b53,ok,
0433,placeable_item,911,Gym emblem statue,gym-emblem-statue,This stone statue makes you feel pumped up. Would look great on a pedestal.,Misc.,"[""Decoration""]","[""Appraise Large lost relic""]",,in-collection,Lost Relics (L),lost_relics_l_order,19,,,,,,,,[],"[2231,2238]",https://pokopiadex.com/images/items/item_ui/gym-emblem-statue.png,[],https://pokopiadex.com/items/gym-emblem-statue,pokopiadex_items_in_collection,0433-gym-emblem-statue.png,assets/pokopia_image_sources/item_portraits/0433-gym-emblem-statue.png,https://pokopiadex.com/images/items/item_ui/gym-emblem-statue.png,image/png,90801,2bbb86f028955244b6d0e8d7b2d061a231ab21f1635fcdca8dd35459f6e02949,ok,
0434,placeable_item,1957,Spacesuit,spacesuit,Clothing designed for living in outer space. Keeps the wearer safe even in an airless environment.,Misc.,"[""Toy""]","[""Appraise Large lost relic""]",,in-collection,Lost Relics (L),lost_relics_l_order,20,,,,,,,,[],"[2201,2211,2222,2231,2238]",https://pokopiadex.com/images/items/item_ui/spacesuit.png,[],https://pokopiadex.com/items/spacesuit,pokopiadex_items_in_collection,0434-spacesuit.png,assets/pokopia_image_sources/item_portraits/0434-spacesuit.png,https://pokopiadex.com/images/items/item_ui/spacesuit.png,image/png,137848,b9606393c9b2dd14939b3c6b3deacfafe021bc16ba42597c62e961276f538e38,ok,
0435,placeable_item,1958,Model space shuttle,model-space-shuttle,A realistic model that looks like it could blast off at any second. Could it have been in some museum?,Misc.,"[""Toy""]","[""Appraise Large lost relic""]",,in-collection,Lost Relics (L),lost_relics_l_order,21,,,,,,,,[],"[2222,2223,2228,2231,2238]",https://pokopiadex.com/images/items/item_ui/model-space-shuttle.png,[],https://pokopiadex.com/items/model-space-shuttle,pokopiadex_items_in_collection,0435-model-space-shuttle.png,assets/pokopia_image_sources/item_portraits/0435-model-space-shuttle.png,https://pokopiadex.com/images/items/item_ui/model-space-shuttle.png,image/png,100471,92a37d42203f2bd2a530fefc97da78ad8175f4dae7f1a459bd82bb0e050d685b,ok,
0436,placeable_item,912,Spaceship,spaceship,A vehicle meant for traveling to outer space. Hermetically sealed so air doesn't escape.,Misc.,"[""Toy""]","[""Appraise Large lost relic""]",,in-collection,Lost Relics (L),lost_relics_l_order,22,,,,,,,,[],"[2211,2222,2228,2229,2238]",https://pokopiadex.com/images/items/item_ui/spaceship.png,[],https://pokopiadex.com/items/spaceship,pokopiadex_items_in_collection,0436-spaceship.png,assets/pokopia_image_sources/item_portraits/0436-spaceship.png,https://pokopiadex.com/images/items/item_ui/spaceship.png,image/png,94728,ecb5ba1a80f3561b55754a8fb2ef8b57ed5e6d37cacb165a02a28ff350dae113,ok,
0437,placeable_item,1829,Wall calendar,wall-calendar,A calendar that's simple and easy to use. It meshes well with pretty much any wall.,Misc.,"[""Decoration""]",[],,in-collection,,misc_order,112,,,,,,,,[],"[2198,2215,2242]",https://pokopiadex.com/images/items/item_ui/wall-calendar.png,[],https://pokopiadex.com/items/wall-calendar,pokopiadex_items_in_collection,0437-wall-calendar.png,assets/pokopia_image_sources/item_portraits/0437-wall-calendar.png,https://pokopiadex.com/images/items/item_ui/wall-calendar.png,image/png,25177,af0a2c60dbffedd373bb395fc7aea1cdbd762e1a18ee46f0d1007c693ce5abff,ok,
0438,placeable_item,571,Wreath,wreath,A simple wreath crafted from branches and leaves. It'd look nice and elegant on a wall.,Misc.,"[""Decoration""]",[],,in-collection,,misc_order,113,,100,,50,,,,[],"[2244,2229]",https://pokopiadex.com/images/items/crafting_ui/wreath.png,[],https://pokopiadex.com/items/wreath,pokopiadex_items_in_collection,0438-wreath.png,assets/pokopia_image_sources/item_portraits/0438-wreath.png,https://pokopiadex.com/images/items/crafting_ui/wreath.png,image/png,201017,a22c9179fb5912e8f8a21f1e88a325d4988198bcc849c364e6835575b321fa16,ok,
0439,placeable_item,1830,Decorative bookshelf,decorative-bookshelf,A decorative shelf with colorful books on it. Perfect for livening up any wall!,Misc.,"[""Decoration""]",[],,in-collection,,misc_order,114,,,,,,,,[],"[2210,2215]",https://pokopiadex.com/images/items/crafting_ui/decorative-bookshelf.png,[],https://pokopiadex.com/items/decorative-bookshelf,pokopiadex_items_in_collection,0439-decorative-bookshelf.png,assets/pokopia_image_sources/item_portraits/0439-decorative-bookshelf.png,https://pokopiadex.com/images/items/crafting_ui/decorative-bookshelf.png,image/png,139091,3e6bede62868d26b1cc90734ff5daaea05b464e512d468f8e259ff533bb2a9b8,ok,
0440,placeable_item,1831,Decorative storage shelf,decorative-storage-shelf,A decorative shelf lined with ceramic bottles. Attach it to a wall to liven up any space!,Misc.,"[""Decoration""]",[],,in-collection,,misc_order,115,,,,,,,,[],"[2210,2238,2239]",https://pokopiadex.com/images/items/crafting_ui/decorative-storage-shelf.png,[],https://pokopiadex.com/items/decorative-storage-shelf,pokopiadex_items_in_collection,0440-decorative-storage-shelf.png,assets/pokopia_image_sources/item_portraits/0440-decorative-storage-shelf.png,https://pokopiadex.com/images/items/crafting_ui/decorative-storage-shelf.png,image/png,150761,dc20a05391af2b20c4f091e8b9122def06d55aac6d65257327e146a71a2d3f22,ok,
0441,placeable_item,1832,Decorative plant shelf,decorative-plant-shelf,A long vine droops from the potted plant on this decorative shelf. Perfect for livening up my wall!,Misc.,"[""Decoration""]",[],,in-collection,,misc_order,116,,,,,,,,[],"[2210,2227]",https://pokopiadex.com/images/items/crafting_ui/decorative-plant-shelf.png,[],https://pokopiadex.com/items/decorative-plant-shelf,pokopiadex_items_in_collection,0441-decorative-plant-shelf.png,assets/pokopia_image_sources/item_portraits/0441-decorative-plant-shelf.png,https://pokopiadex.com/images/items/crafting_ui/decorative-plant-shelf.png,image/png,122738,5a61fd2860d0242bd03e09383c0a15f7eaf898748d5469d52c93c61401d95b87,ok,
0442,placeable_item,1833,Antique clock,antique-clock,This clock ticks away the hours. It lets out a loud bong at designated times.,Misc.,"[""Toy""]",[],,in-collection,,misc_order,117,,,,,,,,[],"[2201,2211,2221,2244]",https://pokopiadex.com/images/items/item_ui/antique-clock.png,[],https://pokopiadex.com/items/antique-clock,pokopiadex_items_in_collection,0442-antique-clock.png,assets/pokopia_image_sources/item_portraits/0442-antique-clock.png,https://pokopiadex.com/images/items/item_ui/antique-clock.png,image/png,31680,ae924adb9088a582971c0d02ab80f4f587b254dffdcbf255f82792e2fc9e654e,ok,
0443,placeable_item,740,Berry clock,berry-clock,A clock that resembles an Oran Berry cross section. Try mounting it on a wall!,Misc.,"[""Toy""]",[],,in-collection,,misc_order,118,,,,200,,,,[],"[2204,2208,2216,2219,2229,2243]",https://pokopiadex.com/images/items/item_ui/berry-clock.png,[],https://pokopiadex.com/items/berry-clock,pokopiadex_items_in_collection,0443-berry-clock.png,assets/pokopia_image_sources/item_portraits/0443-berry-clock.png,https://pokopiadex.com/images/items/item_ui/berry-clock.png,image/png,32001,e5bd4e0c76ad441e3415f7a988a69a24e9c3e187b23e375346ab166c519197c7,ok,
0444,placeable_item,576,Rowlet clock,rowlet-clock,A wall clock shaped like a small house. Rowlet will pop out to let you know what time it is.,Misc.,"[""Toy""]","[""Red Pokeball on tall cliff above cave on west shore in Withered Wasteland""]",,in-collection,Lost Relics (L),lost_relics_l_order,23,,,,,,,,[],"[2204,2239,2242]",https://pokopiadex.com/images/items/item_ui/rowlet-clock.png,[],https://pokopiadex.com/items/rowlet-clock,pokopiadex_items_in_collection,0444-rowlet-clock.png,assets/pokopia_image_sources/item_portraits/0444-rowlet-clock.png,https://pokopiadex.com/images/items/item_ui/rowlet-clock.png,image/png,148947,8697d22e4dabe06aea4e27c4beda5225adde35854e9dea11bc13eeae314b9386,ok,
0445,placeable_item,1834,Hanging banner,hanging-banner,Cloth you might find on a department store's wall. Stack several to make 'em even longer.,Misc.,"[""Decoration""]",[],,in-collection,,misc_order,120,,,,,,,,[],"[2200,2208]",https://pokopiadex.com/images/items/item_ui/hanging-banner.png,[],https://pokopiadex.com/items/hanging-banner,pokopiadex_items_in_collection,0445-hanging-banner.png,assets/pokopia_image_sources/item_portraits/0445-hanging-banner.png,https://pokopiadex.com/images/items/item_ui/hanging-banner.png,image/png,19348,a8474e2a2f9f73345bb205072733ce2dda1fb4b8848aee5c00a3647033becc3a,ok,
0446,placeable_item,870,Party bunting,party-bunting,These make perfect party decorations. Hang a bunch up to create a festive mood!,Misc.,"[""Decoration""]",[],,in-collection,,misc_order,121,,,,,,,,[],"[2200,2208]",https://pokopiadex.com/images/items/crafting_ui/party-bunting.png,[],https://pokopiadex.com/items/party-bunting,pokopiadex_items_in_collection,0446-party-bunting.png,assets/pokopia_image_sources/item_portraits/0446-party-bunting.png,https://pokopiadex.com/images/items/crafting_ui/party-bunting.png,image/png,92516,ea47495e8ffe164f5a029a4b7763b86ca380c8dfae1ccb0f89047e487194c904,ok,
0447,placeable_item,854,Vine wall decoration,vine-wall-decoration,"With just a few leaves and vine ropes, you can make a stylish wall decoration.",Misc.,"[""Decoration""]",[],,in-collection,,misc_order,122,,,,,,,,[],"[2219,2232,2244]",https://pokopiadex.com/images/items/crafting_ui/vine-wall-decoration.png,[],https://pokopiadex.com/items/vine-wall-decoration,pokopiadex_items_in_collection,0447-vine-wall-decoration.png,assets/pokopia_image_sources/item_portraits/0447-vine-wall-decoration.png,https://pokopiadex.com/images/items/crafting_ui/vine-wall-decoration.png,image/png,129027,1560331cc7d086a59baa43e9e1c394d31e93b011718d17bd907d93b7057e786a,ok,
0448,placeable_item,1835,Berry wall decoration,berry-wall-decoration,"The six swaying berries look incredibly tasty. Alas, they're inedible.",Misc.,"[""Decoration""]",[],,in-collection,,misc_order,123,,,,,,,,[],"[2200,2210,2216,2219,2242]",https://pokopiadex.com/images/items/item_ui/berry-wall-decoration.png,[],https://pokopiadex.com/items/berry-wall-decoration,pokopiadex_items_in_collection,0448-berry-wall-decoration.png,assets/pokopia_image_sources/item_portraits/0448-berry-wall-decoration.png,https://pokopiadex.com/images/items/item_ui/berry-wall-decoration.png,image/png,41571,ed08bdf95b7ee0fd1fd84032e82dde24d03a7085ce640cb933034a4ba31c97b8,ok,
0449,placeable_item,1436,Hanging scroll,hanging-scroll,A scroll with phenomenal brushwork. Hang it on a wall to create a solemn atmosphere.,Misc.,"[""Decoration""]",[],,in-collection,,misc_order,124,,,,,,,,[],"[2198,2215,2239]",https://pokopiadex.com/images/items/item_ui/hanging-scroll.png,[],https://pokopiadex.com/items/hanging-scroll,pokopiadex_items_in_collection,0449-hanging-scroll.png,assets/pokopia_image_sources/item_portraits/0449-hanging-scroll.png,https://pokopiadex.com/images/items/item_ui/hanging-scroll.png,image/png,24467,3de2b6bae4621df0903747592173d544a4258094c19aaea2d41a42063e47dea5,ok,
0450,placeable_item,1836,Ceiling fan,ceiling-fan,Its blades spin round and round when powered on. Great for when you want to circulate air!,Misc.,"[""Decoration""]",[],,in-collection,,misc_order,125,,,,,,,,[],"[2206,2223,2236,2239,2243]",https://pokopiadex.com/images/items/item_ui/ceiling-fan.png,[],https://pokopiadex.com/items/ceiling-fan,pokopiadex_items_in_collection,0450-ceiling-fan.png,assets/pokopia_image_sources/item_portraits/0450-ceiling-fan.png,https://pokopiadex.com/images/items/item_ui/ceiling-fan.png,image/png,15616,9c794aad8cbc7861b80757b08d0aba462a701a43b50e42221b82279e043745da,ok,
0451,placeable_item,305,Castform weather charm,castform-weather-charm,"A reversible Castform doll. Rumor has it, when the doll changes form, the weather changes too!",Misc.,"[""Toy""]","[""Dig shiny dirt spot"",""Appraise Large lost relic""]",,in-collection,Lost Relics (L),lost_relics_l_order,24,,,,100,,,,[],"[2204,2208,2236,2239]",https://pokopiadex.com/images/items/shop_ui/castform-weather-charm.png,[],https://pokopiadex.com/items/castform-weather-charm,pokopiadex_items_in_collection,0451-castform-weather-charm.png,assets/pokopia_image_sources/item_portraits/0451-castform-weather-charm.png,https://pokopiadex.com/images/items/shop_ui/castform-weather-charm.png,image/png,122389,79578a72e85cb405f3e2ff5767b196c0425edf1f1fd56ef8dd7b9b5439a483ad,ok,
0452,placeable_item,588,Eevee doll,eevee-doll,"If you set this down and inspect it, Drifloon may fly over and whisk you away to a Dream Island!",Misc.,"[""Toy""]","[""Smash rocks east of Wasteland Pokemon Center"",""Dig shiny dirt spot"",""Bleak Beach""]",,in-collection,,misc_order,127,,,,300,,,,[],"[2204,2208,2233]",https://pokopiadex.com/images/items/shop_ui/eevee-doll.png,[],https://pokopiadex.com/items/eevee-doll,pokopiadex_items_in_collection,0452-eevee-doll.png,assets/pokopia_image_sources/item_portraits/0452-eevee-doll.png,https://pokopiadex.com/images/items/shop_ui/eevee-doll.png,image/png,122301,c5a02ebd5dce1495a6b83a68ddbe78bd16f28b2c473f391ddd7af15ade9f9326,ok,
0453,placeable_item,835,Pikachu doll,pikachu-doll,"If you set this down and inspect it, Drifloon may fly over and whisk you away to a Dream Island.",Misc.,"[""Toy""]","[""Bleak Beach""]",,in-collection,,misc_order,128,,,,,,,,[],"[2204,2208,2233]",https://pokopiadex.com/images/items/item_ui/pikachu-doll.png,[],https://pokopiadex.com/items/pikachu-doll,pokopiadex_items_in_collection,0453-pikachu-doll.png,assets/pokopia_image_sources/item_portraits/0453-pikachu-doll.png,https://pokopiadex.com/images/items/item_ui/pikachu-doll.png,image/png,27808,afdde031502ac881a98c49b524ce221ed283c4f3e61d5000ece692bbdadc6e31,ok,
0454,placeable_item,846,Clefairy doll,clefairy-doll,"If you set this down and inspect it, Drifloon may fly over and whisk you away to a Dream Island!",Misc.,"[""Toy""]","[""Dig shiny dirt spot""]",,in-collection,,misc_order,129,,,,,,,,[],"[2204,2208,2233]",https://pokopiadex.com/images/items/item_ui/clefairy-doll.png,[],https://pokopiadex.com/items/clefairy-doll,pokopiadex_items_in_collection,0454-clefairy-doll.png,assets/pokopia_image_sources/item_portraits/0454-clefairy-doll.png,https://pokopiadex.com/images/items/item_ui/clefairy-doll.png,image/png,108282,d864f294eb4388164608af1559fef88a3a020fbd4acdae44db2d48e1ff6e4954,ok,
0455,placeable_item,834,Arcanine doll,arcanine-doll,"If you set this down and inspect it, Drifloon may fly over and whisk you away to a Dream Island!",Misc.,"[""Toy""]","[""Dig shiny dirt spot""]",,in-collection,,misc_order,130,,,,,,,,[],"[2204,2208]",https://pokopiadex.com/images/items/item_ui/arcanine-doll.png,[],https://pokopiadex.com/items/arcanine-doll,pokopiadex_items_in_collection,0455-arcanine-doll.png,assets/pokopia_image_sources/item_portraits/0455-arcanine-doll.png,https://pokopiadex.com/images/items/item_ui/arcanine-doll.png,image/png,151923,1036b81812ea3b40980580175937336e47ece624b11e1e06f8c66333ec6a4dd2,ok,
0456,placeable_item,836,Dragonite doll,dragonite-doll,"If you set this down and inspect it, Drifloon may fly over and whisk you away to a Dream Island.",Misc.,"[""Toy""]","[""Dig shiny dirt spot""]",,in-collection,,misc_order,131,,,,,,,,[],"[2204,2208,2233]",https://pokopiadex.com/images/items/item_ui/dragonite-doll.png,[],https://pokopiadex.com/items/dragonite-doll,pokopiadex_items_in_collection,0456-dragonite-doll.png,assets/pokopia_image_sources/item_portraits/0456-dragonite-doll.png,https://pokopiadex.com/images/items/item_ui/dragonite-doll.png,image/png,36681,49468bcd2f9dc939c5447ebfd7bc63124a44c3ac3a75737bc104b51dbabeae50,ok,
0457,placeable_item,979,Ditto doll,ditto-doll,"If you set this down and inspect it, Drifloon may fly over and whisk you away to a Dream Island!",Misc.,"[""Toy""]","[""Dig shiny dirt spot""]",,in-collection,,misc_order,132,,,,,,,,[],"[2204,2208,2233]",https://pokopiadex.com/images/items/item_ui/ditto-doll.png,[],https://pokopiadex.com/items/ditto-doll,pokopiadex_items_in_collection,0457-ditto-doll.png,assets/pokopia_image_sources/item_portraits/0457-ditto-doll.png,https://pokopiadex.com/images/items/item_ui/ditto-doll.png,image/png,23051,d681c6b68dc776ead79c8ad3506050331e3c0eeaf2246ed5019a2793060184ab,ok,
0458,placeable_item,878,Substitute doll,substitute-doll,"If you set this down and inspect it, Drifloon may fly over and whisk you away to a Dream Island!",Misc.,"[""Toy""]","[""Dig shiny dirt spot""]",,in-collection,,misc_order,133,,,,,,,,[],"[2204,2208,2233]",https://pokopiadex.com/images/items/item_ui/substitute-doll.png,[],https://pokopiadex.com/items/substitute-doll,pokopiadex_items_in_collection,0458-substitute-doll.png,assets/pokopia_image_sources/item_portraits/0458-substitute-doll.png,https://pokopiadex.com/images/items/item_ui/substitute-doll.png,image/png,100099,a38a0895674a46c43ac6aeed73aacee2f827e6865cd146931c470d7a18e849c4,ok,
0459,placeable_item,1999,Grubby letter,grubby-letter,"A yellowed letter, still sealed. It's got a postage stamp with a Poké Ball pattern on it.",Misc.,"[""Toy""]",[],,in-collection,,misc_order,134,,,,,,,,[],"[2201,2209,2215]",https://pokopiadex.com/images/items/item_ui/grubby-letter.png,[],https://pokopiadex.com/items/grubby-letter,pokopiadex_items_in_collection,0459-grubby-letter.png,assets/pokopia_image_sources/item_portraits/0459-grubby-letter.png,https://pokopiadex.com/images/items/item_ui/grubby-letter.png,image/png,18983,48eeb0a565136e673c206ee09cb99a24f35cd0f3e73f35362f0027b4708205c2,ok,
0460,placeable_item,2000,Grubby notepad,grubby-notepad,"It looks like there's some pretty important stuff written on this, but it's a little grimy.",Misc.,"[""Toy""]",[],,in-collection,,misc_order,135,,,,,,,,[],"[2201,2209,2215]",https://pokopiadex.com/images/items/item_ui/grubby-notepad.png,[],https://pokopiadex.com/items/grubby-notepad,pokopiadex_items_in_collection,0460-grubby-notepad.png,assets/pokopia_image_sources/item_portraits/0460-grubby-notepad.png,https://pokopiadex.com/images/items/item_ui/grubby-notepad.png,image/png,25081,51c3ef4f73fca7f6192731a200789403c70191c81bb156670831a46673e1541a,ok,
0461,placeable_item,2001,Grubby book,grubby-book,,Misc.,"[""Toy""]",[],,in-collection,,misc_order,136,,,,,,,,[],"[2201,2209,2215]",https://pokopiadex.com/images/items/item_ui/grubby-book.png,[],https://pokopiadex.com/items/grubby-book,pokopiadex_items_in_collection,0461-grubby-book.png,assets/pokopia_image_sources/item_portraits/0461-grubby-book.png,https://pokopiadex.com/images/items/item_ui/grubby-book.png,image/png,28818,f60efc52912a3ff1977d05eeed2db313ccf0670e47e3417f85c50b1a7e9b467a,ok,
0462,placeable_item,2002,Grubby papers,grubby-papers,Lots of tiny words are written on the yellowed pages along with drawings of colorful shapess.,Misc.,"[""Toy""]",[],,in-collection,,misc_order,137,,,,,,,,[],"[2201,2209,2215]",https://pokopiadex.com/images/items/item_ui/grubby-papers.png,[],https://pokopiadex.com/items/grubby-papers,pokopiadex_items_in_collection,0462-grubby-papers.png,assets/pokopia_image_sources/item_portraits/0462-grubby-papers.png,https://pokopiadex.com/images/items/item_ui/grubby-papers.png,image/png,26634,2f1e57926c19a32b692014493542458a86c58c7aa95f1c59d16880621f8805e8,ok,
0463,placeable_item,2003,Grubby newspaper,grubby-newspaper,A newspaper with noticeable dirt and grime. It smells like old paper.,Misc.,"[""Toy""]",[],,in-collection,,misc_order,138,,,,,,,,[],"[2201,2209,2215,2242]",https://pokopiadex.com/images/items/item_ui/grubby-newspaper.png,[],https://pokopiadex.com/items/grubby-newspaper,pokopiadex_items_in_collection,0463-grubby-newspaper.png,assets/pokopia_image_sources/item_portraits/0463-grubby-newspaper.png,https://pokopiadex.com/images/items/item_ui/grubby-newspaper.png,image/png,31158,c7849b11b9f6a2a75b08e64746c6a1586c69841d0304e4f85d1fed0ccea414c3,ok,
0464,placeable_item,2004,Grubby tablet,grubby-tablet,"A convenient, easy-to-carry deivce. Even though it's inside a hard case, the screen is cracked.",Misc.,"[""Toy""]",[],,in-collection,,misc_order,139,,,,,,,,[],[2209],https://pokopiadex.com/images/items/item_ui/grubby-tablet.png,[],https://pokopiadex.com/items/grubby-tablet,pokopiadex_items_in_collection,0464-grubby-tablet.png,assets/pokopia_image_sources/item_portraits/0464-grubby-tablet.png,https://pokopiadex.com/images/items/item_ui/grubby-tablet.png,image/png,29206,bd0b54682e01412aac27978ee05f0ea492f445fb0d93bf322455b691f422fb30,ok,
0465,placeable_item,2005,Grubby cell phone,grubby-cell-phone,"A device with a cracked screen. It can't make any calls, even when powered on.",Misc.,"[""Toy""]",[],,in-collection,,misc_order,140,,,,,,,,[],[2209],https://pokopiadex.com/images/items/item_ui/grubby-cell-phone.png,[],https://pokopiadex.com/items/grubby-cell-phone,pokopiadex_items_in_collection,0465-grubby-cell-phone.png,assets/pokopia_image_sources/item_portraits/0465-grubby-cell-phone.png,https://pokopiadex.com/images/items/item_ui/grubby-cell-phone.png,image/png,26529,3fc4ea03715e3dbdbe506a87a5f422cb14f9feef71699f7ccaa5ca8be2e7ef31,ok,
0466,placeable_item,1041,Flowery table setting,flowery-table-setting,A set of cute floral tableware. The placemat has a Jumpluff pattern!,Misc.,"[""Decoration""]","[""Trade 10 Cotton spores to Hoppip""]",More Spores for Hoppip,in-collection,,misc_order,1,,,,,,,,[],"[2200,2204,2210,2212,2227,2233]",https://pokopiadex.com/images/items/item_ui/flowery-table-setting.png,[],https://pokopiadex.com/items/flowery-table-setting,pokopiadex_items_in_collection,0466-flowery-table-setting.png,assets/pokopia_image_sources/item_portraits/0466-flowery-table-setting.png,https://pokopiadex.com/images/items/item_ui/flowery-table-setting.png,image/png,156077,3b4cb5c7fe7d90b48015166538e6fadaadf72360b2ee1e37eedf26c9ddcdffdd,ok,
0467,placeable_item,1037,Lunch box,lunch-box,A lunch box packed with Pokémon-shaped food. The perfect meal for a picnic lunch.,Misc.,"[""Decoration""]","[""Trade 5 Cotton spores to Hoppip""]",More Spores for Hoppip,in-collection,,misc_order,2,,,,,,,,[],"[2200,2204,2210,2216]",https://pokopiadex.com/images/items/item_ui/lunch-box.png,[],https://pokopiadex.com/items/lunch-box,pokopiadex_items_in_collection,0467-lunch-box.png,assets/pokopia_image_sources/item_portraits/0467-lunch-box.png,https://pokopiadex.com/images/items/item_ui/lunch-box.png,image/png,165481,993d66491b449a82d921ecfec60a7dac6c7a5d6b28aa49c5755e717e354ac71c,ok,
0468,placeable_item,1036,Hoppip water bottle,hoppip-water-bottle,"This water bottle with a shoulder strap is perfect for picnics! The Hoppip pattern is very cute,",Misc.,[],"[""Trade 5 Cotton spores to Hoppip""]",More Spores for Hoppip,in-collection,,misc_order,3,,,,,,,,[],"[2200,2203,2204,2220]",https://pokopiadex.com/images/items/item_ui/hoppip-water-bottle.png,[],https://pokopiadex.com/items/hoppip-water-bottle,pokopiadex_items_in_collection,0468-hoppip-water-bottle.png,assets/pokopia_image_sources/item_portraits/0468-hoppip-water-bottle.png,https://pokopiadex.com/images/items/item_ui/hoppip-water-bottle.png,image/png,138380,b72fac842db47292b2fc6170a6c029c3d247addfd4f96e4f77f74d087378b0a2,ok,
0469,placeable_item,1048,Juice trio,juice-trio,Bottles of colored juices. One of them is capped off nicely with a flower-shaped lid.,Misc.,"[""Decoration""]","[""Trade 5 Cotton spores to Hoppip""]",More Spores for Hoppip,in-collection,,misc_order,4,,,,,0,,,[],"[2200,2203,2210,2211,2216]",https://pokopiadex.com/images/items/item_ui/juice-trio.png,[],https://pokopiadex.com/items/juice-trio,pokopiadex_items_in_collection,0469-juice-trio.png,assets/pokopia_image_sources/item_portraits/0469-juice-trio.png,https://pokopiadex.com/images/items/item_ui/juice-trio.png,image/png,136548,29695ec45e1f6e9c96a82a20682b22bf4a26c095cbead4e653e6057931c370a6,ok,
0470,placeable_item,2363,Digital camera,digital-camera,A single-lens digital camera. It's so high-tech that it looks tricky to use!,Misc.,"[""Toy""]","[""Trade 5 Red crystal fragments to Sableye""]",Sableye's Gem Hunt,in-collection,,misc_order,5,,,,,,,,[],"[2201,2222,2239]",https://pokopiadex.com/images/items/item_ui/digital-camera.png,[],https://pokopiadex.com/items/digital-camera,pokopiadex_items_in_collection,0470-digital-camera.png,assets/pokopia_image_sources/item_portraits/0470-digital-camera.png,https://pokopiadex.com/images/items/item_ui/digital-camera.png,image/png,130514,fb87ad2e40f57197fa93dec8924dbbc39c36652a8c2335bf96d52f2a5cc04021,ok,
0471,placeable_item,2367,Jewel wall decoration,jewel-wall-decoration,Put these multi-colored jewels up on the wall to add a little sparkle to your decor!,Misc.,"[""Decoration""]","[""Trade 2 Red crystal fragments to Sableye""]",Sableye's Gem Hunt,in-collection,,misc_order,6,,,,,,,,[],"[2200,2221,2238,2242]",https://pokopiadex.com/images/items/item_ui/jewel-wall-decoration.png,[],https://pokopiadex.com/items/jewel-wall-decoration,pokopiadex_items_in_collection,0471-jewel-wall-decoration.png,assets/pokopia_image_sources/item_portraits/0471-jewel-wall-decoration.png,https://pokopiadex.com/images/items/item_ui/jewel-wall-decoration.png,image/png,145167,9cc4681cfdcf70127b011d58c275b6564632a701730e138ae37f936509fc5383,ok,
0472,placeable_item,1035,Flower backpack,flower-backpack,The big flower makes this backpack stand out! Looks like it could hold everything you need for a picnic.,Misc.,[],"[""Trade 5 Cotton spores to Hoppip""]",More Spores for Hoppip,in-collection,,misc_order,7,,,,,,,,[],"[2203,2204,2227,2233]",https://pokopiadex.com/images/items/item_ui/flower-backpack.png,[],https://pokopiadex.com/items/flower-backpack,pokopiadex_items_in_collection,0472-flower-backpack.png,assets/pokopia_image_sources/item_portraits/0472-flower-backpack.png,https://pokopiadex.com/images/items/item_ui/flower-backpack.png,image/png,133716,c705c2a0f2b907f19b10ea0f9eb7472a8a232b2a341f6e0c02ee0fa13b94ee16,ok,
0473,placeable_item,2371,Adventure kit,adventure-kit,"A sleeping bag, a hat, and a backpack stuffed fill of supplies. All you need for an adventure is right here!",Misc.,"[""Toy""]","[""Trade 10 Red crystal fragments to Sableye""]",Sableye's Gem Hunt,in-collection,,misc_order,8,,,,,,,,[],"[2203,2208,2233]",https://pokopiadex.com/images/items/item_ui/adventure-kit.png,[],https://pokopiadex.com/items/adventure-kit,pokopiadex_items_in_collection,0473-adventure-kit.png,assets/pokopia_image_sources/item_portraits/0473-adventure-kit.png,https://pokopiadex.com/images/items/item_ui/adventure-kit.png,image/png,133993,0186302ba18ec0d10babf09b0d43a688f5179f041fa0a9f24d0c7d738d4d68f9,ok,
0474,placeable_item,1047,Flower garland,flower-garland,An adorable wall decoration made with a variety of colorful flowers.,Misc.,"[""Decoration""]","[""Trade 5 Cotton spores to Hoppip""]",More Spores for Hoppip,in-collection,,,,,,,,0,,,[],"[2200,2210,2227,2233,2242]",https://pokopiadex.com/images/items/item_ui/flower-garland.png,[],https://pokopiadex.com/items/flower-garland,pokopiadex_items_in_collection,0474-flower-garland.png,assets/pokopia_image_sources/item_portraits/0474-flower-garland.png,https://pokopiadex.com/images/items/item_ui/flower-garland.png,image/png,16290,f69a5446340dca39c2178c387f28e47923f9d65ff1dedec59b4dfab55d6e8a50,ok,
0475,placeable_item,48,Campfire,campfire,"A campfire made from gathered sticks. When lit, it illuminates the area with a warm light.",Outdoor,"[""Relaxation""]",[],,in-collection,,outdoor_order,1,,,,,,,,[],"[2212,2218,2238]",https://pokopiadex.com/images/items/crafting_ui/campfire.png,[],https://pokopiadex.com/items/campfire,pokopiadex_items_in_collection,0475-campfire.png,assets/pokopia_image_sources/item_portraits/0475-campfire.png,https://pokopiadex.com/images/items/crafting_ui/campfire.png,image/png,105872,92b94183d4b4cf3bb23eedd23f7c3d35aae0991cb378d3194f87d4f4585f3d02,ok,
0476,placeable_item,363,Torch,torch,"If you light this, it'll burn slowly, filling the area with bright light.",Outdoor,"[""Relaxation""]","[""Red Pokeball""]",,in-collection,,outdoor_order,2,,,,,,,,[],[2218],https://pokopiadex.com/images/items/crafting_ui/torch.png,[],https://pokopiadex.com/items/torch,pokopiadex_items_in_collection,0476-torch.png,assets/pokopia_image_sources/item_portraits/0476-torch.png,https://pokopiadex.com/images/items/crafting_ui/torch.png,image/png,170695,b1841e71a5bbb7c06782edbb3b7f1e0311a8d3d3a82678c1f5c7148d6fe8f012,ok,
0477,placeable_item,293,Slender candle,slender-candle,Light this up to get a flickering bright-red flame. It's small enough to fit on a deck.,Outdoor,"[""Decoration""]","[""Red Pokeball""]",,in-collection,,outdoor_order,3,,,,50,,,,[],"[2218,2221,2232,2237,2238]",https://pokopiadex.com/images/items/shop_ui/slender-candle.png,[],https://pokopiadex.com/items/slender-candle,pokopiadex_items_in_collection,0477-slender-candle.png,assets/pokopia_image_sources/item_portraits/0477-slender-candle.png,https://pokopiadex.com/images/items/shop_ui/slender-candle.png,image/png,118957,5f9c441df112210a6c03124b39321031f28351918a16da0d375e5012b2be6568,ok,
0478,placeable_item,810,Eerie candle,eerie-candle,Fwoosh! This candle glows with a bluish flame when lit. It's small enough to fit on top of a desk.,Outdoor,"[""Decoration""]",[],,in-collection,Lost Relics (L),lost_relics_l_order,25,,,,,,,,[],"[2204,2218,2237,2238]",https://pokopiadex.com/images/items/item_ui/eerie-candle.png,[],https://pokopiadex.com/items/eerie-candle,pokopiadex_items_in_collection,0478-eerie-candle.png,assets/pokopia_image_sources/item_portraits/0478-eerie-candle.png,https://pokopiadex.com/images/items/item_ui/eerie-candle.png,image/png,94962,d76a86e3e39e2f45972de1c1267e92adb7b003a19185732dbdd415d2ede7acf9,ok,
0479,placeable_item,1837,Wall torch,wall-torch,A simple light that looks appropriate even on rugged surfaces such as caves and rock walls.,Outdoor,"[""Decoration""]",[],,in-collection,,outdoor_order,5,,,,,,,,[],"[2218,2238]",https://pokopiadex.com/images/items/item_ui/wall-torch.png,[],https://pokopiadex.com/items/wall-torch,pokopiadex_items_in_collection,0479-wall-torch.png,assets/pokopia_image_sources/item_portraits/0479-wall-torch.png,https://pokopiadex.com/images/items/item_ui/wall-torch.png,image/png,15844,e0fa9bb37eac4e4f9a84473a8d6cf8a813331f9d4148c8b7442f93f75affd947,ok,
0480,placeable_item,1402,Firepit,firepit,Set this ablaze to illuminate the surroundings with bright light. Fwoosh!,Outdoor,"[""Decoration""]",[],,in-collection,,outdoor_order,6,,,,,,,,[],"[2212,2218,2229,2238]",https://pokopiadex.com/images/items/item_ui/firepit.png,[],https://pokopiadex.com/items/firepit,pokopiadex_items_in_collection,0480-firepit.png,assets/pokopia_image_sources/item_portraits/0480-firepit.png,https://pokopiadex.com/images/items/item_ui/firepit.png,image/png,29105,c25c3de68c443730f60098513fe84edbfc7097c705ff170ae5740c24065da524,ok,
0481,placeable_item,221,Bonfire,bonfire,"When the wood in the center catches fire, this provides warmth and light to a large nearby area.",Outdoor,"[""Decoration""]",[],,in-collection,,outdoor_order,7,,,,200,,,,[],"[2212,2218,2242]",https://pokopiadex.com/images/items/shop_ui/bonfire.png,[],https://pokopiadex.com/items/bonfire,pokopiadex_items_in_collection,0481-bonfire.png,assets/pokopia_image_sources/item_portraits/0481-bonfire.png,https://pokopiadex.com/images/items/shop_ui/bonfire.png,image/png,351479,8f0b65010182e2e213e598ab3489301b11be81528557f714bde368cdf51e9f1f,ok,
0482,placeable_item,1161,Sandbox,sandbox,Place this to set up a fun space for playing with sand. Discover what you can create here!,Outdoor,"[""Toy""]",[],,in-collection,,outdoor_order,8,,,,,,,,[],"[2198,2212,2217,2226]",https://pokopiadex.com/images/items/crafting_ui/sandbox.png,[],https://pokopiadex.com/items/sandbox,pokopiadex_items_in_collection,0482-sandbox.png,assets/pokopia_image_sources/item_portraits/0482-sandbox.png,https://pokopiadex.com/images/items/crafting_ui/sandbox.png,image/png,148679,2b25d5999b4abce6302911b409d0b62defbbd92be1f01bee3439067315a2cfc3,ok,
0483,placeable_item,1555,Tire toy,tire-toy,Tires used in parks as playground equipment. Put them on the ground and have fun hopping over them!,Outdoor,"[""Toy""]",[],,in-collection,,outdoor_order,9,,,,200,,,,[],"[2212,2226,2229,2243]",https://pokopiadex.com/images/items/shop_ui/tire-toy.png,[],https://pokopiadex.com/items/tire-toy,pokopiadex_items_in_collection,0483-tire-toy.png,assets/pokopia_image_sources/item_portraits/0483-tire-toy.png,https://pokopiadex.com/images/items/shop_ui/tire-toy.png,image/png,121569,7c6bc47f52091ac0337e70bf69692b5c29e6d4bc05d5725c7cbab3a377d326a0,ok,
0484,placeable_item,1121,Concrete pipe,concrete-pipe,Link several of these to make the pipe as long as you want! The inside is pitch black.,Outdoor,"[""Decoration""]",[],,in-collection,,outdoor_order,10,,,,,,,,[],"[2229,2238]",https://pokopiadex.com/images/items/crafting_ui/concrete-pipe.png,[],https://pokopiadex.com/items/concrete-pipe,pokopiadex_items_in_collection,0484-concrete-pipe.png,assets/pokopia_image_sources/item_portraits/0484-concrete-pipe.png,https://pokopiadex.com/images/items/crafting_ui/concrete-pipe.png,image/png,109327,4cc82f2ac170a82d1a25e74b1aa3908c1e3ff39a6b1d08bc6cd4055c62b65580,ok,
0485,placeable_item,61,Punching bag,punching-bag,Heavy and packed full of sand. Perfect for practicing punches and kicks!,Outdoor,"[""Toy""]","[""Near tutorial area Pokemon Center""]",,in-collection,,outdoor_order,11,,,,,,,,[],"[2207,2208,2217,2243]",https://pokopiadex.com/images/items/crafting_ui/punching-bag.png,[],https://pokopiadex.com/items/punching-bag,pokopiadex_items_in_collection,0485-punching-bag.png,assets/pokopia_image_sources/item_portraits/0485-punching-bag.png,https://pokopiadex.com/images/items/crafting_ui/punching-bag.png,image/png,145470,12583f6ccc74e25105f80584b55d80fd90a3c62db469e01a4fa111f4436b3b5a,ok,
0486,placeable_item,1517,Slide,slide,An essential part of any playground. Its imposing size leaves a real impression.,Outdoor,"[""Toy""]",[],,in-collection,,outdoor_order,12,,,,,,,,[],"[2212,2226,2244]",https://pokopiadex.com/images/items/item_ui/slide.png,[],https://pokopiadex.com/items/slide,pokopiadex_items_in_collection,0486-slide.png,assets/pokopia_image_sources/item_portraits/0486-slide.png,https://pokopiadex.com/images/items/item_ui/slide.png,image/png,21455,2f69ebbd82e05ebb66f10108ae468a70fd62b082aad3b94557018616958da13c,ok,
0487,placeable_item,816,Vending machine,vending-machine,Connect this to electricity to make it light up! Looks like it still has some things inside for sale.,Outdoor,"[""Toy""]",[],,in-collection,,outdoor_order,13,,,,100,,,,[],"[2198,2211,2212,2222,2230]",https://pokopiadex.com/images/items/shop_ui/vending-machine.png,[],https://pokopiadex.com/items/vending-machine,pokopiadex_items_in_collection,0487-vending-machine.png,assets/pokopia_image_sources/item_portraits/0487-vending-machine.png,https://pokopiadex.com/images/items/shop_ui/vending-machine.png,image/png,350859,409d9cb48f6f32c209ea673072e0f2b6945cd3726c91a9527cd744ec8bff6eab,ok,
0488,placeable_item,1173,Wall-mounted flowers,wall-mounted-flowers,A planter filled with colorful flowers. Hang one on a wall to create a vibrant space.,Outdoor,"[""Decoration""]",[],,in-collection,,outdoor_order,14,,,,,,,,[],"[2200,2227]",https://pokopiadex.com/images/items/crafting_ui/wall-mounted-flowers.png,[],https://pokopiadex.com/items/wall-mounted-flowers,pokopiadex_items_in_collection,0488-wall-mounted-flowers.png,assets/pokopia_image_sources/item_portraits/0488-wall-mounted-flowers.png,https://pokopiadex.com/images/items/crafting_ui/wall-mounted-flowers.png,image/png,215446,1552f1379f263bce86fa2efe5088d63067f3d78c6db8d00ea7e12e1b20117243,ok,
0489,placeable_item,69,Chansey plant,chansey-plant,A tree that looks just like a Chansey! Looking at it seems to fill you with a gentle energy.,Outdoor,"[""Decoration""]",[],,in-collection,,outdoor_order,15,,,,,,,,[],"[2198,2204,2221,2227,2229]",https://pokopiadex.com/images/items/item_ui/chansey-plant.png,[],https://pokopiadex.com/items/chansey-plant,pokopiadex_items_in_collection,0489-chansey-plant.png,assets/pokopia_image_sources/item_portraits/0489-chansey-plant.png,https://pokopiadex.com/images/items/item_ui/chansey-plant.png,image/png,37144,f26f16195d957b74d249d85e0462540318610c4cdeb87f50130ef468d17eec22,ok,
0490,placeable_item,1959,Garden ornament,garden-ornament,,Outdoor,"[""Decoration""]","[""Appraise Large lost relic""]",,in-collection,Lost Relics (L),lost_relics_l_order,26,,,,,,,,[],"[2210,2238]",https://pokopiadex.com/images/items/item_ui/garden-ornament.png,[],https://pokopiadex.com/items/garden-ornament,pokopiadex_items_in_collection,0490-garden-ornament.png,assets/pokopia_image_sources/item_portraits/0490-garden-ornament.png,https://pokopiadex.com/images/items/item_ui/garden-ornament.png,image/png,94586,9b11ed352d976214b968cda441f728d11d99226b74c48040a8821951d58e798e,ok,
0491,placeable_item,913,Bike,bike,A cool bicycle that looks high-end. It sparkles as if it's brand-new.,Outdoor,"[""Toy""]","[""Appraise Large lost relic""]",,in-collection,Lost Relics (L),lost_relics_l_order,27,,,,,,,,[],"[2201,2207,2222,2228,2239]",https://pokopiadex.com/images/items/item_ui/bike.png,[],https://pokopiadex.com/items/bike,pokopiadex_items_in_collection,0491-bike.png,assets/pokopia_image_sources/item_portraits/0491-bike.png,https://pokopiadex.com/images/items/item_ui/bike.png,image/png,136351,4aac659ef5eefe4af162bb3437e04f49a814b30924c84fedc76173c10f51b669,ok,
0492,placeable_item,1158,Planter,planter,"Plant some flower or vegetable seeds here, and raise them until they're fully grown.",Outdoor,[],[],,in-collection,,outdoor_order,18,,,,,,,,[],[],https://pokopiadex.com/images/items/crafting_ui/planter.png,[],https://pokopiadex.com/items/planter,pokopiadex_items_in_collection,0492-planter.png,assets/pokopia_image_sources/item_portraits/0492-planter.png,https://pokopiadex.com/images/items/crafting_ui/planter.png,image/png,116518,51180118dc24750a654a36b1fdf5a70a0594d492d9395a5cd5e0fbd534f6f528,ok,
0493,placeable_item,1838,Garden flowers,garden-flowers,A stylish flower pot with cute flowers in full bloom. It would look great as a desk ornament.,Outdoor,"[""Decoration""]",[],,in-collection,,outdoor_order,19,,,,,,,,[],"[2200,2227]",https://pokopiadex.com/images/items/item_ui/garden-flowers.png,[],https://pokopiadex.com/items/garden-flowers,pokopiadex_items_in_collection,0493-garden-flowers.png,assets/pokopia_image_sources/item_portraits/0493-garden-flowers.png,https://pokopiadex.com/images/items/item_ui/garden-flowers.png,image/png,33930,429f7f5938ee8fce475ccb72fcd917f2aef11bcb0f1296dbb6b5bda5cc00db90,ok,
0494,placeable_item,401,Cart,cart,"It has a large bed, so it looks like you can use it to haul some pretty big stuff.",Outdoor,[],[],,in-collection,,outdoor_order,20,,,,100,,,,[],[],https://pokopiadex.com/images/items/crafting_ui/cart.png,[],https://pokopiadex.com/items/cart,pokopiadex_items_in_collection,0494-cart.png,assets/pokopia_image_sources/item_portraits/0494-cart.png,https://pokopiadex.com/images/items/crafting_ui/cart.png,image/png,212607,c422afaf952989a00f5db6d1407f58d0d1be93bb4f76a92e6aae86f0c867bb82,ok,
0495,placeable_item,724,Perch,perch,"A branch perch where bird Pokémon can rest. Place a few, and you might get some visitors!",Outdoor,"[""Relaxation""]",[],,in-collection,,outdoor_order,21,,,,,,,,[],[],https://pokopiadex.com/images/items/crafting_ui/perch.png,[],https://pokopiadex.com/items/perch,pokopiadex_items_in_collection,0495-perch.png,assets/pokopia_image_sources/item_portraits/0495-perch.png,https://pokopiadex.com/images/items/crafting_ui/perch.png,image/png,106488,aeba4a4a409ec609ab6bf61fcd58576787385ee03ff51365e4d89aa224ed6b8e,ok,
0496,placeable_item,821,Wooden birdhouse,wooden-birdhouse,"A birdhouse filled with dry, soft grass. Bird Pokémon would probably love lounging here.",Outdoor,"[""Decoration""]","[""Red Pokeball on Dream Island""]",,in-collection,,outdoor_order,22,,,,100,,,,[],"[2203,2232,2244]",https://pokopiadex.com/images/items/crafting_ui/wooden-birdhouse.png,[],https://pokopiadex.com/items/wooden-birdhouse,pokopiadex_items_in_collection,0496-wooden-birdhouse.png,assets/pokopia_image_sources/item_portraits/0496-wooden-birdhouse.png,https://pokopiadex.com/images/items/crafting_ui/wooden-birdhouse.png,image/png,143494,b23bd494cced82457f4f5c9f3c8adeff174ffea3415e6bb043ec54cb702febe9,ok,
0497,placeable_item,1839,Mailbox,mailbox,A box for recieving letters. It'd look really nice in front of a house!,Outdoor,"[""Decoration""]",[],,in-collection,,outdoor_order,23,,,,,,,,[],"[2203,2222]",https://pokopiadex.com/images/items/crafting_ui/mailbox.png,[],https://pokopiadex.com/items/mailbox,pokopiadex_items_in_collection,0497-mailbox.png,assets/pokopia_image_sources/item_portraits/0497-mailbox.png,https://pokopiadex.com/images/items/crafting_ui/mailbox.png,image/png,158559,a51614cffcd3bb72e911684f8ee66a7b60583c73d4507bb4e78d5085abdef742,ok,
0498,placeable_item,1840,Weather vane,weather-vane,A decoration that spins around and around in the wind. Looks like a bird Pokémon perched on a post.,Outdoor,"[""Toy""]",[],,in-collection,,outdoor_order,24,,,,,,,,[],"[2222,2223,2236]",https://pokopiadex.com/images/items/item_ui/weather-vane.png,[],https://pokopiadex.com/items/weather-vane,pokopiadex_items_in_collection,0498-weather-vane.png,assets/pokopia_image_sources/item_portraits/0498-weather-vane.png,https://pokopiadex.com/images/items/item_ui/weather-vane.png,image/png,15754,adb8304f304f8f4d7b0d14d19dc4b427592a97955f564df19173c9f3a02977ae,ok,
0499,placeable_item,343,Gravestone,gravestone,A place where souls can rest in peace. Ghost-type Pokémon might enjoy this.,Outdoor,"[""Decoration""]","[""High ocean side point in Withered Wasteland""]",,in-collection,,outdoor_order,25,,,,,,,,[],"[2215,2237,2239]",https://pokopiadex.com/images/items/item_ui/gravestone.png,[],https://pokopiadex.com/items/gravestone,pokopiadex_items_in_collection,0499-gravestone.png,assets/pokopia_image_sources/item_portraits/0499-gravestone.png,https://pokopiadex.com/images/items/item_ui/gravestone.png,image/png,83921,6cfa725b4b9b0417caabec2acd2a25ea055e30d5538eecfceb09f69cc0a8c304,ok,
0500,placeable_item,1841,Blank canvas,blank-canvas,A completely empty canvas. A Pokémon artist might be inspired to paint something on it.,Outdoor,"[""Decoration""]",[],,in-collection,,outdoor_order,26,,,,,,,,[],"[2208,2242]",https://pokopiadex.com/images/items/item_ui/blank-canvas.png,[],https://pokopiadex.com/items/blank-canvas,pokopiadex_items_in_collection,0500-blank-canvas.png,assets/pokopia_image_sources/item_portraits/0500-blank-canvas.png,https://pokopiadex.com/images/items/item_ui/blank-canvas.png,image/png,21541,a7d0090c5aade8f07125c6a46149249fc62a26104c13d28ac3ac79144bc33965,ok,
0501,placeable_item,2006,Painting (landscape),painting-landscape,One of Smearguru's passion projects. The contrast between the forest and the mountain is beautiful.,Outdoor,"[""Decoration""]",[],,in-collection,,outdoor_order,27,,,,,,,,[],"[2200,2208,2242]",https://pokopiadex.com/images/items/item_ui/painting-landscape.png,[],https://pokopiadex.com/items/painting-landscape,pokopiadex_items_in_collection,0501-painting-landscape.png,assets/pokopia_image_sources/item_portraits/0501-painting-landscape.png,https://pokopiadex.com/images/items/item_ui/painting-landscape.png,image/png,29326,4e5f414b749a36a00fe82feafeaabb1b13286c0e94b4de6cc4859586b927cada,ok,
0502,placeable_item,2007,Painting (portrait),painting-portrait,"One of Smearguru's passion projects. The subject has been masterfully recreated, wobbliness and all.",Outdoor,"[""Decoration""]",[],,in-collection,,outdoor_order,28,,,,,,,,[],"[2200,2208,2242]",https://pokopiadex.com/images/items/item_ui/painting-portrait.png,[],https://pokopiadex.com/items/painting-portrait,pokopiadex_items_in_collection,0502-painting-portrait.png,assets/pokopia_image_sources/item_portraits/0502-painting-portrait.png,https://pokopiadex.com/images/items/item_ui/painting-portrait.png,image/png,26642,eb35852d2046b027895eb0ed0224ec1e5ef305dd9894721071bd61e78c777735,ok,
0503,placeable_item,2008,Painting (still life),painting-still-life,One of Smearguru's passion projects. Each and every object looks just like the real thing.,Outdoor,"[""Decoration""]",[],,in-collection,,outdoor_order,29,,,,,,,,[],"[2200,2208,2242]",https://pokopiadex.com/images/items/item_ui/painting-still-life.png,[],https://pokopiadex.com/items/painting-still-life,pokopiadex_items_in_collection,0503-painting-still-life.png,assets/pokopia_image_sources/item_portraits/0503-painting-still-life.png,https://pokopiadex.com/images/items/item_ui/painting-still-life.png,image/png,35432,cfa598648e12034843a4b4ca6ecb145fbff1c154d85be35016d32e238b1f0aa3,ok,
0504,placeable_item,828,Cannon,cannon,"Put fireworks or a Pokémon with the Explode specialty inside, light the fuse, and watch 'em fly!",Outdoor,"[""Toy""]",[],,in-collection,,outdoor_order,30,,,,,,,,[],"[2218,2222,2239]",https://pokopiadex.com/images/items/crafting_ui/cannon.png,[],https://pokopiadex.com/items/cannon,pokopiadex_items_in_collection,0504-cannon.png,assets/pokopia_image_sources/item_portraits/0504-cannon.png,https://pokopiadex.com/images/items/crafting_ui/cannon.png,image/png,110542,e7e6d61da7c7369ecfb1f1514dfbf519ac4057b518d097828aff85224b8d51bc,ok,
0505,placeable_item,1114,Bell,bell,"A golden, wall-mounted bell. When struck, it rings with a pleasant sound.",Outdoor,"[""Toy""]",[],,in-collection,,outdoor_order,31,,,,,,,,[],"[2221,2222,2231,2239,2243]",https://pokopiadex.com/images/items/crafting_ui/bell.png,[],https://pokopiadex.com/items/bell,pokopiadex_items_in_collection,0505-bell.png,assets/pokopia_image_sources/item_portraits/0505-bell.png,https://pokopiadex.com/images/items/crafting_ui/bell.png,image/png,122290,3c44adc0df6bc79dda67973b7ea8a858f48e144247bb3d33ca67ec4795e13821,ok,
0506,placeable_item,769,Small stage,small-stage,Get on and start dancing! You can power on the lights by hooking this up to electricity.,Outdoor,"[""Toy""]","[""Red Pokeball near party venue in Rocky Ridges""]",,in-collection,,outdoor_order,32,,,,100,,,,[],"[2212,2222,2226,2229,2236,2239]",https://pokopiadex.com/images/items/shop_ui/small-stage.png,[],https://pokopiadex.com/items/small-stage,pokopiadex_items_in_collection,0506-small-stage.png,assets/pokopia_image_sources/item_portraits/0506-small-stage.png,https://pokopiadex.com/images/items/shop_ui/small-stage.png,image/png,160404,d460a3bffb1f48e5821b22be08ea8543682544747cb8f8f083b47a982aea9499,ok,
0507,placeable_item,722,Hot-spring spout,hot-spring-spout,Place this next to a pool of hot water to create a genuine hot-spring vibe.,Outdoor,[],"[""Red Pokeball by hot spring in Rocky Ridges""]",,in-collection,,outdoor_order,33,,,,,,,,[],[],https://pokopiadex.com/images/items/item_ui/hot-spring-spout.png,[],https://pokopiadex.com/items/hot-spring-spout,pokopiadex_items_in_collection,0507-hot-spring-spout.png,assets/pokopia_image_sources/item_portraits/0507-hot-spring-spout.png,https://pokopiadex.com/images/items/item_ui/hot-spring-spout.png,image/png,29963,fc21acc4526188930d54b6dcf2d79a200ecdc6b7f500d356fd3ffc74f35a13b2,ok,
0508,placeable_item,304,Water basin,water-basin,Fill this water so Pokémon can do some watering for you!,Outdoor,"[""Decoration""]",[],,in-collection,,outdoor_order,34,,,,50,,,,[],"[2199,2200,2220,2229,2244]",https://pokopiadex.com/images/items/shop_ui/water-basin.png,[],https://pokopiadex.com/items/water-basin,pokopiadex_items_in_collection,0508-water-basin.png,assets/pokopia_image_sources/item_portraits/0508-water-basin.png,https://pokopiadex.com/images/items/shop_ui/water-basin.png,image/png,231860,ee0de010ffb543b8bbd5bb6e487de859018c644444927658e7bcf4145938a34e,ok,
0509,placeable_item,1567,Canoe,canoe,"A paddle, bucket and rope is all you need for a journey out to sea.",Outdoor,"[""Toy""]",[],,in-collection,,outdoor_order,35,,,,,,,,[],"[2212,2229]",https://pokopiadex.com/images/items/item_ui/canoe.png,[],https://pokopiadex.com/items/canoe,pokopiadex_items_in_collection,0509-canoe.png,assets/pokopia_image_sources/item_portraits/0509-canoe.png,https://pokopiadex.com/images/items/item_ui/canoe.png,image/png,24773,71377d7e75e18d34dba73e6eb811b5917c9e836c4e63cc931146f11768269f55,ok,
0510,placeable_item,426,Inflatable boat,inflatable-boat,"Feels great whether you lie down on it like a bed, or float it on the water like a boat.",Outdoor,"[""Relaxation""]",[],,in-collection,,outdoor_order,36,,,,,,,,[],"[2198,2212,2220,2243]",https://pokopiadex.com/images/items/item_ui/inflatable-boat.png,[],https://pokopiadex.com/items/inflatable-boat,pokopiadex_items_in_collection,0510-inflatable-boat.png,assets/pokopia_image_sources/item_portraits/0510-inflatable-boat.png,https://pokopiadex.com/images/items/item_ui/inflatable-boat.png,image/png,38501,5bfd4c06157d143510467770beff1a27feb6c739accd92244b37d4bb153eed43,ok,
0511,placeable_item,219,Beach parasol,beach-parasol,Place one of these on the beach for protection from scorching sunbeams.,Outdoor,"[""Relaxation""]","[""Trade honey to Gather Honey specialty Pokemon""]",,in-collection,,outdoor_order,37,,,,100,,,,[],"[2208,2220,2225]",https://pokopiadex.com/images/items/shop_ui/beach-parasol.png,[],https://pokopiadex.com/items/beach-parasol,pokopiadex_items_in_collection,0511-beach-parasol.png,assets/pokopia_image_sources/item_portraits/0511-beach-parasol.png,https://pokopiadex.com/images/items/shop_ui/beach-parasol.png,image/png,163400,888475fdfcce4d2d59601b15781ec44d8dd66ecb4e97df88af2e71ec330ab8bb,ok,
0512,placeable_item,306,Horsea fountain,horsea-fountain,Installing this near water should raise the humidity of its surroundings.,Outdoor,"[""Toy""]",[],,in-collection,Lost Relics (L),lost_relics_l_order,28,,,,50,,,,[],"[2220,2225,2238,2239]",https://pokopiadex.com/images/items/shop_ui/horsea-fountain.png,[],https://pokopiadex.com/items/horsea-fountain,pokopiadex_items_in_collection,0512-horsea-fountain.png,assets/pokopia_image_sources/item_portraits/0512-horsea-fountain.png,https://pokopiadex.com/images/items/shop_ui/horsea-fountain.png,image/png,240001,75809129ad7863e36117a1e288ad20b515c2391b9e9739d476fd4bd52090f670,ok,
0513,placeable_item,379,Fishing rod,fishing-rod,A must-have item for fishing up Pokémon. Set one by the water and wait patiently for a bite!,Outdoor,"[""Toy""]",[],,in-collection,Lost Relics (L),lost_relics_l_order,29,,,,,,,,[],"[2222,2225,2232,2243]",https://pokopiadex.com/images/items/item_ui/fishing-rod.png,[],https://pokopiadex.com/items/fishing-rod,pokopiadex_items_in_collection,0513-fishing-rod.png,assets/pokopia_image_sources/item_portraits/0513-fishing-rod.png,https://pokopiadex.com/images/items/item_ui/fishing-rod.png,image/png,127670,c0843e61ba00d1ecb58d76834d0dacb4b9e14acc4066ef4550a91fd8c91b18d1,ok,
0514,placeable_item,364,Arrow sign,arrow-sign,An arrow-shaped sign. You could use it as a guidepost at forked roads.,Outdoor,"[""Decoration""]",[],,in-collection,,outdoor_order,40,,,,,,,,[],"[2215,2244]",https://pokopiadex.com/images/items/item_ui/arrow-sign.png,[],https://pokopiadex.com/items/arrow-sign,pokopiadex_items_in_collection,0514-arrow-sign.png,assets/pokopia_image_sources/item_portraits/0514-arrow-sign.png,https://pokopiadex.com/images/items/item_ui/arrow-sign.png,image/png,92842,bdbb872e852c5fe99bb35e7b9c57fcb4017533192c6f65c039f925263b7f91af,ok,
0515,placeable_item,820,Menu board,menu-board,"Specials are written on this board, but it doesn't seem like Pokémon can actually read them.",Outdoor,"[""Decoration""]",[],,in-collection,,outdoor_order,41,,,,,,,,[],"[2198,2215,2244]",https://pokopiadex.com/images/items/item_ui/menu-board.png,[],https://pokopiadex.com/items/menu-board,pokopiadex_items_in_collection,0515-menu-board.png,assets/pokopia_image_sources/item_portraits/0515-menu-board.png,https://pokopiadex.com/images/items/item_ui/menu-board.png,image/png,32500,3f1a9aed47cce017d73477820d878f6f35aecd4ad695aa49c0ce4e5a1eb53f65,ok,
0516,placeable_item,70,Sign,sign,A sign made out of wood. There's an important message written on it... Probably!,Outdoor,"[""Decoration""]",[],,in-collection,,outdoor_order,42,,,,,,,,[],"[2215,2241,2244]",https://pokopiadex.com/images/items/crafting_ui/sign.png,[],https://pokopiadex.com/items/sign,pokopiadex_items_in_collection,0516-sign.png,assets/pokopia_image_sources/item_portraits/0516-sign.png,https://pokopiadex.com/images/items/crafting_ui/sign.png,image/png,141936,144e4bec6fe4adf9aa50e0b2fe0088961babe0d5472d829c538873b47847ec78,ok,
0517,placeable_item,1842,Signpost,signpost,A sign that looks like it belongs at a bus stop. It could serve as a guiding landmark in cities or on roads!,Outdoor,"[""Decoration""]",[],,in-collection,,outdoor_order,43,,,,,,,,[],"[2215,2222,2231,2238,2241]",https://pokopiadex.com/images/items/crafting_ui/signpost.png,[],https://pokopiadex.com/items/signpost,pokopiadex_items_in_collection,0517-signpost.png,assets/pokopia_image_sources/item_portraits/0517-signpost.png,https://pokopiadex.com/images/items/crafting_ui/signpost.png,image/png,184088,d60412c1227b7bf1c25fd606ee0e258ea13049713fe4e22a3d6bfb05f79068db,ok,
0518,placeable_item,580,Information board,information-board,"A sign with information about the town written on it. Nobody knows what town it's for, though.",Outdoor,"[""Decoration""]",[],,in-collection,,outdoor_order,44,,,,100,,,,[],"[2215,2222,2231,2238,2241]",https://pokopiadex.com/images/items/crafting_ui/information-board.png,[],https://pokopiadex.com/items/information-board,pokopiadex_items_in_collection,0518-information-board.png,assets/pokopia_image_sources/item_portraits/0518-information-board.png,https://pokopiadex.com/images/items/crafting_ui/information-board.png,image/png,117730,fab214d18732da8f83d7d31093e7dec9e01d46b5b0521bf9d7ca77325438c399,ok,
0519,placeable_item,657,Raichu sign,raichu-sign,"A sign depicting Raichu discharging electricity. When powered up, the neon lighting grows brightly.",Outdoor,"[""Decoration""]","[""Appraise Large lost relic""]",,in-collection,Lost Relics (L),lost_relics_l_order,30,,,,,,,,[],"[2200,2211,2215]",https://pokopiadex.com/images/items/item_ui/raichu-sign.png,[],https://pokopiadex.com/items/raichu-sign,pokopiadex_items_in_collection,0519-raichu-sign.png,assets/pokopia_image_sources/item_portraits/0519-raichu-sign.png,https://pokopiadex.com/images/items/item_ui/raichu-sign.png,image/png,130358,8320c8a8d2e7824ce15477082532bcbb425ee062909e33a889ba39a72b76c9f7,ok,
0520,placeable_item,916,Photo cutout board,photo-cutout-board,Put your face through the hole to become Plusle or Minun!,Outdoor,"[""Toy""]","[""Appraise Large lost relic""]",,in-collection,Lost Relics (L),lost_relics_l_order,31,,,,,,,,[],"[2200,2204,2210,2212,2242]",https://pokopiadex.com/images/items/item_ui/photo-cutout-board.png,[],https://pokopiadex.com/items/photo-cutout-board,pokopiadex_items_in_collection,0520-photo-cutout-board.png,assets/pokopia_image_sources/item_portraits/0520-photo-cutout-board.png,https://pokopiadex.com/images/items/item_ui/photo-cutout-board.png,image/png,144259,25220a11a8b59fbcfede3b8b43891d34e796928c7848141ad6563c8683250138,ok,
0521,placeable_item,299,Worn wooden crate,worn-wooden-crate,A sturdy but somewhat shabby box. Stack a bunch of them to create a warehouse vibe.,Outdoor,"[""Decoration""]",[],,in-collection,,outdoor_order,47,,,,,,,,[],"[2198,2203,2244]",https://pokopiadex.com/images/items/item_ui/worn-wooden-crate.png,[],https://pokopiadex.com/items/worn-wooden-crate,pokopiadex_items_in_collection,0521-worn-wooden-crate.png,assets/pokopia_image_sources/item_portraits/0521-worn-wooden-crate.png,https://pokopiadex.com/images/items/item_ui/worn-wooden-crate.png,image/png,124776,630139e5ca1efb64552357d4c9ae1e4c6c8f833c30ba207c0be836029f8f5941,ok,
0522,placeable_item,423,Wooden crate,wooden-crate,"You have absolutely no idea how to open this box, but you can put stuff on top of it, at least!",Outdoor,"[""Decoration""]",[],,in-collection,,outdoor_order,48,,,,,,,,[],"[2198,2203,2244]",https://pokopiadex.com/images/items/crafting_ui/wooden-crate.png,[],https://pokopiadex.com/items/wooden-crate,pokopiadex_items_in_collection,0522-wooden-crate.png,assets/pokopia_image_sources/item_portraits/0522-wooden-crate.png,https://pokopiadex.com/images/items/crafting_ui/wooden-crate.png,image/png,146985,eff43c68f67bb1750fd850b5800c46fdb8e4935616f701c522360d5596b86a22,ok,
0523,placeable_item,686,Barrel,barrel,It's totally empty inside. You could put something on top to make it look nice.,Outdoor,"[""Decoration""]",[],,in-collection,,outdoor_order,49,,,,,,,,[],"[2203,2222,2229,2244]",https://pokopiadex.com/images/items/item_ui/barrel.png,[],https://pokopiadex.com/items/barrel,pokopiadex_items_in_collection,0523-barrel.png,assets/pokopia_image_sources/item_portraits/0523-barrel.png,https://pokopiadex.com/images/items/item_ui/barrel.png,image/png,35096,ffda5ecca078056c717540b095822d7d004ecdd9733e8283a2f1b22ed185b0f7,ok,
0524,placeable_item,679,Garbage bags,garbage-bags,Trash bags found most anywhere. Certain Pokémon find their odor irresistible.,Outdoor,"[""Decoration""]",[],,in-collection,,outdoor_order,50,,,,,,,,[],"[2209,2210]",https://pokopiadex.com/images/items/crafting_ui/garbage-bags.png,[],https://pokopiadex.com/items/garbage-bags,pokopiadex_items_in_collection,0524-garbage-bags.png,assets/pokopia_image_sources/item_portraits/0524-garbage-bags.png,https://pokopiadex.com/images/items/crafting_ui/garbage-bags.png,image/png,122880,0f5c0d0050683ab0fec9dd4e3e29acad6aab022a23e29c07c261321d631d41c0,ok,
0525,placeable_item,818,Garbage bin,garbage-bin,This trash can is big enough that a Pokémon could probably fit inside.,Outdoor,"[""Decoration""]","[""Red Pokeball on Dream Island""]",,in-collection,,outdoor_order,51,,,,,,,,[],"[2203,2209,2222]",https://pokopiadex.com/images/items/crafting_ui/garbage-bin.png,[],https://pokopiadex.com/items/garbage-bin,pokopiadex_items_in_collection,0525-garbage-bin.png,assets/pokopia_image_sources/item_portraits/0525-garbage-bin.png,https://pokopiadex.com/images/items/crafting_ui/garbage-bin.png,image/png,126921,a674689dc9e9e06d1b46fa60981bec000d26a11d67f867fae8d633f98a438e7d,ok,
0526,placeable_item,1843,Recycling bin,recycling-bin,A bin for disposing of empty cans. It's just big enough for a Pokémon to fit inside.,Outdoor,"[""Decoration""]",[],,in-collection,,outdoor_order,52,,,,,,,,[],"[2203,2209,2222]",https://pokopiadex.com/images/items/item_ui/recycling-bin.png,[],https://pokopiadex.com/items/recycling-bin,pokopiadex_items_in_collection,0526-recycling-bin.png,assets/pokopia_image_sources/item_portraits/0526-recycling-bin.png,https://pokopiadex.com/images/items/item_ui/recycling-bin.png,image/png,25473,1d9145616a5225088ce0a28950836108fe4a627b5a9818f7de5b2e611a36de8b,ok,
0527,placeable_item,2009,Grubby rags,grubby-rags,A piece of tattered cloth unsuitable for processing. Cut it up to obtain twine.,Outdoor,[],[],,in-collection,,outdoor_order,53,,,,,,,,[],[],https://pokopiadex.com/images/items/item_ui/grubby-rags.png,[],https://pokopiadex.com/items/grubby-rags,pokopiadex_items_in_collection,0527-grubby-rags.png,assets/pokopia_image_sources/item_portraits/0527-grubby-rags.png,https://pokopiadex.com/images/items/item_ui/grubby-rags.png,image/png,21973,125faf7b9302c9d7117b004762192d4e909da9620780164a5efa3ac619ec85ce,ok,
0528,placeable_item,2252,Nonburnable garbage (outdoor),nonburnable-garbage-outdoor,"Obtained through a special method, these can be placed just as they are now.",Outdoor,[],[],,in-collection,,outdoors_order,54,,,,,,,,[],[2209],https://pokopiadex.com/images/items/item_ui/nonburnable-garbage-outdoor.png,[],https://pokopiadex.com/items/nonburnable-garbage-outdoor,pokopiadex_items_in_collection,0528-nonburnable-garbage-outdoor.png,assets/pokopia_image_sources/item_portraits/0528-nonburnable-garbage-outdoor.png,https://pokopiadex.com/images/items/item_ui/nonburnable-garbage-outdoor.png,image/png,29117,87d65f8c55ff9e3d508986a65fb76aabfd1a38d14c2b4e029c420d9c3f23c0e3,ok,
0529,placeable_item,1535,Traffic cone,traffic-cone,"When lined up, the cones are connected by barrier poles. Great for construction zones!",Outdoor,[],[],,in-collection,,outdoor_order,55,,,,,,,,[],[],https://pokopiadex.com/images/items/item_ui/traffic-cone.png,[],https://pokopiadex.com/items/traffic-cone,pokopiadex_items_in_collection,0529-traffic-cone.png,assets/pokopia_image_sources/item_portraits/0529-traffic-cone.png,https://pokopiadex.com/images/items/item_ui/traffic-cone.png,image/png,24805,800fdf7b333cbb5ffba9a758c90b4263d5cc3ec37109df26aad2713f58f0f5ff,ok,
0530,placeable_item,1534,Sewer-hole cover,sewer-hole-cover,A sewer-hole cover that opens like a door. It can serve as an entrance if you put it on top of a hole.,Outdoor,[],[],,in-collection,,outdoor_order,56,,,,,,,,[],[],https://pokopiadex.com/images/items/item_ui/sewer-hole-cover.png,[],https://pokopiadex.com/items/sewer-hole-cover,pokopiadex_items_in_collection,0530-sewer-hole-cover.png,assets/pokopia_image_sources/item_portraits/0530-sewer-hole-cover.png,https://pokopiadex.com/images/items/item_ui/sewer-hole-cover.png,image/png,27283,5b1c2741aab25abc8134b133b1401db267dec83caa0a2969213cc3a266138972,ok,
0531,placeable_item,1844,Fire hydrant,fire-hydrant,"This device spews water for putting out fires, but you're not really sure how to use it,…",Outdoor,"[""Decoration""]",[],,in-collection,,outdoor_order,57,,,,,,,,[],"[2220,2222,2231]",https://pokopiadex.com/images/items/item_ui/fire-hydrant.png,[],https://pokopiadex.com/items/fire-hydrant,pokopiadex_items_in_collection,0531-fire-hydrant.png,assets/pokopia_image_sources/item_portraits/0531-fire-hydrant.png,https://pokopiadex.com/images/items/item_ui/fire-hydrant.png,image/png,26650,3361c39a790aaaed76117f64ea7142bdfb1aa495a98a25295e4f7bc356743e03,ok,
0532,placeable_item,874,Sandbags,sandbags,A cloth sack filled with dirt and sand. It's pretty bulky and looks heavy.,Outdoor,"[""Decoration""]",[],,in-collection,,outdoor_order,58,,,,,,,,[],"[2202,2208,2210,2217]",https://pokopiadex.com/images/items/item_ui/sandbags.png,[],https://pokopiadex.com/items/sandbags,pokopiadex_items_in_collection,0532-sandbags.png,assets/pokopia_image_sources/item_portraits/0532-sandbags.png,https://pokopiadex.com/images/items/item_ui/sandbags.png,image/png,23993,dcc7f783a236f20e408e33a8015dca7ca3fef6596edcdd1d04645d0aec408464,ok,
0533,placeable_item,759,Excavation tools,excavation-tools,"A sturdy-looking pickax and shovel. They're wasted on any Pokémon who can already dig, though.",Outdoor,"[""Toy""]",[],,in-collection,,outdoor_order,59,,,,,,,,[],"[2222,2239]",https://pokopiadex.com/images/items/item_ui/excavation-tools.png,[],https://pokopiadex.com/items/excavation-tools,pokopiadex_items_in_collection,0533-excavation-tools.png,assets/pokopia_image_sources/item_portraits/0533-excavation-tools.png,https://pokopiadex.com/images/items/item_ui/excavation-tools.png,image/png,20754,8f9cdfc841b474ce2876adf6eab17553efc5d895ff3aab2e3c395ca1075ac0ce,ok,
0534,placeable_item,1510,Tires,tires,"This tire stack looks like it could collapse at any moment, but oddly enough it stays upright.",Outdoor,"[""Toy""]",[],,in-collection,,outdoor_order,60,,,,,,,,[],"[2210,2229,2243]",https://pokopiadex.com/images/items/item_ui/tires.png,[],https://pokopiadex.com/items/tires,pokopiadex_items_in_collection,0534-tires.png,assets/pokopia_image_sources/item_portraits/0534-tires.png,https://pokopiadex.com/images/items/item_ui/tires.png,image/png,30170,1328f2e60e0e44084184cd6b4a852b5790f5e35860615d37dfc73b95c8e68935,ok,
0535,placeable_item,77,Metal drum,metal-drum,"A smooth, clean canister. It's empty, so it's actually quite light.",Outdoor,"[""Decoration""]",[],,in-collection,,outdoor_order,61,,,,,,,,[],"[2202,2203,2222,2229]",https://pokopiadex.com/images/items/item_ui/metal-drum.png,[],https://pokopiadex.com/items/metal-drum,pokopiadex_items_in_collection,0535-metal-drum.png,assets/pokopia_image_sources/item_portraits/0535-metal-drum.png,https://pokopiadex.com/images/items/item_ui/metal-drum.png,image/png,25372,0a83a7c152de64e6699b215f7b15ea8fd576c7a0c55db790bdc9fa494122bdd3,ok,
0536,placeable_item,1845,Construction supplies,construction-supplies,Construction tools stored in a metal drum. Great for factories or warehouses.,Outdoor,"[""Decoration""]",[],,in-collection,,outdoor_order,62,,,,,,,,[],"[2202,2203,2210,2212,2222,2229]",https://pokopiadex.com/images/items/item_ui/construction-supplies.png,[],https://pokopiadex.com/items/construction-supplies,pokopiadex_items_in_collection,0536-construction-supplies.png,assets/pokopia_image_sources/item_portraits/0536-construction-supplies.png,https://pokopiadex.com/images/items/item_ui/construction-supplies.png,image/png,30757,d7eea03bb1b942c6078e888232bcb0eaedcd4c33070be114896ea26da18b7324,ok,
0537,placeable_item,1420,Iron pipes,iron-pipes,A pile of iron pipes that looks like it belongs at a construction site.,Outdoor,"[""Decoration""]",[],,in-collection,,outdoor_order,63,,,,,,,,[],"[2202,2210,2222]",https://pokopiadex.com/images/items/item_ui/iron-pipes.png,[],https://pokopiadex.com/items/iron-pipes,pokopiadex_items_in_collection,0537-iron-pipes.png,assets/pokopia_image_sources/item_portraits/0537-iron-pipes.png,https://pokopiadex.com/images/items/item_ui/iron-pipes.png,image/png,20990,c051b8a42bda88ea2b709991e66513cd9e6036e2c1cf6d9b6349357638784971,ok,
0538,placeable_item,757,Wheelbarrow,wheelbarrow,A wheelbarrow carrying a large mound of dirt. A lot of construction sites probably have these!,Outdoor,"[""Decoration""]",[],,in-collection,,outdoor_order,64,,,,,,,,[],"[2202,2203,2217,2222]",https://pokopiadex.com/images/items/item_ui/wheelbarrow.png,[],https://pokopiadex.com/items/wheelbarrow,pokopiadex_items_in_collection,0538-wheelbarrow.png,assets/pokopia_image_sources/item_portraits/0538-wheelbarrow.png,https://pokopiadex.com/images/items/item_ui/wheelbarrow.png,image/png,24976,0ff7a9d0aab342a8c444aabc4a79e78d3b9722af820dc09719a3b27a913a046f,ok,
0539,placeable_item,1846,Large ventilation fan,large-ventilation-fan,"A huge, flat ventilation fan-the kind you'd find on top of a building or a house.",Outdoor,"[""Decoration""]",[],,in-collection,,outdoor_order,65,,,,,,,,[],"[2198,2222,2223,2236,2239]",https://pokopiadex.com/images/items/item_ui/large-ventilation-fan.png,[],https://pokopiadex.com/items/large-ventilation-fan,pokopiadex_items_in_collection,0539-large-ventilation-fan.png,assets/pokopia_image_sources/item_portraits/0539-large-ventilation-fan.png,https://pokopiadex.com/images/items/item_ui/large-ventilation-fan.png,image/png,34007,7573a6b45d623533336f7f9a519d180de8739977de1269ceeb841336846ed9c0,ok,
0540,placeable_item,2010,Heat Rock,heat-rock,A mysterious rock that radiates heat. Place it to raise the temperature around it.,Outdoor,[],[],,in-collection,,outdoor_order,66,,,,,,,,[],[],https://pokopiadex.com/images/items/item_ui/heat-rock.png,[],https://pokopiadex.com/items/heat-rock,pokopiadex_items_in_collection,0540-heat-rock.png,assets/pokopia_image_sources/item_portraits/0540-heat-rock.png,https://pokopiadex.com/images/items/item_ui/heat-rock.png,image/png,37509,a2773e98d599e4829a2bbdcb5ea26b314f6f267109380364bcc6c754b78c5bc5,ok,
0541,placeable_item,2011,Icy Rock,icy-rock,A mysterious rock that radiates cold. Place it to lower the temperature around it.,Outdoor,[],[],,in-collection,,outdoor_order,67,,,,,,,,[],[],https://pokopiadex.com/images/items/item_ui/icy-rock.png,[],https://pokopiadex.com/items/icy-rock,pokopiadex_items_in_collection,0541-icy-rock.png,assets/pokopia_image_sources/item_portraits/0541-icy-rock.png,https://pokopiadex.com/images/items/item_ui/icy-rock.png,image/png,28005,28963b291a1fecee85f7585092507f4805529330bbd3a12fcd9ab6063a6d11f1,ok,
0542,placeable_item,365,Smooth rock,smooth-rock,A mysterious rock that feels smooth. Place it to lower the humidity of the surrounding area.,Outdoor,[],"[""Red Pokeball""]",,in-collection,,outdoor_order,68,,,,,,,,[],[],https://pokopiadex.com/images/items/item_ui/smooth-rock.png,[],https://pokopiadex.com/items/smooth-rock,pokopiadex_items_in_collection,0542-smooth-rock.png,assets/pokopia_image_sources/item_portraits/0542-smooth-rock.png,https://pokopiadex.com/images/items/item_ui/smooth-rock.png,image/png,129508,93021277c555a0e8addfb93f267e1a1632bd4d040773d303269308f9968d4f2d,ok,
0543,placeable_item,2012,Damp Rock,damp-rock,A mysterious rock that feels damp. Place it to raise the humidity of the surrounding area.,Outdoor,[],[],,in-collection,,outdoor_order,69,,,,,,,,[],[],https://pokopiadex.com/images/items/item_ui/damp-rock.png,[],https://pokopiadex.com/items/damp-rock,pokopiadex_items_in_collection,0543-damp-rock.png,assets/pokopia_image_sources/item_portraits/0543-damp-rock.png,https://pokopiadex.com/images/items/item_ui/damp-rock.png,image/png,32201,54b41ccc29406040b8d3000a3ddb1f17ff594e8b75c6d66b3bdd75d7bdc40b70,ok,
0544,placeable_item,2364,Map and compass,map-and-compass,"A map that indicates the location of treasure, and a compass that shows you the way.",Outdoor,"[""Toy""]","[""Trade 5 Red crystal fragments to Sableye""]",Sableye's Gem Hunt,in-collection,,outdoor_order,1,,,,,,,,[],"[2212,2215]",https://pokopiadex.com/images/items/item_ui/map-and-compass.png,[],https://pokopiadex.com/items/map-and-compass,pokopiadex_items_in_collection,0544-map-and-compass.png,assets/pokopia_image_sources/item_portraits/0544-map-and-compass.png,https://pokopiadex.com/images/items/item_ui/map-and-compass.png,image/png,130655,43b1f44fd96be55789b1a37f06899a10f5c33ae51aca58ef3e02698dfd1c4c43,ok,
0545,placeable_item,2357,Inflatable Sudowoodo,inflatable-sudowoodo,A balloon shaped like Sudowoodo. It stands up and dances around just like a real Sudowoodo too!,Outdoor,"[""Toy""]","[""Complete \""Correctly answer today's special quizzes!\"" challenge on April 1st""]",April Fool's Copycat Challenge,in-collection,,outdoor_order,2,,,,,0,,,[],"[2232,2239,2242,2243]",https://pokopiadex.com/images/items/item_ui/inflatable-sudowoodo.png,[],https://pokopiadex.com/items/inflatable-sudowoodo,pokopiadex_items_in_collection,0545-inflatable-sudowoodo.png,assets/pokopia_image_sources/item_portraits/0545-inflatable-sudowoodo.png,https://pokopiadex.com/images/items/item_ui/inflatable-sudowoodo.png,image/png,92851,f591596b6b5d7711e9f76c766511654781aab999f9fb0cf8cb2cba8aee0fd4d6,ok,
0546,placeable_item,2370,Treasure,treasure,A pile of golden accessories and sparkling jewels. Use this as decor to add an air of luxury.,Outdoor,"[""Toy""]","[""Trade 5 Red crystal fragments to Sableye""]",Sableye's Gem Hunt,in-collection,,outdoor_order,3,,,,,,,,[],"[2200,2212,2221,2222,2238]",https://pokopiadex.com/images/items/item_ui/treasure.png,[],https://pokopiadex.com/items/treasure,pokopiadex_items_in_collection,0546-treasure.png,assets/pokopia_image_sources/item_portraits/0546-treasure.png,https://pokopiadex.com/images/items/item_ui/treasure.png,image/png,134540,9275bcfafe47555b965ed3f31d3eef7c1bf28a63b706ea30616abe77b3d28b32,ok,
0547,placeable_item,328,Ditto flag,ditto-flag,A flag that marks Ditto's house. Place it on a house you want to live in!,Utilities,[],"[""Charmander & Tangrowth after decorating first house""]",,in-collection,,utilities_order,1,,,,,,,,[],[2238],https://pokopiadex.com/images/items/crafting_ui/ditto-flag.png,[],https://pokopiadex.com/items/ditto-flag,pokopiadex_items_in_collection,0547-ditto-flag.png,assets/pokopia_image_sources/item_portraits/0547-ditto-flag.png,https://pokopiadex.com/images/items/crafting_ui/ditto-flag.png,image/png,89925,bd1376f7b7884496e7fdf0dbdfc4dd7fdd42e4fd9db655efca809b2fb24b3273,ok,
0548,placeable_item,201,Workbench,workbench,Try gathering lots of materials and making a variety of different things here!,Utilities,[],[],,in-collection,,utilities_order,2,,,,,,,,[],[],https://pokopiadex.com/images/items/crafting_ui/workbench.png,[],https://pokopiadex.com/items/workbench,pokopiadex_items_in_collection,0548-workbench.png,assets/pokopia_image_sources/item_portraits/0548-workbench.png,https://pokopiadex.com/images/items/crafting_ui/workbench.png,image/png,131214,bd792ba005e7a8e2578b927bf381cda21a097187093946d75a4222acce5707ed,ok,
0549,placeable_item,405,Community box,community-box,custom_description,Utilities,[],[],,in-collection,,utilities_order,3,,,,,,,,[],[],https://pokopiadex.com/images/items/crafting_ui/community-box.png,[],https://pokopiadex.com/items/community-box,pokopiadex_items_in_collection,0549-community-box.png,assets/pokopia_image_sources/item_portraits/0549-community-box.png,https://pokopiadex.com/images/items/crafting_ui/community-box.png,image/png,188392,685442c8e5aee42e24e9d9351e1e2d75d851b9dfcbbb73863dae843fb69748f3,ok,
0550,placeable_item,648,Frame,frame,A frame for hanging an item on a wall. Try putting different things inside!,Utilities,"[""Decoration""]",[],,in-collection,,utilities_order,4,,,,,,,,[],"[2198,2203,2215,2242,2244]",https://pokopiadex.com/images/items/crafting_ui/frame.png,[],https://pokopiadex.com/items/frame,pokopiadex_items_in_collection,0550-frame.png,assets/pokopia_image_sources/item_portraits/0550-frame.png,https://pokopiadex.com/images/items/crafting_ui/frame.png,image/png,86562,5852edd0ae14f316b20400ee9bb05baeea94232b3f3fda85ca8f37dfb3d75470,ok,
0551,placeable_item,728,Cutting board,cutting-board,Kitchen equipment for making salads. Grab some ingredients and make something tasty!,Utilities,[],[],,in-collection,,utilities_order,5,,,,,,,,[],[2244],https://pokopiadex.com/images/items/crafting_ui/cutting-board.png,[],https://pokopiadex.com/items/cutting-board,pokopiadex_items_in_collection,0551-cutting-board.png,assets/pokopia_image_sources/item_portraits/0551-cutting-board.png,https://pokopiadex.com/images/items/crafting_ui/cutting-board.png,image/png,137590,82f81b7ddf04b4b02713f5c1633745651398418de39e16a6f1e752ac9a282428,ok,
0552,placeable_item,750,Frying pan,frying-pan,Kitchen equipment for making hamburger steak. Put this on a stove or campfire.,Utilities,[],[],,in-collection,,utilities_order,6,,,,,,,,[],[],https://pokopiadex.com/images/items/crafting_ui/frying-pan.png,[],https://pokopiadex.com/items/frying-pan,pokopiadex_items_in_collection,0552-frying-pan.png,assets/pokopia_image_sources/item_portraits/0552-frying-pan.png,https://pokopiadex.com/images/items/crafting_ui/frying-pan.png,image/png,91642,f22326d4654e7104a514692951733e968fa1932937b58dfb7aafc076dd0d3e95,ok,
0553,placeable_item,1847,Stylish frying pan,stylish-frying-pan,Kitchen equipment for making hamburger steak. Put this on a stove or campfire.,Utilities,[],[],,in-collection,,utilities_order,7,,,,,,,,[],[],https://pokopiadex.com/images/items/item_ui/stylish-frying-pan.png,[],https://pokopiadex.com/items/stylish-frying-pan,pokopiadex_items_in_collection,0553-stylish-frying-pan.png,assets/pokopia_image_sources/item_portraits/0553-stylish-frying-pan.png,https://pokopiadex.com/images/items/item_ui/stylish-frying-pan.png,image/png,20762,ec2add6561efd22686f2816114c90410e2884691894ba49e9ba8132d494fc213,ok,
0554,placeable_item,762,Cooking pot,cooking-pot,Kitchen equipment for making soup. Put this on a stove or campfire.,Utilities,[],[],,in-collection,,utilities_order,8,,,,,,,,[],[],https://pokopiadex.com/images/items/crafting_ui/cooking-pot.png,[],https://pokopiadex.com/items/cooking-pot,pokopiadex_items_in_collection,0554-cooking-pot.png,assets/pokopia_image_sources/item_portraits/0554-cooking-pot.png,https://pokopiadex.com/images/items/crafting_ui/cooking-pot.png,image/png,91688,abdbe2c42b78c73a93efe181da2c848e11db863bc81f2c3b37277f68992393ae,ok,
0555,placeable_item,1414,Stylish Cooking Pot,stylish-cooking-pot,Kitchen equipment for making soup. Put this on a stove or campfire.,Utilities,[],[],,in-collection,,utilities_order,9,,,,,,,,[],[],https://pokopiadex.com/images/items/item_ui/stylish-cooking-pot.png,[],https://pokopiadex.com/items/stylish-cooking-pot,pokopiadex_items_in_collection,0555-stylish-cooking-pot.png,assets/pokopia_image_sources/item_portraits/0555-stylish-cooking-pot.png,https://pokopiadex.com/images/items/item_ui/stylish-cooking-pot.png,image/png,24747,f5340c6faba44d796ffeea6afa77a34e944c102700373dff0096746f294bbc08,ok,
0556,placeable_item,744,Bread oven,bread-oven,Kitchen equipment for baking bread. Have a Pokémon light the fire for you!,Utilities,[],[],,in-collection,,utilities_order,10,,,,,,,,[],[],https://pokopiadex.com/images/items/crafting_ui/bread-oven.png,[],https://pokopiadex.com/items/bread-oven,pokopiadex_items_in_collection,0556-bread-oven.png,assets/pokopia_image_sources/item_portraits/0556-bread-oven.png,https://pokopiadex.com/images/items/crafting_ui/bread-oven.png,image/png,217996,fa6a591adcc85fe6582c90904d79d293d421285fc7e94ba09a1927742f632482,ok,
0557,placeable_item,758,Smelting furnace,smelting-furnace,A furnace for processing ore into metals. Get a Pokémon with the Burn specialty to help you out!,Utilities,[],[],,in-collection,,utilities_order,11,,,,,,,,[],[2218],https://pokopiadex.com/images/items/crafting_ui/smelting-furnace.png,[],https://pokopiadex.com/items/smelting-furnace,pokopiadex_items_in_collection,0557-smelting-furnace.png,assets/pokopia_image_sources/item_portraits/0557-smelting-furnace.png,https://pokopiadex.com/images/items/crafting_ui/smelting-furnace.png,image/png,143711,b43cda0b35044e90d94e8dafaffa0f3a0b0126d54501689580fcb629fc5b10d4,ok,
0558,placeable_item,1132,Metallic smelting furnace,metallic-smelting-furnace,A high-performance metallic furnace that can quickly process metals and other materials.,Utilities,[],[],,in-collection,,utilities_order,12,,,,,,,,[],[2218],https://pokopiadex.com/images/items/crafting_ui/metallic-smelting-furnace.png,[],https://pokopiadex.com/items/metallic-smelting-furnace,pokopiadex_items_in_collection,0558-metallic-smelting-furnace.png,assets/pokopia_image_sources/item_portraits/0558-metallic-smelting-furnace.png,https://pokopiadex.com/images/items/crafting_ui/metallic-smelting-furnace.png,image/png,133278,774b2fc7fcb8847b9371baf717a1eab4e133bff6f4d77e2969b21b43000bc876,ok,
0559,placeable_item,1120,Concrete mixer,concrete-mixer,A Pokémon with the Crush specialty can use this to make concrete out of water and stone.,Utilities,[],[],,in-collection,,utilities_order,13,,,,,,,,[],[],https://pokopiadex.com/images/items/crafting_ui/concrete-mixer.png,[],https://pokopiadex.com/items/concrete-mixer,pokopiadex_items_in_collection,0559-concrete-mixer.png,assets/pokopia_image_sources/item_portraits/0559-concrete-mixer.png,https://pokopiadex.com/images/items/crafting_ui/concrete-mixer.png,image/png,132403,c2c13f6762ea17be96875ba1cb9133880d16c9e4001fe6129c1d2800e942e8d0,ok,
0560,placeable_item,754,Railway track,railway-track,"Lay down tracks to create a railway, then ride a handcar to get where you're going in a jiffy!",Utilities,[],"[""Red Pokeball east of Ridge Pokemon Center""]",,in-collection,,utilities_order,14,,,,,,,,[],[],https://pokopiadex.com/images/items/crafting_ui/railway-track.png,[],https://pokopiadex.com/items/railway-track,pokopiadex_items_in_collection,0560-railway-track.png,assets/pokopia_image_sources/item_portraits/0560-railway-track.png,https://pokopiadex.com/images/items/crafting_ui/railway-track.png,image/png,124261,256db96908f3aa7701ef54c28e2b4bd1db88197e33543aa79ccc481d21ed3a9c,ok,
0561,placeable_item,1123,Crossing gate,crossing-gate,"With its characteristic black-and-yellow lines, this can be used to designate loading zones for a handcar.",Utilities,[],[],,in-collection,,utilities_order,15,,,,,,,,[],[],https://pokopiadex.com/images/items/crafting_ui/crossing-gate.png,[],https://pokopiadex.com/items/crossing-gate,pokopiadex_items_in_collection,0561-crossing-gate.png,assets/pokopia_image_sources/item_portraits/0561-crossing-gate.png,https://pokopiadex.com/images/items/crafting_ui/crossing-gate.png,image/png,121863,41dd2dd04045859c288b9f49112ca8dd0571c43ff22ae315c0fa133f0e336cd0,ok,
0562,placeable_item,763,Handcar,handcar,These carts clang along atop railway tracks. You can even link a bunch of carts together!,Utilities,[],[],,in-collection,,utilities_order,16,,,,,,,,[],[2228],https://pokopiadex.com/images/items/crafting_ui/handcar.png,[],https://pokopiadex.com/items/handcar,pokopiadex_items_in_collection,0562-handcar.png,assets/pokopia_image_sources/item_portraits/0562-handcar.png,https://pokopiadex.com/images/items/crafting_ui/handcar.png,image/png,131572,9f7eeda5e8938cc4fd2250aa15a020dc72d66808d274241eda8e0dd6ca527b2d,ok,
0563,placeable_item,1848,Elevator platform,elevator-platform,You can make a functional elevator by using ladders to vertically connect two elevator platforms.,Utilities,[],[],,in-collection,,utilities_order,17,,,,,,,,[],[],https://pokopiadex.com/images/items/item_ui/elevator-platform.png,[],https://pokopiadex.com/items/elevator-platform,pokopiadex_items_in_collection,0563-elevator-platform.png,assets/pokopia_image_sources/item_portraits/0563-elevator-platform.png,https://pokopiadex.com/images/items/item_ui/elevator-platform.png,image/png,29718,7dda02c0c42b17a74521fdb47173e5d6c66a8cb06f22e6220a42ac2f362b7e4d,ok,
0564,placeable_item,1131,Lift platform,lift-platform,Place two of these with enough distance between them to create an automatic transport system!,Utilities,[],[],,in-collection,,utilities_order,18,,,,,,,,[],[],https://pokopiadex.com/images/items/crafting_ui/lift-platform.png,[],https://pokopiadex.com/items/lift-platform,pokopiadex_items_in_collection,0564-lift-platform.png,assets/pokopia_image_sources/item_portraits/0564-lift-platform.png,https://pokopiadex.com/images/items/crafting_ui/lift-platform.png,image/png,157931,20836091f316b1cff998957de1949fe02081ee67b0afdf0f51d5d202d4812ccb,ok,
0565,placeable_item,829,Cash register,cash-register,"Place this on a table and power it on, and Pokémon will come by to conduct trades!",Utilities,[],"[""Red Pokeball in Bleak Beach""]",,in-collection,,utilities_order,19,,,,,,,,[],"[2201,2203,2222,2239]",https://pokopiadex.com/images/items/item_ui/cash-register.png,[],https://pokopiadex.com/items/cash-register,pokopiadex_items_in_collection,0565-cash-register.png,assets/pokopia_image_sources/item_portraits/0565-cash-register.png,https://pokopiadex.com/images/items/item_ui/cash-register.png,image/png,28503,ade54e3f39a0f87d197ca4b02dd490421bda703d692c8c88ee2b1a1c01f68815,ok,
0566,placeable_item,1849,Sprinkler,sprinkler,An irrigation device that sprays water in a wide area. Try putting one near the waterside.,Utilities,"[""Toy""]",[],,in-collection,,utilities_order,20,,,,,,,,[],"[2220,2222,2238,2239]",https://pokopiadex.com/images/items/item_ui/sprinkler.png,[],https://pokopiadex.com/items/sprinkler,pokopiadex_items_in_collection,0566-sprinkler.png,assets/pokopia_image_sources/item_portraits/0566-sprinkler.png,https://pokopiadex.com/images/items/item_ui/sprinkler.png,image/png,29786,4ff3b398278828dd898f554b6e3fef5d864a137e437484279949a53e230395d2,ok,
0567,placeable_item,1850,Mini floodgate,mini-floodgate,Turn the handle on top to start or stop the flow of water.,Utilities,[],[],,in-collection,,utilities_order,21,,,,,,,,[],[2204],https://pokopiadex.com/images/items/shop_ui/mini-floodgate.png,[],https://pokopiadex.com/items/mini-floodgate,pokopiadex_items_in_collection,0567-mini-floodgate.png,assets/pokopia_image_sources/item_portraits/0567-mini-floodgate.png,https://pokopiadex.com/images/items/shop_ui/mini-floodgate.png,image/png,185996,1888c5a1c1d31ab272256d8c81fc8b85c271fb1f539f7484decc71a7db41cadc,ok,
0568,placeable_item,819,Utility pole,utility-pole,Use these to connect electrical generators to machines and send electricity over long distances.,Utilities,[],"[""Red Pokeball in Bleak Beach""]",,in-collection,,utilities_order,22,,,,,,,,[],[2206],https://pokopiadex.com/images/items/crafting_ui/utility-pole.png,[],https://pokopiadex.com/items/utility-pole,pokopiadex_items_in_collection,0568-utility-pole.png,assets/pokopia_image_sources/item_portraits/0568-utility-pole.png,https://pokopiadex.com/images/items/crafting_ui/utility-pole.png,image/png,162957,dff6a73f7f46ca7c9ed17ce74c5c2ef9e3c81f8c4537033f43d110b221e4cccc,ok,
0569,placeable_item,1851,Wireless power-transmitter switch,wireless-power-transmitter-switch,Connect these to electrical generators to use them. Put a switch nearby to quickly turn things on or off.,Utilities,[],[],,in-collection,,utilities_order,23,,,,,,,,[],[2206],https://pokopiadex.com/images/items/item_ui/wireless-power-transmitter-switch.png,[],https://pokopiadex.com/items/wireless-power-transmitter-switch,pokopiadex_items_in_collection,0569-wireless-power-transmitter-switch.png,assets/pokopia_image_sources/item_portraits/0569-wireless-power-transmitter-switch.png,https://pokopiadex.com/images/items/item_ui/wireless-power-transmitter-switch.png,image/png,26817,b8095021d65957d2d8e5004a2b545703cd31090f804798af67dd8573da1b2440,ok,
0570,placeable_item,1852,Wireless power transmitter,wireless-power-transmitter,Use these to connect electrical generators to machines and send electricity over long distances.,Utilities,[],[],,in-collection,,utilities_order,24,,,,,,,,[],[2206],https://pokopiadex.com/images/items/item_ui/wireless-power-transmitter.png,[],https://pokopiadex.com/items/wireless-power-transmitter,pokopiadex_items_in_collection,0570-wireless-power-transmitter.png,assets/pokopia_image_sources/item_portraits/0570-wireless-power-transmitter.png,https://pokopiadex.com/images/items/item_ui/wireless-power-transmitter.png,image/png,26817,b8095021d65957d2d8e5004a2b545703cd31090f804798af67dd8573da1b2440,ok,
0571,placeable_item,1853,Mini generator,mini-generator,"Place this anywhere, and it will generate electricity all on its own. What a remarkable machine!",Utilities,"[""Decoration""]",[],,in-collection,,utilities_order,25,,,,,,,,[],"[2198,2206,2222,2231,2239]",https://pokopiadex.com/images/items/item_ui/mini-generator.png,[],https://pokopiadex.com/items/mini-generator,pokopiadex_items_in_collection,0571-mini-generator.png,assets/pokopia_image_sources/item_portraits/0571-mini-generator.png,https://pokopiadex.com/images/items/item_ui/mini-generator.png,image/png,26131,5d6ae6ca59d96bf7eddc43c5691d22f95ee10a32f4176a8c2691bf78f6c33da9,ok,
0572,placeable_item,1519,Floor switch,floor-switch,A ground-mounted switch that activates nearby machinery when it detects weight.,Utilities,[],[],,in-collection,,utilities_order,26,,,,,,,,[],[2206],https://pokopiadex.com/images/items/item_ui/floor-switch.png,[],https://pokopiadex.com/items/floor-switch,pokopiadex_items_in_collection,0572-floor-switch.png,assets/pokopia_image_sources/item_portraits/0572-floor-switch.png,https://pokopiadex.com/images/items/item_ui/floor-switch.png,image/png,19487,373aee6b577d188afd4ee788467f1b1828d341130c15697e3dce41b93f81ca7d,ok,
0573,placeable_item,1854,Wall switch,wall-switch,A switch that would look perfect installed on a house wall. Press it to activate nearby devices.,Utilities,[],[],,in-collection,,utilities_order,27,,,,,,,,[],[2206],https://pokopiadex.com/images/items/item_ui/wall-switch.png,[],https://pokopiadex.com/items/wall-switch,pokopiadex_items_in_collection,0573-wall-switch.png,assets/pokopia_image_sources/item_portraits/0573-wall-switch.png,https://pokopiadex.com/images/items/item_ui/wall-switch.png,image/png,15038,abf7322615a2446698c37cb415e80e0bbe12ae54af0c6edf43d29bad40e353ed,ok,
0574,placeable_item,1855,Card reader,card-reader,A machine that reads key cards or Pokédexes. Mount it to a wall.,Utilities,"[""Decoration""]",[],,in-collection,,utilities_order,28,,,,,,,,[],"[2206,2211,2222,2239]",https://pokopiadex.com/images/items/item_ui/card-reader.png,[],https://pokopiadex.com/items/card-reader,pokopiadex_items_in_collection,0574-card-reader.png,assets/pokopia_image_sources/item_portraits/0574-card-reader.png,https://pokopiadex.com/images/items/item_ui/card-reader.png,image/png,17223,72b5e8379056f0bc3d84c21eaccc8d7b3a4be6854398ad7036ee87204bbb57f6,ok,
0575,placeable_item,1856,Laser sensor,laser-sensor,"When this sensor detects movement, it activates devices nearby.",Utilities,[],[],,in-collection,,utilities_order,29,,,,,,,,[],[2206],https://pokopiadex.com/images/items/item_ui/laser-sensor.png,[],https://pokopiadex.com/items/laser-sensor,pokopiadex_items_in_collection,0575-laser-sensor.png,assets/pokopia_image_sources/item_portraits/0575-laser-sensor.png,https://pokopiadex.com/images/items/item_ui/laser-sensor.png,image/png,18193,4eabf24783d5f0d4dc660fc271b7e794639ba4b17170942630a49bfd03e951b4,ok,
0576,placeable_item,294,Security camera,security-camera,A camera that watches over its surroundings. Place one anywhere you want to keep an eye on!,Utilities,[],"[""Red Pokeball near Team Initiation Challenge building""]",,in-collection,,utilities_order,30,,,,100,,,,[],[2206],https://pokopiadex.com/images/items/shop_ui/security-camera.png,[],https://pokopiadex.com/items/security-camera,pokopiadex_items_in_collection,0576-security-camera.png,assets/pokopia_image_sources/item_portraits/0576-security-camera.png,https://pokopiadex.com/images/items/shop_ui/security-camera.png,image/png,151655,50e4e0e4280693eda5b2d894f311306126fe09fd07ba2aa97f09963cdbe8754b,ok,
0577,placeable_item,402,Mushroom streetlight,mushroom-streetlight,Darkness poses no problem when you've got a gentle mushroom glow.,Utilities,"[""Decoration""]",[],,in-collection,,utilities_order,31,,,,50,,,,[],"[2231,2232,2237]",https://pokopiadex.com/images/items/shop_ui/mushroom-streetlight.png,[],https://pokopiadex.com/items/mushroom-streetlight,pokopiadex_items_in_collection,0577-mushroom-streetlight.png,assets/pokopia_image_sources/item_portraits/0577-mushroom-streetlight.png,https://pokopiadex.com/images/items/shop_ui/mushroom-streetlight.png,image/png,153040,d13ece3dd3b23e921e59daa14e83a0e139bc2cfaec1a0529d584d7bd0d78cc52,ok,
0578,placeable_item,1857,Town streetlight,town-streetlight,Power this with electricity to illuminate the area with gentle light.,Utilities,"[""Decoration""]",[],,in-collection,,utilities_order,32,,,,,,,,[],"[2206,2211,2222,2232]",https://pokopiadex.com/images/items/item_ui/town-streetlight.png,[],https://pokopiadex.com/items/town-streetlight,pokopiadex_items_in_collection,0578-town-streetlight.png,assets/pokopia_image_sources/item_portraits/0578-town-streetlight.png,https://pokopiadex.com/images/items/item_ui/town-streetlight.png,image/png,11900,106b78246a6bd204f440098fbc1690e5bdf3b89093d871494ce0e9c898184680,ok,
0579,placeable_item,1128,Harbor streetlight,harbor-streetlight,A streetlight that invokes harbor vibes. The life buoy stands out as the main highlight.,Utilities,"[""Decoration""]",[],,in-collection,,utilities_order,33,,,,,,,,[],"[2206,2211,2222,2225,2232]",https://pokopiadex.com/images/items/crafting_ui/harbor-streetlight.png,[],https://pokopiadex.com/items/harbor-streetlight,pokopiadex_items_in_collection,0579-harbor-streetlight.png,assets/pokopia_image_sources/item_portraits/0579-harbor-streetlight.png,https://pokopiadex.com/images/items/crafting_ui/harbor-streetlight.png,image/png,219374,aac411a7b28d96ad18e10ec9f337c658496f1387f700de571be1d5407f5e2565,ok,
0580,placeable_item,1858,Chic streetlight,chic-streetlight,"When powered on, this light emits a gentle glow that faintly illuminates its surroundings.",Utilities,"[""Decoration""]",[],,in-collection,,utilities_order,34,,,,,,,,[],"[2206,2211,2222,2231,2232]",https://pokopiadex.com/images/items/item_ui/chic-streetlight.png,[],https://pokopiadex.com/items/chic-streetlight,pokopiadex_items_in_collection,0580-chic-streetlight.png,assets/pokopia_image_sources/item_portraits/0580-chic-streetlight.png,https://pokopiadex.com/images/items/item_ui/chic-streetlight.png,image/png,11164,220f08bdce079e3e0a9ef0f9c96d22f67e2fc41c0a07135588f7d0a472be7617,ok,
0581,placeable_item,1859,Double streetlight,double-streetlight,"When powered on, both lamps shine brightly to illuminate their surroundings.",Utilities,"[""Decoration""]",[],,in-collection,,utilities_order,35,,,,,,,,[],"[2206,2211,2222,2232]",https://pokopiadex.com/images/items/item_ui/double-streetlight.png,[],https://pokopiadex.com/items/double-streetlight,pokopiadex_items_in_collection,0581-double-streetlight.png,assets/pokopia_image_sources/item_portraits/0581-double-streetlight.png,https://pokopiadex.com/images/items/item_ui/double-streetlight.png,image/png,13113,15e82d0c8e462ce0d8def0e6ec3f31864c41b22efacb86f8c28d13be80131d0c,ok,
0582,placeable_item,267,Mushroom lamp,mushroom-lamp,"The mushroom emits a gentle glow, illuminating the surroundings with soft light.",Utilities,"[""Decoration""]",[],,in-collection,,utilities_order,36,,,,,,,,[],"[2206,2232,2244]",https://pokopiadex.com/images/items/crafting_ui/mushroom-lamp.png,[],https://pokopiadex.com/items/mushroom-lamp,pokopiadex_items_in_collection,0582-mushroom-lamp.png,assets/pokopia_image_sources/item_portraits/0582-mushroom-lamp.png,https://pokopiadex.com/images/items/crafting_ui/mushroom-lamp.png,image/png,123016,8afa677ebdd0b5623bb69aa38f4f12f412e205c105bf4f40d565ade9555e25f0,ok,
0583,placeable_item,71,Plain lamp,plain-lamp,Powering this on illuminates the surroundings with warm light.,Utilities,"[""Decoration""]",[],,in-collection,,utilities_order,37,,,,,,,,[],"[2206,2208,2211,2244]",https://pokopiadex.com/images/items/crafting_ui/plain-lamp.png,[],https://pokopiadex.com/items/plain-lamp,pokopiadex_items_in_collection,0583-plain-lamp.png,assets/pokopia_image_sources/item_portraits/0583-plain-lamp.png,https://pokopiadex.com/images/items/crafting_ui/plain-lamp.png,image/png,100147,05810eaecfbaaa9163231dc685f3451022e5892bba7a620e7017d3055f668493,ok,
0584,placeable_item,1471,Desk light,desk-light,A light with a simple design. Perfect for brightening up your desk when you need to focus on work.,Utilities,"[""Decoration""]",[],,in-collection,,utilities_order,38,,,,200,,,,[],"[2206,2211,2222,2232]",https://pokopiadex.com/images/items/shop_ui/desk-light.png,[],https://pokopiadex.com/items/desk-light,pokopiadex_items_in_collection,0584-desk-light.png,assets/pokopia_image_sources/item_portraits/0584-desk-light.png,https://pokopiadex.com/images/items/shop_ui/desk-light.png,image/png,74250,f5da0c782b68107aaeb5bb619ae0892d37238d3d7ec83baf82ec3dfe0c0b60d6,ok,
0585,placeable_item,1504,Poké Ball light,poke-ball-light,A neon light that glows red and white when powered on. It would look great on top of a table.,Utilities,"[""Decoration""]","[""Red Pokeball in Bleak Beach""]",,in-collection,,utilities_order,39,,,,,,,,[],"[2200,2206,2211,2221,2222]",https://pokopiadex.com/images/items/item_ui/poke-ball-light.png,[],https://pokopiadex.com/items/poke-ball-light,pokopiadex_items_in_collection,0585-poke-ball-light.png,assets/pokopia_image_sources/item_portraits/0585-poke-ball-light.png,https://pokopiadex.com/images/items/item_ui/poke-ball-light.png,image/png,30701,a23b2e867d19a8e5e6662624d44d69047ab768c0bee9da7c7ced3ae09c2a6f3c,ok,
0586,placeable_item,1565,Berry table lamp,berry-table-lamp,A Rawst Berry made of glass. Power it on to illuminate the area with pale blue light.,Utilities,"[""Decoration""]",[],,in-collection,,utilities_order,40,,,,,,,,[],"[2204,2206,2211,2216,2219]",https://pokopiadex.com/images/items/item_ui/berry-table-lamp.png,[],https://pokopiadex.com/items/berry-table-lamp,pokopiadex_items_in_collection,0586-berry-table-lamp.png,assets/pokopia_image_sources/item_portraits/0586-berry-table-lamp.png,https://pokopiadex.com/images/items/item_ui/berry-table-lamp.png,image/png,27883,564a6ae603d7661cdd9527bdeff6238ae2b2a7b94496e0c880ade43f24fc8bbd,ok,
0587,placeable_item,1425,Cute lamp,cute-lamp,"A cute decorative lamp, even when it's turned off. Power it on to make the central heart glow.",Utilities,"[""Decoration""]",[],,in-collection,,utilities_order,41,,,,,,,,[],"[2204,2206,2211]",https://pokopiadex.com/images/items/item_ui/cute-lamp.png,[],https://pokopiadex.com/items/cute-lamp,pokopiadex_items_in_collection,0587-cute-lamp.png,assets/pokopia_image_sources/item_portraits/0587-cute-lamp.png,https://pokopiadex.com/images/items/item_ui/cute-lamp.png,image/png,28997,2fa6e8cdd740d8c422f328d5a1c14408b518ccffed04f20776a9df672d61413c,ok,
0588,placeable_item,1860,Poké Ball lamp,poke-ball-lamp,Emits a brilliant light when powered on. This would look great on a shelf.,Utilities,"[""Decoration""]",[],,in-collection,,utilities_order,42,,,,,,,,[],"[2206,2211,2221,2229,2239]",https://pokopiadex.com/images/items/item_ui/poke-ball-lamp.png,[],https://pokopiadex.com/items/poke-ball-lamp,pokopiadex_items_in_collection,0588-poke-ball-lamp.png,assets/pokopia_image_sources/item_portraits/0588-poke-ball-lamp.png,https://pokopiadex.com/images/items/item_ui/poke-ball-lamp.png,image/png,20212,f36c40014224b26463c9e0ebc98a04399fe5993537863a73c6ce039dbfe4dd68,ok,
0589,placeable_item,1861,Model planet,model-planet,A model of some unexplored faraway planet. It looks just like a piece of yummy candy.,Utilities,"[""Toy""]",[],,in-collection,,utilities_order,43,,,,,,,,[],"[2200,2204,2206,2222,2229,2236]",https://pokopiadex.com/images/items/item_ui/model-planet.png,[],https://pokopiadex.com/items/model-planet,pokopiadex_items_in_collection,0589-model-planet.png,assets/pokopia_image_sources/item_portraits/0589-model-planet.png,https://pokopiadex.com/images/items/item_ui/model-planet.png,image/png,25948,f38da5fddfca613e68bc24e85f6cf5eb3a78801df245b158839cbb582e514231,ok,
0590,placeable_item,2013,Red meteor lamp,red-meteor-lamp,"When powered on, this sparkles like a shooting star and instantly gives its surroundings a mystical vibe.",Utilities,"[""Decoration""]",[],,in-collection,,utilities_order,44,,,,,,,,[],"[2204,2206,2211,2231]",https://pokopiadex.com/images/items/item_ui/red-meteor-lamp.png,[],https://pokopiadex.com/items/red-meteor-lamp,pokopiadex_items_in_collection,0590-red-meteor-lamp.png,assets/pokopia_image_sources/item_portraits/0590-red-meteor-lamp.png,https://pokopiadex.com/images/items/item_ui/red-meteor-lamp.png,image/png,29068,b8f180434715d7e3341596ddd0398c4cbd788c962ce09221ad45288216472873,ok,
0591,placeable_item,2014,Orange meteor lamp,orange-meteor-lamp,"When powered on, this sparkles like a shooting star and instantly gives its surroundings a mystical vibe.",Utilities,"[""Decoration""]",[],,in-collection,,utilities_order,45,,,,,,,,[],"[2204,2206,2211,2231]",https://pokopiadex.com/images/items/item_ui/orange-meteor-lamp.png,[],https://pokopiadex.com/items/orange-meteor-lamp,pokopiadex_items_in_collection,0591-orange-meteor-lamp.png,assets/pokopia_image_sources/item_portraits/0591-orange-meteor-lamp.png,https://pokopiadex.com/images/items/item_ui/orange-meteor-lamp.png,image/png,30461,24e95c8cb3154fb639fe7184da8f690f3aca606b260354d221a72586d4bbe69d,ok,
0592,placeable_item,2015,Yellow meteor lamp,yellow-meteor-lamp,"When powered on, this sparkles like a shooting star and instantly gives its surroundings a mystical vibe.",Utilities,"[""Decoration""]",[],,in-collection,,utilities_order,46,,,,,,,,[],"[2204,2206,2211,2231]",https://pokopiadex.com/images/items/item_ui/yellow-meteor-lamp.png,[],https://pokopiadex.com/items/yellow-meteor-lamp,pokopiadex_items_in_collection,0592-yellow-meteor-lamp.png,assets/pokopia_image_sources/item_portraits/0592-yellow-meteor-lamp.png,https://pokopiadex.com/images/items/item_ui/yellow-meteor-lamp.png,image/png,33120,1200dc53aae7d481561c610b99f6d52343ee331129610b30e2f090d87e4bd207,ok,
0593,placeable_item,2016,Green meteor lamp,green-meteor-lamp,"When powered on, this sparkles like a shooting star and instantly gives its surroundings a mystical vibe.",Utilities,"[""Decoration""]",[],,in-collection,,utilities_order,47,,,,,,,,[],"[2204,2206,2211,2231]",https://pokopiadex.com/images/items/item_ui/green-meteor-lamp.png,[],https://pokopiadex.com/items/green-meteor-lamp,pokopiadex_items_in_collection,0593-green-meteor-lamp.png,assets/pokopia_image_sources/item_portraits/0593-green-meteor-lamp.png,https://pokopiadex.com/images/items/item_ui/green-meteor-lamp.png,image/png,35184,0bb72ccf67a881eb9fb7cf372cb66b6a8f558e6abe73179112ec45df7c99771c,ok,
0594,placeable_item,2017,Blue meteor lamp,blue-meteor-lamp,"When powered on, this sparkles like a shooting star and instantly gives its surroundings a mystical vibe.",Utilities,"[""Decoration""]",[],,in-collection,,utilities_order,48,,,,,,,,[],"[2204,2206,2211,2231]",https://pokopiadex.com/images/items/item_ui/blue-meteor-lamp.png,[],https://pokopiadex.com/items/blue-meteor-lamp,pokopiadex_items_in_collection,0594-blue-meteor-lamp.png,assets/pokopia_image_sources/item_portraits/0594-blue-meteor-lamp.png,https://pokopiadex.com/images/items/item_ui/blue-meteor-lamp.png,image/png,33805,868869d235e7ba2ae22d11e7dec7d0d57abb94cf4d567f865bc47ae6d70e7db0,ok,
0595,placeable_item,2018,Indigo meteor lamp,indigo-meteor-lamp,"When powered on, this sparkles like a shooting star and instantly gives its surroundings a mystical vibe.",Utilities,"[""Decoration""]",[],,in-collection,,utilities_order,49,,,,,,,,[],"[2204,2206,2211,2231]",https://pokopiadex.com/images/items/item_ui/indigo-meteor-lamp.png,[],https://pokopiadex.com/items/indigo-meteor-lamp,pokopiadex_items_in_collection,0595-indigo-meteor-lamp.png,assets/pokopia_image_sources/item_portraits/0595-indigo-meteor-lamp.png,https://pokopiadex.com/images/items/item_ui/indigo-meteor-lamp.png,image/png,30566,5f0039d9041c9599f790e6b1e2ea13c72004632f2793a5bb8571da56dfe885cb,ok,
0596,placeable_item,2019,Violet meteor lamp,violet-meteor-lamp,"When powered on, this sparkles like a shooting star and instantly gives its surroundings a mystical vibe.",Utilities,"[""Decoration""]",[],,in-collection,,utilities_order,50,,,,,,,,[],"[2204,2206,2211,2231]",https://pokopiadex.com/images/items/item_ui/violet-meteor-lamp.png,[],https://pokopiadex.com/items/violet-meteor-lamp,pokopiadex_items_in_collection,0596-violet-meteor-lamp.png,assets/pokopia_image_sources/item_portraits/0596-violet-meteor-lamp.png,https://pokopiadex.com/images/items/item_ui/violet-meteor-lamp.png,image/png,29896,b3bed8d5ef74f38e9cfe326c89003803958b0134d8ff86b79b3d86627ea456c8,ok,
0597,placeable_item,1395,Luxury lamp,luxury-lamp,"When this lamp is powered on, it emits a gentle light, illuminating its surroundings.",Utilities,"[""Decoration""]",[],,in-collection,,utilities_order,51,,,,,,,,[],"[2204,2206,2208,2211,2221,2232]",https://pokopiadex.com/images/items/item_ui/luxury-lamp.png,[],https://pokopiadex.com/items/luxury-lamp,pokopiadex_items_in_collection,0597-luxury-lamp.png,assets/pokopia_image_sources/item_portraits/0597-luxury-lamp.png,https://pokopiadex.com/images/items/item_ui/luxury-lamp.png,image/png,15274,f4d11e697b4e4c937062d79645f4592b085b0eeb099056fd3b91532b6b602f8c,ok,
0598,placeable_item,430,Garden light,garden-light,A light that's perfect for a garden! Beautifully illuminates flowers—even at night!,Utilities,"[""Decoration""]",[],,in-collection,,utilities_order,52,,,,150,,,,[],"[2206,2211,2222]",https://pokopiadex.com/images/items/shop_ui/garden-light.png,[],https://pokopiadex.com/items/garden-light,pokopiadex_items_in_collection,0598-garden-light.png,assets/pokopia_image_sources/item_portraits/0598-garden-light.png,https://pokopiadex.com/images/items/shop_ui/garden-light.png,image/png,71880,d8a9e4276c25a5d65015acccdecdda08d0269595b3af534096b54fe8a5e5f09d,ok,
0599,placeable_item,687,Lantern,lantern,"This emits bright light when powered on. You'll feel safe if you have this, even in a dark cave.",Utilities,"[""Decoration""]",[],,in-collection,,utilities_order,53,,,,,,,,[],"[2206,2211,2222]",https://pokopiadex.com/images/items/item_ui/lantern.png,[],https://pokopiadex.com/items/lantern,pokopiadex_items_in_collection,0599-lantern.png,assets/pokopia_image_sources/item_portraits/0599-lantern.png,https://pokopiadex.com/images/items/item_ui/lantern.png,image/png,30847,1de06f0ef4e58ed3b1edb9eda58f5976bdb92c23fbfbfb8f499db29cc2c08150,ok,
0600,placeable_item,917,Seedot lamp,seedot-lamp,"When mounted to a wall, this looks just like a Seedot hanging from a branch!",Utilities,"[""Decoration""]","[""Appraise Large lost relic""]",,in-collection,Lost Relics (L),lost_relics_l_order,33,,,,,,,,[],"[2206,2211,2219,2229]",https://pokopiadex.com/images/items/item_ui/seedot-lamp.png,[],https://pokopiadex.com/items/seedot-lamp,pokopiadex_items_in_collection,0600-seedot-lamp.png,assets/pokopia_image_sources/item_portraits/0600-seedot-lamp.png,https://pokopiadex.com/images/items/item_ui/seedot-lamp.png,image/png,110384,d2f51828f3f3fce1f4afbde07aac9fc925bcdafafae05e56183093ac8c5b711b,ok,
0601,placeable_item,1862,Mirror ball,mirror-ball,Sparkles and twinkles when powered on. Quickly turns the whole area into a party zone.,Utilities,"[""Decoration""]","[""Gifts from Pokemon""]",,in-collection,,utilities_order,55,,,,,,,,[],"[2206,2211,2222,2229,2231]",https://pokopiadex.com/images/items/shop_ui/mirror-ball.png,[],https://pokopiadex.com/items/mirror-ball,pokopiadex_items_in_collection,0601-mirror-ball.png,assets/pokopia_image_sources/item_portraits/0601-mirror-ball.png,https://pokopiadex.com/images/items/shop_ui/mirror-ball.png,image/png,179457,37a1d641afa189d4f223fe205e5d028ab8880ec5c5c971f548cdda4fbb870574,ok,
0602,placeable_item,1863,Wall light,wall-light,A light that can be fixed to a wall. Power it on and it'll light the area with a warm glow.,Utilities,"[""Decoration""]",[],,in-collection,,utilities_order,56,,,,,,,,[],"[2198,2206,2211]",https://pokopiadex.com/images/items/item_ui/wall-light.png,[],https://pokopiadex.com/items/wall-light,pokopiadex_items_in_collection,0602-wall-light.png,assets/pokopia_image_sources/item_portraits/0602-wall-light.png,https://pokopiadex.com/images/items/item_ui/wall-light.png,image/png,15946,1b3b682eaf343bbe385c0faacb80f615a188bad06b8e60a8110bd347b9cee139,ok,
0603,placeable_item,1164,Shell lamp,shell-lamp,"It looks like a simple seashell at first glance, but hang it up and power it on, and it emits a gentle light.",Utilities,"[""Decoration""]",[],,in-collection,,utilities_order,57,,,,,,,,[],"[2204,2206,2211,2225]",https://pokopiadex.com/images/items/crafting_ui/shell-lamp.png,[],https://pokopiadex.com/items/shell-lamp,pokopiadex_items_in_collection,0603-shell-lamp.png,assets/pokopia_image_sources/item_portraits/0603-shell-lamp.png,https://pokopiadex.com/images/items/crafting_ui/shell-lamp.png,image/png,124300,ea14293746439bc79e546522082aa5b1e7d55085acfe338d917a14b99f2d7d32,ok,
0604,placeable_item,1864,Fluorescent light,fluorescent-light,Shines brilliantly when powered on. Even nighttime feels like noon when this light is on.,Utilities,"[""Decoration""]",[],,in-collection,,utilities_order,58,,,,,,,,[],"[2206,2211,2231,2232]",https://pokopiadex.com/images/items/item_ui/fluorescent-light.png,[],https://pokopiadex.com/items/fluorescent-light,pokopiadex_items_in_collection,0604-fluorescent-light.png,assets/pokopia_image_sources/item_portraits/0604-fluorescent-light.png,https://pokopiadex.com/images/items/item_ui/fluorescent-light.png,image/png,12611,392e2d308e6c27ee99e144ce8073e0ecf5936308957099e27d9768ca680991ab,ok,
0605,placeable_item,1865,Gaming light,gaming-light,Emits rainbow light when mounted to a wall and powered on.,Utilities,"[""Decoration""]",[],,in-collection,,utilities_order,59,,,,,,,,[],"[2200,2206,2210,2211]",https://pokopiadex.com/images/items/item_ui/gaming-light.png,[],https://pokopiadex.com/items/gaming-light,pokopiadex_items_in_collection,0605-gaming-light.png,assets/pokopia_image_sources/item_portraits/0605-gaming-light.png,https://pokopiadex.com/images/items/item_ui/gaming-light.png,image/png,17851,59dc49349fd8204dd3e3fa492446816c32ac30904a0b351c8c92f287d179d8d1,ok,
0606,placeable_item,833,Resort light,resort-light,A light that resembles a ball of tangled string. Its gentle glow creates a fancy atmosphere.,Utilities,"[""Decoration""]",[],,in-collection,,utilities_order,60,,,,,,,,[],"[2206,2222,2225,2243]",https://pokopiadex.com/images/items/crafting_ui/resort-light.png,[],https://pokopiadex.com/items/resort-light,pokopiadex_items_in_collection,0606-resort-light.png,assets/pokopia_image_sources/item_portraits/0606-resort-light.png,https://pokopiadex.com/images/items/crafting_ui/resort-light.png,image/png,185859,e20d37ba1e90cff6a6c33c4f58a889b29cf9869a06d50f3b925e9afd47795ffa,ok,
0607,placeable_item,1737,String lights,string-lights,Hang these lights on the wall and power them on to create a lively atmosphere.,Utilities,"[""Decoration""]","[""Red Pokeball in Bleak Beach""]",,in-collection,,utilities_order,61,,,,,,,,[],"[2206,2210,2211]",https://pokopiadex.com/images/items/crafting_ui/string-lights.png,[],https://pokopiadex.com/items/string-lights,pokopiadex_items_in_collection,0607-string-lights.png,assets/pokopia_image_sources/item_portraits/0607-string-lights.png,https://pokopiadex.com/images/items/crafting_ui/string-lights.png,image/png,108594,313f12a30afc41a5d859bb34ecb55a2e01ee6d6c1f2e8f9e6c0496c32703234b,ok,
0608,placeable_item,1866,Pop art lamp,pop-art-lamp,The bright bulb bounces off a shiny lampshade. Looking at it seems to improve your mood!,Utilities,"[""Decoration""]",[],,in-collection,,utilities_order,62,,,,,,,,[],"[2206,2211]",https://pokopiadex.com/images/items/item_ui/pop-art-lamp.png,[],https://pokopiadex.com/items/pop-art-lamp,pokopiadex_items_in_collection,0608-pop-art-lamp.png,assets/pokopia_image_sources/item_portraits/0608-pop-art-lamp.png,https://pokopiadex.com/images/items/item_ui/pop-art-lamp.png,image/png,11329,1b5e1835244093ed712d433cbae1ba5ad9358fc0234851ffe09731c7e521c7de,ok,
0609,placeable_item,1867,Berry hanging lamp,berry-hanging-lamp,"When hung from the ceiling and powered on, the tip of the Chesto Berry emits a gentle light.",Utilities,"[""Decoration""]",[],,in-collection,,utilities_order,63,,,,,,,,[],"[2204,2206,2211,2216,2219,2232]",https://pokopiadex.com/images/items/item_ui/berry-hanging-lamp.png,[],https://pokopiadex.com/items/berry-hanging-lamp,pokopiadex_items_in_collection,0609-berry-hanging-lamp.png,assets/pokopia_image_sources/item_portraits/0609-berry-hanging-lamp.png,https://pokopiadex.com/images/items/item_ui/berry-hanging-lamp.png,image/png,11329,3b2cf5b5b33cc3902d7a33bc1d7ba9d91358ca7a139fdecf903184891de19101,ok,
0610,placeable_item,1868,Surface light,surface-light,Simple inconspicuous lights. You can embed them in ceilings and walls.,Utilities,"[""Decoration""]",[],,in-collection,,utilities_order,64,,,,,,,,[],"[2206,2211,2229]",https://pokopiadex.com/images/items/item_ui/surface-light.png,[],https://pokopiadex.com/items/surface-light,pokopiadex_items_in_collection,0610-surface-light.png,assets/pokopia_image_sources/item_portraits/0610-surface-light.png,https://pokopiadex.com/images/items/item_ui/surface-light.png,image/png,14760,227e46246616518b221f4c50df6475c086a0b192ff2c8e94868062670e631d0b,ok,
0611,placeable_item,1166,Spotlight,spotlight,"When powered on, this light shines brightly on whatever is in front of it.",Utilities,"[""Decoration""]",[],,in-collection,,utilities_order,65,,,,,,,,[],"[2206,2211,2222]",https://pokopiadex.com/images/items/crafting_ui/spotlight.png,[],https://pokopiadex.com/items/spotlight,pokopiadex_items_in_collection,0611-spotlight.png,assets/pokopia_image_sources/item_portraits/0611-spotlight.png,https://pokopiadex.com/images/items/crafting_ui/spotlight.png,image/png,113569,932ad8e643768fe750f18355909d235822974ec79ab1a3590a4576fb8e8715d4,ok,
0612,placeable_item,1869,Antique chandelier,antique-chandelier,Hang this from the ceiling to illuminate a room with gentle light. Perfect for a mansion aesthetic!,Utilities,"[""Decoration""]",[],,in-collection,,utilities_order,66,,,,,,,,[],"[2206,2211,2221,2222]",https://pokopiadex.com/images/items/item_ui/antique-chandelier.png,[],https://pokopiadex.com/items/antique-chandelier,pokopiadex_items_in_collection,0612-antique-chandelier.png,assets/pokopia_image_sources/item_portraits/0612-antique-chandelier.png,https://pokopiadex.com/images/items/item_ui/antique-chandelier.png,image/png,28385,dc6d64a315d2274ba1fbbeb0cf82f46195a4b9f1137d3d3f1c3f5e11a448ae8e,ok,
0613,placeable_item,1870,Music mat (low do),music-mat-low-do,A strange mat that makes different sounds when you step on it depending on the direction it's facing.,Utilities,"[""Toy""]",[],,in-collection,,utilities_order,67,,,,,,,,[],"[2224,2226,2231,2239]",https://pokopiadex.com/images/items/item_ui/music-mat-low-do.png,[],https://pokopiadex.com/items/music-mat-low-do,pokopiadex_items_in_collection,0613-music-mat-low-do.png,assets/pokopia_image_sources/item_portraits/0613-music-mat-low-do.png,https://pokopiadex.com/images/items/item_ui/music-mat-low-do.png,image/png,30169,ad92dd3a150143be277fa0b35169b20be34e118b5006d810873047ea57cc67fb,ok,
0614,placeable_item,1871,Music mat (Re),music-mat-re,A strange mat that makes different sounds when you step on it depending on the direction it's facing.,Utilities,"[""Toy""]",[],,in-collection,,utilities_order,68,,,,,,,,[],"[2224,2226,2231,2239]",https://pokopiadex.com/images/items/item_ui/music-mat-re.png,[],https://pokopiadex.com/items/music-mat-re,pokopiadex_items_in_collection,0614-music-mat-re.png,assets/pokopia_image_sources/item_portraits/0614-music-mat-re.png,https://pokopiadex.com/images/items/item_ui/music-mat-re.png,image/png,30932,747ca122c694c97af41fd47c0eab94087fe36795754ab57c27bb4c0f4068f7ce,ok,
0615,placeable_item,1872,Music mat (Mi),music-mat-mi,A strange mat that makes different sounds when you step on it depending on the direction it's facing.,Utilities,"[""Toy""]",[],,in-collection,,utilities_order,69,,,,,,,,[],"[2224,2226,2231,2239]",https://pokopiadex.com/images/items/item_ui/music-mat-mi.png,[],https://pokopiadex.com/items/music-mat-mi,pokopiadex_items_in_collection,0615-music-mat-mi.png,assets/pokopia_image_sources/item_portraits/0615-music-mat-mi.png,https://pokopiadex.com/images/items/item_ui/music-mat-mi.png,image/png,31199,253a41a5266390ad255591fe861294143fe19dac46788727d2dd56894411beb7,ok,
0616,placeable_item,1873,Music mat (Fa),music-mat-fa,A strange mat that makes different sounds when you step on it depending on the direction it's facing.,Utilities,"[""Toy""]",[],,in-collection,,utilities_order,70,,,,,,,,[],"[2224,2226,2231,2239]",https://pokopiadex.com/images/items/item_ui/music-mat-fa.png,[],https://pokopiadex.com/items/music-mat-fa,pokopiadex_items_in_collection,0616-music-mat-fa.png,assets/pokopia_image_sources/item_portraits/0616-music-mat-fa.png,https://pokopiadex.com/images/items/item_ui/music-mat-fa.png,image/png,32644,fdcd2838451d2a20c60978148b2c8db1beb59575e031b8dbd53605956759ba5f,ok,
0617,placeable_item,1874,Music mat (Sol),music-mat-sol,A strange mat that makes different sounds when you step on it depending on the direction it's facing.,Utilities,"[""Toy""]",[],,in-collection,,utilities_order,71,,,,,,,,[],"[2224,2226,2231,2239]",https://pokopiadex.com/images/items/item_ui/music-mat-sol.png,[],https://pokopiadex.com/items/music-mat-sol,pokopiadex_items_in_collection,0617-music-mat-sol.png,assets/pokopia_image_sources/item_portraits/0617-music-mat-sol.png,https://pokopiadex.com/images/items/item_ui/music-mat-sol.png,image/png,30534,58d63c66c16be93d9e33003dcc3b3882beeafa96885ec83fa340294c25fd5f91,ok,
0618,placeable_item,1875,Music mat (La),music-mat-la,A strange mat that makes different sounds when you step on it depending on the direction it's facing.,Utilities,"[""Toy""]",[],,in-collection,,utilities_order,72,,,,,,,,[],"[2224,2226,2231,2239]",https://pokopiadex.com/images/items/item_ui/music-mat-la.png,[],https://pokopiadex.com/items/music-mat-la,pokopiadex_items_in_collection,0618-music-mat-la.png,assets/pokopia_image_sources/item_portraits/0618-music-mat-la.png,https://pokopiadex.com/images/items/item_ui/music-mat-la.png,image/png,30367,9aae20e1aad50316926e3e224f140996b2806eadf7d86dd831ce72714f55a92d,ok,
0619,placeable_item,1876,Music mat (Ti),music-mat-ti,A strange mat that makes different sounds when you step on it depending on the direction it's facing.,Utilities,"[""Toy""]",[],,in-collection,,utilities_order,73,,,,,,,,[],"[2224,2226,2231,2239]",https://pokopiadex.com/images/items/item_ui/music-mat-ti.png,[],https://pokopiadex.com/items/music-mat-ti,pokopiadex_items_in_collection,0619-music-mat-ti.png,assets/pokopia_image_sources/item_portraits/0619-music-mat-ti.png,https://pokopiadex.com/images/items/item_ui/music-mat-ti.png,image/png,31886,9487be4dea38ecbd1caf2534f653d16ac1033474a4c5ec0fc6db99879f0626ab,ok,
0620,placeable_item,1877,Music mat (High do),music-mat-high-do,A strange mat that makes different sounds when you step on it depending on the direction it's facing.,Utilities,"[""Toy""]",[],,in-collection,,utilities_order,74,,,,,,,,[],"[2224,2226,2231,2239]",https://pokopiadex.com/images/items/item_ui/music-mat-high-do.png,[],https://pokopiadex.com/items/music-mat-high-do,pokopiadex_items_in_collection,0620-music-mat-high-do.png,assets/pokopia_image_sources/item_portraits/0620-music-mat-high-do.png,https://pokopiadex.com/images/items/item_ui/music-mat-high-do.png,image/png,30777,f66c8d2da547edac6ed9430bc5b4b51406d933ba89f2c3142bf58c6a70af2de1,ok,
0621,placeable_item,2369,Camping cooking pot,camping-cooking-pot,Cooking equipment for making soup. Put this on a stove or campfire.,Utilities,[],"[""Trade 10 Red crystal fragments to Sableye""]",Sableye's Gem Hunt,in-collection,,utilities_order,1,,,,,,,,[],[],https://pokopiadex.com/images/items/item_ui/camping-cooking-pot.png,[],https://pokopiadex.com/items/camping-cooking-pot,pokopiadex_items_in_collection,0621-camping-cooking-pot.png,assets/pokopia_image_sources/item_portraits/0621-camping-cooking-pot.png,https://pokopiadex.com/images/items/item_ui/camping-cooking-pot.png,image/png,104253,7aaf91c642a1edbe24c1b90141af72f87b32393735d93b1f73a554d55c0ea6fd,ok,
0622,placeable_item,2365,Oil lantern,oil-lantern,A lantern that provides a dim glow when lit. Perfect for exploring dark places!,Utilities,"[""Decoration""]","[""Trade 2 Red crystal fragments to Sableye""]",Sableye's Gem Hunt,in-collection,,utilities_order,2,,,,,,,,[],"[2203,2218,2222]",https://pokopiadex.com/images/items/item_ui/oil-lantern.png,[],https://pokopiadex.com/items/oil-lantern,pokopiadex_items_in_collection,0622-oil-lantern.png,assets/pokopia_image_sources/item_portraits/0622-oil-lantern.png,https://pokopiadex.com/images/items/item_ui/oil-lantern.png,image/png,118603,e849555e72def91c3704806f7f27df7c711f18a8a7c3948d510c74953a284b62,ok,
0623,placeable_item,83,Wooden steps,wooden-steps,"If you build steps, it'll be easier for Pokémon to walk on sloping roads.",Buildings,"[""Road""]",[],,in-collection,,buildings_order,1,,,,,,,,[],[],https://pokopiadex.com/images/items/crafting_ui/wooden-steps.png,[],https://pokopiadex.com/items/wooden-steps,pokopiadex_items_in_collection,0623-wooden-steps.png,assets/pokopia_image_sources/item_portraits/0623-wooden-steps.png,https://pokopiadex.com/images/items/crafting_ui/wooden-steps.png,image/png,130450,495b6c2c68d4dff45c0adddcc30b082fafca28c80ffd05d2cab27bd5503a3af9,ok,
0624,placeable_item,1878,Stylish steps,stylish-steps,A stylish set of steps made of plaster and wood. They'd look great alongside some plaster walls.,Buildings,"[""Road""]",[],,in-collection,,buildings_order,2,,,,,,,,[],[],https://pokopiadex.com/images/items/item_ui/stylish-steps.png,[],https://pokopiadex.com/items/stylish-steps,pokopiadex_items_in_collection,0624-stylish-steps.png,assets/pokopia_image_sources/item_portraits/0624-stylish-steps.png,https://pokopiadex.com/images/items/item_ui/stylish-steps.png,image/png,28698,dcf1c3e550eadf9eaaac8423a77d961950b2d6bafae42f45b30316d6ca8946bb,ok,
0625,placeable_item,849,Stone steps,stone-steps,Steps made of stacked stones. Place several of these for a stately atmosphere.,Buildings,"[""Road""]",[],,in-collection,,buildings_order,3,,,,,,,,[],"[2213,2238]",https://pokopiadex.com/images/items/crafting_ui/stone-steps.png,[],https://pokopiadex.com/items/stone-steps,pokopiadex_items_in_collection,0625-stone-steps.png,assets/pokopia_image_sources/item_portraits/0625-stone-steps.png,https://pokopiadex.com/images/items/crafting_ui/stone-steps.png,image/png,109888,bbabb3385bc2bc49396bb12f24651b6865ba14d77f5a5536b3a5ad3b64222ae1,ok,
0626,placeable_item,1879,Concrete steps,concrete-steps,A sturdy set of steps made of concrete. Try placing them on paths or in buildings.,Buildings,"[""Road""]",[],,in-collection,,buildings_order,4,,,,,,,,[],[],https://pokopiadex.com/images/items/item_ui/concrete-steps.png,[],https://pokopiadex.com/items/concrete-steps,pokopiadex_items_in_collection,0626-concrete-steps.png,assets/pokopia_image_sources/item_portraits/0626-concrete-steps.png,https://pokopiadex.com/images/items/item_ui/concrete-steps.png,image/png,31485,bbadccc33f370ffe3093535e79930315f8c3250a4ead08c35f24ad39eeb31ed5,ok,
0627,placeable_item,1117,Brick steps,brick-steps,Modern steps made of brick. Place lots of these to create a stylish town!,Buildings,"[""Road""]",[],,in-collection,,buildings_order,5,,,,,,,,[],[],https://pokopiadex.com/images/items/crafting_ui/brick-steps.png,[],https://pokopiadex.com/items/brick-steps,pokopiadex_items_in_collection,0627-brick-steps.png,assets/pokopia_image_sources/item_portraits/0627-brick-steps.png,https://pokopiadex.com/images/items/crafting_ui/brick-steps.png,image/png,123716,6930220c99bf2fca3b0ee9cc1061c711c7edd683d4519294e4df65410a66024f,ok,
0628,placeable_item,1307,Iron steps,iron-steps,"Steps that wouldn't look out of place in a factory. They're a bit bumpy, which helps prevent slipping.",Buildings,"[""Road""]",[],,in-collection,,buildings_order,6,,,,100,,,,[],[2222],https://pokopiadex.com/images/items/shop_ui/iron-steps.png,[],https://pokopiadex.com/items/iron-steps,pokopiadex_items_in_collection,0628-iron-steps.png,assets/pokopia_image_sources/item_portraits/0628-iron-steps.png,https://pokopiadex.com/images/items/shop_ui/iron-steps.png,image/png,174918,051fdf628fb91a3a2feec81733c21fcef04b46de726de45791c5592d7639c337,ok,
0629,placeable_item,406,Wooden ladder,wooden-ladder,Linking these vertically makes climbing even the highest of walls a breeze!,Buildings,[],[],,in-collection,,buildings_order,7,,,,,,,,[],[],https://pokopiadex.com/images/items/crafting_ui/wooden-ladder.png,[],https://pokopiadex.com/items/wooden-ladder,pokopiadex_items_in_collection,0629-wooden-ladder.png,assets/pokopia_image_sources/item_portraits/0629-wooden-ladder.png,https://pokopiadex.com/images/items/crafting_ui/wooden-ladder.png,image/png,102393,a676f56befefa6a252a353907339426d60776e039ff14f29cfb62ddd7a73d479,ok,
0630,placeable_item,1880,Iron ladder,iron-ladder,"Great for reaching high places. Connect them vertically, then climb straight up.",Buildings,[],[],,in-collection,,buildings_order,8,,,,,,,,[],[2222],https://pokopiadex.com/images/items/item_ui/iron-ladder.png,[],https://pokopiadex.com/items/iron-ladder,pokopiadex_items_in_collection,0630-iron-ladder.png,assets/pokopia_image_sources/item_portraits/0630-iron-ladder.png,https://pokopiadex.com/images/items/item_ui/iron-ladder.png,image/png,25495,3421dbb99706b9a3699cd6b62ae087791956c53f7eacbfbcccebafdb008e74a9,ok,
0631,placeable_item,881,Wire,wire,A wire that can support objects of any weight. It's perfect for hanging furnishings from the ceiling!,Buildings,[],[],,in-collection,,buildings_order,9,,,,10,,,,[],[2232],https://pokopiadex.com/images/items/crafting_ui/wire.png,[],https://pokopiadex.com/items/wire,pokopiadex_items_in_collection,0631-wire.png,assets/pokopia_image_sources/item_portraits/0631-wire.png,https://pokopiadex.com/images/items/crafting_ui/wire.png,image/png,154762,7fdde2a3bd54289af0546afd51b8d81cb9a09c28fbe555361bca68c22becf318,ok,
0632,placeable_item,1881,Metal chain,metal-chain,"A thin, sturdy chain. Link a few pieces together and you can use them to climb up to high places.",Buildings,[],[],,in-collection,,buildings_order,10,,,,,,,,[],"[2222,2232]",https://pokopiadex.com/images/items/item_ui/metal-chain.png,[],https://pokopiadex.com/items/metal-chain,pokopiadex_items_in_collection,0632-metal-chain.png,assets/pokopia_image_sources/item_portraits/0632-metal-chain.png,https://pokopiadex.com/images/items/item_ui/metal-chain.png,image/png,8241,cc7184506eccbfd0dc6c819280a6d48e404f80f0e7688352d9d4b7f8e07897b7,ok,
0633,placeable_item,1160,Rope,rope,"A length of thick, sturdy rope. Tie a few together and climb it to reach high places!",Buildings,[],[],,in-collection,,buildings_order,11,,,,10,,,,[],[2232],https://pokopiadex.com/images/items/crafting_ui/rope.png,[],https://pokopiadex.com/items/rope,pokopiadex_items_in_collection,0633-rope.png,assets/pokopia_image_sources/item_portraits/0633-rope.png,https://pokopiadex.com/images/items/crafting_ui/rope.png,image/png,330695,dcd4f3e74a4eb60b56ed1925045907dab48c025032daeb39237674b2e336275e,ok,
0634,placeable_item,1882,Pulley,pulley,A pulley that hangs from the ceiling. This works great for hanging ropes or decorations!,Buildings,[],[],,in-collection,,buildings_order,12,,,,,,,,[],[],https://pokopiadex.com/images/items/item_ui/pulley.png,[],https://pokopiadex.com/items/pulley,pokopiadex_items_in_collection,0634-pulley.png,assets/pokopia_image_sources/item_portraits/0634-pulley.png,https://pokopiadex.com/images/items/item_ui/pulley.png,image/png,20851,9b5965a73f89a6fe17135940745750176c1d2ccd09d7e4a5b80cd4aa7b91da92,ok,
0635,placeable_item,76,Rustic door,rustic-door,A door reinforced by large crossbeams. It's perfect for huts or ships.,Buildings,"[""Decoration""]","[""Red Pokeball in Bleak Beach""]",,in-collection,,buildings_order,13,,,,,,,,[],[],https://pokopiadex.com/images/items/crafting_ui/rustic-door.png,[],https://pokopiadex.com/items/rustic-door,pokopiadex_items_in_collection,0635-rustic-door.png,assets/pokopia_image_sources/item_portraits/0635-rustic-door.png,https://pokopiadex.com/images/items/crafting_ui/rustic-door.png,image/png,148346,60ad34da51c0d274e7ef8d6963c36924c5a72b6a9158173d3e3c979c2b946494,ok,
0636,placeable_item,1883,Simple door,simple-door,A simple door with a glass window. It would look great on a hut or a warehouse.,Buildings,[],[],,in-collection,,buildings_order,14,,,,,,,,[],[],https://pokopiadex.com/images/items/item_ui/simple-door.png,[],https://pokopiadex.com/items/simple-door,pokopiadex_items_in_collection,0636-simple-door.png,assets/pokopia_image_sources/item_portraits/0636-simple-door.png,https://pokopiadex.com/images/items/item_ui/simple-door.png,image/png,14151,49b14dcc0aba866fb10b09bdac08d46d4efe3ce78433455de92c110d829d7cc2,ok,
0637,placeable_item,1884,Boat door,boat-door,An affluent-looking door with a number plate. Perfect for guest rooms on a luxury cruise ship.,Buildings,[],[],,in-collection,,buildings_order,15,,,,,,,,[],[],https://pokopiadex.com/images/items/item_ui/boat-door.png,[],https://pokopiadex.com/items/boat-door,pokopiadex_items_in_collection,0637-boat-door.png,assets/pokopia_image_sources/item_portraits/0637-boat-door.png,https://pokopiadex.com/images/items/item_ui/boat-door.png,image/png,22268,8f8174822a1fb75034df89f4cced4aebb47f2774016f10c7eff7119818fd83ce,ok,
0638,placeable_item,1134,Modern door,modern-door,A simple yet sturdy door that would make the perfect entrance to a house.,Buildings,[],[],,in-collection,,buildings_order,16,,,,,,,,[],[2211],https://pokopiadex.com/images/items/crafting_ui/modern-door.png,[],https://pokopiadex.com/items/modern-door,pokopiadex_items_in_collection,0638-modern-door.png,assets/pokopia_image_sources/item_portraits/0638-modern-door.png,https://pokopiadex.com/images/items/crafting_ui/modern-door.png,image/png,116896,84f9deb04b304b749cd17bc403b512abadeb1430aefb6c13524343c9c000fa4e,ok,
0639,placeable_item,1885,Stylish door,stylish-door,A door made of glass from top to bottom. It seems like it would fit well in modern-style rooms.,Buildings,[],[],,in-collection,,buildings_order,17,,,,,,,,[],[],https://pokopiadex.com/images/items/item_ui/stylish-door.png,[],https://pokopiadex.com/items/stylish-door,pokopiadex_items_in_collection,0639-stylish-door.png,assets/pokopia_image_sources/item_portraits/0639-stylish-door.png,https://pokopiadex.com/images/items/item_ui/stylish-door.png,image/png,13971,2c002d40eb75273ca2aa7b63aa24973a87a25101252e1148474aff01fe228b34,ok,
0640,placeable_item,1886,Brainy door,brainy-door,A door with a practical utilitarian design. Its colors and the shape of its window are both very sleek.,Buildings,[],[],,in-collection,,buildings_order,18,,,,,,,,[],[],https://pokopiadex.com/images/items/item_ui/brainy-door.png,[],https://pokopiadex.com/items/brainy-door,pokopiadex_items_in_collection,0640-brainy-door.png,assets/pokopia_image_sources/item_portraits/0640-brainy-door.png,https://pokopiadex.com/images/items/item_ui/brainy-door.png,image/png,15616,5b22fe13111a49ddfb05798da4baf4e364fd264188566192f6fa6ea1d9239dd1,ok,
0641,placeable_item,1071,Iron door,iron-door,A door with an antique pattern carved onto it. Would pair well with gorgeous furniture.,Buildings,[],"[""Red Pokeball on Museum balcony in Rocky Ridges""]",,in-collection,,buildings_order,19,,,,,,,,[],[2222],https://pokopiadex.com/images/items/item_ui/iron-door.png,[],https://pokopiadex.com/items/iron-door,pokopiadex_items_in_collection,0641-iron-door.png,assets/pokopia_image_sources/item_portraits/0641-iron-door.png,https://pokopiadex.com/images/items/item_ui/iron-door.png,image/png,30042,4cbc35cdfb0b4094d9dc94a04b7bc1f4213ec7139b8bf55ff4704255e7c4fa84,ok,
0642,placeable_item,388,Large wooden door,large-wooden-door,"A wooden door with a knob that makes it easy to open and close, even for Pokémon!",Buildings,[],[],,in-collection,,buildings_order,20,,,,,,,,[],[],https://pokopiadex.com/images/items/crafting_ui/large-wooden-door.png,[],https://pokopiadex.com/items/large-wooden-door,pokopiadex_items_in_collection,0642-large-wooden-door.png,assets/pokopia_image_sources/item_portraits/0642-large-wooden-door.png,https://pokopiadex.com/images/items/crafting_ui/large-wooden-door.png,image/png,112190,c04a2c85a1e316f08fea8b39b95743f710f4d16812594d6e581ce781c83113a8,ok,
0643,placeable_item,1113,Automatic doors,automatic-doors,"You can't open or close these as is, but they function automatically when hooked up to electricity.",Buildings,[],[],,in-collection,,buildings_order,21,,,,,,,,[],[],https://pokopiadex.com/images/items/crafting_ui/automatic-doors.png,[],https://pokopiadex.com/items/automatic-doors,pokopiadex_items_in_collection,0643-automatic-doors.png,assets/pokopia_image_sources/item_portraits/0643-automatic-doors.png,https://pokopiadex.com/images/items/crafting_ui/automatic-doors.png,image/png,84377,aa9367a73f53b1002c56dca135375e04347bcf4f62e5d53406bc65f20d9fe6be,ok,
0644,placeable_item,1887,Shutter,shutter,It has a Poké Ball design smack-dab in the middle and feels like it could be the entrance to a secret base.,Buildings,[],[],,in-collection,,buildings_order,22,,,,,,,,[],[],https://pokopiadex.com/images/items/item_ui/shutter.png,[],https://pokopiadex.com/items/shutter,pokopiadex_items_in_collection,0644-shutter.png,assets/pokopia_image_sources/item_portraits/0644-shutter.png,https://pokopiadex.com/images/items/item_ui/shutter.png,image/png,19101,f7cabc5e889e84f68402b92b58370bf1b749886948cfcc80ce031420e04338ab,ok,
0645,placeable_item,389,Wooden gate,wooden-gate,This would make a great building entrance—and also work as part of a wooden fence.,Buildings,[],[],,in-collection,,buildings_order,23,,,,,,,,[],[],https://pokopiadex.com/images/items/crafting_ui/wooden-gate.png,[],https://pokopiadex.com/items/wooden-gate,pokopiadex_items_in_collection,0645-wooden-gate.png,assets/pokopia_image_sources/item_portraits/0645-wooden-gate.png,https://pokopiadex.com/images/items/crafting_ui/wooden-gate.png,image/png,152601,56893d216b73cecccd72ae92810c496ff8867418726632a2bea463ee733e431f,ok,
0646,placeable_item,1171,Swinging doors,swinging-doors,Cafe-style double doors. Place them at an entryway and watch Pokémon come and go!,Buildings,[],[],,in-collection,,buildings_order,24,,,,,,,,[],[],https://pokopiadex.com/images/items/crafting_ui/swinging-doors.png,[],https://pokopiadex.com/items/swinging-doors,pokopiadex_items_in_collection,0646-swinging-doors.png,assets/pokopia_image_sources/item_portraits/0646-swinging-doors.png,https://pokopiadex.com/images/items/crafting_ui/swinging-doors.png,image/png,146172,829bdf501887476c2ee96b923b104d381ebe8410118d730a383f8bc05388341c,ok,
0647,placeable_item,869,Iron gate,iron-gate,Fancy double doors with a whirling pattern. It would pair nicely with some metal fencing.,Buildings,[],[],,in-collection,,buildings_order,25,,,,,,,,[],[2222],https://pokopiadex.com/images/items/crafting_ui/iron-gate.png,[],https://pokopiadex.com/items/iron-gate,pokopiadex_items_in_collection,0647-iron-gate.png,assets/pokopia_image_sources/item_portraits/0647-iron-gate.png,https://pokopiadex.com/images/items/crafting_ui/iron-gate.png,image/png,160094,eeb0ba8dad7eb5a9e707c52d25bd4e9cc77509ba8fbbafc2015387e7725c031d,ok,
0648,placeable_item,1706,Simple curtain (left),simple-curtain-left,"Plain, simple curtains that work well with any room.",Buildings,[],[],,in-collection,,buildings_order,26,,,,,,,,[],[],https://pokopiadex.com/images/items/crafting_ui/simple-curtain-left.png,[],https://pokopiadex.com/items/simple-curtain-left,pokopiadex_items_in_collection,0648-simple-curtain-left.png,assets/pokopia_image_sources/item_portraits/0648-simple-curtain-left.png,https://pokopiadex.com/images/items/crafting_ui/simple-curtain-left.png,image/png,119468,13aa1932d8360d84ff9bc4156a43512246b0beed0a75edf0669d6215e716a43d,ok,
0649,placeable_item,1707,Simple curtain (right),simple-curtain-right,"Plain, simple curtains that work well with any room.",Buildings,[],[],,in-collection,,buildings_order,27,,,,,,,,[],[],https://pokopiadex.com/images/items/crafting_ui/simple-curtain-right.png,[],https://pokopiadex.com/items/simple-curtain-right,pokopiadex_items_in_collection,0649-simple-curtain-right.png,assets/pokopia_image_sources/item_portraits/0649-simple-curtain-right.png,https://pokopiadex.com/images/items/crafting_ui/simple-curtain-right.png,image/png,131551,c4efb5737dffa84e534049ee1741d2ce60c7c63117a0298f36aaaea0f02214d0,ok,
0650,placeable_item,49,Hatch window,hatch-window,A window with a heavy hatch that can be opened and closed. It's perfect for houses.,Buildings,[],[],,in-collection,,buildings_order,28,,,,,,,,[],[],https://pokopiadex.com/images/items/crafting_ui/hatch-window.png,[],https://pokopiadex.com/items/hatch-window,pokopiadex_items_in_collection,0650-hatch-window.png,assets/pokopia_image_sources/item_portraits/0650-hatch-window.png,https://pokopiadex.com/images/items/crafting_ui/hatch-window.png,image/png,100612,48042adc68db5756c5fd6669c2b67389fc492425a6d34015b4f30a9fd737449d,ok,
0651,placeable_item,646,Underground hatch,underground-hatch,A window with a heavy hatch that opens and closes. Place it on the ground to make an underground door.,Buildings,[],[],,in-collection,,buildings_order,29,,,,,,,,[],[],https://pokopiadex.com/images/items/crafting_ui/underground-hatch.png,[],https://pokopiadex.com/items/underground-hatch,pokopiadex_items_in_collection,0651-underground-hatch.png,assets/pokopia_image_sources/item_portraits/0651-underground-hatch.png,https://pokopiadex.com/images/items/crafting_ui/underground-hatch.png,image/png,142542,92a6a2912d46b9e2233ece781ee71a7b79621f96fe8d3758e0a319d8fcfa8173,ok,
0652,placeable_item,1888,Glass window,glass-window,A simple window that fits in any space. Arrange multiple vertically or horizontally-your call.,Buildings,[],[],,in-collection,,buildings_order,30,,,,,,,,[],[2211],https://pokopiadex.com/images/items/item_ui/glass-window.png,[],https://pokopiadex.com/items/glass-window,pokopiadex_items_in_collection,0652-glass-window.png,assets/pokopia_image_sources/item_portraits/0652-glass-window.png,https://pokopiadex.com/images/items/item_ui/glass-window.png,image/png,68141,21500db8d53f1098c4ffb94f094eba3884f2b91e5248d5335089d26f422d2d21,ok,
0653,placeable_item,1889,Window pane,window-pane,A framed glass pane. It makes a great window or partition.,Buildings,[],[],,in-collection,,buildings_order,31,,,,,,,,[],[2211],https://pokopiadex.com/images/items/item_ui/window-pane.png,[],https://pokopiadex.com/items/window-pane,pokopiadex_items_in_collection,0653-window-pane.png,assets/pokopia_image_sources/item_portraits/0653-window-pane.png,https://pokopiadex.com/images/items/item_ui/window-pane.png,image/png,18864,a6202cce881d493ff8f3471d3214e05d2a4f18b65022c706711a9700c5d1b42c,ok,
0654,placeable_item,1890,Stained-glass window (upper),stained-glass-window-upper,A fancy stained-glass window. It's got a slightly retro vibe.,Buildings,[],[],,in-collection,,buildings_order,32,,,,,,,,[],[2211],https://pokopiadex.com/images/items/item_ui/stained-glass-window-upper.png,[],https://pokopiadex.com/items/stained-glass-window-upper,pokopiadex_items_in_collection,0654-stained-glass-window-upper.png,assets/pokopia_image_sources/item_portraits/0654-stained-glass-window-upper.png,https://pokopiadex.com/images/items/item_ui/stained-glass-window-upper.png,image/png,34289,daa90c0a54d84dee0e94eba41fef39b0f51980963811a499f7af002abe968d0c,ok,
0655,placeable_item,1891,Stained-glass window (middle),stained-glass-window-middle,A fancy stained-glass window. It's got a slightly retro vibe.,Buildings,[],[],,in-collection,,buildings_order,33,,,,,,,,[],[2211],https://pokopiadex.com/images/items/item_ui/stained-glass-window-middle.png,[],https://pokopiadex.com/items/stained-glass-window-middle,pokopiadex_items_in_collection,0655-stained-glass-window-middle.png,assets/pokopia_image_sources/item_portraits/0655-stained-glass-window-middle.png,https://pokopiadex.com/images/items/item_ui/stained-glass-window-middle.png,image/png,35124,d46a7daa8ee5197563ac1dd0e773607ca7c6cf31e2c09b23b9481bd76164ddc7,ok,
0656,placeable_item,1892,Stained-glass window (lower),stained-glass-window-lower,A fancy stained-glass window. It's got a slightly retro vibe.,Buildings,[],[],,in-collection,,buildings_order,34,,,,,,,,[],[2211],https://pokopiadex.com/images/items/item_ui/stained-glass-window-lower.png,[],https://pokopiadex.com/items/stained-glass-window-lower,pokopiadex_items_in_collection,0656-stained-glass-window-lower.png,assets/pokopia_image_sources/item_portraits/0656-stained-glass-window-lower.png,https://pokopiadex.com/images/items/item_ui/stained-glass-window-lower.png,image/png,35636,2231e8c4957c1d4c9c909e9c9338d683286f47315c50e6e7b7a20c247fb898c8,ok,
0657,placeable_item,1162,Sash window,sash-window,A long vertical window with a cute cross trim. Try opening up the bottom half!,Buildings,[],[],,in-collection,,buildings_order,35,,,,,,,,[],[2211],https://pokopiadex.com/images/items/crafting_ui/sash-window.png,[],https://pokopiadex.com/items/sash-window,pokopiadex_items_in_collection,0657-sash-window.png,assets/pokopia_image_sources/item_portraits/0657-sash-window.png,https://pokopiadex.com/images/items/crafting_ui/sash-window.png,image/png,162049,b760963a43f172ed83fdd7fc378092456b1f0694bc8477090b69f717bb2c7c7f,ok,
0658,placeable_item,890,Sloped tiled roof,sloped-tiled-roof,You can arrange these vertically or horizontally to make a roof.,Buildings,[],[],,in-collection,,buildings_order,36,,,,,,,,[],[],https://pokopiadex.com/images/items/crafting_ui/sloped-tiled-roof.png,[],https://pokopiadex.com/items/sloped-tiled-roof,pokopiadex_items_in_collection,0658-sloped-tiled-roof.png,assets/pokopia_image_sources/item_portraits/0658-sloped-tiled-roof.png,https://pokopiadex.com/images/items/crafting_ui/sloped-tiled-roof.png,image/png,113898,534bc920338f31ab26c794cc01a7fd7b51d6400c48e993a1b76ade6b3d50c51f,ok,
0659,placeable_item,891,Tiled hipped roof,tiled-hipped-roof,Try using this when you make a roof! It looks like it would fit beautifully along the edges.,Buildings,[],[],,in-collection,,buildings_order,37,,,,,,,,[],[],https://pokopiadex.com/images/items/crafting_ui/tiled-hipped-roof.png,[],https://pokopiadex.com/items/tiled-hipped-roof,pokopiadex_items_in_collection,0659-tiled-hipped-roof.png,assets/pokopia_image_sources/item_portraits/0659-tiled-hipped-roof.png,https://pokopiadex.com/images/items/crafting_ui/tiled-hipped-roof.png,image/png,105086,7f8514dc42f46c8f066cd6e7226c496eee302637655bc42ef565d53885e162ce,ok,
0660,placeable_item,893,Tiled roof valley,tiled-roof-valley,"When you're planning out the shape of your roof, putting in some valleys adds a really nice touch.",Buildings,[],[],,in-collection,,buildings_order,38,,,,,,,,[],[],https://pokopiadex.com/images/items/crafting_ui/tiled-roof-valley.png,[],https://pokopiadex.com/items/tiled-roof-valley,pokopiadex_items_in_collection,0660-tiled-roof-valley.png,assets/pokopia_image_sources/item_portraits/0660-tiled-roof-valley.png,https://pokopiadex.com/images/items/crafting_ui/tiled-roof-valley.png,image/png,124812,879796c7137b475290e419aacb72b6c2e15b3ece9d4e24a6386de4921f0914c3,ok,
0661,placeable_item,889,Flat tiled roof,flat-tiled-roof,"If you make your roof a little flatter, it'll look nice and stylish!",Buildings,[],[],,in-collection,,buildings_order,39,,,,,,,,[],[],https://pokopiadex.com/images/items/crafting_ui/flat-tiled-roof.png,[],https://pokopiadex.com/items/flat-tiled-roof,pokopiadex_items_in_collection,0661-flat-tiled-roof.png,assets/pokopia_image_sources/item_portraits/0661-flat-tiled-roof.png,https://pokopiadex.com/images/items/crafting_ui/flat-tiled-roof.png,image/png,127940,49ce9301d3be98f9e6440271cc4640751140b43928adfeb8bf982937aff682d2,ok,
0662,placeable_item,892,Tiled roof decoration,tiled-roof-decoration,Try putting this on a roof! It looks great whether you install one or a whole bunch!,Buildings,[],[],,in-collection,,buildings_order,40,,,,,,,,[],[],https://pokopiadex.com/images/items/crafting_ui/tiled-roof-decoration.png,[],https://pokopiadex.com/items/tiled-roof-decoration,pokopiadex_items_in_collection,0662-tiled-roof-decoration.png,assets/pokopia_image_sources/item_portraits/0662-tiled-roof-decoration.png,https://pokopiadex.com/images/items/crafting_ui/tiled-roof-decoration.png,image/png,122714,83ca8dac9640eca08eed07c75afe467e59b77182944c322da9ea419908cd90a8,ok,
0663,placeable_item,894,Magikarp decoration,magikarp-decoration,This would make a great accent piece in the center of a roof.,Buildings,[],[],,in-collection,,buildings_order,41,,,,,,,,[],[],https://pokopiadex.com/images/items/crafting_ui/magikarp-decoration.png,[],https://pokopiadex.com/items/magikarp-decoration,pokopiadex_items_in_collection,0663-magikarp-decoration.png,assets/pokopia_image_sources/item_portraits/0663-magikarp-decoration.png,https://pokopiadex.com/images/items/crafting_ui/magikarp-decoration.png,image/png,144517,c2011d780f426a4a14c40ee5e24ffde0bbcdd3dd7602fff3c4cb3c7576f8b558,ok,
0664,placeable_item,1894,Stone hipped roof,stone-hipped-roof,You can arrange these vertically or horizontally to make a roof.,Buildings,[],[],,in-collection,,buildings_order,42,,,,,,,,[],"[2213,2238]",https://pokopiadex.com/images/items/item_ui/stone-hipped-roof.png,[],https://pokopiadex.com/items/stone-hipped-roof,pokopiadex_items_in_collection,0664-stone-hipped-roof.png,assets/pokopia_image_sources/item_portraits/0664-stone-hipped-roof.png,https://pokopiadex.com/images/items/item_ui/stone-hipped-roof.png,image/png,25698,cbc4f4b2d994616b0999b8b5199385b3ecef46b892051babc2c7641d9c7b756a,ok,
0665,placeable_item,54,Sloped stone roof,sloped-stone-roof,You can arrange these vertically or horizontally to make a roof.,Buildings,[],[],,in-collection,,buildings_order,43,,,,,,,,[],[],https://pokopiadex.com/images/items/item_ui/sloped-stone-roof.png,[],https://pokopiadex.com/items/sloped-stone-roof,pokopiadex_items_in_collection,0665-sloped-stone-roof.png,assets/pokopia_image_sources/item_portraits/0665-sloped-stone-roof.png,https://pokopiadex.com/images/items/item_ui/sloped-stone-roof.png,image/png,29805,75ae323d26b5e2e8469ee9e0c31b383d3127e9060213cf8292b3c161e99a457b,ok,
0666,placeable_item,1893,Skylight,skylight,Try using this when you make a roof! It looks like it would fit beautifully along the edges.,Buildings,[],[],,in-collection,,buildings_order,44,,,,,,,,[],[],https://pokopiadex.com/images/items/item_ui/skylight.png,[],https://pokopiadex.com/items/skylight,pokopiadex_items_in_collection,0666-skylight.png,assets/pokopia_image_sources/item_portraits/0666-skylight.png,https://pokopiadex.com/images/items/item_ui/skylight.png,image/png,24439,e69a349d4264831bd0d4fe8a82fb19bd95be5377fbae16077ee903c85dd18ae2,ok,
0667,placeable_item,1895,Stone roof valley,stone-roof-valley,"When you're planning out the shape of your roof, putting in some valleys adds a really nice touch.",Buildings,[],[],,in-collection,,buildings_order,45,,,,,,,,[],"[2213,2238]",https://pokopiadex.com/images/items/item_ui/stone-roof-valley.png,[],https://pokopiadex.com/items/stone-roof-valley,pokopiadex_items_in_collection,0667-stone-roof-valley.png,assets/pokopia_image_sources/item_portraits/0667-stone-roof-valley.png,https://pokopiadex.com/images/items/item_ui/stone-roof-valley.png,image/png,31081,131f1fb88d2ecf95252416f8b253238173f91fd5db592ff37707f4e5d655c1b9,ok,
0668,placeable_item,1896,Flat stone roof,flat-stone-roof,"If you make your roof a little flatter, it'll look nice and stylish.",Buildings,[],[],,in-collection,,buildings_order,46,,,,,,,,[],[],https://pokopiadex.com/images/items/item_ui/flat-stone-roof.png,[],https://pokopiadex.com/items/flat-stone-roof,pokopiadex_items_in_collection,0668-flat-stone-roof.png,assets/pokopia_image_sources/item_portraits/0668-flat-stone-roof.png,https://pokopiadex.com/images/items/item_ui/flat-stone-roof.png,image/png,24601,c7647e7a82972ab3b1a87e3d3cfa3bd7cb4f1943da200d2b79e40030fe8c8c5a,ok,
0669,placeable_item,1897,Stone roof decoration,stone-roof-decoration,Try putting this on a roof! It looks great whether you install one or a whole bunch.,Buildings,[],[],,in-collection,,buildings_order,47,,,,,,,,[],"[2213,2238]",https://pokopiadex.com/images/items/item_ui/stone-roof-decoration.png,[],https://pokopiadex.com/items/stone-roof-decoration,pokopiadex_items_in_collection,0669-stone-roof-decoration.png,assets/pokopia_image_sources/item_portraits/0669-stone-roof-decoration.png,https://pokopiadex.com/images/items/item_ui/stone-roof-decoration.png,image/png,26415,39e6bd40f63e5a3bf25b9151535d8643c0d7c0b6f695eccc33fcdbb408336704,ok,
0670,placeable_item,1898,Pitched brick roof,pitched-brick-roof,You can arrange these vertically or horizontally to make a roof.,Buildings,[],[],,in-collection,,buildings_order,48,,,,,,,,[],[],https://pokopiadex.com/images/items/crafting_ui/pitched-brick-roof.png,[],https://pokopiadex.com/items/pitched-brick-roof,pokopiadex_items_in_collection,0670-pitched-brick-roof.png,assets/pokopia_image_sources/item_portraits/0670-pitched-brick-roof.png,https://pokopiadex.com/images/items/crafting_ui/pitched-brick-roof.png,image/png,113542,201fdc20d9fd26fbed99278ce6d0fa61c2a1f4d960b34f01bd416b9b9460bdf0,ok,
0671,placeable_item,1899,Dormered brick roof,dormered-brick-roof,This would be a great accent piece in the center of a roof.,Buildings,[],[],,in-collection,,buildings_order,49,,,,,,,,[],[],https://pokopiadex.com/images/items/crafting_ui/dormered-brick-roof.png,[],https://pokopiadex.com/items/dormered-brick-roof,pokopiadex_items_in_collection,0671-dormered-brick-roof.png,assets/pokopia_image_sources/item_portraits/0671-dormered-brick-roof.png,https://pokopiadex.com/images/items/crafting_ui/dormered-brick-roof.png,image/png,131403,26c17029239b456eed2a61ae1542d1bcdad250c2d6670140835752588bdcc925,ok,
0672,placeable_item,1900,Brick hipped roof,brick-hipped-roof,A piece of brick roofing that juts outward. Looks like it'd work great as an edge piece.,Buildings,[],[],,in-collection,,buildings_order,50,,,,,,,,[],[],https://pokopiadex.com/images/items/crafting_ui/brick-hipped-roof.png,[],https://pokopiadex.com/items/brick-hipped-roof,pokopiadex_items_in_collection,0672-brick-hipped-roof.png,assets/pokopia_image_sources/item_portraits/0672-brick-hipped-roof.png,https://pokopiadex.com/images/items/crafting_ui/brick-hipped-roof.png,image/png,111519,418a667446a1bc8cd9224906be4830ffd3e565078933b2f2d0736024848067d6,ok,
0673,placeable_item,1901,Brick roof valley,brick-roof-valley,A piece of brick roofing that recesses inward. Looks like it'd work great as a corner piece.,Buildings,[],[],,in-collection,,buildings_order,51,,,,,,,,[],[],https://pokopiadex.com/images/items/crafting_ui/brick-roof-valley.png,[],https://pokopiadex.com/items/brick-roof-valley,pokopiadex_items_in_collection,0673-brick-roof-valley.png,assets/pokopia_image_sources/item_portraits/0673-brick-roof-valley.png,https://pokopiadex.com/images/items/crafting_ui/brick-roof-valley.png,image/png,122712,aecd30d56a3b6b19c519c276d1f91542c7302920bcf46a3398d292667773bc49,ok,
0674,placeable_item,1902,Flat brick roof,flat-brick-roof,"If you make your roof a little flatter, it'll look nice and stylish.",Buildings,[],[],,in-collection,,buildings_order,52,,,,,,,,[],[],https://pokopiadex.com/images/items/crafting_ui/flat-brick-roof.png,[],https://pokopiadex.com/items/flat-brick-roof,pokopiadex_items_in_collection,0674-flat-brick-roof.png,assets/pokopia_image_sources/item_portraits/0674-flat-brick-roof.png,https://pokopiadex.com/images/items/crafting_ui/flat-brick-roof.png,image/png,143962,422b6c355535b1502b134beac87a2de6750f2c263cb704956838e19328d796a0,ok,
0675,placeable_item,1903,Brick roof decoration,brick-roof-decoration,Try putting this on a roof! It looks great whether you install one or a whole bunch.,Buildings,[],[],,in-collection,,buildings_order,53,,,,,,,,[],[],https://pokopiadex.com/images/items/crafting_ui/brick-roof-decoration.png,[],https://pokopiadex.com/items/brick-roof-decoration,pokopiadex_items_in_collection,0675-brick-roof-decoration.png,assets/pokopia_image_sources/item_portraits/0675-brick-roof-decoration.png,https://pokopiadex.com/images/items/crafting_ui/brick-roof-decoration.png,image/png,132673,247d16cb539249b72cae421c30a3cc82fd3c56260a12eef61de8d05d55141407,ok,
0676,placeable_item,1904,Sloped tent roof,sloped-tent-roof,You can arrange these vertically or horizontally to make a roof.,Buildings,[],[],,in-collection,,buildings_order,54,,,,,,,,[],[],https://pokopiadex.com/images/items/crafting_ui/sloped-tent-roof.png,[],https://pokopiadex.com/items/sloped-tent-roof,pokopiadex_items_in_collection,0676-sloped-tent-roof.png,assets/pokopia_image_sources/item_portraits/0676-sloped-tent-roof.png,https://pokopiadex.com/images/items/crafting_ui/sloped-tent-roof.png,image/png,53139,2b76f5278ee2fe75313cf9a680ed1e6be372e1077da174e138778b41e29f2d0c,ok,
0677,placeable_item,1905,Tent hipped roof,tent-hipped-roof,Try using this when you make a roof! It looks like it would fit beautifully along the edges.,Buildings,[],[],,in-collection,,buildings_order,55,,,,,,,,[],[],https://pokopiadex.com/images/items/crafting_ui/tent-hipped-roof.png,[],https://pokopiadex.com/items/tent-hipped-roof,pokopiadex_items_in_collection,0677-tent-hipped-roof.png,assets/pokopia_image_sources/item_portraits/0677-tent-hipped-roof.png,https://pokopiadex.com/images/items/crafting_ui/tent-hipped-roof.png,image/png,59316,d37653ad06b03f92c230cfa60ba9af4cdcc03f11ced1047235570263c978fd07,ok,
0678,placeable_item,1906,Tent roof valley,tent-roof-valley,"When you're planning out the shape of your roof, putting in some valleys adds a really nice touch.",Buildings,[],[],,in-collection,,buildings_order,56,,,,,,,,[],[],https://pokopiadex.com/images/items/crafting_ui/tent-roof-valley.png,[],https://pokopiadex.com/items/tent-roof-valley,pokopiadex_items_in_collection,0678-tent-roof-valley.png,assets/pokopia_image_sources/item_portraits/0678-tent-roof-valley.png,https://pokopiadex.com/images/items/crafting_ui/tent-roof-valley.png,image/png,73780,ef948db5509f2c999dc0f9531210fe8f8a0ee30e30d7f99b29f98dda1ecba8df,ok,
0679,placeable_item,1907,Flat tent roof,flat-tent-roof,"If you make your roof a little flatter, it'll look nice and stylish.",Buildings,[],[],,in-collection,,buildings_order,57,,,,,,,,[],[],https://pokopiadex.com/images/items/crafting_ui/flat-tent-roof.png,[],https://pokopiadex.com/items/flat-tent-roof,pokopiadex_items_in_collection,0679-flat-tent-roof.png,assets/pokopia_image_sources/item_portraits/0679-flat-tent-roof.png,https://pokopiadex.com/images/items/crafting_ui/flat-tent-roof.png,image/png,71767,3569855bbdcad10362ffdeb9a4b39edd0be36e61cea10d5fda18147462773d6e,ok,
0680,placeable_item,680,Glossy awning,glossy-awning,Install a bunch of these along a wall to block out rain and harsh sunlight.,Buildings,[],[],,in-collection,,buildings_order,58,,,,,,,,[],[],https://pokopiadex.com/images/items/crafting_ui/glossy-awning.png,[],https://pokopiadex.com/items/glossy-awning,pokopiadex_items_in_collection,0680-glossy-awning.png,assets/pokopia_image_sources/item_portraits/0680-glossy-awning.png,https://pokopiadex.com/images/items/crafting_ui/glossy-awning.png,image/png,85477,27c09471d166b346bb1018ae0f299bd9644a35615aec37926b2d0446404dbabb,ok,
0681,placeable_item,1908,Corrugated metal,corrugated-metal,Align several of these to create a roof that could probably protect against wind and rain.,Buildings,"[""Road""]",[],,in-collection,,buildings_order,59,,,,,,,,[],[2222],https://pokopiadex.com/images/items/item_ui/corrugated-metal.png,[],https://pokopiadex.com/items/corrugated-metal,pokopiadex_items_in_collection,0681-corrugated-metal.png,assets/pokopia_image_sources/item_portraits/0681-corrugated-metal.png,https://pokopiadex.com/images/items/item_ui/corrugated-metal.png,image/png,23161,a92c06832971eb01c4dda1ba142eeffc3d3cf3b0c5fd377564e2c74bcadc806e,ok,
0682,placeable_item,1288,Protruding wall,protruding-wall,Lining these up against other walls adds a nice accent to a space.,Buildings,[],[],,in-collection,,buildings_order,60,,,,,,,,[],[],https://pokopiadex.com/images/items/crafting_ui/protruding-wall.png,[],https://pokopiadex.com/items/protruding-wall,pokopiadex_items_in_collection,0682-protruding-wall.png,assets/pokopia_image_sources/item_portraits/0682-protruding-wall.png,https://pokopiadex.com/images/items/crafting_ui/protruding-wall.png,image/png,92198,5ead406cd30328094fc56e8a41c42d4c97e1e608fbca6eef5131342ceabcad76,ok,
0683,placeable_item,1909,Curved eave,curved-eave,A simple roof with a curved shape. Seems like it'd look great on large buildings or facilities.,Buildings,[],[],,in-collection,,buildings_order,61,,,,,,,,[],[],https://pokopiadex.com/images/items/item_ui/curved-eave.png,[],https://pokopiadex.com/items/curved-eave,pokopiadex_items_in_collection,0683-curved-eave.png,assets/pokopia_image_sources/item_portraits/0683-curved-eave.png,https://pokopiadex.com/images/items/item_ui/curved-eave.png,image/png,25165,b620fdb17ea950221870561e6ac59ffa89d5adbd4a2d902efe4e304542956503,ok,
0684,placeable_item,390,Wooden fencing,wooden-fencing,Looks great on its own or arranged in a row.,Buildings,[],[],,in-collection,,buildings_order,62,,,,,,,,[],[],https://pokopiadex.com/images/items/crafting_ui/wooden-fencing.png,[],https://pokopiadex.com/items/wooden-fencing,pokopiadex_items_in_collection,0684-wooden-fencing.png,assets/pokopia_image_sources/item_portraits/0684-wooden-fencing.png,https://pokopiadex.com/images/items/crafting_ui/wooden-fencing.png,image/png,125168,6edde5e13dca7e58ecc6f3e9375cfd41d74cd9eecc69658972a3a580e9c31af1,ok,
0685,placeable_item,55,Wooden enclosure,wooden-enclosure,"A single post may be thin and flimsy, but these make a splendid fence when lined up together.",Buildings,[],[],,in-collection,,buildings_order,63,,,,,,,,[],[],https://pokopiadex.com/images/items/crafting_ui/wooden-enclosure.png,[],https://pokopiadex.com/items/wooden-enclosure,pokopiadex_items_in_collection,0685-wooden-enclosure.png,assets/pokopia_image_sources/item_portraits/0685-wooden-enclosure.png,https://pokopiadex.com/images/items/crafting_ui/wooden-enclosure.png,image/png,77218,a68e50438223324dba0e832355d9294de73910ed3e97d2a333d6f03339d50a82,ok,
0686,placeable_item,1910,Iron enclosure,iron-enclosure,"A single post may be thin and flimsy, but these make a splendid fence when lined up together.",Buildings,[],[],,in-collection,,buildings_order,64,,,,,,,,[],[],https://pokopiadex.com/images/items/item_ui/iron-enclosure.png,[],https://pokopiadex.com/items/iron-enclosure,pokopiadex_items_in_collection,0686-iron-enclosure.png,assets/pokopia_image_sources/item_portraits/0686-iron-enclosure.png,https://pokopiadex.com/images/items/item_ui/iron-enclosure.png,image/png,13798,17e880c4b3014a149d5ecd7b1aa0f806865b0df50f99c6006f70f835cdb729ea,ok,
0687,placeable_item,1911,Metal fencing,metal-fencing,Looks great on its own or arranged in a row.,Buildings,[],[],,in-collection,,buildings_order,65,,,,,,,,[],[],https://pokopiadex.com/images/items/item_ui/metal-fencing.png,[],https://pokopiadex.com/items/metal-fencing,pokopiadex_items_in_collection,0687-metal-fencing.png,assets/pokopia_image_sources/item_portraits/0687-metal-fencing.png,https://pokopiadex.com/images/items/item_ui/metal-fencing.png,image/png,20900,52f7520c6a161f0e3835331ec15c275537e9a7bb944bfe5577cdb389948e32a4,ok,
0688,placeable_item,1297,Stone fencing,stone-fencing,Looks great on its own or arranged in a row.,Buildings,[],[],,in-collection,,buildings_order,66,,,,,,,,[],[],https://pokopiadex.com/images/items/crafting_ui/stone-fencing.png,[],https://pokopiadex.com/items/stone-fencing,pokopiadex_items_in_collection,0688-stone-fencing.png,assets/pokopia_image_sources/item_portraits/0688-stone-fencing.png,https://pokopiadex.com/images/items/crafting_ui/stone-fencing.png,image/png,102368,19e3fab9d0811ed442f6659c8e9a5ce2117e6001b068a19c21a10f6557e1b32f,ok,
0689,placeable_item,1115,Boat railing,boat-railing,Guardrail used on ship decks to keep passengers from falling overboard. They look nice arranged in a row!,Buildings,[],[],,in-collection,,buildings_order,67,,,,,,,,[],[],https://pokopiadex.com/images/items/crafting_ui/boat-railing.png,[],https://pokopiadex.com/items/boat-railing,pokopiadex_items_in_collection,0689-boat-railing.png,assets/pokopia_image_sources/item_portraits/0689-boat-railing.png,https://pokopiadex.com/images/items/crafting_ui/boat-railing.png,image/png,116285,85424ea8330782d17a77b03ba7782883828b75eff75c926dc67bd16853ca2a01,ok,
0690,placeable_item,1912,Wooden handrail,wooden-handrail,A wooden handrail that's useful for dividing up space. These look great arranged in a row.,Buildings,[],[],,in-collection,,buildings_order,68,,,,,,,,[],[],https://pokopiadex.com/images/items/item_ui/wooden-handrail.png,[],https://pokopiadex.com/items/wooden-handrail,pokopiadex_items_in_collection,0690-wooden-handrail.png,assets/pokopia_image_sources/item_portraits/0690-wooden-handrail.png,https://pokopiadex.com/images/items/item_ui/wooden-handrail.png,image/png,25939,c12e25f4695f5bf7bf61d2ca07372fc026f26e1baa2840e8e5d74b700d6fec2b,ok,
0691,placeable_item,1913,Handrail,handrail,"An elegant, antique handrail. Try attaching it to the walls of your buildings.",Buildings,[],[],,in-collection,,buildings_order,69,,,,,,,,[],[],https://pokopiadex.com/images/items/crafting_ui/handrail.png,[],https://pokopiadex.com/items/handrail,pokopiadex_items_in_collection,0691-handrail.png,assets/pokopia_image_sources/item_portraits/0691-handrail.png,https://pokopiadex.com/images/items/crafting_ui/handrail.png,image/png,147025,f95b00302afe91e0c040c4be5cb504ecd3b01adde27de971d04b8d40fa71eda4,ok,
0692,placeable_item,1127,Harbor pole,harbor-pole,"Poles connected by chains, often seen in harbors. They look really nice arranged in a row.",Buildings,[],[],,in-collection,,buildings_order,70,,,,,,,,[],[],https://pokopiadex.com/images/items/crafting_ui/harbor-pole.png,[],https://pokopiadex.com/items/harbor-pole,pokopiadex_items_in_collection,0692-harbor-pole.png,assets/pokopia_image_sources/item_portraits/0692-harbor-pole.png,https://pokopiadex.com/images/items/crafting_ui/harbor-pole.png,image/png,154968,e09817a4d24b98ce4653398268a13f71cde47ea72d0236887b845dbbc21cb53d,ok,
0693,placeable_item,572,Arched barrier,arched-barrier,"These always look nice, whether you use them to make an enclosure or an eye-catching entryway.",Buildings,[],[],,in-collection,,buildings_order,71,,,,10,,,,[],[],https://pokopiadex.com/images/items/crafting_ui/arched-barrier.png,[],https://pokopiadex.com/items/arched-barrier,pokopiadex_items_in_collection,0693-arched-barrier.png,assets/pokopia_image_sources/item_portraits/0693-arched-barrier.png,https://pokopiadex.com/images/items/crafting_ui/arched-barrier.png,image/png,120963,1b2b45281c48bfc3046c44d960883879457dc1fccdcc45df7e83d6542ebff8f0,ok,
0694,placeable_item,2020,Arched barrier (leaf pattern),arched-barrier-leaf-pattern,,Buildings,[],[],,in-collection,,buildings_order,72,,,,,,,,[],[],https://pokopiadex.com/images/items/item_ui/arched-barrier-leaf-pattern.png,[],https://pokopiadex.com/items/arched-barrier-leaf-pattern,pokopiadex_items_in_collection,0694-arched-barrier-leaf-pattern.png,assets/pokopia_image_sources/item_portraits/0694-arched-barrier-leaf-pattern.png,https://pokopiadex.com/images/items/item_ui/arched-barrier-leaf-pattern.png,image/png,32121,da260fa1d411786b9e9219c699bfe71ff92e91daa4214b8b0dc9d01c88d02683,ok,
0695,placeable_item,1059,Wooden siding (panel),wooden-siding-panel,"Attach these to rocks, dirt, or walls. You can also arrange these in a perimeter to form an enclosure!",Buildings,[],[],,in-collection,,buildings_order,73,,,,,,,,[],[],https://pokopiadex.com/images/items/crafting_ui/wooden-siding-panel.png,[],https://pokopiadex.com/items/wooden-siding-panel,pokopiadex_items_in_collection,0695-wooden-siding-panel.png,assets/pokopia_image_sources/item_portraits/0695-wooden-siding-panel.png,https://pokopiadex.com/images/items/crafting_ui/wooden-siding-panel.png,image/png,98660,ac9532b6ca2d895683bf88aa037405f9678bb89a50aa9e24f21df9bd6cd8c75c,ok,
0696,placeable_item,1060,Wooden siding (corner),wooden-siding-corner,"Attach these to rocks, dirt, or walls. If you put them in a corner, you can make a nice, tidy enclosure.",Buildings,[],[],,in-collection,,buildings_order,74,,,,,,,,[],[],https://pokopiadex.com/images/items/crafting_ui/wooden-siding-corner.png,[],https://pokopiadex.com/items/wooden-siding-corner,pokopiadex_items_in_collection,0696-wooden-siding-corner.png,assets/pokopia_image_sources/item_portraits/0696-wooden-siding-corner.png,https://pokopiadex.com/images/items/crafting_ui/wooden-siding-corner.png,image/png,97005,b3053e39e1c4aec9ce89d57e9139beced8df914093687c74d3be684360f6a71c,ok,
0697,placeable_item,1174,Wooden posts,wooden-posts,"Arrange these horizontally to make a partition with tiny gaps, or stack them vertically to make a divider!",Buildings,[],[],,in-collection,,buildings_order,75,,,,50,,,,[],[],https://pokopiadex.com/images/items/crafting_ui/wooden-posts.png,[],https://pokopiadex.com/items/wooden-posts,pokopiadex_items_in_collection,0697-wooden-posts.png,assets/pokopia_image_sources/item_portraits/0697-wooden-posts.png,https://pokopiadex.com/images/items/crafting_ui/wooden-posts.png,image/png,94162,94f6b3f42b7e491ab306a6cbcc6884b697aed793b930d432df99ab189e62a0b6,ok,
0698,placeable_item,670,Wooden partition,wooden-partition,A tall partition screen. Looks great whether you install just one or a whole row of them.,Buildings,[],"[""Trade at PC""]",,in-collection,,buildings_order,76,,100,,,,,,[],[],https://pokopiadex.com/images/items/crafting_ui/wooden-partition.png,[],https://pokopiadex.com/items/wooden-partition,pokopiadex_items_in_collection,0698-wooden-partition.png,assets/pokopia_image_sources/item_portraits/0698-wooden-partition.png,https://pokopiadex.com/images/items/crafting_ui/wooden-partition.png,image/png,150773,f65672b93f077e0031848664a75c269a135cb1b26bc7294a3f729b401ca222ca,ok,
0699,placeable_item,1914,Grate fencing,grate-fencing,Grates that link together when stacked on top of each other. Perfect for making a nice-looking fence.,Buildings,[],[],,in-collection,,buildings_order,77,,,,,,,,[],[],https://pokopiadex.com/images/items/item_ui/grate-fencing.png,[],https://pokopiadex.com/items/grate-fencing,pokopiadex_items_in_collection,0699-grate-fencing.png,assets/pokopia_image_sources/item_portraits/0699-grate-fencing.png,https://pokopiadex.com/images/items/item_ui/grate-fencing.png,image/png,28429,bc1cd5d54215c6c41738ac97086d488a20fcda08d364febe2c4c647b008e96bb,ok,
0700,placeable_item,391,Wooden path,wooden-path,Even simple planks can make a stylish footpath if you line them up.,Buildings,"[""Road""]",[],,in-collection,,buildings_order,78,,,,,,,,[],[],https://pokopiadex.com/images/items/crafting_ui/wooden-path.png,[],https://pokopiadex.com/items/wooden-path,pokopiadex_items_in_collection,0700-wooden-path.png,assets/pokopia_image_sources/item_portraits/0700-wooden-path.png,https://pokopiadex.com/images/items/crafting_ui/wooden-path.png,image/png,151271,6f0451b71c55c19e5a0ea7ba51dd2929cd8d32e7135c8ea45ab4ace45760981a,ok,
0701,placeable_item,717,Stepping stones,stepping-stones,Even simple rocks quickly transform into an elegantly stylish path when carefully arranged on the ground.,Buildings,"[""Road""]",[],,in-collection,,buildings_order,79,,,,,,,,[],[],https://pokopiadex.com/images/items/crafting_ui/stepping-stones.png,[],https://pokopiadex.com/items/stepping-stones,pokopiadex_items_in_collection,0701-stepping-stones.png,assets/pokopia_image_sources/item_portraits/0701-stepping-stones.png,https://pokopiadex.com/images/items/crafting_ui/stepping-stones.png,image/png,111978,3d0c6792063b76189066020f9b1f9abb9e345ea343d4aef04e5f01acc3f81c75,ok,
0702,placeable_item,689,Walkway,walkway,Place these in water or over uneven terrain to create a walkable path.,Buildings,"[""Road""]",[],,in-collection,,buildings_order,80,,,,,,,,[],[],https://pokopiadex.com/images/items/crafting_ui/walkway.png,[],https://pokopiadex.com/items/walkway,pokopiadex_items_in_collection,0702-walkway.png,assets/pokopia_image_sources/item_portraits/0702-walkway.png,https://pokopiadex.com/images/items/crafting_ui/walkway.png,image/png,104558,720e1454b354061d974b91c5ed895053a9c267c5ad676bcd9ff72905ac24176c,ok,
0703,placeable_item,573,Bridge planks,bridge-planks,Planks atop a support column. You can link them shore-to-shore to make a usable bridge!,Buildings,"[""Road""]",[],,in-collection,,buildings_order,81,,,,,,,,[],[],https://pokopiadex.com/images/items/crafting_ui/bridge-planks.png,[],https://pokopiadex.com/items/bridge-planks,pokopiadex_items_in_collection,0703-bridge-planks.png,assets/pokopia_image_sources/item_portraits/0703-bridge-planks.png,https://pokopiadex.com/images/items/crafting_ui/bridge-planks.png,image/png,123251,a280b1e50872fbce21eef972c213a0dea64b0be75220d6bff583996211a517fc,ok,
0704,placeable_item,1126,Grate flooring,grate-flooring,Metal grating used for gutters and such. You can watch the water flowing underneath them.,Buildings,"[""Road""]",[],,in-collection,,buildings_order,82,,,,,,,,[],[],https://pokopiadex.com/images/items/crafting_ui/grate-flooring.png,[],https://pokopiadex.com/items/grate-flooring,pokopiadex_items_in_collection,0704-grate-flooring.png,assets/pokopia_image_sources/item_portraits/0704-grate-flooring.png,https://pokopiadex.com/images/items/crafting_ui/grate-flooring.png,image/png,161787,d4d676e3fe1356ccb862e10698433cbc40ee3fe6b927c102ee0edc280c1a9930,ok,
0705,placeable_item,1915,Concrete slab,concrete-slab,A cover meant to be installed over small grooves. Try fitting one on top of a hole in the ground.,Buildings,"[""Road""]",[],,in-collection,,buildings_order,83,,,,,,,,[],[],https://pokopiadex.com/images/items/item_ui/concrete-slab.png,[],https://pokopiadex.com/items/concrete-slab,pokopiadex_items_in_collection,0705-concrete-slab.png,assets/pokopia_image_sources/item_portraits/0705-concrete-slab.png,https://pokopiadex.com/images/items/item_ui/concrete-slab.png,image/png,20268,347593c0a142e9f8fecc3cd305cd65533983f67d51366b4fc593f22ba20b2b9d,ok,
0706,placeable_item,1916,Iron-scaffold plank,iron-scaffold-plank,A plank that rests atop an iron scaffold. Try using it to extend the length of your scaffolding!,Buildings,"[""Road""]",[],,in-collection,,buildings_order,84,,,,,,,,[],[2202],https://pokopiadex.com/images/items/item_ui/iron-scaffold-plank.png,[],https://pokopiadex.com/items/iron-scaffold-plank,pokopiadex_items_in_collection,0706-iron-scaffold-plank.png,assets/pokopia_image_sources/item_portraits/0706-iron-scaffold-plank.png,https://pokopiadex.com/images/items/item_ui/iron-scaffold-plank.png,image/png,15239,1d96679ce365d918dc8cc4018c0ffb6364d549eeb856bab021351a305b018508,ok,
0707,placeable_item,1419,Iron scaffold,iron-scaffold,A sturdy scaffold used for constructing buildings. The plank's bumpy surface provides great traction.,Buildings,"[""Road""]",[],,in-collection,,buildings_order,85,,,,,,,,[],[2202],https://pokopiadex.com/images/items/item_ui/iron-scaffold.png,[],https://pokopiadex.com/items/iron-scaffold,pokopiadex_items_in_collection,0707-iron-scaffold.png,assets/pokopia_image_sources/item_portraits/0707-iron-scaffold.png,https://pokopiadex.com/images/items/item_ui/iron-scaffold.png,image/png,23267,65d1886cb2f5d567f572a6490b811c3ba8c8fbb2c80d09fdcf0424c2cb86391a,ok,
0708,placeable_item,1917,Arch bridge,arch-bridge,"One on its own makes a simple protrusion, but two of them together form a beautiful arch.",Buildings,[],[],,in-collection,,buildings_order,86,,,,,,,,[],[],https://pokopiadex.com/images/items/item_ui/arch-bridge.png,[],https://pokopiadex.com/items/arch-bridge,pokopiadex_items_in_collection,0708-arch-bridge.png,assets/pokopia_image_sources/item_portraits/0708-arch-bridge.png,https://pokopiadex.com/images/items/item_ui/arch-bridge.png,image/png,23031,37870425d51837ce3f54cd10ae722993313dea95e9c105d213f9e12d0eff01c2,ok,
0709,placeable_item,1918,Wooden border (line),wooden-border-line,"Use these to create a stylish border for grass, flowers, roads-or even beaches!",Buildings,[],[],,in-collection,,buildings_order,87,,,,,,,,[],[],https://pokopiadex.com/images/items/crafting_ui/wooden-border-line.png,[],https://pokopiadex.com/items/wooden-border-line,pokopiadex_items_in_collection,0709-wooden-border-line.png,assets/pokopia_image_sources/item_portraits/0709-wooden-border-line.png,https://pokopiadex.com/images/items/crafting_ui/wooden-border-line.png,image/png,54272,d586ad36724a8e0a9c73062b9f485c7d9cae2289a0fe88283b7db9cba9852446,ok,
0710,placeable_item,1919,Wooden border (single),wooden-border-single,"Use these to create a stylish border for grass, flowers, roads-or even beaches!",Buildings,[],[],,in-collection,,buildings_order,88,,,,,,,,[],[],https://pokopiadex.com/images/items/crafting_ui/wooden-border-single.png,[],https://pokopiadex.com/items/wooden-border-single,pokopiadex_items_in_collection,0710-wooden-border-single.png,assets/pokopia_image_sources/item_portraits/0710-wooden-border-single.png,https://pokopiadex.com/images/items/crafting_ui/wooden-border-single.png,image/png,40531,76e9ef8b336fc90997562ab9cb79438bbba3fc4eb0b54b5bec8480678f09bd6f,ok,
0711,placeable_item,1920,Wooden border (corner),wooden-border-corner,"Use these to create a stylish border for grass, flowers, roads-or even beaches!",Buildings,[],[],,in-collection,,buildings_order,89,,,,,,,,[],[],https://pokopiadex.com/images/items/crafting_ui/wooden-border-corner.png,[],https://pokopiadex.com/items/wooden-border-corner,pokopiadex_items_in_collection,0711-wooden-border-corner.png,assets/pokopia_image_sources/item_portraits/0711-wooden-border-corner.png,https://pokopiadex.com/images/items/crafting_ui/wooden-border-corner.png,image/png,74973,505ee4f21d286802a004ae5ab383f8c885342af7cbb2828b60d3c2f0f5468e7f,ok,
0712,placeable_item,1921,Concrete border (line),concrete-border-line,"Use these to create a stylish border for grass, flowers, roads-or even rock gardens!",Buildings,[],[],,in-collection,,buildings_order,90,,,,,,,,[],[],https://pokopiadex.com/images/items/item_ui/concrete-border-line.png,[],https://pokopiadex.com/items/concrete-border-line,pokopiadex_items_in_collection,0712-concrete-border-line.png,assets/pokopia_image_sources/item_portraits/0712-concrete-border-line.png,https://pokopiadex.com/images/items/item_ui/concrete-border-line.png,image/png,13520,7d5b592c22c216b3d416dbc6aed8068b9b6f1c56dcaf15b748464a2a20c1477e,ok,
0713,placeable_item,1922,Concrete border (single),concrete-border-single,"Use these to create a stylish border for grass, flowers, roads-or even rock gardens!",Buildings,[],[],,in-collection,,buildings_order,91,,,,,,,,[],[],https://pokopiadex.com/images/items/item_ui/concrete-border-single.png,[],https://pokopiadex.com/items/concrete-border-single,pokopiadex_items_in_collection,0713-concrete-border-single.png,assets/pokopia_image_sources/item_portraits/0713-concrete-border-single.png,https://pokopiadex.com/images/items/item_ui/concrete-border-single.png,image/png,10640,9a04f1171a6ff88ce5b578bebaecca29beb21b494d6671c4d9881b02ef27c461,ok,
0714,placeable_item,1923,Concrete border (corner),concrete-border-corner,"Use these to create a stylish border for grass, flowers, roads-or even rock gardens!",Buildings,[],[],,in-collection,,buildings_order,92,,,,,,,,[],[],https://pokopiadex.com/images/items/item_ui/concrete-border-corner.png,[],https://pokopiadex.com/items/concrete-border-corner,pokopiadex_items_in_collection,0714-concrete-border-corner.png,assets/pokopia_image_sources/item_portraits/0714-concrete-border-corner.png,https://pokopiadex.com/images/items/item_ui/concrete-border-corner.png,image/png,18318,fb39e305430ad911377b08ee1ab5c7d26e8a71dd7dd49784f20e6cf6b42efe31,ok,
0715,placeable_item,75,Brick border (line),brick-border-line,"Use these to create a stylish border for grass, flowers, crop fields—maybe even a small pond!",Buildings,[],"[""Red Pokeball near Pokemon Center in Withered Wasteland""]",,in-collection,,buildings_order,93,,,,,,,,[],[],https://pokopiadex.com/images/items/item_ui/brick-border-line.png,[],https://pokopiadex.com/items/brick-border-line,pokopiadex_items_in_collection,0715-brick-border-line.png,assets/pokopia_image_sources/item_portraits/0715-brick-border-line.png,https://pokopiadex.com/images/items/item_ui/brick-border-line.png,image/png,17670,cfda3654669c3c0a4509525dc8ec0621f76d6d5c53991fd5a1efd3c188325919,ok,
0716,placeable_item,1924,Brick border (single),brick-border-single,"Use these to create a stylish border for grass, flowers, crop fields-maybe even a small pond!",Buildings,[],[],,in-collection,,buildings_order,94,,,,,,,,[],[],https://pokopiadex.com/images/items/item_ui/brick-border-single.png,[],https://pokopiadex.com/items/brick-border-single,pokopiadex_items_in_collection,0716-brick-border-single.png,assets/pokopia_image_sources/item_portraits/0716-brick-border-single.png,https://pokopiadex.com/images/items/item_ui/brick-border-single.png,image/png,11719,162ef740670355e81d21c633e024f1b0e3faf151f930b9e319670b60f6318d28,ok,
0717,placeable_item,1925,Brick border (corner),brick-border-corner,"Use these to create a stylish border for grass, flowers, crop fields-maybe even a small pond!",Buildings,[],[],,in-collection,,buildings_order,95,,,,,,,,[],[],https://pokopiadex.com/images/items/item_ui/brick-border-corner.png,[],https://pokopiadex.com/items/brick-border-corner,pokopiadex_items_in_collection,0717-brick-border-corner.png,assets/pokopia_image_sources/item_portraits/0717-brick-border-corner.png,https://pokopiadex.com/images/items/item_ui/brick-border-corner.png,image/png,22884,93d3d6b8dd218a53c81967fd992d4207855cd7ad55add1d0fdb5f45649f946e4,ok,
0718,placeable_item,1926,Sideways log,sideways-log,"A big, sturdy log. Line some up and you'll have a bridge.",Buildings,[],[],,in-collection,,buildings_order,96,,,,,,,,[],[],https://pokopiadex.com/images/items/item_ui/sideways-log.png,[],https://pokopiadex.com/items/sideways-log,pokopiadex_items_in_collection,0718-sideways-log.png,assets/pokopia_image_sources/item_portraits/0718-sideways-log.png,https://pokopiadex.com/images/items/item_ui/sideways-log.png,image/png,21685,71a2ce17e783df1af2d5bf457fa0ebe88bcb1392bd41a9f7b5e758cbf464d236,ok,
0719,placeable_item,1927,Upright log,upright-log,"Sturdy and round, they tower over their surroundings. Line them up and they can be a log wall.",Buildings,[],[],,in-collection,,buildings_order,97,,,,,,,,[],[],https://pokopiadex.com/images/items/item_ui/upright-log.png,[],https://pokopiadex.com/items/upright-log,pokopiadex_items_in_collection,0719-upright-log.png,assets/pokopia_image_sources/item_portraits/0719-upright-log.png,https://pokopiadex.com/images/items/item_ui/upright-log.png,image/png,18221,3f097021e5a7a8c8af93a4962f7b6f32ebfb3470909abfb3de9b7f863a16f7a9,ok,
0720,placeable_item,1351,Iron beam,iron-beam,"These solid, sturdy beams can be used to support floors and roofs.",Buildings,[],[],,in-collection,,buildings_order,98,,,,,,,,[1328],[],https://pokopiadex.com/images/items/item_ui/iron-beam.png,[],https://pokopiadex.com/items/iron-beam,pokopiadex_items_in_collection,0720-iron-beam.png,assets/pokopia_image_sources/item_portraits/0720-iron-beam.png,https://pokopiadex.com/images/items/item_ui/iron-beam.png,image/png,22606,35109d3046d469592385f70bafe2670ede1fdd135cae303262dcf8e6f279b750,ok,
0721,placeable_item,1352,Iron column,iron-column,Stack these up to form a proper iron pillar!,Buildings,[],[],,in-collection,,buildings_order,99,,,,,,,,[1328],[],https://pokopiadex.com/images/items/item_ui/iron-column.png,[],https://pokopiadex.com/items/iron-column,pokopiadex_items_in_collection,0721-iron-column.png,assets/pokopia_image_sources/item_portraits/0721-iron-column.png,https://pokopiadex.com/images/items/item_ui/iron-column.png,image/png,13248,3690cb418147eb876ac600fbf7538112625bf61b72bb37c6787591bb0fd931c8,ok,
0722,placeable_item,1928,Iron pillar,iron-pillar,Stack as many as you'd like for a taller pillar. The top platform looks like it can display small items.,Buildings,[],[],,in-collection,,buildings_order,100,,,,,,,,[],[],https://pokopiadex.com/images/items/item_ui/iron-pillar.png,[],https://pokopiadex.com/items/iron-pillar,pokopiadex_items_in_collection,0722-iron-pillar.png,assets/pokopia_image_sources/item_portraits/0722-iron-pillar.png,https://pokopiadex.com/images/items/item_ui/iron-pillar.png,image/png,16510,84326eb49c2fded66fc4fb33183ae0a04fe414177be6cfc49a200ffdbc80691e,ok,
0723,placeable_item,1574,Extravagant pillar (upper),extravagant-pillar-upper,"An impressive, masterfully decorated pillar. Take all the time you need to gaze upon its majesty.",Buildings,[],[],,in-collection,,buildings_order,101,,,,,,,,[],[],https://pokopiadex.com/images/items/crafting_ui/extravagant-pillar-upper.png,[],https://pokopiadex.com/items/extravagant-pillar-upper,pokopiadex_items_in_collection,0723-extravagant-pillar-upper.png,assets/pokopia_image_sources/item_portraits/0723-extravagant-pillar-upper.png,https://pokopiadex.com/images/items/crafting_ui/extravagant-pillar-upper.png,image/png,125281,ff096be8585f9abaaff4f943c0bb0d10794c60dc0d20cc26b5de1bd05caae01a,ok,
0724,placeable_item,1575,Extravagant pillar (middle),extravagant-pillar-middle,"An impressive, masterfully decorated pillar. Take all the time you need to gaze upon its majesty.",Buildings,[],[],,in-collection,,buildings_order,102,,,,,,,,[],[],https://pokopiadex.com/images/items/crafting_ui/extravagant-pillar-middle.png,[],https://pokopiadex.com/items/extravagant-pillar-middle,pokopiadex_items_in_collection,0724-extravagant-pillar-middle.png,assets/pokopia_image_sources/item_portraits/0724-extravagant-pillar-middle.png,https://pokopiadex.com/images/items/crafting_ui/extravagant-pillar-middle.png,image/png,113814,847ca31cd71441fded62b0516ab3f3b59fb231ce558b6e4a52c1145ee91dcb88,ok,
0725,placeable_item,1576,Extravagant pillar (lower),extravagant-pillar-lower,"An impressive, masterfully decorated pillar. Take all the time you need to gaze upon its majesty.",Buildings,[],[],,in-collection,,buildings_order,103,,,,,,,,[],[],https://pokopiadex.com/images/items/crafting_ui/extravagant-pillar-lower.png,[],https://pokopiadex.com/items/extravagant-pillar-lower,pokopiadex_items_in_collection,0725-extravagant-pillar-lower.png,assets/pokopia_image_sources/item_portraits/0725-extravagant-pillar-lower.png,https://pokopiadex.com/images/items/crafting_ui/extravagant-pillar-lower.png,image/png,123679,763ba91d05a21ca6eb21a2f0bf22c5ab9ebd04975ff3934eaab9ce8feb56306c,ok,
0726,placeable_item,1929,Round pillar (upper),round-pillar-upper,"A simple pillar made of marble. It would look perfect inside a stately building, such as a museum.",Buildings,[],[],,in-collection,,buildings_order,104,,,,,,,,[],[],https://pokopiadex.com/images/items/item_ui/round-pillar-upper.png,[],https://pokopiadex.com/items/round-pillar-upper,pokopiadex_items_in_collection,0726-round-pillar-upper.png,assets/pokopia_image_sources/item_portraits/0726-round-pillar-upper.png,https://pokopiadex.com/images/items/item_ui/round-pillar-upper.png,image/png,24625,a4825ab070cde02f67fad676efadc4eb66ce181bfbb138a3e75708c47e2c17b8,ok,
0727,placeable_item,1930,Round pillar (middle),round-pillar-middle,"A simple pillar made of marble. It would look perfect inside a stately building, such as a museum.",Buildings,[],[],,in-collection,,buildings_order,105,,,,,,,,[],[],https://pokopiadex.com/images/items/item_ui/round-pillar-middle.png,[],https://pokopiadex.com/items/round-pillar-middle,pokopiadex_items_in_collection,0727-round-pillar-middle.png,assets/pokopia_image_sources/item_portraits/0727-round-pillar-middle.png,https://pokopiadex.com/images/items/item_ui/round-pillar-middle.png,image/png,17881,8597caa7ca65c98b2ca81cb92da739ad4eedb1957433cccebadce1b79baa85e1,ok,
0728,placeable_item,1931,Round pillar (lower),round-pillar-lower,"A simple pillar made of marble. It would look perfect inside a stately building, such as a museum.",Buildings,[],[],,in-collection,,buildings_order,106,,,,,,,,[],[],https://pokopiadex.com/images/items/item_ui/round-pillar-lower.png,[],https://pokopiadex.com/items/round-pillar-lower,pokopiadex_items_in_collection,0728-round-pillar-lower.png,assets/pokopia_image_sources/item_portraits/0728-round-pillar-lower.png,https://pokopiadex.com/images/items/item_ui/round-pillar-lower.png,image/png,25214,9d3abf8f3d9bb383a6944cf728cf9831027b955237560ad362d787daa87ab01c,ok,
0729,placeable_item,407,House partition,house-partition,"A tall, simple partition. This lets you easily divide up space within a house.",Buildings,[],[],,in-collection,,buildings_order,107,,,,,,,,[],[],https://pokopiadex.com/images/items/crafting_ui/house-partition.png,[],https://pokopiadex.com/items/house-partition,pokopiadex_items_in_collection,0729-house-partition.png,assets/pokopia_image_sources/item_portraits/0729-house-partition.png,https://pokopiadex.com/images/items/crafting_ui/house-partition.png,image/png,74769,eb7b3b8376e7d975e1e6f19bb978a9fe6cab5ebebf7051915966082de08cbb6e,ok,
0730,placeable_item,1932,Simple pillar quarter,simple-pillar-quarter,A versatile pillar that can be arranged however you'd like. Combine four quarters to make a huge pillar!,Buildings,[],[],,in-collection,,buildings_order,108,,,,,,,,[],[],https://pokopiadex.com/images/items/item_ui/simple-pillar-quarter.png,[],https://pokopiadex.com/items/simple-pillar-quarter,pokopiadex_items_in_collection,0730-simple-pillar-quarter.png,assets/pokopia_image_sources/item_portraits/0730-simple-pillar-quarter.png,https://pokopiadex.com/images/items/item_ui/simple-pillar-quarter.png,image/png,16513,bb2a5580b66091077dc0e4b060769c603962e764dfeb531328f670cf431f04fd,ok,
0731,placeable_item,1933,Water pillar quarter,water-pillar-quarter,"A fancy pillar filled with water. Its faint glow is beautiful, even in darkness.",Buildings,"[""Decoration""]",[],,in-collection,,buildings_order,109,,,,,,,,[],"[2211,2220,2242]",https://pokopiadex.com/images/items/item_ui/water-pillar-quarter.png,[],https://pokopiadex.com/items/water-pillar-quarter,pokopiadex_items_in_collection,0731-water-pillar-quarter.png,assets/pokopia_image_sources/item_portraits/0731-water-pillar-quarter.png,https://pokopiadex.com/images/items/item_ui/water-pillar-quarter.png,image/png,29674,861b543856ce0852c927cd127bb498121a9fcd3d67aa05c19b257b211d2cc67d,ok,
0732,placeable_item,412,Roof support,roof-support,A beam that attaches to a roof to provide support. Place one in the space between a wall and a roof!,Buildings,[],[],,in-collection,,buildings_order,110,,,,10,,,,[],[],https://pokopiadex.com/images/items/shop_ui/roof-support.png,[],https://pokopiadex.com/items/roof-support,pokopiadex_items_in_collection,0732-roof-support.png,assets/pokopia_image_sources/item_portraits/0732-roof-support.png,https://pokopiadex.com/images/items/shop_ui/roof-support.png,image/png,64213,4e15cb38c149b2a8e4adb6acb375b722f5e4370246ed19cddd3311ca8b614198,ok,
0733,placeable_item,1934,Iron pipe (horizontal),iron-pipe-horizontal,Iron pipes come in all sorts of shapes and sizes. Use them to create looong pipe systems.,Buildings,[],[],,in-collection,,buildings_order,111,,,,,,,,[],[],https://pokopiadex.com/images/items/item_ui/iron-pipe-horizontal.png,[],https://pokopiadex.com/items/iron-pipe-horizontal,pokopiadex_items_in_collection,0733-iron-pipe-horizontal.png,assets/pokopia_image_sources/item_portraits/0733-iron-pipe-horizontal.png,https://pokopiadex.com/images/items/item_ui/iron-pipe-horizontal.png,image/png,17637,5169631e38ef00adb8cc8fe20ecef7c28ac7e94e84840e3843f1733d880162f7,ok,
0734,placeable_item,1935,Iron pipe (downward curve),iron-pipe-downward-curve,Iron pipes come in all sorts of shapes and sizes. Use them to create looong pipe systems.,Buildings,[],[],,in-collection,,buildings_order,112,,,,,,,,[],[],https://pokopiadex.com/images/items/item_ui/iron-pipe-downward-curve.png,[],https://pokopiadex.com/items/iron-pipe-downward-curve,pokopiadex_items_in_collection,0734-iron-pipe-downward-curve.png,assets/pokopia_image_sources/item_portraits/0734-iron-pipe-downward-curve.png,https://pokopiadex.com/images/items/item_ui/iron-pipe-downward-curve.png,image/png,18729,79b984762d7e58a63027acc62b4b03fce404f48c300d1962ee6d9c6e49596fb9,ok,
0735,placeable_item,1936,Iron pipe (vertical cross),iron-pipe-vertical-cross,Iron pipes come in all sorts of shapes and sizes. Use them to create looong pipe systems.,Buildings,[],[],,in-collection,,buildings_order,113,,,,,,,,[],[],https://pokopiadex.com/images/items/item_ui/iron-pipe-vertical-cross.png,[],https://pokopiadex.com/items/iron-pipe-vertical-cross,pokopiadex_items_in_collection,0735-iron-pipe-vertical-cross.png,assets/pokopia_image_sources/item_portraits/0735-iron-pipe-vertical-cross.png,https://pokopiadex.com/images/items/item_ui/iron-pipe-vertical-cross.png,image/png,28519,9c0651fa3247372960842fdff947eec52f5459fce459cd0c4554c92e9cdb622a,ok,
0736,placeable_item,1937,Iron pipe (vertical T),iron-pipe-vertical-t,Iron pipes come in all sorts of shapes and sizes. Use them to create looong pipe systems.,Buildings,[],[],,in-collection,,buildings_order,114,,,,,,,,[],[],https://pokopiadex.com/images/items/item_ui/iron-pipe-vertical-t.png,[],https://pokopiadex.com/items/iron-pipe-vertical-t,pokopiadex_items_in_collection,0736-iron-pipe-vertical-t.png,assets/pokopia_image_sources/item_portraits/0736-iron-pipe-vertical-t.png,https://pokopiadex.com/images/items/item_ui/iron-pipe-vertical-t.png,image/png,24945,38f7ac8956375a564e447b05fcab92e9506305824ea0a0a4092c047a31270556,ok,
0737,placeable_item,1938,Iron pipe (vertical),iron-pipe-vertical,Iron pipes come in all sorts of shapes and sizes. Use them to create looong pipe systems.,Buildings,[],[],,in-collection,,buildings_order,115,,,,,,,,[],[],https://pokopiadex.com/images/items/item_ui/iron-pipe-vertical.png,[],https://pokopiadex.com/items/iron-pipe-vertical,pokopiadex_items_in_collection,0737-iron-pipe-vertical.png,assets/pokopia_image_sources/item_portraits/0737-iron-pipe-vertical.png,https://pokopiadex.com/images/items/item_ui/iron-pipe-vertical.png,image/png,15038,c0c0d6e08b3341723935e9153dd52cd34c938f3a8948bf010d48ce57c95acb14,ok,
0738,placeable_item,1939,Iron pipe (upward curve),iron-pipe-upward-curve,Iron pipes come in all sorts of shapes and sizes. Use them to create looong pipe systems.,Buildings,[],[],,in-collection,,buildings_order,116,,,,,,,,[],[],https://pokopiadex.com/images/items/item_ui/iron-pipe-upward-curve.png,[],https://pokopiadex.com/items/iron-pipe-upward-curve,pokopiadex_items_in_collection,0738-iron-pipe-upward-curve.png,assets/pokopia_image_sources/item_portraits/0738-iron-pipe-upward-curve.png,https://pokopiadex.com/images/items/item_ui/iron-pipe-upward-curve.png,image/png,16196,4506ae24a19b38d27fb18f4126617c21dec45961ad9a78a3e42bb56e77aeeeee,ok,
0739,placeable_item,1940,Iron pipe (upward T),iron-pipe-upward-t,Iron pipes come in all sorts of shapes and sizes. Use them to create looong pipe systems.,Buildings,[],[],,in-collection,,buildings_order,117,,,,,,,,[],[],https://pokopiadex.com/images/items/item_ui/iron-pipe-upward-t.png,[],https://pokopiadex.com/items/iron-pipe-upward-t,pokopiadex_items_in_collection,0739-iron-pipe-upward-t.png,assets/pokopia_image_sources/item_portraits/0739-iron-pipe-upward-t.png,https://pokopiadex.com/images/items/item_ui/iron-pipe-upward-t.png,image/png,23689,c0f61ecea5575f6ed76a85973c096aa2689beef9c76b98e2b4d9eb200d737c00,ok,
0740,placeable_item,1941,Iron pipe (downward T),iron-pipe-downward-t,Iron pipes come in all sorts of shapes and sizes. Use them to create looong pipe systems.,Buildings,[],[],,in-collection,,buildings_order,118,,,,,,,,[],[],https://pokopiadex.com/images/items/item_ui/iron-pipe-downward-t.png,[],https://pokopiadex.com/items/iron-pipe-downward-t,pokopiadex_items_in_collection,0740-iron-pipe-downward-t.png,assets/pokopia_image_sources/item_portraits/0740-iron-pipe-downward-t.png,https://pokopiadex.com/images/items/item_ui/iron-pipe-downward-t.png,image/png,23706,8e341db558e0121ade6f04fcade9b49ba5abede239bb6caa6ca65953de07dca4,ok,
0741,placeable_item,1942,Iron pipe (horizontal curve),iron-pipe-horizontal-curve,Iron pipes come in all sorts of shapes and sizes. Use them to create looong pipe systems.,Buildings,[],[],,in-collection,,buildings_order,119,,,,,,,,[],[],https://pokopiadex.com/images/items/item_ui/iron-pipe-horizontal-curve.png,[],https://pokopiadex.com/items/iron-pipe-horizontal-curve,pokopiadex_items_in_collection,0741-iron-pipe-horizontal-curve.png,assets/pokopia_image_sources/item_portraits/0741-iron-pipe-horizontal-curve.png,https://pokopiadex.com/images/items/item_ui/iron-pipe-horizontal-curve.png,image/png,20942,7099d291566bc34ac0adab2d686c9888004caa5e79b536dcef793f7176b2b2db,ok,
0742,placeable_item,1943,Iron pipe (horizontal T),iron-pipe-horizontal-t,Iron pipes come in all sorts of shapes and sizes. Use them to create looong pipe systems.,Buildings,[],[],,in-collection,,buildings_order,120,,,,,,,,[],[],https://pokopiadex.com/images/items/item_ui/iron-pipe-horizontal-t.png,[],https://pokopiadex.com/items/iron-pipe-horizontal-t,pokopiadex_items_in_collection,0742-iron-pipe-horizontal-t.png,assets/pokopia_image_sources/item_portraits/0742-iron-pipe-horizontal-t.png,https://pokopiadex.com/images/items/item_ui/iron-pipe-horizontal-t.png,image/png,24306,0f397ee0f77dac1a8002217671904faad61bfea5a2518b7808fc339390da7b53,ok,
0743,placeable_item,1944,Iron pipe (horizontal cross),iron-pipe-horizontal-cross,Iron pipes come in all sorts of shapes and sizes. Use them to create looong pipe systems.,Buildings,[],[],,in-collection,,buildings_order,121,,,,,,,,[],[],https://pokopiadex.com/images/items/item_ui/iron-pipe-horizontal-cross.png,[],https://pokopiadex.com/items/iron-pipe-horizontal-cross,pokopiadex_items_in_collection,0743-iron-pipe-horizontal-cross.png,assets/pokopia_image_sources/item_portraits/0743-iron-pipe-horizontal-cross.png,https://pokopiadex.com/images/items/item_ui/iron-pipe-horizontal-cross.png,image/png,26491,0a6cfa48c45ded82740df0f27bbaa295820dd2a0254a3a05968e0e0275323550,ok,
0744,placeable_item,392,Wooden wall,wooden-wall,Line up a bunch of these to build a wall. They give off a faint but pleasant woodsy aroma.,Blocks,[],[],,in-collection,,blocks_order,1,,,,,,,,[],[],https://pokopiadex.com/images/items/crafting_ui/wooden-wall.png,[],https://pokopiadex.com/items/wooden-wall,pokopiadex_items_in_collection,0744-wooden-wall.png,assets/pokopia_image_sources/item_portraits/0744-wooden-wall.png,https://pokopiadex.com/images/items/crafting_ui/wooden-wall.png,image/png,112612,094d2ce093d3ed07b04fafcb79f9790257c270dbdd7017ee7b1a0bf9bd9620ca,ok,
0745,placeable_item,1584,Light wooden wall,light-wooden-wall,Line up a bunch of these to build a wall. The wood grain pops more than a regular wooden wall's.,Blocks,[],[],,in-collection,,blocks_order,2,,,,,,,,[],[],https://pokopiadex.com/images/items/item_ui/light-wooden-wall.png,[],https://pokopiadex.com/items/light-wooden-wall,pokopiadex_items_in_collection,0745-light-wooden-wall.png,assets/pokopia_image_sources/item_portraits/0745-light-wooden-wall.png,https://pokopiadex.com/images/items/item_ui/light-wooden-wall.png,image/png,26314,8ea6dfd2ff35df4d898c253c468a657cccc969e8415b7fabe2944e160cdb1a83,ok,
0746,placeable_item,1585,Painted wall,painted-wall,"While the planks of this wall have been painted over, a closer inspection reveals they're a little dirty.",Blocks,[],[],,in-collection,,blocks_order,3,,,,,,,,[],[],https://pokopiadex.com/images/items/item_ui/painted-wall.png,[],https://pokopiadex.com/items/painted-wall,pokopiadex_items_in_collection,0746-painted-wall.png,assets/pokopia_image_sources/item_portraits/0746-painted-wall.png,https://pokopiadex.com/images/items/item_ui/painted-wall.png,image/png,27765,2ec57bd3818d3b413d6c1a0f013aac3a1e35bc5397a1db9c0086abbfc1c693e7,ok,
0747,placeable_item,665,Plaster wall,plaster-wall,"Gather some shells, crush them up, and compact them to make the perfect wall of gritty plaster.",Blocks,[],[],,in-collection,,blocks_order,4,20,,,,,,,[],[],https://pokopiadex.com/images/items/crafting_ui/plaster-wall.png,[],https://pokopiadex.com/items/plaster-wall,pokopiadex_items_in_collection,0747-plaster-wall.png,assets/pokopia_image_sources/item_portraits/0747-plaster-wall.png,https://pokopiadex.com/images/items/crafting_ui/plaster-wall.png,image/png,100396,c49e63260b3375115829442bda2b6b55b2d8630ec4f8986b2f5fd274ae0b468a,ok,
0748,placeable_item,1586,Cloth wall,cloth-wall,Simple cloth walls. Try them out in interior spaces.,Blocks,[],[],,in-collection,,blocks_order,5,,,,,,,,[],[],https://pokopiadex.com/images/items/item_ui/cloth-wall.png,[],https://pokopiadex.com/items/cloth-wall,pokopiadex_items_in_collection,0748-cloth-wall.png,assets/pokopia_image_sources/item_portraits/0748-cloth-wall.png,https://pokopiadex.com/images/items/item_ui/cloth-wall.png,image/png,22433,453a4cfba5a81ef0aae766db0a2b2881bf1b6f47cb9a98e210355c1e752a729b,ok,
0749,placeable_item,1587,Guest-room wall,guest-room-wall,"Made from the same material as cloth walls, this was used for the guest rooms of a luxury cruise ship.",Blocks,[],[],,in-collection,,blocks_order,6,,,,,,,,[],[],https://pokopiadex.com/images/items/item_ui/guest-room-wall.png,[],https://pokopiadex.com/items/guest-room-wall,pokopiadex_items_in_collection,0749-guest-room-wall.png,assets/pokopia_image_sources/item_portraits/0749-guest-room-wall.png,https://pokopiadex.com/images/items/item_ui/guest-room-wall.png,image/png,24153,2334e835daed043e83e4d93ecf1c78d14fc97eac494be6a6740f078fb2cb40ac,ok,
0750,placeable_item,1588,Starry-sky wall,starry-sky-wall,These stars shine even in the dark. Stack them up to create a night sky filled with stars.,Blocks,[],[],,in-collection,,blocks_order,7,,,,,,,,[],[],https://pokopiadex.com/images/items/item_ui/starry-sky-wall.png,[],https://pokopiadex.com/items/starry-sky-wall,pokopiadex_items_in_collection,0750-starry-sky-wall.png,assets/pokopia_image_sources/item_portraits/0750-starry-sky-wall.png,https://pokopiadex.com/images/items/item_ui/starry-sky-wall.png,image/png,35764,4967ae4da61bf28d1256ec5d2a7dead536c7d6bd87a8a3eaa268945edbcef447,ok,
0751,placeable_item,1589,Cushy wall,cushy-wall,An exceptionally shiny wall that feels very high-class. Pairs wonderfully with luxury furniture items.,Blocks,[],[],,in-collection,,blocks_order,8,,,,,,,,[],[],https://pokopiadex.com/images/items/item_ui/cushy-wall.png,[],https://pokopiadex.com/items/cushy-wall,pokopiadex_items_in_collection,0751-cushy-wall.png,assets/pokopia_image_sources/item_portraits/0751-cushy-wall.png,https://pokopiadex.com/images/items/item_ui/cushy-wall.png,image/png,42493,4c972e66453c44a059853fb52cf216f6f21404197428f9c89239607ff6abe0f6,ok,
0752,placeable_item,1590,Modern wall,modern-wall,"When cut into pieces and arranged, even rugged rocks can be transformed into a stylish wall.",Blocks,[],[],,in-collection,,blocks_order,9,,,,,,,,[],[],https://pokopiadex.com/images/items/item_ui/modern-wall.png,[],https://pokopiadex.com/items/modern-wall,pokopiadex_items_in_collection,0752-modern-wall.png,assets/pokopia_image_sources/item_portraits/0752-modern-wall.png,https://pokopiadex.com/images/items/item_ui/modern-wall.png,image/png,40678,bd991b3dd7150cc42e1855b1e75dca2e10ca5041444f1741685d2c1309cbbc74,ok,
0753,placeable_item,1591,Broken-tiling wall,broken-tiling-wall,A wall made up of shattered tiles. It shines like glass when the light hits it.,Blocks,[],[],,in-collection,,blocks_order,10,,,,,,,,[],[],https://pokopiadex.com/images/items/item_ui/broken-tiling-wall.png,[],https://pokopiadex.com/items/broken-tiling-wall,pokopiadex_items_in_collection,0753-broken-tiling-wall.png,assets/pokopia_image_sources/item_portraits/0753-broken-tiling-wall.png,https://pokopiadex.com/images/items/item_ui/broken-tiling-wall.png,image/png,44879,f2108293b7c0728545c850d26deeaf6e8dbd0ff3ad8a0ac6bd12e97f599271fd,ok,
0754,placeable_item,668,Cobblestone wall,cobblestone-wall,A tightly packed mass of stones of various sizes. Perfect for stacking as well as making walls!,Blocks,[],[],,in-collection,,blocks_order,11,20,,,,,,,[],[],https://pokopiadex.com/images/items/crafting_ui/cobblestone-wall.png,[],https://pokopiadex.com/items/cobblestone-wall,pokopiadex_items_in_collection,0754-cobblestone-wall.png,assets/pokopia_image_sources/item_portraits/0754-cobblestone-wall.png,https://pokopiadex.com/images/items/crafting_ui/cobblestone-wall.png,image/png,130846,f3f7dac8881017d888ff6289973f720a251028a793ca7fbf894545b035e37e2a,ok,
0755,placeable_item,1118,Brick wall,brick-wall,These really stand out when stacked up. Use them to make eye-catching buildings!,Blocks,[],"[""Red Pokeball in Bleak Beach""]",,in-collection,,blocks_order,12,,,,,,,,[],[],https://pokopiadex.com/images/items/crafting_ui/brick-wall.png,[],https://pokopiadex.com/items/brick-wall,pokopiadex_items_in_collection,0755-brick-wall.png,assets/pokopia_image_sources/item_portraits/0755-brick-wall.png,https://pokopiadex.com/images/items/crafting_ui/brick-wall.png,image/png,137830,943cc7d46a8c9f75c31e4cfc504158fb4dc0cdcd80704c7e0e0fc8310e46a20f,ok,
0756,placeable_item,1168,Stone brick wall,stone-brick-wall,"Stone bricks that exude calmness. They're perfect for making buildings, flower beds, and such.",Blocks,[],[],,in-collection,,blocks_order,13,,,,,,,,[],"[2213,2238]",https://pokopiadex.com/images/items/crafting_ui/stone-brick-wall.png,[],https://pokopiadex.com/items/stone-brick-wall,pokopiadex_items_in_collection,0756-stone-brick-wall.png,assets/pokopia_image_sources/item_portraits/0756-stone-brick-wall.png,https://pokopiadex.com/images/items/crafting_ui/stone-brick-wall.png,image/png,131686,19a50dcd379f67dfc5c7e6b64dc974d328bd9a6b398256849bdbc57d55b201d7,ok,
0757,placeable_item,1294,Aged-stone wall,aged-stone-wall,"It's chipped in places and the colors have faded, revealing a glimpse of its long history.",Blocks,[],[],,in-collection,,blocks_order,14,,,,,,,,[],[],https://pokopiadex.com/images/items/crafting_ui/aged-stone-wall.png,[],https://pokopiadex.com/items/aged-stone-wall,pokopiadex_items_in_collection,0757-aged-stone-wall.png,assets/pokopia_image_sources/item_portraits/0757-aged-stone-wall.png,https://pokopiadex.com/images/items/crafting_ui/aged-stone-wall.png,image/png,114499,444aaea37c6deb31a4c105e433d53f67ec4975ad451ffbb34e3d3bc46f9421c2,ok,
0758,placeable_item,1295,Patterned aged-stone wall,patterned-aged-stone-wall,"It's got some cracks running through it, but its triangular pattern remains as it was long ago.",Blocks,[],[],,in-collection,,blocks_order,15,,,,,,,,[],[],https://pokopiadex.com/images/items/crafting_ui/patterned-aged-stone-wall.png,[],https://pokopiadex.com/items/patterned-aged-stone-wall,pokopiadex_items_in_collection,0758-patterned-aged-stone-wall.png,assets/pokopia_image_sources/item_portraits/0758-patterned-aged-stone-wall.png,https://pokopiadex.com/images/items/crafting_ui/patterned-aged-stone-wall.png,image/png,145691,411008acd694436880b207a67c98100e50a4644c0aaf4f8b0ac6d936301f81f5,ok,
0759,placeable_item,1122,Concrete wall,concrete-wall,Doesn't this sorta remind you of Conkeldurr's concrete pillars?,Blocks,[],[],,in-collection,,blocks_order,16,,,,,,,,[],[],https://pokopiadex.com/images/items/crafting_ui/concrete-wall.png,[],https://pokopiadex.com/items/concrete-wall,pokopiadex_items_in_collection,0759-concrete-wall.png,assets/pokopia_image_sources/item_portraits/0759-concrete-wall.png,https://pokopiadex.com/images/items/crafting_ui/concrete-wall.png,image/png,98045,ce77abd203b75473963781cb07b74bb74ab492c434d42505f636d9e7e1001c9a,ok,
0760,placeable_item,1592,Rough wall,rough-wall,A wall made of concrete. Gives a slightly more chic impression than plaster.,Blocks,[],[],,in-collection,,blocks_order,17,,,,,,,,[],[],https://pokopiadex.com/images/items/item_ui/rough-wall.png,[],https://pokopiadex.com/items/rough-wall,pokopiadex_items_in_collection,0760-rough-wall.png,assets/pokopia_image_sources/item_portraits/0760-rough-wall.png,https://pokopiadex.com/images/items/item_ui/rough-wall.png,image/png,25069,57e073ad108988100d3da7944757933a3366d097594d8c012620d852bb505c31,ok,
0761,placeable_item,1593,Striped wall,striped-wall,"A sharp, stylish wall. Made of sturdy copper, it's perfect for a warehouse.",Blocks,[],[],,in-collection,,blocks_order,18,,,,,,,,[],[],https://pokopiadex.com/images/items/item_ui/striped-wall.png,[],https://pokopiadex.com/items/striped-wall,pokopiadex_items_in_collection,0761-striped-wall.png,assets/pokopia_image_sources/item_portraits/0761-striped-wall.png,https://pokopiadex.com/images/items/item_ui/striped-wall.png,image/png,22730,260e417a6f229c289413a2ccec70f5d4db5e8abfe327f37d0933ea2496e7a9d7,ok,
0762,placeable_item,2030,Bronze wall,bronze-wall,A metal wall with a reddish-brown shine to it. It looks like a big piece of chocolate when stacked up.,Blocks,[],[],,in-collection,,blocks_order,19,,,,,,,,[],[],https://pokopiadex.com/images/items/item_ui/bronze-wall.png,[],https://pokopiadex.com/items/bronze-wall,pokopiadex_items_in_collection,0762-bronze-wall.png,assets/pokopia_image_sources/item_portraits/0762-bronze-wall.png,https://pokopiadex.com/images/items/item_ui/bronze-wall.png,image/png,29600,4aa6aeb68165e20bfc739e843afa5f3fbdc9652ce013f73be41d381e9b64284f,ok,
0763,placeable_item,2031,Stylish Bronze wall,stylish-bronze-wall,A metal wall with ornate designs on it. Arrange some of these to create a rich and opulent space.,Blocks,[],[],,in-collection,,blocks_order,20,,,,,,,,[],[],https://pokopiadex.com/images/items/item_ui/stylish-bronze-wall.png,[],https://pokopiadex.com/items/stylish-bronze-wall,pokopiadex_items_in_collection,0763-stylish-bronze-wall.png,assets/pokopia_image_sources/item_portraits/0763-stylish-bronze-wall.png,https://pokopiadex.com/images/items/item_ui/stylish-bronze-wall.png,image/png,33290,aac05b982850f2ec49b87f3a775e1ad17dd0bfd92278b63fcef15d67bd643db1,ok,
0764,placeable_item,1594,Iron wall,iron-wall,A solid iron wall. It gives off a slight sheen when it's exposed to light.,Blocks,[],[],,in-collection,,blocks_order,21,,,,,,,,[],[2222],https://pokopiadex.com/images/items/item_ui/iron-wall.png,[],https://pokopiadex.com/items/iron-wall,pokopiadex_items_in_collection,0764-iron-wall.png,assets/pokopia_image_sources/item_portraits/0764-iron-wall.png,https://pokopiadex.com/images/items/item_ui/iron-wall.png,image/png,18404,860a864e01d8a4bad826111a40f4f3ee7fb83ccf1b625a445eae85cb5b60c168,ok,
0765,placeable_item,2022,Stylish iron wall,stylish-iron-wall,A fancy wall made of iron. It provides a nice accent when paired with a regular iron wall.,Blocks,[],[],,in-collection,,blocks_order,22,,,,,,,,[],[],https://pokopiadex.com/images/items/item_ui/stylish-iron-wall.png,[],https://pokopiadex.com/items/stylish-iron-wall,pokopiadex_items_in_collection,0765-stylish-iron-wall.png,assets/pokopia_image_sources/item_portraits/0765-stylish-iron-wall.png,https://pokopiadex.com/images/items/item_ui/stylish-iron-wall.png,image/png,37970,e3ddad5fce8468441240ac895d2f2d6413388037f6dfa06fef9b29ac4d7b0e9f,ok,
0766,placeable_item,1306,Gold wall,gold-wall,Pure sparkling gold. It's as dazzling as Gholdengo.,Blocks,[],[],,in-collection,,blocks_order,23,,,,,,,,[],[],https://pokopiadex.com/images/items/crafting_ui/gold-wall.png,[],https://pokopiadex.com/items/gold-wall,pokopiadex_items_in_collection,0766-gold-wall.png,assets/pokopia_image_sources/item_portraits/0766-gold-wall.png,https://pokopiadex.com/images/items/crafting_ui/gold-wall.png,image/png,88179,824ab412c57499917646e824a7516cc21ef9066d75bae4a7074e13a7c06dd624,ok,
0767,placeable_item,1595,Stylish gold wall,stylish-gold-wall,A golden wall with high-quality stones set in it. This one detail gives it an air of refined elegance.,Blocks,[],[],,in-collection,,blocks_order,24,,,,,,,,[],[],https://pokopiadex.com/images/items/item_ui/stylish-gold-wall.png,[],https://pokopiadex.com/items/stylish-gold-wall,pokopiadex_items_in_collection,0767-stylish-gold-wall.png,assets/pokopia_image_sources/item_portraits/0767-stylish-gold-wall.png,https://pokopiadex.com/images/items/item_ui/stylish-gold-wall.png,image/png,33250,ca312df179e3d2f952e6275d32592a0d6fe805aa344487636fb31a947c793fd0,ok,
0768,placeable_item,982,Crystal wall,crystal-wall,A wall that sparkles in the light. It's made of crystal and quite hard.,Blocks,[],[],,in-collection,,blocks_order,25,,,,,,,,[],[],https://pokopiadex.com/images/items/crafting_ui/crystal-wall.png,[],https://pokopiadex.com/items/crystal-wall,pokopiadex_items_in_collection,0768-crystal-wall.png,assets/pokopia_image_sources/item_portraits/0768-crystal-wall.png,https://pokopiadex.com/images/items/crafting_ui/crystal-wall.png,image/png,139056,de21a19ec1e18af770eb96c1e96ad03a6e8febea2bf7a5f90308139b16dd69c9,ok,
0769,placeable_item,2032,Poké Ball Wall,poke-ball-wall,The white Poké Ball pattern on this wall is always nice and shiny.,Blocks,[],[],,in-collection,,blocks_order,26,,,,,,,,[],[],https://pokopiadex.com/images/items/item_ui/poke-ball-wall.png,[],https://pokopiadex.com/items/poke-ball-wall,pokopiadex_items_in_collection,0769-poke-ball-wall.png,assets/pokopia_image_sources/item_portraits/0769-poke-ball-wall.png,https://pokopiadex.com/images/items/item_ui/poke-ball-wall.png,image/png,25529,6c6ffab4be7515a32a93c653834d08926f18538ec6621bcd2c1f13c762e0265d,ok,
0770,placeable_item,1596,Warning wall,warning-wall,Warns of danger with its yellow and black stripes. Maybe you could use it to mark areas off-limits.,Blocks,[],[],,in-collection,,blocks_order,27,,,,,,,,[],[],https://pokopiadex.com/images/items/item_ui/warning-wall.png,[],https://pokopiadex.com/items/warning-wall,pokopiadex_items_in_collection,0770-warning-wall.png,assets/pokopia_image_sources/item_portraits/0770-warning-wall.png,https://pokopiadex.com/images/items/item_ui/warning-wall.png,image/png,27949,8d4345c341ed698074e86d5e3c5955e249b2877c7b8dbbdc68de81c8a26e3f68,ok,
0771,placeable_item,1597,Stylish wall (upper),stylish-wall-upper,Try arranging these into a wall! Line up the timbers to create a fancy pattern.,Blocks,[],[],,in-collection,,blocks_order,28,,,,,,,,[],[],https://pokopiadex.com/images/items/item_ui/stylish-wall-upper.png,[],https://pokopiadex.com/items/stylish-wall-upper,pokopiadex_items_in_collection,0771-stylish-wall-upper.png,assets/pokopia_image_sources/item_portraits/0771-stylish-wall-upper.png,https://pokopiadex.com/images/items/item_ui/stylish-wall-upper.png,image/png,29896,878f1b8c55398a4b79a4279ff489721229e37cccfc6b20dd413c041b2d99b532,ok,
0772,placeable_item,1598,Stylish wall (middle),stylish-wall-middle,Try arranging these into a wall! Line up the timbers to create a fancy pattern.,Blocks,[],[],,in-collection,,blocks_order,29,,,,,,,,[],[],https://pokopiadex.com/images/items/item_ui/stylish-wall-middle.png,[],https://pokopiadex.com/items/stylish-wall-middle,pokopiadex_items_in_collection,0772-stylish-wall-middle.png,assets/pokopia_image_sources/item_portraits/0772-stylish-wall-middle.png,https://pokopiadex.com/images/items/item_ui/stylish-wall-middle.png,image/png,26897,58febe27718231734e3943940994440d58e1fa1a958f66470ffd4470264b950c,ok,
0773,placeable_item,1599,Stylish wall (lower),stylish-wall-lower,Try arranging these into a wall! Line up the timbers to create a fancy pattern.,Blocks,[],[],,in-collection,,blocks_order,30,,,,,,,,[],[],https://pokopiadex.com/images/items/item_ui/stylish-wall-lower.png,[],https://pokopiadex.com/items/stylish-wall-lower,pokopiadex_items_in_collection,0773-stylish-wall-lower.png,assets/pokopia_image_sources/item_portraits/0773-stylish-wall-lower.png,https://pokopiadex.com/images/items/item_ui/stylish-wall-lower.png,image/png,30134,1227b7a58c871b7b0d19da39f69067b84e7d035197a2633804b6f23ff4528458,ok,
0774,placeable_item,1600,Antique wall (upper),antique-wall-upper,Install this wall to add an air of luxury to a room. Its subtle retro aesthetic evokes nostalgic feelings.,Blocks,[],[],,in-collection,,blocks_order,31,,,,,,,,[],[],https://pokopiadex.com/images/items/item_ui/antique-wall-upper.png,[],https://pokopiadex.com/items/antique-wall-upper,pokopiadex_items_in_collection,0774-antique-wall-upper.png,assets/pokopia_image_sources/item_portraits/0774-antique-wall-upper.png,https://pokopiadex.com/images/items/item_ui/antique-wall-upper.png,image/png,33884,ac61b629837e5a5e8ced9e1213d85dd495c69d202c5dfe5d92d4ec889ca1d618,ok,
0775,placeable_item,1601,Antique wall (middle),antique-wall-middle,Install this wall to add an air of luxury to a room. Its subtle retro aesthetic evokes nostalgic feelings.,Blocks,[],[],,in-collection,,blocks_order,32,,,,,,,,[],[],https://pokopiadex.com/images/items/item_ui/antique-wall-middle.png,[],https://pokopiadex.com/items/antique-wall-middle,pokopiadex_items_in_collection,0775-antique-wall-middle.png,assets/pokopia_image_sources/item_portraits/0775-antique-wall-middle.png,https://pokopiadex.com/images/items/item_ui/antique-wall-middle.png,image/png,34653,fbe0a4595965631d4b462763d7ce1e1cf377736886080dc7c7deb5f89ba45298,ok,
0776,placeable_item,1602,Antique wall (lower),antique-wall-lower,Install this wall to add an air of luxury to a room. Its subtle retro aesthetic evokes nostalgic feelings.,Blocks,[],[],,in-collection,,blocks_order,33,,,,,,,,[],[],https://pokopiadex.com/images/items/item_ui/antique-wall-lower.png,[],https://pokopiadex.com/items/antique-wall-lower,pokopiadex_items_in_collection,0776-antique-wall-lower.png,assets/pokopia_image_sources/item_portraits/0776-antique-wall-lower.png,https://pokopiadex.com/images/items/item_ui/antique-wall-lower.png,image/png,33499,4e4f0830e33e5d6ce829d7a3a4b6d57e1cf25858a00bd92f8d7b0c7f9abc8fca,ok,
0777,placeable_item,1603,Light antique wall (upper),light-antique-wall-upper,"An extravagant wall covered in ornate engravings. It looks elegant, like a palace wall.",Blocks,[],[],,in-collection,,blocks_order,34,,,,,,,,[],[],https://pokopiadex.com/images/items/item_ui/light-antique-wall-upper.png,[],https://pokopiadex.com/items/light-antique-wall-upper,pokopiadex_items_in_collection,0777-light-antique-wall-upper.png,assets/pokopia_image_sources/item_portraits/0777-light-antique-wall-upper.png,https://pokopiadex.com/images/items/item_ui/light-antique-wall-upper.png,image/png,32328,7b71126ae6f0b7b2b356bce8d1c27df6151104ae9d9e8fb8a900fe272502bc1e,ok,
0778,placeable_item,1604,Light antique wall (middle),light-antique-wall-middle,"An extravagant wall covered in ornate engravings. It looks elegant, like a palace wall.",Blocks,[],[],,in-collection,,blocks_order,35,,,,,,,,[],[],https://pokopiadex.com/images/items/item_ui/light-antique-wall-middle.png,[],https://pokopiadex.com/items/light-antique-wall-middle,pokopiadex_items_in_collection,0778-light-antique-wall-middle.png,assets/pokopia_image_sources/item_portraits/0778-light-antique-wall-middle.png,https://pokopiadex.com/images/items/item_ui/light-antique-wall-middle.png,image/png,34526,e7099f402b258708879a6dc9924030c963a85f91754811ffc28ca06234950e94,ok,
0779,placeable_item,1605,Light antique wall (lower),light-antique-wall-lower,"An extravagant wall covered in ornate engravings. It looks elegant, like a palace wall.",Blocks,[],[],,in-collection,,blocks_order,36,,,,,,,,[],[],https://pokopiadex.com/images/items/item_ui/light-antique-wall-lower.png,[],https://pokopiadex.com/items/light-antique-wall-lower,pokopiadex_items_in_collection,0779-light-antique-wall-lower.png,assets/pokopia_image_sources/item_portraits/0779-light-antique-wall-lower.png,https://pokopiadex.com/images/items/item_ui/light-antique-wall-lower.png,image/png,30458,ecf90a26198628066458228d1d06a04b62e91308e0a5494a05846db11354a95a,ok,
0780,placeable_item,345,Wooden pillar (upper),wooden-pillar-upper,It's as sturdy as the trunk of a huge tree! You can't help but want to cling to it...,Blocks,[],[],,in-collection,,blocks_order,37,,,,,,,,[],[],https://pokopiadex.com/images/items/crafting_ui/wooden-pillar-upper.png,[],https://pokopiadex.com/items/wooden-pillar-upper,pokopiadex_items_in_collection,0780-wooden-pillar-upper.png,assets/pokopia_image_sources/item_portraits/0780-wooden-pillar-upper.png,https://pokopiadex.com/images/items/crafting_ui/wooden-pillar-upper.png,image/png,113792,681cd681912885ea70bff8e73685cd4d85d1284efaea94b764cd956f50963412,ok,
0781,placeable_item,346,Wooden pillar (middle),wooden-pillar-middle,It's as sturdy as the trunk of a huge tree! You can't help but want to cling to it...,Blocks,[],[],,in-collection,,blocks_order,38,,,,,,,,[],[],https://pokopiadex.com/images/items/crafting_ui/wooden-pillar-middle.png,[],https://pokopiadex.com/items/wooden-pillar-middle,pokopiadex_items_in_collection,0781-wooden-pillar-middle.png,assets/pokopia_image_sources/item_portraits/0781-wooden-pillar-middle.png,https://pokopiadex.com/images/items/crafting_ui/wooden-pillar-middle.png,image/png,104527,7bc4cc90065d49df4b417cf18171cfb5bdcbf4d56f2d945bde438403d609bad7,ok,
0782,placeable_item,347,Wooden pillar (lower),wooden-pillar-lower,It's as sturdy as the trunk of a huge tree! You can't help but want to cling to it...,Blocks,[],[],,in-collection,,blocks_order,39,,,,,,,,[],[],https://pokopiadex.com/images/items/crafting_ui/wooden-pillar-lower.png,[],https://pokopiadex.com/items/wooden-pillar-lower,pokopiadex_items_in_collection,0782-wooden-pillar-lower.png,assets/pokopia_image_sources/item_portraits/0782-wooden-pillar-lower.png,https://pokopiadex.com/images/items/crafting_ui/wooden-pillar-lower.png,image/png,109019,cde6274abf071dd62a9e68edaa04a69faef767bed1dd8dd80b24bd0ddf50e79c,ok,
0783,placeable_item,1606,Stylish brick wall (upper),stylish-brick-wall-upper,Arrange these to create a fancy wall. Try pairing them with other brick accent pieces.,Blocks,[],[],,in-collection,,blocks_order,40,,,,,,,,[],[],https://pokopiadex.com/images/items/item_ui/stylish-brick-wall-upper.png,[],https://pokopiadex.com/items/stylish-brick-wall-upper,pokopiadex_items_in_collection,0783-stylish-brick-wall-upper.png,assets/pokopia_image_sources/item_portraits/0783-stylish-brick-wall-upper.png,https://pokopiadex.com/images/items/item_ui/stylish-brick-wall-upper.png,image/png,32336,f4f630c56ff6b1ad94be7413438cbb8dc8be2e99b1ed196dfa0615ae10dbff5e,ok,
0784,placeable_item,1607,Stylish brick wall (middle),stylish-brick-wall-middle,Arrange these to create a fancy wall. Try pairing them with other brick accent pieces.,Blocks,[],[],,in-collection,,blocks_order,41,,,,,,,,[],[],https://pokopiadex.com/images/items/item_ui/stylish-brick-wall-middle.png,[],https://pokopiadex.com/items/stylish-brick-wall-middle,pokopiadex_items_in_collection,0784-stylish-brick-wall-middle.png,assets/pokopia_image_sources/item_portraits/0784-stylish-brick-wall-middle.png,https://pokopiadex.com/images/items/item_ui/stylish-brick-wall-middle.png,image/png,33235,287b2d49aa60adafbc87d2b6da21ee77c4a1029c740ca7f1b29f1fbedfd3b045,ok,
0785,placeable_item,1608,Stylish brick wall (lower),stylish-brick-wall-lower,Arrange these to create a fancy wall. Try pairing them with other brick accent pieces.,Blocks,[],[],,in-collection,,blocks_order,42,,,,,,,,[],[],https://pokopiadex.com/images/items/item_ui/stylish-brick-wall-lower.png,[],https://pokopiadex.com/items/stylish-brick-wall-lower,pokopiadex_items_in_collection,0785-stylish-brick-wall-lower.png,assets/pokopia_image_sources/item_portraits/0785-stylish-brick-wall-lower.png,https://pokopiadex.com/images/items/item_ui/stylish-brick-wall-lower.png,image/png,33328,037efe9e1250382b6fbca706cb6c32779d314257e2e8ff0f166359e8f9c833fb,ok,
0786,placeable_item,1609,Stone pillar (upper),stone-pillar-upper,A heavy stone pillar with a design that would pair nicely with a fancy brick wall.,Blocks,[],[],,in-collection,,blocks_order,43,,,,,,,,[],"[2213,2238]",https://pokopiadex.com/images/items/crafting_ui/stone-pillar-upper.png,[],https://pokopiadex.com/items/stone-pillar-upper,pokopiadex_items_in_collection,0786-stone-pillar-upper.png,assets/pokopia_image_sources/item_portraits/0786-stone-pillar-upper.png,https://pokopiadex.com/images/items/crafting_ui/stone-pillar-upper.png,image/png,119322,294b2ce2d4d6fb8b03b6f88803b16686df2d504a6593774bf9d77cd7a069cddb,ok,
0787,placeable_item,1610,Stone pillar (middle),stone-pillar-middle,A heavy stone pillar with a design that would pair nicely with a fancy brick wall.,Blocks,[],[],,in-collection,,blocks_order,44,,,,,,,,[],"[2213,2238]",https://pokopiadex.com/images/items/crafting_ui/stone-pillar-middle.png,[],https://pokopiadex.com/items/stone-pillar-middle,pokopiadex_items_in_collection,0787-stone-pillar-middle.png,assets/pokopia_image_sources/item_portraits/0787-stone-pillar-middle.png,https://pokopiadex.com/images/items/crafting_ui/stone-pillar-middle.png,image/png,105159,405787d9f307c049b55a6d8141c2675ef25e33e854b049115f010f25c425ac14,ok,
0788,placeable_item,1611,Stone pillar (lower),stone-pillar-lower,A heavy stone pillar with a design that would pair nicely with a fancy brick wall.,Blocks,[],[],,in-collection,,blocks_order,45,,,,,,,,[],"[2213,2238]",https://pokopiadex.com/images/items/crafting_ui/stone-pillar-lower.png,[],https://pokopiadex.com/items/stone-pillar-lower,pokopiadex_items_in_collection,0788-stone-pillar-lower.png,assets/pokopia_image_sources/item_portraits/0788-stone-pillar-lower.png,https://pokopiadex.com/images/items/crafting_ui/stone-pillar-lower.png,image/png,118121,ba48f3cf204ac3693c1e0b93a348609ffd33a9f58e25283ddafb62094cc6e80f,ok,
0789,placeable_item,1612,Pop art wall (upper),pop-art-wall-upper,"Stack the matching lower, middle and upper sections to create a stylish wall fit for a shop.",Blocks,[],[],,in-collection,,blocks_order,46,,,,,,,,[],[],https://pokopiadex.com/images/items/item_ui/pop-art-wall-upper.png,[],https://pokopiadex.com/items/pop-art-wall-upper,pokopiadex_items_in_collection,0789-pop-art-wall-upper.png,assets/pokopia_image_sources/item_portraits/0789-pop-art-wall-upper.png,https://pokopiadex.com/images/items/item_ui/pop-art-wall-upper.png,image/png,35347,2a487f9dc2db98512500cf47f8ef8944a6b64b64356833843a8e8a3b4fae2bbc,ok,
0790,placeable_item,1613,Pop art wall (middle),pop-art-wall-middle,"Stack the matching lower, middle and upper sections to create a stylish wall fit for a shop.",Blocks,[],[],,in-collection,,blocks_order,47,,,,,,,,[],[],https://pokopiadex.com/images/items/item_ui/pop-art-wall-middle.png,[],https://pokopiadex.com/items/pop-art-wall-middle,pokopiadex_items_in_collection,0790-pop-art-wall-middle.png,assets/pokopia_image_sources/item_portraits/0790-pop-art-wall-middle.png,https://pokopiadex.com/images/items/item_ui/pop-art-wall-middle.png,image/png,20942,2be5c880b74d4c7da672328e4c8baa74ccd0d64baf14d9a8508ec064ae098ee0,ok,
0791,placeable_item,1614,Pop art wall (lower),pop-art-wall-lower,"Stack the matching lower, middle and upper sections to create a stylish wall fit for a shop.",Blocks,[],[],,in-collection,,blocks_order,48,,,,,,,,[],[],https://pokopiadex.com/images/items/item_ui/pop-art-wall-lower.png,[],https://pokopiadex.com/items/pop-art-wall-lower,pokopiadex_items_in_collection,0791-pop-art-wall-lower.png,assets/pokopia_image_sources/item_portraits/0791-pop-art-wall-lower.png,https://pokopiadex.com/images/items/item_ui/pop-art-wall-lower.png,image/png,26188,d7e33abf0b67d9b6a38ee7a8b09d99d5c7d09794bfe85f225185b47e4004b413,ok,
0792,placeable_item,1619,Confectionery wall (upper),confectionery-wall-upper,A wall that almost looks like it's made of candy or chocolate or something. It looks tasty…,Blocks,[],[],,in-collection,,blocks_order,49,,,,,,,,[],[],https://pokopiadex.com/images/items/item_ui/confectionery-wall-upper.png,[],https://pokopiadex.com/items/confectionery-wall-upper,pokopiadex_items_in_collection,0792-confectionery-wall-upper.png,assets/pokopia_image_sources/item_portraits/0792-confectionery-wall-upper.png,https://pokopiadex.com/images/items/item_ui/confectionery-wall-upper.png,image/png,31754,9f23f21b02605f91c3f1c660b2a0130a2abd423946c7bd9ab79a91d24d5161e0,ok,
0793,placeable_item,1620,Confectionery wall (middle),confectionery-wall-middle,A wall that almost looks like it's made of candy or chocolate or something. It looks tasty…,Blocks,[],[],,in-collection,,blocks_order,50,,,,,,,,[],[],https://pokopiadex.com/images/items/item_ui/confectionery-wall-middle.png,[],https://pokopiadex.com/items/confectionery-wall-middle,pokopiadex_items_in_collection,0793-confectionery-wall-middle.png,assets/pokopia_image_sources/item_portraits/0793-confectionery-wall-middle.png,https://pokopiadex.com/images/items/item_ui/confectionery-wall-middle.png,image/png,25929,e6538ee635f5bba4ba5ddaec177638f54576dee94ff2f6c1f08e0169583b958e,ok,
0794,placeable_item,1621,Confectionery wall (lower),confectionery-wall-lower,A wall that almost looks like it's made of candy or chocolate or something. It looks tasty…,Blocks,[],[],,in-collection,,blocks_order,51,,,,,,,,[],[],https://pokopiadex.com/images/items/item_ui/confectionery-wall-lower.png,[],https://pokopiadex.com/items/confectionery-wall-lower,pokopiadex_items_in_collection,0794-confectionery-wall-lower.png,assets/pokopia_image_sources/item_portraits/0794-confectionery-wall-lower.png,https://pokopiadex.com/images/items/item_ui/confectionery-wall-lower.png,image/png,32815,33ea3524b70ce609d76d5e43be80752b91af2af38ef1fcd08f76296cd73ebcd7,ok,
0795,placeable_item,1615,Pokémon Center wall (upper),pokemon-center-wall-upper,"Stack the matching lower, middle, upper and trim sections to create a Pokémon Center wall.",Blocks,[],[],,in-collection,,blocks_order,52,,,,,,,,[],[],https://pokopiadex.com/images/items/item_ui/pokemon-center-wall-upper.png,[],https://pokopiadex.com/items/pokemon-center-wall-upper,pokopiadex_items_in_collection,0795-pokemon-center-wall-upper.png,assets/pokopia_image_sources/item_portraits/0795-pokemon-center-wall-upper.png,https://pokopiadex.com/images/items/item_ui/pokemon-center-wall-upper.png,image/png,27311,1440d436100566eac36e8dfac11c9ad5e72f947db5f3cdf5305008e18c61105e,ok,
0796,placeable_item,1616,Pokémon Center wall (middle),pokemon-center-wall-middle,"Stack the matching lower, middle, upper and trim sections to create a Pokémon Center wall.",Blocks,[],[],,in-collection,,blocks_order,53,,,,,,,,[],[],https://pokopiadex.com/images/items/item_ui/pokemon-center-wall-middle.png,[],https://pokopiadex.com/items/pokemon-center-wall-middle,pokopiadex_items_in_collection,0796-pokemon-center-wall-middle.png,assets/pokopia_image_sources/item_portraits/0796-pokemon-center-wall-middle.png,https://pokopiadex.com/images/items/item_ui/pokemon-center-wall-middle.png,image/png,20636,6ea2b9a9e0ac4950f04659e9f62bc186c0d402646efb7ae178ad74ebb09c75a9,ok,
0797,placeable_item,1617,Pokémon Center wall (lower),pokemon-center-wall-lower,"Stack the matching lower, middle, upper and trim sections to create a Pokémon Center wall.",Blocks,[],[],,in-collection,,blocks_order,54,,,,,,,,[],[],https://pokopiadex.com/images/items/item_ui/pokemon-center-wall-lower.png,[],https://pokopiadex.com/items/pokemon-center-wall-lower,pokopiadex_items_in_collection,0797-pokemon-center-wall-lower.png,assets/pokopia_image_sources/item_portraits/0797-pokemon-center-wall-lower.png,https://pokopiadex.com/images/items/item_ui/pokemon-center-wall-lower.png,image/png,22469,f14884a55105d09d69008f13f20ac162b81bc6426339a68d2ac4811dec9c34e3,ok,
0798,placeable_item,1618,Pokémon Center wall (trim),pokemon-center-wall-trim,"Stack the matching lower, middle, upper and trim sections to create a Pokémon Center wall.",Blocks,[],[],,in-collection,,blocks_order,55,,,,,,,,[],[],https://pokopiadex.com/images/items/item_ui/pokemon-center-wall-trim.png,[],https://pokopiadex.com/items/pokemon-center-wall-trim,pokopiadex_items_in_collection,0798-pokemon-center-wall-trim.png,assets/pokopia_image_sources/item_portraits/0798-pokemon-center-wall-trim.png,https://pokopiadex.com/images/items/item_ui/pokemon-center-wall-trim.png,image/png,29251,94a76569f2556a309cb45d284dc4e09f71b22c692c3a3cc83e903e5d1e99035d,ok,
0799,placeable_item,393,Wooden flooring,wooden-flooring,"Flooring composed of hard, tightly aligned wooden planks. It can support a heavy Pokémon. Probably.",Blocks,"[""Road""]",[],,in-collection,,blocks_order,56,,,,100,,,,[],[],https://pokopiadex.com/images/items/crafting_ui/wooden-flooring.png,[],https://pokopiadex.com/items/wooden-flooring,pokopiadex_items_in_collection,0799-wooden-flooring.png,assets/pokopia_image_sources/item_portraits/0799-wooden-flooring.png,https://pokopiadex.com/images/items/crafting_ui/wooden-flooring.png,image/png,103973,1c3660e1513c236973129c9617a30145fe003daf00578a3a94b3b6c17d4473b4,ok,
0800,placeable_item,1622,Diagonal wooden flooring,diagonal-wooden-flooring,Place these down to use them as flooring. Their simple design goes with pretty much anything.,Blocks,"[""Road""]",[],,in-collection,,blocks_order,57,,,,,,,,[],[],https://pokopiadex.com/images/items/item_ui/diagonal-wooden-flooring.png,[],https://pokopiadex.com/items/diagonal-wooden-flooring,pokopiadex_items_in_collection,0800-diagonal-wooden-flooring.png,assets/pokopia_image_sources/item_portraits/0800-diagonal-wooden-flooring.png,https://pokopiadex.com/images/items/item_ui/diagonal-wooden-flooring.png,image/png,23367,a1a40099993bdcf9a275a117ff756efacd73dad856ed6bcdca1fa37b1792ef0b,ok,
0801,placeable_item,413,Crisscross wooden flooring,crisscross-wooden-flooring,Place these side by side to form a stylish alternating pattern that's perfect for a cafe floor. How chic!,Blocks,"[""Road""]",[],,in-collection,,blocks_order,58,,,,,,,,[],[],https://pokopiadex.com/images/items/crafting_ui/crisscross-wooden-flooring.png,[],https://pokopiadex.com/items/crisscross-wooden-flooring,pokopiadex_items_in_collection,0801-crisscross-wooden-flooring.png,assets/pokopia_image_sources/item_portraits/0801-crisscross-wooden-flooring.png,https://pokopiadex.com/images/items/crafting_ui/crisscross-wooden-flooring.png,image/png,123486,56bc74954551811522bb517e415c3926bfcb7bd8002605571a69b231f0b442d8,ok,
0802,placeable_item,436,Hardwood flooring,hardwood-flooring,Flooring made from arranged pieces of sanded lumber.,Blocks,"[""Road""]",[],,in-collection,,blocks_order,59,,,,,,,,[],[],https://pokopiadex.com/images/items/crafting_ui/hardwood-flooring.png,[],https://pokopiadex.com/items/hardwood-flooring,pokopiadex_items_in_collection,0802-hardwood-flooring.png,assets/pokopia_image_sources/item_portraits/0802-hardwood-flooring.png,https://pokopiadex.com/images/items/crafting_ui/hardwood-flooring.png,image/png,127669,191195534f42011340f8c84bb766787b58b2543d13cdcd0e44b0225ce846cda2,ok,
0803,placeable_item,1623,Modern carpeting,modern-carpeting,"Soft, fluffy carpeting. It would look nice in a modern building.",Blocks,"[""Road""]",[],,in-collection,,blocks_order,60,,,,,,,,[],[],https://pokopiadex.com/images/items/item_ui/modern-carpeting.png,[],https://pokopiadex.com/items/modern-carpeting,pokopiadex_items_in_collection,0803-modern-carpeting.png,assets/pokopia_image_sources/item_portraits/0803-modern-carpeting.png,https://pokopiadex.com/images/items/item_ui/modern-carpeting.png,image/png,29639,cd46d5ccfcd525ac840743fb72897085162c73589ade314c71fc8d2fe45ebda5,ok,
0804,placeable_item,1175,Woven carpeting,woven-carpeting,Carpeting that can be found in offices. Place them next to each other to form a checkerboard pattern.,Blocks,"[""Road""]",[],,in-collection,,blocks_order,61,,,,,,,,[],[],https://pokopiadex.com/images/items/crafting_ui/woven-carpeting.png,[],https://pokopiadex.com/items/woven-carpeting,pokopiadex_items_in_collection,0804-woven-carpeting.png,assets/pokopia_image_sources/item_portraits/0804-woven-carpeting.png,https://pokopiadex.com/images/items/crafting_ui/woven-carpeting.png,image/png,126841,4f42b210cc2724052eb965360e4279e7a4b598c1e1c7194871be39e81d0d8b82,ok,
0805,placeable_item,1075,Fluffy flooring,fluffy-flooring,Moderately soft cotton flooring. It probably wouldn't hurt if you fell on it.,Blocks,"[""Road""]",[],,in-collection,,blocks_order,62,,,,,,,,[],[],https://pokopiadex.com/images/items/crafting_ui/fluffy-flooring.png,[],https://pokopiadex.com/items/fluffy-flooring,pokopiadex_items_in_collection,0805-fluffy-flooring.png,assets/pokopia_image_sources/item_portraits/0805-fluffy-flooring.png,https://pokopiadex.com/images/items/crafting_ui/fluffy-flooring.png,image/png,95104,5e913f92e293e02154d0d956b702bd71e3db454daf13bfcbdfa9114a1cfc44be,ok,
0806,placeable_item,1624,Soft carpeting,soft-carpeting,Fluffy carpeting that feels as soft as a cloud. Place a bunch together for a really nice look!,Blocks,"[""Road""]",[],,in-collection,,blocks_order,63,,,,,,,,[],[],https://pokopiadex.com/images/items/item_ui/soft-carpeting.png,[],https://pokopiadex.com/items/soft-carpeting,pokopiadex_items_in_collection,0806-soft-carpeting.png,assets/pokopia_image_sources/item_portraits/0806-soft-carpeting.png,https://pokopiadex.com/images/items/item_ui/soft-carpeting.png,image/png,22857,af9b3afb999624610708cb8ff43f1f1dbbce53212c44dcdcbacfadba1610ed1d,ok,
0807,placeable_item,1625,Extravagant carpeting,extravagant-carpeting,Walking on this high-class embroidered carpeting makes you feel like a star.,Blocks,"[""Road""]",[],,in-collection,,blocks_order,64,,,,,,,,[],[],https://pokopiadex.com/images/items/item_ui/extravagant-carpeting.png,[],https://pokopiadex.com/items/extravagant-carpeting,pokopiadex_items_in_collection,0807-extravagant-carpeting.png,assets/pokopia_image_sources/item_portraits/0807-extravagant-carpeting.png,https://pokopiadex.com/images/items/item_ui/extravagant-carpeting.png,image/png,31949,dba8760246907a5cf68f2797446fc2646b2adf509539e174d03ca65483ff8634,ok,
0808,placeable_item,2033,Tatami mat,tatami-mat,Tatami mat flooring often found in traditional homes. You can make this by weaving leaves together.,Blocks,"[""Road""]",[],,in-collection,,blocks_order,65,,,,,,,,[],[],https://pokopiadex.com/images/items/item_ui/tatami-mat.png,[],https://pokopiadex.com/items/tatami-mat,pokopiadex_items_in_collection,0808-tatami-mat.png,assets/pokopia_image_sources/item_portraits/0808-tatami-mat.png,https://pokopiadex.com/images/items/item_ui/tatami-mat.png,image/png,25614,a7796158ceb90e0c55c84e3e1e0a10a2365055676efce7e817ff4d5f6f0883b2,ok,
0809,placeable_item,983,Felt mat,felt-mat,Often used for carpeting. Felt can also be laid out as flooring or stacked up into decor.,Blocks,"[""Road""]",[],,in-collection,,blocks_order,66,,,,,,,,[],[],https://pokopiadex.com/images/items/crafting_ui/felt-mat.png,[],https://pokopiadex.com/items/felt-mat,pokopiadex_items_in_collection,0809-felt-mat.png,assets/pokopia_image_sources/item_portraits/0809-felt-mat.png,https://pokopiadex.com/images/items/crafting_ui/felt-mat.png,image/png,111681,f50506ea6a18faad843cc4e292b73b0bc85bda8828f3a9d1fb014f8225a8a9f3,ok,
0810,placeable_item,749,Puffy-tree pillar,puffy-tree-pillar,These may look like a big tree when stacked up... but they're actually cushions stuffed with leaves!,Blocks,"[""Road""]",[],,in-collection,,blocks_order,67,,,,,,,,[],[],https://pokopiadex.com/images/items/crafting_ui/puffy-tree-pillar.png,[],https://pokopiadex.com/items/puffy-tree-pillar,pokopiadex_items_in_collection,0810-puffy-tree-pillar.png,assets/pokopia_image_sources/item_portraits/0810-puffy-tree-pillar.png,https://pokopiadex.com/images/items/crafting_ui/puffy-tree-pillar.png,image/png,125883,5f70df9582f82ae34976df31f071f38efe8daaf184e06a44d09610c380b04c11,ok,
0811,placeable_item,994,Grass flooring,grass-flooring,"This looks like real grass, but it's actually made of cushions!",Blocks,"[""Road""]",[],,in-collection,,blocks_order,68,,,,,,,,[],[],https://pokopiadex.com/images/items/crafting_ui/grass-flooring.png,[],https://pokopiadex.com/items/grass-flooring,pokopiadex_items_in_collection,0811-grass-flooring.png,assets/pokopia_image_sources/item_portraits/0811-grass-flooring.png,https://pokopiadex.com/images/items/crafting_ui/grass-flooring.png,image/png,125365,d571a9cc22910b5f9befaba8d79541b6c3fa7c12a138c7fc7d1927f9765f37bc,ok,
0812,placeable_item,1626,Simple flooring,simple-flooring,Flooring made by polished hewn stone. It's glossy and hard to the touch.,Blocks,"[""Road""]",[],,in-collection,,blocks_order,69,,,,,,,,[],[],https://pokopiadex.com/images/items/item_ui/simple-flooring.png,[],https://pokopiadex.com/items/simple-flooring,pokopiadex_items_in_collection,0812-simple-flooring.png,assets/pokopia_image_sources/item_portraits/0812-simple-flooring.png,https://pokopiadex.com/images/items/item_ui/simple-flooring.png,image/png,16897,bf2446d413ec3e5cb3741b4444a83a270fc0152afd8ffe2d696709610dc021a8,ok,
0813,placeable_item,742,Marble,marble,Lay down some of this beautifully patterned marble and enjoy a taste of the rich life.,Blocks,"[""Road""]",[],,in-collection,,blocks_order,70,,,,,,,,[],[],https://pokopiadex.com/images/items/crafting_ui/marble.png,[],https://pokopiadex.com/items/marble,pokopiadex_items_in_collection,0813-marble.png,assets/pokopia_image_sources/item_portraits/0813-marble.png,https://pokopiadex.com/images/items/crafting_ui/marble.png,image/png,103047,635ecbaeced0ddbd54f2fc52fd364d3532fb4b39c7d542bd4792200cf6170586,ok,
0814,placeable_item,867,Stone flooring,stone-flooring,Place these to create an entryway. Most folks won't mind if it gets a little dirty.,Blocks,"[""Road""]",[],,in-collection,,blocks_order,71,,,,,,,,[],"[2213,2238]",https://pokopiadex.com/images/items/crafting_ui/stone-flooring.png,[],https://pokopiadex.com/items/stone-flooring,pokopiadex_items_in_collection,0814-stone-flooring.png,assets/pokopia_image_sources/item_portraits/0814-stone-flooring.png,https://pokopiadex.com/images/items/crafting_ui/stone-flooring.png,image/png,96342,1725d3fcc1315d863cf0b0b5c5e7b653ac5f1acdd9e177c584ac7167f5e8052a,ok,
0815,placeable_item,987,Lined-stone flooring,lined-stone-flooring,Provides a lovely accent when paired with stone flooring.,Blocks,"[""Road""]",[],,in-collection,,blocks_order,72,,,,,,,,[],[],https://pokopiadex.com/images/items/crafting_ui/lined-stone-flooring.png,[],https://pokopiadex.com/items/lined-stone-flooring,pokopiadex_items_in_collection,0815-lined-stone-flooring.png,assets/pokopia_image_sources/item_portraits/0815-lined-stone-flooring.png,https://pokopiadex.com/images/items/crafting_ui/lined-stone-flooring.png,image/png,100358,50cac2c3ff30714a5e39238664d099c0fc71e893f2e17e643008d31e56527333,ok,
0816,placeable_item,1298,Dark marble flooring,dark-marble-flooring,Stylish flooring with dark brown trim. It's perfect for museums and the like.,Blocks,"[""Road""]",[],,in-collection,,blocks_order,73,,,,,,,,[],[],https://pokopiadex.com/images/items/crafting_ui/dark-marble-flooring.png,[],https://pokopiadex.com/items/dark-marble-flooring,pokopiadex_items_in_collection,0816-dark-marble-flooring.png,assets/pokopia_image_sources/item_portraits/0816-dark-marble-flooring.png,https://pokopiadex.com/images/items/crafting_ui/dark-marble-flooring.png,image/png,98137,fdd7c105f1b8f392fbc980c6015642922b7784dc222d690f9f2eea294593839b,ok,
0817,placeable_item,1627,Light marble flooring,light-marble-flooring,Stylish flooring with a light gray trim. Perfect for offices and the like.,Blocks,"[""Road""]",[],,in-collection,,blocks_order,74,,,,,,,,[],[],https://pokopiadex.com/images/items/item_ui/light-marble-flooring.png,[],https://pokopiadex.com/items/light-marble-flooring,pokopiadex_items_in_collection,0817-light-marble-flooring.png,assets/pokopia_image_sources/item_portraits/0817-light-marble-flooring.png,https://pokopiadex.com/images/items/item_ui/light-marble-flooring.png,image/png,22795,a83ba4ba4d49543cc2c8a9f8df57918db4ae10ba99fd252d9177d05dd26f0797,ok,
0818,placeable_item,1296,Aged-stone flooring,aged-stone-flooring,Stone flooring used in ancient ruins. There's something mysterious about its triangular pattern.,Blocks,"[""Road""]",[],,in-collection,,blocks_order,75,,,,,,,,[],[],https://pokopiadex.com/images/items/crafting_ui/aged-stone-flooring.png,[],https://pokopiadex.com/items/aged-stone-flooring,pokopiadex_items_in_collection,0818-aged-stone-flooring.png,assets/pokopia_image_sources/item_portraits/0818-aged-stone-flooring.png,https://pokopiadex.com/images/items/crafting_ui/aged-stone-flooring.png,image/png,106964,67b99fc14385b974b736bd9512ed6d083491b10eef182e017d13057ff6c2f158,ok,
0819,placeable_item,1628,Simple square tiling,simple-square-tiling,"These smooth, water-repellant tiles would make a great bathroom wall.",Blocks,"[""Road""]",[],,in-collection,,blocks_order,76,,,,,,,,[],[],https://pokopiadex.com/images/items/item_ui/simple-square-tiling.png,[],https://pokopiadex.com/items/simple-square-tiling,pokopiadex_items_in_collection,0819-simple-square-tiling.png,assets/pokopia_image_sources/item_portraits/0819-simple-square-tiling.png,https://pokopiadex.com/images/items/item_ui/simple-square-tiling.png,image/png,27230,7dcb75fa0a200faef74d8bf8a207ca88e4e319c308e749e7d003c92c51036023,ok,
0820,placeable_item,1170,Stylish tiling,stylish-tiling,Glossy ceramic tiles that could be used for walls or flooring.,Blocks,"[""Road""]",[],,in-collection,,blocks_order,77,,,,,,,,[],[],https://pokopiadex.com/images/items/crafting_ui/stylish-tiling.png,[],https://pokopiadex.com/items/stylish-tiling,pokopiadex_items_in_collection,0820-stylish-tiling.png,assets/pokopia_image_sources/item_portraits/0820-stylish-tiling.png,https://pokopiadex.com/images/items/crafting_ui/stylish-tiling.png,image/png,150288,d1ee6df70611a239a04c2ca6b01a94a8341d5f9d3f9df18efc4b9099b48b2562,ok,
0821,placeable_item,1629,Hexagonal flooring,hexagonal-flooring,Lifeless flooring with a hexagonal pattern. Perfectly suited for high-tech places such as laboratories.,Blocks,"[""Road""]",[],,in-collection,,blocks_order,78,,,,,,,,[],[],https://pokopiadex.com/images/items/crafting_ui/hexagonal-flooring.png,[],https://pokopiadex.com/items/hexagonal-flooring,pokopiadex_items_in_collection,0821-hexagonal-flooring.png,assets/pokopia_image_sources/item_portraits/0821-hexagonal-flooring.png,https://pokopiadex.com/images/items/crafting_ui/hexagonal-flooring.png,image/png,100819,58bcbf0be09efa0a3e309fa00802152cdd64d2ec9b1de11ddf15c5e56e66ebe2,ok,
0822,placeable_item,1630,Shop flooring,shop-flooring,Flooring that reminds you of shop floors. Try installing a counter and cash register!,Blocks,"[""Road""]",[],,in-collection,,blocks_order,79,,,,,,,,[],[],https://pokopiadex.com/images/items/item_ui/shop-flooring.png,[],https://pokopiadex.com/items/shop-flooring,pokopiadex_items_in_collection,0822-shop-flooring.png,assets/pokopia_image_sources/item_portraits/0822-shop-flooring.png,https://pokopiadex.com/images/items/item_ui/shop-flooring.png,image/png,23717,d3768af5e546ab526196d3e889fa60bb964b96f30f0a7b94fd00146180a041d7,ok,
0823,placeable_item,1631,Triangle-design flooring,triangle-design-flooring,"Shiny flooring with a vibrant, triangular pattern. Make this using Pokémetal!",Blocks,"[""Road""]",[],,in-collection,,blocks_order,80,,,,,,,,[],[],https://pokopiadex.com/images/items/item_ui/triangle-design-flooring.png,[],https://pokopiadex.com/items/triangle-design-flooring,pokopiadex_items_in_collection,0823-triangle-design-flooring.png,assets/pokopia_image_sources/item_portraits/0823-triangle-design-flooring.png,https://pokopiadex.com/images/items/item_ui/triangle-design-flooring.png,image/png,25811,df7a2f6afd0b81eff3829c7753f3fed4edd62bf24510d6e56d2bc12c1fc220c1,ok,
0824,placeable_item,1632,Iron-plate flooring,iron-plate-flooring,Iron-plate flooring that looks like it belongs in a factory. Steel-type Pokémon might enjoy this.,Blocks,"[""Road""]",[],,in-collection,,blocks_order,81,,,,,,,,[],[2222],https://pokopiadex.com/images/items/item_ui/iron-plate-flooring.png,[],https://pokopiadex.com/items/iron-plate-flooring,pokopiadex_items_in_collection,0824-iron-plate-flooring.png,assets/pokopia_image_sources/item_portraits/0824-iron-plate-flooring.png,https://pokopiadex.com/images/items/item_ui/iron-plate-flooring.png,image/png,22499,4bba1bf3147fdff6859dfc8d84746f4d4e711c3100b114da93d0380a34e1bb59,ok,
0825,placeable_item,1299,Iron tiling,iron-tiling,"Install these on the floor to create a stylish industrial vibe, like the inside of a warehouse.",Blocks,"[""Road""]",[],,in-collection,,blocks_order,82,,,,,,,,[],[],https://pokopiadex.com/images/items/crafting_ui/iron-tiling.png,[],https://pokopiadex.com/items/iron-tiling,pokopiadex_items_in_collection,0825-iron-tiling.png,assets/pokopia_image_sources/item_portraits/0825-iron-tiling.png,https://pokopiadex.com/images/items/crafting_ui/iron-tiling.png,image/png,109110,5deb3d3ba32c8bb0e306381068efe643960a18efc6408b7bf6c2677f5ef51366,ok,
0826,placeable_item,1633,Neon flooring,neon-flooring,Line these up to make a brightly lit floor. You'll feel like you've wandered into a neon universe.,Blocks,"[""Road""]",[],,in-collection,,blocks_order,83,,,,,,,,[],[],https://pokopiadex.com/images/items/item_ui/neon-flooring.png,[],https://pokopiadex.com/items/neon-flooring,pokopiadex_items_in_collection,0826-neon-flooring.png,assets/pokopia_image_sources/item_portraits/0826-neon-flooring.png,https://pokopiadex.com/images/items/item_ui/neon-flooring.png,image/png,43033,307364639c92baf6dc1f2dacac3ddc5b0d4706ecf95c59083242648344d21598,ok,
0827,placeable_item,1634,Cyber flooring,cyber-flooring,The edges are constantly glowing. Arrange them side by side to create a futuristic atmosphere.,Blocks,"[""Road""]",[],,in-collection,,blocks_order,84,,,,,,,,[],[],https://pokopiadex.com/images/items/item_ui/cyber-flooring.png,[],https://pokopiadex.com/items/cyber-flooring,pokopiadex_items_in_collection,0827-cyber-flooring.png,assets/pokopia_image_sources/item_portraits/0827-cyber-flooring.png,https://pokopiadex.com/images/items/item_ui/cyber-flooring.png,image/png,31658,13ace07e5c207ef8aff617c05b22f843e0403773058de5f1805b608e0e219869,ok,
0828,placeable_item,50,Arched tiling,arched-tiling,"Each one alone is just an ordinary brick. But placed together, they make a beautiful arching pattern.",Blocks,"[""Road""]",[],,in-collection,,blocks_order,85,20,,,,,,,[],[],https://pokopiadex.com/images/items/crafting_ui/arched-tiling.png,[],https://pokopiadex.com/items/arched-tiling,pokopiadex_items_in_collection,0828-arched-tiling.png,assets/pokopia_image_sources/item_portraits/0828-arched-tiling.png,https://pokopiadex.com/images/items/crafting_ui/arched-tiling.png,image/png,146493,205f7fadec2acf4302619f4b0f69d7193764613ec80148c3c13763bc131c0a0b,ok,
0829,placeable_item,395,Stone tiling,stone-tiling,"Even rough, ordinary stones can be polished and stacked to make shiny tiles.",Blocks,"[""Road""]",[],,in-collection,,blocks_order,86,,,,,,,,[],"[2213,2238]",https://pokopiadex.com/images/items/crafting_ui/stone-tiling.png,[],https://pokopiadex.com/items/stone-tiling,pokopiadex_items_in_collection,0829-stone-tiling.png,assets/pokopia_image_sources/item_portraits/0829-stone-tiling.png,https://pokopiadex.com/images/items/crafting_ui/stone-tiling.png,image/png,95471,b655e24d422621a80577c72170acaca0ad24d461244c38923d16120f6dbd354d,ok,
0830,placeable_item,1167,Square tiling,square-tiling,"Tiles often found in seaside towns. They have a distinctive, slightly rough texture.",Blocks,"[""Road""]",[],,in-collection,,blocks_order,87,,,,,,,,[],[],https://pokopiadex.com/images/items/crafting_ui/square-tiling.png,[],https://pokopiadex.com/items/square-tiling,pokopiadex_items_in_collection,0830-square-tiling.png,assets/pokopia_image_sources/item_portraits/0830-square-tiling.png,https://pokopiadex.com/images/items/crafting_ui/square-tiling.png,image/png,132495,b7e83916aa32c1263c6bc67f9fe90d68cae69b5d5b0ecefdc738fde308e53c25,ok,
0831,placeable_item,1635,Mosaic tiling,mosaic-tiling,Colorfully patterned tile flooring. Set up a few blocks to create a metropolitan atmosphere.,Blocks,"[""Road""]",[],,in-collection,,blocks_order,88,,,,,,,,[],[],https://pokopiadex.com/images/items/item_ui/mosaic-tiling.png,[],https://pokopiadex.com/items/mosaic-tiling,pokopiadex_items_in_collection,0831-mosaic-tiling.png,assets/pokopia_image_sources/item_portraits/0831-mosaic-tiling.png,https://pokopiadex.com/images/items/item_ui/mosaic-tiling.png,image/png,33267,2a4dcf90399e623936d922d573632a3ce004db66c09421e2190537dbc5f91eff,ok,
0832,placeable_item,1116,Brick flooring,brick-flooring,Vivid bricks that remind you of sunny days. Walking along these makes you feel quite cheerful.,Blocks,"[""Road""]",[],,in-collection,,blocks_order,89,,,,,,,,[],[],https://pokopiadex.com/images/items/crafting_ui/brick-flooring.png,[],https://pokopiadex.com/items/brick-flooring,pokopiadex_items_in_collection,0832-brick-flooring.png,assets/pokopia_image_sources/item_portraits/0832-brick-flooring.png,https://pokopiadex.com/images/items/crafting_ui/brick-flooring.png,image/png,130812,60198f57e343bfab0b92eb6dc2fb104ef8f0748fef36faa048c95ae34a7a189c,ok,
0833,placeable_item,1096,Stylish stone flooring,stylish-stone-flooring,"It's just a bunch of stones piled up—and yet, it somehow looks stylish.",Blocks,"[""Road""]",[],,in-collection,,blocks_order,90,,,,,,,,[],[],https://pokopiadex.com/images/items/item_ui/stylish-stone-flooring.png,[],https://pokopiadex.com/items/stylish-stone-flooring,pokopiadex_items_in_collection,0833-stylish-stone-flooring.png,assets/pokopia_image_sources/item_portraits/0833-stylish-stone-flooring.png,https://pokopiadex.com/images/items/item_ui/stylish-stone-flooring.png,image/png,107461,1b82d982e87d607067da405a1246af0f16e1bd96c9962964f02893090d679f68,ok,
0834,placeable_item,1125,Fish-scale tiling,fish-scale-tiling,Stone tiles in a beautiful fish-scale pattern.,Blocks,"[""Road""]",[],,in-collection,,blocks_order,91,,,,,,,,[],[],https://pokopiadex.com/images/items/crafting_ui/fish-scale-tiling.png,[],https://pokopiadex.com/items/fish-scale-tiling,pokopiadex_items_in_collection,0834-fish-scale-tiling.png,assets/pokopia_image_sources/item_portraits/0834-fish-scale-tiling.png,https://pokopiadex.com/images/items/crafting_ui/fish-scale-tiling.png,image/png,136898,02621f0d90d85502827e9d771e98ffec94c8b7176fc3e71a5c455a72809683a3,ok,
0835,placeable_item,1112,Asphalt road,asphalt-road,Pave the way for Pokémon to have nice roads that are easy to walk on!,Blocks,"[""Road""]",[],,in-collection,,blocks_order,92,,,,,,,,[],[],https://pokopiadex.com/images/items/crafting_ui/asphalt-road.png,[],https://pokopiadex.com/items/asphalt-road,pokopiadex_items_in_collection,0835-asphalt-road.png,assets/pokopia_image_sources/item_portraits/0835-asphalt-road.png,https://pokopiadex.com/images/items/crafting_ui/asphalt-road.png,image/png,126578,a0101f8671e5186323e148d2245f50ac77e940b7cc8c774d8140a6d39d713846,ok,
0836,placeable_item,1636,Marked road (horizontal),marked-road-horizontal,Asphalt road with a white line on it. Arrange these in a row to make a crosswalk.,Blocks,"[""Road""]",[],,in-collection,,blocks_order,93,,,,,,,,[],[],https://pokopiadex.com/images/items/item_ui/marked-road-horizontal.png,[],https://pokopiadex.com/items/marked-road-horizontal,pokopiadex_items_in_collection,0836-marked-road-horizontal.png,assets/pokopia_image_sources/item_portraits/0836-marked-road-horizontal.png,https://pokopiadex.com/images/items/item_ui/marked-road-horizontal.png,image/png,30576,80f11333dc61373120ef6b76d69250adb23813fae59df0fcd407d721f835f315,ok,
0837,placeable_item,1637,Marked road (vertical),marked-road-vertical,Asphalt road with a white line on it. Arrange these in a row to make a crosswalk.,Blocks,"[""Road""]",[],,in-collection,,blocks_order,94,,,,,,,,[],[],https://pokopiadex.com/images/items/item_ui/marked-road-vertical.png,[],https://pokopiadex.com/items/marked-road-vertical,pokopiadex_items_in_collection,0837-marked-road-vertical.png,assets/pokopia_image_sources/item_portraits/0837-marked-road-vertical.png,https://pokopiadex.com/images/items/item_ui/marked-road-vertical.png,image/png,30251,16b3b5a90f6a724c1340c9e473b39d056e6ddcea7cf46b038344fd19f22a6264,ok,
0838,placeable_item,1638,Gray circle flooring,gray-circle-flooring,The prominent gray circle looks like the perfect spot to install a utility pole.,Blocks,"[""Road""]",[],,in-collection,,blocks_order,95,,,,,,,,[],[],https://pokopiadex.com/images/items/item_ui/gray-circle-flooring.png,[],https://pokopiadex.com/items/gray-circle-flooring,pokopiadex_items_in_collection,0838-gray-circle-flooring.png,assets/pokopia_image_sources/item_portraits/0838-gray-circle-flooring.png,https://pokopiadex.com/images/items/item_ui/gray-circle-flooring.png,image/png,27560,3c04c8f446f48c00f023fcad8be8f0ddd88e65b2541da2e0df0d0e7088944269,ok,
0839,placeable_item,313,Hay pile,hay-pile,"Bales of straw can be arranged to make walls or flooring, whichever you choose.",Blocks,[],[],,in-collection,,blocks_order,96,10,,,,,,,[],[],https://pokopiadex.com/images/items/crafting_ui/hay-pile.png,[],https://pokopiadex.com/items/hay-pile,pokopiadex_items_in_collection,0839-hay-pile.png,assets/pokopia_image_sources/item_portraits/0839-hay-pile.png,https://pokopiadex.com/images/items/crafting_ui/hay-pile.png,image/png,98347,ec9e61e89445285b8720f5e222b757f23b06030079a49657943d21861daebebe,ok,
0840,placeable_item,1639,Iron plating,iron-plating,Sturdy plating that's even used to make ships. Change its color to your liking.,Blocks,[],[],,in-collection,,blocks_order,97,,,,,,,,[],[],https://pokopiadex.com/images/items/crafting_ui/iron-plating.png,[],https://pokopiadex.com/items/iron-plating,pokopiadex_items_in_collection,0840-iron-plating.png,assets/pokopia_image_sources/item_portraits/0840-iron-plating.png,https://pokopiadex.com/images/items/crafting_ui/iron-plating.png,image/png,72996,6f698522f247b90aae8d3773f801aa056abd795cfb7a4e84d7df426606dc8690,ok,
0841,placeable_item,1097,Cube light,cube-light,"A cube that's constantly emitting bright light, even without electricity. It's made from shining rocks.",Blocks,[],[],,in-collection,,blocks_order,98,,,,,,,,[],[],https://pokopiadex.com/images/items/item_ui/cube-light.png,[],https://pokopiadex.com/items/cube-light,pokopiadex_items_in_collection,0841-cube-light.png,assets/pokopia_image_sources/item_portraits/0841-cube-light.png,https://pokopiadex.com/images/items/item_ui/cube-light.png,image/png,77782,382e46b68cc251445d724b48b8c4a279af9972dea2ba5b569b320a4117674ef2,ok,
0842,placeable_item,1640,Foundation,foundation,A sturdy foundation made of firmly bonded stone and concrete.,Blocks,[],[],,in-collection,,blocks_order,99,,,,,,,,[],[],https://pokopiadex.com/images/items/item_ui/foundation.png,[],https://pokopiadex.com/items/foundation,pokopiadex_items_in_collection,0842-foundation.png,assets/pokopia_image_sources/item_portraits/0842-foundation.png,https://pokopiadex.com/images/items/item_ui/foundation.png,image/png,24269,9ecbf40c4b93f910ca5bffb102d33b25e3631f369437e6a4f702bb2017076a1d,ok,
0843,placeable_item,1641,Levee,levee,Place these wherever you want to stop the flow of water. Sturdy enough to hold back rivers and oceans.,Blocks,[],[],,in-collection,,blocks_order,100,,,,,,,,[],[],https://pokopiadex.com/images/items/item_ui/levee.png,[],https://pokopiadex.com/items/levee,pokopiadex_items_in_collection,0843-levee.png,assets/pokopia_image_sources/item_portraits/0843-levee.png,https://pokopiadex.com/images/items/item_ui/levee.png,image/png,29785,317fcabced6a782f2bdae73c48f0623edf91e47b0fa5aa25f2001bc7da08bdbe,ok,
0844,placeable_item,1163,Scrap cube,scrap-cube,A block of condensed cloth and scrap metal. It looks like it was made by a Pokémon skilled at crafting!,Blocks,[],[],,in-collection,,blocks_order,101,,,,,,,,[],[],https://pokopiadex.com/images/items/crafting_ui/scrap-cube.png,[],https://pokopiadex.com/items/scrap-cube,pokopiadex_items_in_collection,0844-scrap-cube.png,assets/pokopia_image_sources/item_portraits/0844-scrap-cube.png,https://pokopiadex.com/images/items/crafting_ui/scrap-cube.png,image/png,166715,c3c7cead6b7ad2544664aac4fbcbc705655831ac112b28c342c9e3ab62ecddac,ok,
0845,placeable_item,1642,Polka-dot print,polka-dot-print,This pop-art polka-dot pattern looks cute whether you line up a bunch or use some as an accent.,Blocks,[],[],,in-collection,,blocks_order,102,,,,,,,,[],[],https://pokopiadex.com/images/items/item_ui/polka-dot-print.png,[],https://pokopiadex.com/items/polka-dot-print,pokopiadex_items_in_collection,0845-polka-dot-print.png,assets/pokopia_image_sources/item_portraits/0845-polka-dot-print.png,https://pokopiadex.com/images/items/item_ui/polka-dot-print.png,image/png,40428,1414cb91895d1ea6cf8a89cec93e3ac231fdb73b18145784577aac90ea9da49a,ok,
0846,placeable_item,1643,Bubble print,bubble-print,A pattern with lots of floating bubbles. It has a unique ephemeral charm to it.,Blocks,[],[],,in-collection,,blocks_order,103,,,,,,,,[],[],https://pokopiadex.com/images/items/item_ui/bubble-print.png,[],https://pokopiadex.com/items/bubble-print,pokopiadex_items_in_collection,0846-bubble-print.png,assets/pokopia_image_sources/item_portraits/0846-bubble-print.png,https://pokopiadex.com/images/items/item_ui/bubble-print.png,image/png,28848,dac569b9b85074b45f26e2bdf5d451f0030652be6cb73f79623d04b779f46afc,ok,
0847,placeable_item,1644,Vertical-stripe print,vertical-stripe-print,Vertical stripes like those on Flaaffy's tail. This simple pattern looks like it'd fit in a variety of places.,Blocks,[],[],,in-collection,,blocks_order,104,,,,,,,,[],[],https://pokopiadex.com/images/items/item_ui/vertical-stripe-print.png,[],https://pokopiadex.com/items/vertical-stripe-print,pokopiadex_items_in_collection,0847-vertical-stripe-print.png,assets/pokopia_image_sources/item_portraits/0847-vertical-stripe-print.png,https://pokopiadex.com/images/items/item_ui/vertical-stripe-print.png,image/png,30140,3f41983b001d55fc341cd1289f945e68eb07fa78507fe1db4734b142b1cfb0af,ok,
0848,placeable_item,1645,Horizontal-stripe print,horizontal-stripe-print,Horizontal stripes like those on Elekid. This simple pattern looks like it'd fit in a variety of places.,Blocks,[],[],,in-collection,,blocks_order,105,,,,,,,,[],[],https://pokopiadex.com/images/items/item_ui/horizontal-stripe-print.png,[],https://pokopiadex.com/items/horizontal-stripe-print,pokopiadex_items_in_collection,0848-horizontal-stripe-print.png,assets/pokopia_image_sources/item_portraits/0848-horizontal-stripe-print.png,https://pokopiadex.com/images/items/item_ui/horizontal-stripe-print.png,image/png,38773,46a40e90e7b190b68f9fe2e4f9a8a7ca57ea3f49cbba5f524f7fed06df6b52ec,ok,
0849,placeable_item,1646,Gingham print,gingham-print,"A checkered pattern with a white base. A classic, simple design.",Blocks,[],[],,in-collection,,blocks_order,106,,,,,,,,[],[],https://pokopiadex.com/images/items/item_ui/gingham-print.png,[],https://pokopiadex.com/items/gingham-print,pokopiadex_items_in_collection,0849-gingham-print.png,assets/pokopia_image_sources/item_portraits/0849-gingham-print.png,https://pokopiadex.com/images/items/item_ui/gingham-print.png,image/png,40166,7310a6460f048cd67e7f0d38224b4fa08c3ed9a085b7a8c32d6e51a3445195b0,ok,
0850,placeable_item,1647,Tartan print,tartan-print,A checkered pattern with several colors. The design is both methodical and adorable.,Blocks,[],[],,in-collection,,blocks_order,107,,,,,,,,[],[],https://pokopiadex.com/images/items/item_ui/tartan-print.png,[],https://pokopiadex.com/items/tartan-print,pokopiadex_items_in_collection,0850-tartan-print.png,assets/pokopia_image_sources/item_portraits/0850-tartan-print.png,https://pokopiadex.com/images/items/item_ui/tartan-print.png,image/png,42140,10898918322932361b49d5c6a6c2decb86cd088253c9b959330211c3572260b7,ok,
0851,placeable_item,1648,Argyle print,argyle-print,"A diamond-shaped checkered pattern. It has a warm, welcoming atmosphere.",Blocks,[],[],,in-collection,,blocks_order,108,,,,,,,,[],[],https://pokopiadex.com/images/items/item_ui/argyle-print.png,[],https://pokopiadex.com/items/argyle-print,pokopiadex_items_in_collection,0851-argyle-print.png,assets/pokopia_image_sources/item_portraits/0851-argyle-print.png,https://pokopiadex.com/images/items/item_ui/argyle-print.png,image/png,47052,70d510afe24fef003cda2d68a25156617530ce569e87dad5e453576e0729c788,ok,
0852,placeable_item,1649,Houndstooth print,houndstooth-print,"If you stare at this pattern for a long time, you just might see a flock of flying bird Pokémon.",Blocks,[],[],,in-collection,,blocks_order,109,,,,,,,,[],[],https://pokopiadex.com/images/items/item_ui/houndstooth-print.png,[],https://pokopiadex.com/items/houndstooth-print,pokopiadex_items_in_collection,0852-houndstooth-print.png,assets/pokopia_image_sources/item_portraits/0852-houndstooth-print.png,https://pokopiadex.com/images/items/item_ui/houndstooth-print.png,image/png,47409,83580d02566f1d8ca07bc58f14bc911c6d1795f16e3d2c185fb27ef4e70f7e40,ok,
0853,placeable_item,1650,Vine print,vine-print,"This twisting, twirling pattern is fully interconnected. It kind of resembles Serperior's patterning.",Blocks,[],[],,in-collection,,blocks_order,110,,,,,,,,[],[],https://pokopiadex.com/images/items/item_ui/vine-print.png,[],https://pokopiadex.com/items/vine-print,pokopiadex_items_in_collection,0853-vine-print.png,assets/pokopia_image_sources/item_portraits/0853-vine-print.png,https://pokopiadex.com/images/items/item_ui/vine-print.png,image/png,39156,bba315e6c8e218ae9290a5835364258cf51a15febf69817a79ce34a9a7d0ee7d,ok,
0854,placeable_item,1651,Swirl print,swirl-print,Straight lines that bend and contort into spirals. Staring at this will make your eyes spiral too!,Blocks,[],[],,in-collection,,blocks_order,111,,,,,,,,[],[],https://pokopiadex.com/images/items/item_ui/swirl-print.png,[],https://pokopiadex.com/items/swirl-print,pokopiadex_items_in_collection,0854-swirl-print.png,assets/pokopia_image_sources/item_portraits/0854-swirl-print.png,https://pokopiadex.com/images/items/item_ui/swirl-print.png,image/png,41187,132fdbb493c28e11224bfda553929e8bb5a760dbea27da92cbce3c14a4c1ef35,ok,
0855,placeable_item,1652,Winter print,winter-print,A pattern with a snowflake motif. Perfect for colder seasons.,Blocks,[],[],,in-collection,,blocks_order,112,,,,,,,,[],[],https://pokopiadex.com/images/items/crafting_ui/winter-print.png,[],https://pokopiadex.com/items/winter-print,pokopiadex_items_in_collection,0855-winter-print.png,assets/pokopia_image_sources/item_portraits/0855-winter-print.png,https://pokopiadex.com/images/items/crafting_ui/winter-print.png,image/png,179632,65f762a7457024a405351da8b557675d46899bc901381bedc18ed73d4dc71cb1,ok,
0856,placeable_item,1653,Zig-zag print,zig-zag-print,A cool pattern that zigzags like Pikachu's tail.,Blocks,[],[],,in-collection,,blocks_order,113,,,,,,,,[],[],https://pokopiadex.com/images/items/item_ui/zig-zag-print.png,[],https://pokopiadex.com/items/zig-zag-print,pokopiadex_items_in_collection,0856-zig-zag-print.png,assets/pokopia_image_sources/item_portraits/0856-zig-zag-print.png,https://pokopiadex.com/images/items/item_ui/zig-zag-print.png,image/png,48404,1c6254943b4c865e497ff81f8149e47d5d914c3eae21466fbb22c53fc0090fb7,ok,
0857,placeable_item,1654,Leaf print,leaf-print,This leaf pattern is easy on the eyes and makes you feel like you're in a forest - perfect for relaxation!,Blocks,[],"[""inspect shiny water ripples""]",,in-collection,,blocks_order,114,,,,,,,,[],[],https://pokopiadex.com/images/items/crafting_ui/leaf-print.png,[],https://pokopiadex.com/items/leaf-print,pokopiadex_items_in_collection,0857-leaf-print.png,assets/pokopia_image_sources/item_portraits/0857-leaf-print.png,https://pokopiadex.com/images/items/crafting_ui/leaf-print.png,image/png,158222,c76b9cb7cf36efe81aa5fbb75a7842da3f6849d0c55af5dcda4abba8eeb2a6a3,ok,
0858,placeable_item,1655,Flower print,flower-print,A floral pattern with lots of cute flowers. You'll feel like you're on a picnic every time you look at it.,Blocks,[],[],,in-collection,,blocks_order,115,,,,,,,,[],[],https://pokopiadex.com/images/items/crafting_ui/flower-print.png,[],https://pokopiadex.com/items/flower-print,pokopiadex_items_in_collection,0858-flower-print.png,assets/pokopia_image_sources/item_portraits/0858-flower-print.png,https://pokopiadex.com/images/items/crafting_ui/flower-print.png,image/png,154420,1f5728cb02258be9be6027bf31ba5b5afd4c43d72fa0ffe362188bf44ed73382,ok,
0859,placeable_item,1656,Star print,star-print,A pattern with stars of all sizes. Use it for your floor or walls so you can reach out and touch the stars.,Blocks,[],[],,in-collection,,blocks_order,116,,,,,,,,[],[],https://pokopiadex.com/images/items/crafting_ui/star-print.png,[],https://pokopiadex.com/items/star-print,pokopiadex_items_in_collection,0859-star-print.png,assets/pokopia_image_sources/item_portraits/0859-star-print.png,https://pokopiadex.com/images/items/crafting_ui/star-print.png,image/png,154616,66069bf5dda978cfd6fbcebd9dbabc160a368cd23a05d4adac98502c31a0bc49,ok,
0860,placeable_item,1657,Curry print,curry-print,"A pattern with a delicious-looking curry motif, packed full of savory vegetable flavor.",Blocks,[],[],,in-collection,,blocks_order,117,,,,,,,,[],[],https://pokopiadex.com/images/items/item_ui/curry-print.png,[],https://pokopiadex.com/items/curry-print,pokopiadex_items_in_collection,0860-curry-print.png,assets/pokopia_image_sources/item_portraits/0860-curry-print.png,https://pokopiadex.com/images/items/item_ui/curry-print.png,image/png,44430,4a60988c95be3ca3c8b389418ee2b945ab87ed56cddc36aae21eb739334a7f08,ok,
0861,placeable_item,1658,Berry print,berry-print,"Sweet berries, spicy berries, bitter berries… This pattern has berry flavors for everyone.",Blocks,[],[],,in-collection,,blocks_order,118,,,,,,,,[],"[2216,2219]",https://pokopiadex.com/images/items/item_ui/berry-print.png,[],https://pokopiadex.com/items/berry-print,pokopiadex_items_in_collection,0861-berry-print.png,assets/pokopia_image_sources/item_portraits/0861-berry-print.png,https://pokopiadex.com/images/items/item_ui/berry-print.png,image/png,27749,ecf9fb04c2cb8fd11a9ef64b2d324aba07b0b88456f30ee62b8308e174eb6367,ok,
0862,placeable_item,1659,Poké Ball print,poke-ball-print,"A pattern with lots of different-color Poké Balls. It has a cute, pop-art feel to it.",Blocks,[],[],,in-collection,,blocks_order,119,,,,,,,,[],[],https://pokopiadex.com/images/items/item_ui/poke-ball-print.png,[],https://pokopiadex.com/items/poke-ball-print,pokopiadex_items_in_collection,0862-poke-ball-print.png,assets/pokopia_image_sources/item_portraits/0862-poke-ball-print.png,https://pokopiadex.com/images/items/item_ui/poke-ball-print.png,image/png,30810,2e91dfc9cf549cc02b3d8814349cc528bee2746312020ba1ba33871bed0856c4,ok,
0863,placeable_item,1660,Stylish Poké Ball print,stylish-poke-ball-print,A pattern with a fancy Poké Ball design. It'd look great in any sort of upscale house.,Blocks,[],[],,in-collection,,blocks_order,120,,,,,,,,[],[],https://pokopiadex.com/images/items/item_ui/stylish-poke-ball-print.png,[],https://pokopiadex.com/items/stylish-poke-ball-print,pokopiadex_items_in_collection,0863-stylish-poke-ball-print.png,assets/pokopia_image_sources/item_portraits/0863-stylish-poke-ball-print.png,https://pokopiadex.com/images/items/item_ui/stylish-poke-ball-print.png,image/png,43319,ae0427689055bf9909f11ab8435d9a26c4969e90de192943be8ba99541a9e5ac,ok,
0864,placeable_item,79,Field grass,field-grass,Soft soil with grass growing on top. It's perfect for planting a tree or flower seeds.,Blocks,[],"[""Use Rock Smash on grass""]",,in-collection,,blocks_order,121,10,,,,,,,[],[],https://pokopiadex.com/images/items/item_ui/field-grass.png,[],https://pokopiadex.com/items/field-grass,pokopiadex_items_in_collection,0864-field-grass.png,assets/pokopia_image_sources/item_portraits/0864-field-grass.png,https://pokopiadex.com/images/items/item_ui/field-grass.png,image/png,109455,b413f7dc8cc078662f4204c30162a05ed9decb6840cfce6d8627e6403cb91766,ok,
0865,placeable_item,1661,Seashore grass,seashore-grass,"Coastal soil with thin grass growing out of it. If you use Leafage on this, tall yellow grass will grow.",Blocks,[],[],,in-collection,,blocks_order,122,,,,,,,,[],[],https://pokopiadex.com/images/items/item_ui/seashore-grass.png,[],https://pokopiadex.com/items/seashore-grass,pokopiadex_items_in_collection,0865-seashore-grass.png,assets/pokopia_image_sources/item_portraits/0865-seashore-grass.png,https://pokopiadex.com/images/items/item_ui/seashore-grass.png,image/png,31968,2fb7099ab146f2e41369ce58840e4d12c952fc4fe8ea329340415bdfaf7ac439,ok,
0866,placeable_item,1098,Alpine grass,alpine-grass,Dark-green grass often found in valleys.,Blocks,[],[],,in-collection,,blocks_order,123,,,,,,,,[],[],https://pokopiadex.com/images/items/item_ui/alpine-grass.png,[],https://pokopiadex.com/items/alpine-grass,pokopiadex_items_in_collection,0866-alpine-grass.png,assets/pokopia_image_sources/item_portraits/0866-alpine-grass.png,https://pokopiadex.com/images/items/item_ui/alpine-grass.png,image/png,102681,716c5bc54e98cab83d316e2db71fdce2c3a9e1ebf080a0077de3582e6c569770,ok,
0867,placeable_item,1662,Sky-high grass,sky-high-grass,"Lush, green grass that grows in white soil.",Blocks,[],[],,in-collection,,blocks_order,124,,,,,,,,[],[],https://pokopiadex.com/images/items/item_ui/sky-high-grass.png,[],https://pokopiadex.com/items/sky-high-grass,pokopiadex_items_in_collection,0867-sky-high-grass.png,assets/pokopia_image_sources/item_portraits/0867-sky-high-grass.png,https://pokopiadex.com/images/items/item_ui/sky-high-grass.png,image/png,32133,eba5777ef1be4d67254d18f41079e036aaa533cbf4e13322ec059467ba82fe53,ok,
0868,placeable_item,80,Ordinary soil,ordinary-soil,"Regular soil that's a bit soft. If you use Leafage on it, green tall grass will grow.",Blocks,[],"[""Use Rock Smash on dirt""]",,in-collection,,blocks_order,125,,,,,,,,[],[],https://pokopiadex.com/images/items/item_ui/ordinary-soil.png,[],https://pokopiadex.com/items/ordinary-soil,pokopiadex_items_in_collection,0868-ordinary-soil.png,assets/pokopia_image_sources/item_portraits/0868-ordinary-soil.png,https://pokopiadex.com/images/items/item_ui/ordinary-soil.png,image/png,81806,f882f50d465ed70b233d14b8ff52c902ace50b2b4a3c2589a383fbf1ec2067d9,ok,
0869,placeable_item,1663,Seashell soil,seashell-soil,"Despite the seashells mixed into it, this soil is softer than sand and capable of supporting plant life.",Blocks,[],[],,in-collection,,blocks_order,126,,,,,,,,[],[],https://pokopiadex.com/images/items/item_ui/seashell-soil.png,[],https://pokopiadex.com/items/seashell-soil,pokopiadex_items_in_collection,0869-seashell-soil.png,assets/pokopia_image_sources/item_portraits/0869-seashell-soil.png,https://pokopiadex.com/images/items/item_ui/seashell-soil.png,image/png,27252,9357d6d80233d9d602e06a7789d0b3de77c7ae82503670350b2267f2f2e10276,ok,
0870,placeable_item,752,Striped soil,striped-soil,Soil made up of layers of sediment from volcanic eruptions that accumulated and hardened over time.,Blocks,[],[],,in-collection,,blocks_order,127,,,,,,,,[],[],https://pokopiadex.com/images/items/item_ui/striped-soil.png,[],https://pokopiadex.com/items/striped-soil,pokopiadex_items_in_collection,0870-striped-soil.png,assets/pokopia_image_sources/item_portraits/0870-striped-soil.png,https://pokopiadex.com/images/items/item_ui/striped-soil.png,image/png,24420,4caa956e77da2621325def922dd443f824f25d3758f2728a462f780a3c4576af,ok,
0871,placeable_item,1664,Pure-white soil,pure-white-soil,White soil with a touch of colorful sand mixed in. Often found in the skylands.,Blocks,[],[],,in-collection,,blocks_order,128,,,,,,,,[],[],https://pokopiadex.com/images/items/item_ui/pure-white-soil.png,[],https://pokopiadex.com/items/pure-white-soil,pokopiadex_items_in_collection,0871-pure-white-soil.png,assets/pokopia_image_sources/item_portraits/0871-pure-white-soil.png,https://pokopiadex.com/images/items/item_ui/pure-white-soil.png,image/png,27904,69eac698797824f9696510f5c3f65180a028392ac54db7c71fa39acba6a87a70,ok,
0872,placeable_item,1665,Clay,clay,Soft enough for you to leave your footprints on it. It's actually made up of tiny grains of sand!,Blocks,[],[],,in-collection,,blocks_order,129,,,,,,,,[],[],https://pokopiadex.com/images/items/item_ui/clay.png,[],https://pokopiadex.com/items/clay,pokopiadex_items_in_collection,0872-clay.png,assets/pokopia_image_sources/item_portraits/0872-clay.png,https://pokopiadex.com/images/items/item_ui/clay.png,image/png,26221,1e845d780831c74f1ce99489b3f34687e6326a67e0b622af9ea8e0fb8392472c,ok,
0873,placeable_item,1666,Ordinary sand,ordinary-sand,"Ordinary sand that can be found all over. There's some moisture in it, but it's hardened up a little.",Blocks,[],[],,in-collection,,blocks_order,130,,,,,,,,[],[],https://pokopiadex.com/images/items/item_ui/ordinary-sand.png,[],https://pokopiadex.com/items/ordinary-sand,pokopiadex_items_in_collection,0873-ordinary-sand.png,assets/pokopia_image_sources/item_portraits/0873-ordinary-sand.png,https://pokopiadex.com/images/items/item_ui/ordinary-sand.png,image/png,22337,24d6e900bb54205aea10c53f1ddfa2b8b2a21ea8de60c62db8bf9223c6eaf2ed,ok,
0874,placeable_item,78,Beach sand,beach-sand,"Fine sand found on the beach. If you built a castle out of this, it probably wouldn't collapse.",Blocks,[],"[""Use Rock Smash on beach""]",,in-collection,,blocks_order,131,,,,,,,,[],[],https://pokopiadex.com/images/items/item_ui/beach-sand.png,[],https://pokopiadex.com/items/beach-sand,pokopiadex_items_in_collection,0874-beach-sand.png,assets/pokopia_image_sources/item_portraits/0874-beach-sand.png,https://pokopiadex.com/images/items/item_ui/beach-sand.png,image/png,82013,4a74c2fecbd7d5dd5df5d6574df27e9b9e41a6a83a09a23bc2f44f321e942345,ok,
0875,placeable_item,1667,Skyland sand,skyland-sand,Silky sand found at the skylands. It's lighter in color than ordinary sand.,Blocks,[],[],,in-collection,,blocks_order,132,,,,,,,,[],[],https://pokopiadex.com/images/items/item_ui/skyland-sand.png,[],https://pokopiadex.com/items/skyland-sand,pokopiadex_items_in_collection,0875-skyland-sand.png,assets/pokopia_image_sources/item_portraits/0875-skyland-sand.png,https://pokopiadex.com/images/items/item_ui/skyland-sand.png,image/png,22454,999652d79bf0752fb2d77ff858e09b99437324fa67ac204cde73ddf9f8b20c76,ok,
0876,placeable_item,1668,Bumpy beach sand,bumpy-beach-sand,Sand with various stones and small seashells packed within. Stepping on it leaves footprints behind.,Blocks,[],[],,in-collection,,blocks_order,133,,,,,,,,[],[],https://pokopiadex.com/images/items/item_ui/bumpy-beach-sand.png,[],https://pokopiadex.com/items/bumpy-beach-sand,pokopiadex_items_in_collection,0876-bumpy-beach-sand.png,assets/pokopia_image_sources/item_portraits/0876-bumpy-beach-sand.png,https://pokopiadex.com/images/items/item_ui/bumpy-beach-sand.png,image/png,26566,3c809d96821dd4e4036cd38afebb54df4519ef19883a0f311e3faa0f3be56ca9,ok,
0877,placeable_item,727,Volcanic ash,volcanic-ash,Ash that fell from the sky after a volcanic eruption.,Blocks,[],"[""Rocky Ridges""]",,in-collection,,blocks_order,134,,,,,,,,[],[],https://pokopiadex.com/images/items/item_ui/volcanic-ash.png,[],https://pokopiadex.com/items/volcanic-ash,pokopiadex_items_in_collection,0877-volcanic-ash.png,assets/pokopia_image_sources/item_portraits/0877-volcanic-ash.png,https://pokopiadex.com/images/items/item_ui/volcanic-ash.png,image/png,68511,e42eb9611cbe27e96d597d36ed6314f0654300b744ac4fa9dfaabf3816a2b809,ok,
0878,placeable_item,667,Sandstone,sandstone,"Amassed sand, left alone for countless years, has slowly hardened into stone.",Blocks,[],[],,in-collection,,blocks_order,135,10,,,,,,,[],[],https://pokopiadex.com/images/items/item_ui/sandstone.png,[],https://pokopiadex.com/items/sandstone,pokopiadex_items_in_collection,0878-sandstone.png,assets/pokopia_image_sources/item_portraits/0878-sandstone.png,https://pokopiadex.com/images/items/item_ui/sandstone.png,image/png,95078,9e805789726c7163e4c165cd6d6d01b490346c1555562a6f524f82d3461fb725,ok,
0879,placeable_item,2034,Skyland sandstone,skyland-sandstone,"Over the course of many years, the sand from the skylands has hardened into rock.",Blocks,[],[],,in-collection,,blocks_order,136,,,,,,,,[],[],https://pokopiadex.com/images/items/item_ui/skyland-sandstone.png,[],https://pokopiadex.com/items/skyland-sandstone,pokopiadex_items_in_collection,0879-skyland-sandstone.png,assets/pokopia_image_sources/item_portraits/0879-skyland-sandstone.png,https://pokopiadex.com/images/items/item_ui/skyland-sandstone.png,image/png,26997,a033383a08a04ff42bfc482b13cca3d59d8465e06a18b7ad3ce1b1bc75c0e8c5,ok,
0880,placeable_item,664,Cliff rock,cliff-rock,A type of rock often found on mountain cliffs. Looks like you could break it with Rock Smash.,Blocks,[],[],,in-collection,,blocks_order,137,10,,,,,,,[],[],https://pokopiadex.com/images/items/item_ui/cliff-rock.png,[],https://pokopiadex.com/items/cliff-rock,pokopiadex_items_in_collection,0880-cliff-rock.png,assets/pokopia_image_sources/item_portraits/0880-cliff-rock.png,https://pokopiadex.com/images/items/item_ui/cliff-rock.png,image/png,104198,998872ac16e3d46e55f00ad968a4c82b0115c8d858c4f5896fe1c9e4e61aa0fd,ok,
0881,placeable_item,666,Spotted cliff rock,spotted-cliff-rock,"Small rocks from the distant past, often found in valleys, that have been hardened over time into stratum.",Blocks,[],[],,in-collection,,blocks_order,138,10,,,,,,,[],[],https://pokopiadex.com/images/items/item_ui/spotted-cliff-rock.png,[],https://pokopiadex.com/items/spotted-cliff-rock,pokopiadex_items_in_collection,0881-spotted-cliff-rock.png,assets/pokopia_image_sources/item_portraits/0881-spotted-cliff-rock.png,https://pokopiadex.com/images/items/item_ui/spotted-cliff-rock.png,image/png,105143,170054958b043602c171b0353ef246ee37f43b5944ab9687db0f1be7f6788bf4,ok,
0882,placeable_item,1669,Red cliff rock,red-cliff-rock,Red rock that looks like it came from a steep mountainside cliff.,Blocks,[],[],,in-collection,,blocks_order,139,,,,,,,,[],[],https://pokopiadex.com/images/items/item_ui/red-cliff-rock.png,[],https://pokopiadex.com/items/red-cliff-rock,pokopiadex_items_in_collection,0882-red-cliff-rock.png,assets/pokopia_image_sources/item_portraits/0882-red-cliff-rock.png,https://pokopiadex.com/images/items/item_ui/red-cliff-rock.png,image/png,31744,95bd98a629e5a053ecaba8dd63a5bc620591ce2d1071e19fb0e3f26f6b8c2a23,ok,
0883,placeable_item,1670,Red spotted cliff rock,red-spotted-cliff-rock,"Boulders often seen by the seaside. With the waves at their backs, they stand tall, powerful and majestic.",Blocks,[],[],,in-collection,,blocks_order,140,,,,,,,,[],[],https://pokopiadex.com/images/items/item_ui/red-spotted-cliff-rock.png,[],https://pokopiadex.com/items/red-spotted-cliff-rock,pokopiadex_items_in_collection,0883-red-spotted-cliff-rock.png,assets/pokopia_image_sources/item_portraits/0883-red-spotted-cliff-rock.png,https://pokopiadex.com/images/items/item_ui/red-spotted-cliff-rock.png,image/png,33282,d69b9d3000b6c478a8613e52b1416ae264659022b52e2bca33a8d3c50bab47a6,ok,
0884,placeable_item,1671,Black cliff rock,black-cliff-rock,Black rock that looks like it came from a steep mountainside cliff.,Blocks,[],[],,in-collection,,blocks_order,141,,,,,,,,[],[],https://pokopiadex.com/images/items/item_ui/black-cliff-rock.png,[],https://pokopiadex.com/items/black-cliff-rock,pokopiadex_items_in_collection,0884-black-cliff-rock.png,assets/pokopia_image_sources/item_portraits/0884-black-cliff-rock.png,https://pokopiadex.com/images/items/item_ui/black-cliff-rock.png,image/png,31274,935a57c41bc0440d81c339d0cf02049603f27748f16655b35f89d1803c803076,ok,
0885,placeable_item,1672,Black spotted cliff rock,black-spotted-cliff-rock,"It's rough and bumpy because it's packed with small rocks. It has a weighty, imposing presence.",Blocks,[],[],,in-collection,,blocks_order,142,,,,,,,,[],[],https://pokopiadex.com/images/items/item_ui/black-spotted-cliff-rock.png,[],https://pokopiadex.com/items/black-spotted-cliff-rock,pokopiadex_items_in_collection,0885-black-spotted-cliff-rock.png,assets/pokopia_image_sources/item_portraits/0885-black-spotted-cliff-rock.png,https://pokopiadex.com/images/items/item_ui/black-spotted-cliff-rock.png,image/png,31187,68b889b735b9fe1c12d847372111397089a09901b2314e5bd0e7e0478830cc19,ok,
0886,placeable_item,1673,Skyland cliff rock,skyland-cliff-rock,A type of rock that towers over all on mountain slopes. It can only be found at the skylands.,Blocks,[],[],,in-collection,,blocks_order,143,,,,,,,,[],[],https://pokopiadex.com/images/items/item_ui/skyland-cliff-rock.png,[],https://pokopiadex.com/items/skyland-cliff-rock,pokopiadex_items_in_collection,0886-skyland-cliff-rock.png,assets/pokopia_image_sources/item_portraits/0886-skyland-cliff-rock.png,https://pokopiadex.com/images/items/item_ui/skyland-cliff-rock.png,image/png,30452,2f9baa3ab06c6d8d66792713354eff7cce216aedbc0c1749c9be13e1fce2a899,ok,
0887,placeable_item,1674,Skyland spotted cliff rock,skyland-spotted-cliff-rock,"Lots of tiny stones are crammed in between skyland cliff rocks, giving them a rugged look.",Blocks,[],[],,in-collection,,blocks_order,144,,,,,,,,[],[],https://pokopiadex.com/images/items/item_ui/skyland-spotted-cliff-rock.png,[],https://pokopiadex.com/items/skyland-spotted-cliff-rock,pokopiadex_items_in_collection,0887-skyland-spotted-cliff-rock.png,assets/pokopia_image_sources/item_portraits/0887-skyland-spotted-cliff-rock.png,https://pokopiadex.com/images/items/item_ui/skyland-spotted-cliff-rock.png,image/png,32270,eecaaf5a1905947d3ea21109f756bcabacbd41874d623d4082af5130f74761a2,ok,
0888,placeable_item,1675,White rock,white-rock,"A pale, slightly hard rock that is tough to break.",Blocks,[],[],,in-collection,,blocks_order,145,,,,,,,,[],[],https://pokopiadex.com/images/items/item_ui/white-rock.png,[],https://pokopiadex.com/items/white-rock,pokopiadex_items_in_collection,0888-white-rock.png,assets/pokopia_image_sources/item_portraits/0888-white-rock.png,https://pokopiadex.com/images/items/item_ui/white-rock.png,image/png,24539,8c912c3fa12e47ef3ad403c7129ee55dc88ff60726fabfa2b50242acbd161326,ok,
0889,placeable_item,1676,Coarse rock,coarse-rock,A type of rock found here and there. It looks like it would be tough to process.,Blocks,[],[],,in-collection,,blocks_order,146,,,,,,,,[],[],https://pokopiadex.com/images/items/item_ui/coarse-rock.png,[],https://pokopiadex.com/items/coarse-rock,pokopiadex_items_in_collection,0889-coarse-rock.png,assets/pokopia_image_sources/item_portraits/0889-coarse-rock.png,https://pokopiadex.com/images/items/item_ui/coarse-rock.png,image/png,25139,49b4c4f3845c575522f53ba78bc50e2918eb1bd2a4dfa807c0c6074d949b107e,ok,
0890,placeable_item,1677,Light brown rock,light-brown-rock,A light-brown rock that you can find most anywhere.,Blocks,[],[],,in-collection,,blocks_order,147,,,,,,,,[],[],https://pokopiadex.com/images/items/item_ui/light-brown-rock.png,[],https://pokopiadex.com/items/light-brown-rock,pokopiadex_items_in_collection,0890-light-brown-rock.png,assets/pokopia_image_sources/item_portraits/0890-light-brown-rock.png,https://pokopiadex.com/images/items/item_ui/light-brown-rock.png,image/png,25358,ce29024aee523f9cc7302a60826abd053fcf569dce3c185c68051855782db14f,ok,
0891,placeable_item,1678,Red rock,red-rock,A somewhat hard red rock often found near lava.,Blocks,[],[],,in-collection,,blocks_order,148,,,,,,,,[],[],https://pokopiadex.com/images/items/item_ui/red-rock.png,[],https://pokopiadex.com/items/red-rock,pokopiadex_items_in_collection,0891-red-rock.png,assets/pokopia_image_sources/item_portraits/0891-red-rock.png,https://pokopiadex.com/images/items/item_ui/red-rock.png,image/png,25462,a3f5e2102c4cf56460b4f6c0bb81de8be8a6ad94d380d0ca0b2ea854b62272e4,ok,
0892,placeable_item,1679,Yellow rock,yellow-rock,This stone is commonly found near volcanoes. Its smell makes your nose sting a little.,Blocks,[],[],,in-collection,,blocks_order,149,,,,,,,,[],[],https://pokopiadex.com/images/items/item_ui/yellow-rock.png,[],https://pokopiadex.com/items/yellow-rock,pokopiadex_items_in_collection,0892-yellow-rock.png,assets/pokopia_image_sources/item_portraits/0892-yellow-rock.png,https://pokopiadex.com/images/items/item_ui/yellow-rock.png,image/png,28718,9ce85202072deba479a8d7efdfbb8a1187f9b63f93c416ae4586e3b37290fdaf,ok,
0893,placeable_item,1099,Black rock,black-rock,Rugged stone often found near volcanoes. It was originally molten-hot lava!,Blocks,[],[],,in-collection,,blocks_order,150,,,,,,,,[],[],https://pokopiadex.com/images/items/item_ui/black-rock.png,[],https://pokopiadex.com/items/black-rock,pokopiadex_items_in_collection,0893-black-rock.png,assets/pokopia_image_sources/item_portraits/0893-black-rock.png,https://pokopiadex.com/images/items/item_ui/black-rock.png,image/png,95563,e43408d396c3387201d2b14ed5667f61fbfe42626b11bf6b8d00186c65fe8ac9,ok,
0894,placeable_item,1240,Lava rock,lava-rock,"When hot lava cools and hardens, it becomes black, rugged rock.",Blocks,[],[],,in-collection,,blocks_order,151,,,,,,,,[],[],https://pokopiadex.com/images/items/item_ui/lava-rock.png,[],https://pokopiadex.com/items/lava-rock,pokopiadex_items_in_collection,0894-lava-rock.png,assets/pokopia_image_sources/item_portraits/0894-lava-rock.png,https://pokopiadex.com/images/items/item_ui/lava-rock.png,image/png,32475,f0e79fbafd284fa1e89a4bb70a0635aad9ed47f7953e0fa8e53fbf897e88f801,ok,
0895,placeable_item,1680,Cave rock,cave-rock,Especially hard stone often found in caves.,Blocks,[],[],,in-collection,,blocks_order,152,,,,,,,,[],[],https://pokopiadex.com/images/items/item_ui/cave-rock.png,[],https://pokopiadex.com/items/cave-rock,pokopiadex_items_in_collection,0895-cave-rock.png,assets/pokopia_image_sources/item_portraits/0895-cave-rock.png,https://pokopiadex.com/images/items/item_ui/cave-rock.png,image/png,26061,a51311f514c2de04e9a31a7623542276073843f0142a0d0ad27fde8b83be3fbe,ok,
0896,placeable_item,1681,Ocean rock,ocean-rock,Textured rock found by the seaside. It's been worn into this shape over time by the ocean waves.,Blocks,[],[],,in-collection,,blocks_order,153,,,,,,,,[],[],https://pokopiadex.com/images/items/item_ui/ocean-rock.png,[],https://pokopiadex.com/items/ocean-rock,pokopiadex_items_in_collection,0896-ocean-rock.png,assets/pokopia_image_sources/item_portraits/0896-ocean-rock.png,https://pokopiadex.com/images/items/item_ui/ocean-rock.png,image/png,31850,451c8ce9d2888bce71a6df098fc1f359e98b88cf69cf2692f7a0f0b25d6fac45,ok,
0897,placeable_item,1682,Reddish-brown cave rock,reddish-brown-cave-rock,"This cave was originally black, but it appears to have turned reddish as it oxidized over time.",Blocks,[],[],,in-collection,,blocks_order,154,,,,,,,,[],[],https://pokopiadex.com/images/items/item_ui/reddish-brown-cave-rock.png,[],https://pokopiadex.com/items/reddish-brown-cave-rock,pokopiadex_items_in_collection,0897-reddish-brown-cave-rock.png,assets/pokopia_image_sources/item_portraits/0897-reddish-brown-cave-rock.png,https://pokopiadex.com/images/items/item_ui/reddish-brown-cave-rock.png,image/png,29754,a50e2728eaa4614a1d800b3f48d7562305ada2549e79c4e40c9770453cba75aa,ok,
0898,placeable_item,1683,Volcanic rock,volcanic-rock,A rock with lots of tiny stone shards packed inside. Looks like it was formed by a volcanic eruption.,Blocks,[],[],,in-collection,,blocks_order,155,,,,,,,,[],[],https://pokopiadex.com/images/items/item_ui/volcanic-rock.png,[],https://pokopiadex.com/items/volcanic-rock,pokopiadex_items_in_collection,0898-volcanic-rock.png,assets/pokopia_image_sources/item_portraits/0898-volcanic-rock.png,https://pokopiadex.com/images/items/item_ui/volcanic-rock.png,image/png,31430,1c1ed8d413d3603eb4221e589cf7b4b83914641842e4f2b0957f14f3a06ab236,ok,
0899,placeable_item,1684,Carved white rock,carved-white-rock,A rock with a curved shape carved into it. Fits snugly onto cave ceilings.,Blocks,[],[],,in-collection,,blocks_order,156,,,,,,,,[],[],https://pokopiadex.com/images/items/item_ui/carved-white-rock.png,[],https://pokopiadex.com/items/carved-white-rock,pokopiadex_items_in_collection,0899-carved-white-rock.png,assets/pokopia_image_sources/item_portraits/0899-carved-white-rock.png,https://pokopiadex.com/images/items/item_ui/carved-white-rock.png,image/png,22623,2ca7463bc7dad58f304a32db2e01b81b36eab44c31ff7112b4eb225b34b4ea27,ok,
0900,placeable_item,1685,Carved coarse rock,carved-coarse-rock,A rock with a curved shape carved into it. Fits snugly onto cave ceilings.,Blocks,[],[],,in-collection,,blocks_order,157,,,,,,,,[],[],https://pokopiadex.com/images/items/item_ui/carved-coarse-rock.png,[],https://pokopiadex.com/items/carved-coarse-rock,pokopiadex_items_in_collection,0900-carved-coarse-rock.png,assets/pokopia_image_sources/item_portraits/0900-carved-coarse-rock.png,https://pokopiadex.com/images/items/item_ui/carved-coarse-rock.png,image/png,24088,8890d1fcbfd543a9f4f45766dd0a4eda94300c4b38de6ea10f5b3c761168586c,ok,
0901,placeable_item,1686,Carved light-brown rock,carved-light-brown-rock,A rock with a curved shape carved into it. Fits snugly onto cave ceilings.,Blocks,[],[],,in-collection,,blocks_order,158,,,,,,,,[],[],https://pokopiadex.com/images/items/item_ui/carved-light-brown-rock.png,[],https://pokopiadex.com/items/carved-light-brown-rock,pokopiadex_items_in_collection,0901-carved-light-brown-rock.png,assets/pokopia_image_sources/item_portraits/0901-carved-light-brown-rock.png,https://pokopiadex.com/images/items/item_ui/carved-light-brown-rock.png,image/png,25412,adf6fa83be9507b016e8578110f1e965cdbb5d9407f4fa9ecf4b52005da6a268,ok,
0902,placeable_item,1687,Carved red rock,carved-red-rock,A rock with a curved shape carved into it. Fits snugly onto cave ceilings.,Blocks,[],[],,in-collection,,blocks_order,159,,,,,,,,[],[],https://pokopiadex.com/images/items/item_ui/carved-red-rock.png,[],https://pokopiadex.com/items/carved-red-rock,pokopiadex_items_in_collection,0902-carved-red-rock.png,assets/pokopia_image_sources/item_portraits/0902-carved-red-rock.png,https://pokopiadex.com/images/items/item_ui/carved-red-rock.png,image/png,25775,7c21b8bd9f50792d8a35ceb1535fb85e99c03f2ef0227afe99cd857fc29cbd19,ok,
0903,placeable_item,1688,Carved yellow rock,carved-yellow-rock,A rock with a curved shape carved into it. Fits snugly onto cave ceilings.,Blocks,[],[],,in-collection,,blocks_order,160,,,,,,,,[],[],https://pokopiadex.com/images/items/item_ui/carved-yellow-rock.png,[],https://pokopiadex.com/items/carved-yellow-rock,pokopiadex_items_in_collection,0903-carved-yellow-rock.png,assets/pokopia_image_sources/item_portraits/0903-carved-yellow-rock.png,https://pokopiadex.com/images/items/item_ui/carved-yellow-rock.png,image/png,27846,a7ecd9f73dae7a3c43987c27b45db08940c6db1ff8c752cad6584535838aa330,ok,
0904,placeable_item,2245,Copper deposit (Wasteland),copper-deposit-wasteland,A rock with bluish-green copper embedded in it. Break it open to obtain copper ore.,Blocks,[],[],,in-collection,,blocks_order,161,,,,,,,,[],[],https://pokopiadex.com/images/items/item_ui/copper-deposit-wasteland.png,[],https://pokopiadex.com/items/copper-deposit-wasteland,pokopiadex_items_in_collection,0904-copper-deposit-wasteland.png,assets/pokopia_image_sources/item_portraits/0904-copper-deposit-wasteland.png,https://pokopiadex.com/images/items/item_ui/copper-deposit-wasteland.png,image/png,43108,0e4c0100e4c65053d359b4379f2d4a63211eee7a465e0aa607fe31432e6dea0f,ok,
0905,placeable_item,2246,Copper deposit (Beach),copper-deposit-beach,A rock with bluish-green copper embedded in it. Break it open to obtain copper ore.,Blocks,[],[],,in-collection,,blocks_order,162,,,,,,,,[],[],https://pokopiadex.com/images/items/item_ui/copper-deposit-beach.png,[],https://pokopiadex.com/items/copper-deposit-beach,pokopiadex_items_in_collection,0905-copper-deposit-beach.png,assets/pokopia_image_sources/item_portraits/0905-copper-deposit-beach.png,https://pokopiadex.com/images/items/item_ui/copper-deposit-beach.png,image/png,43362,c070719f57ca8dfb7cfa7e3793fcd795214aacc9cc2d2dd55f84d2c08946abeb,ok,
0906,placeable_item,2247,Copper deposit (Ridge),copper-deposit-ridge,A rock with bluish-green copper embedded in it. Break it open to obtain copper ore.,Blocks,[],[],,in-collection,,blocks_order,163,,,,,,,,[],[],https://pokopiadex.com/images/items/item_ui/copper-deposit-ridge.png,[],https://pokopiadex.com/items/copper-deposit-ridge,pokopiadex_items_in_collection,0906-copper-deposit-ridge.png,assets/pokopia_image_sources/item_portraits/0906-copper-deposit-ridge.png,https://pokopiadex.com/images/items/item_ui/copper-deposit-ridge.png,image/png,42705,1181c81c018c18b286889a7ee73ba7c632ec6b5a9116fd2709176bd5912f0c2f,ok,
0907,placeable_item,2248,Copper deposit (Skyland),copper-deposit-skyland,A rock with bluish-green copper embedded in it. Break it open to obtain copper ore.,Blocks,[],[],,in-collection,,blocks_order,164,,,,,,,,[],[],https://pokopiadex.com/images/items/item_ui/copper-deposit-skyland.png,[],https://pokopiadex.com/items/copper-deposit-skyland,pokopiadex_items_in_collection,0907-copper-deposit-skyland.png,assets/pokopia_image_sources/item_portraits/0907-copper-deposit-skyland.png,https://pokopiadex.com/images/items/item_ui/copper-deposit-skyland.png,image/png,43965,5cdc791b92af3d0b641c8ad65228785d445adc827ddc0ad6f30858c703f49c74,ok,
0908,placeable_item,2249,Iron deposit,iron-deposit,A rock that looks like a chocolate cookie! Break it open to obtain iron ore.,Blocks,[],[],,in-collection,,blocks_order,165,,,,,,,,[],[2222],https://pokopiadex.com/images/items/item_ui/iron-deposit.png,[],https://pokopiadex.com/items/iron-deposit,pokopiadex_items_in_collection,0908-iron-deposit.png,assets/pokopia_image_sources/item_portraits/0908-iron-deposit.png,https://pokopiadex.com/images/items/item_ui/iron-deposit.png,image/png,36934,38745a8f8be626eb59a763d7d57ffe2bea17a2e6e34126a9b3db8d8276b1d682,ok,
0909,placeable_item,2250,Gold deposit,gold-deposit,A stone that shines with golden glints. Can be crushed and processed into gold.,Blocks,[],[],,in-collection,,blocks_order,166,,,,,,,,[],[],https://pokopiadex.com/images/items/item_ui/gold-deposit.png,[],https://pokopiadex.com/items/gold-deposit,pokopiadex_items_in_collection,0909-gold-deposit.png,assets/pokopia_image_sources/item_portraits/0909-gold-deposit.png,https://pokopiadex.com/images/items/item_ui/gold-deposit.png,image/png,40936,8bb3d3874b3ce5e4cc4072825223a95ada1434c87ee3d2ee0c4605979efdd4a8,ok,
0910,placeable_item,2251,Pokémetal deposit,pokemetal-deposit,A glittering rock with Pokémetal embedded in it. Break it open to obtain Pokémetal fragments.,Blocks,[],[],,in-collection,,blocks_order,167,,,,,,,,[],[],https://pokopiadex.com/images/items/item_ui/pokemetal-deposit.png,[],https://pokopiadex.com/items/pokemetal-deposit,pokopiadex_items_in_collection,0910-pokemetal-deposit.png,assets/pokopia_image_sources/item_portraits/0910-pokemetal-deposit.png,https://pokopiadex.com/images/items/item_ui/pokemetal-deposit.png,image/png,40448,98d8058c170361d421f0eeb754e020c439c81c68d2dc8587686c3c2cfef51fd1,ok,
0911,placeable_item,360,Mossy soil,mossy-soil,Moss loves growing in damp places. Venture deep into caces to find tons on it.,Blocks,[],"[""Caves""]",,in-collection,,blocks_order,168,,,,,,,,[],[],https://pokopiadex.com/images/items/item_ui/mossy-soil.png,[],https://pokopiadex.com/items/mossy-soil,pokopiadex_items_in_collection,0911-mossy-soil.png,assets/pokopia_image_sources/item_portraits/0911-mossy-soil.png,https://pokopiadex.com/images/items/item_ui/mossy-soil.png,image/png,85413,a12116e136a35d68c9f1a91d499ee1e28bcab72d9f8319c7a1d9a90d9ae212ca,ok,
0912,placeable_item,1100,Gravel,gravel,"Loose paving material made up of rocks of all sizes, big and small.",Blocks,[],[],,in-collection,,blocks_order,169,,,,,,,,[],[],https://pokopiadex.com/images/items/item_ui/gravel.png,[],https://pokopiadex.com/items/gravel,pokopiadex_items_in_collection,0912-gravel.png,assets/pokopia_image_sources/item_portraits/0912-gravel.png,https://pokopiadex.com/images/items/item_ui/gravel.png,image/png,115600,2cbf37afb02ac491b0fcb37878119a87efcbbbff1aab3dc236567d0a285e7e58,ok,
0913,placeable_item,741,Limestone,limestone,This white stone is abundant in limestone caverns and can be processed into many things.,Blocks,[],[],,in-collection,,blocks_order,170,,,,,,,,[],[],https://pokopiadex.com/images/items/item_ui/limestone.png,[],https://pokopiadex.com/items/limestone,pokopiadex_items_in_collection,0913-limestone.png,assets/pokopia_image_sources/item_portraits/0913-limestone.png,https://pokopiadex.com/images/items/item_ui/limestone.png,image/png,101332,9c5bc4d33b57e89f64125541ef057a949c8c09913f7d874b927d1809ab3f2d89,ok,
0914,placeable_item,1004,Glowing stone,glowing-stone,A mysterious stone that emits rainbow light. Put it somewhere dark to create a mystical atmosphere.,Blocks,[],[],,in-collection,,blocks_order,171,,,,,,,,[],[],https://pokopiadex.com/images/items/dream_ui/glowing-stone.png,[],https://pokopiadex.com/items/glowing-stone,pokopiadex_items_in_collection,0914-glowing-stone.png,assets/pokopia_image_sources/item_portraits/0914-glowing-stone.png,https://pokopiadex.com/images/items/dream_ui/glowing-stone.png,image/png,189764,d1a981a9484a2e70c0976a26b22a513347b18c1ae853cc7f97f2f1c434da6ca0,ok,
0915,placeable_item,1696,Mysterious stone,mysterious-stone,"A beautiful, transparent stone. It seems to possess a strange power, doesn't it?",Blocks,[],[],,in-collection,,blocks_order,172,,,,,,,,[],[],https://pokopiadex.com/images/items/item_ui/mysterious-stone.png,[],https://pokopiadex.com/items/mysterious-stone,pokopiadex_items_in_collection,0915-mysterious-stone.png,assets/pokopia_image_sources/item_portraits/0915-mysterious-stone.png,https://pokopiadex.com/images/items/item_ui/mysterious-stone.png,image/png,35330,06febcc4b243579c024c1c5d782c9e39a4a467f0585d4e13a00dd4ca282388fd,ok,
0916,placeable_item,1101,Ice,ice,"Pristine, beautiful ice that is cold to the touch.",Blocks,[],[],,in-collection,,blocks_order,173,,,,,,,,[],[],https://pokopiadex.com/images/items/item_ui/ice.png,[],https://pokopiadex.com/items/ice,pokopiadex_items_in_collection,0916-ice.png,assets/pokopia_image_sources/item_portraits/0916-ice.png,https://pokopiadex.com/images/items/item_ui/ice.png,image/png,101665,e7ca287e0ae2c461a84c295ce3b9063950a48512b3d1dbede494b44472cc244a,ok,
0917,placeable_item,1697,Cracked sandstone,cracked-sandstone,This sandstone looks ready to fall apart. Perhaps a well-placed Rock Smash might finish the job.,Blocks,[],[],,in-collection,,blocks_order,174,,,,,,,,[],[],https://pokopiadex.com/images/items/item_ui/cracked-sandstone.png,[],https://pokopiadex.com/items/cracked-sandstone,pokopiadex_items_in_collection,0917-cracked-sandstone.png,assets/pokopia_image_sources/item_portraits/0917-cracked-sandstone.png,https://pokopiadex.com/images/items/item_ui/cracked-sandstone.png,image/png,36955,d48df9895dd86829952c046af4437c665e7876dbae949deca0694c29688c1173,ok,
0918,placeable_item,2045,Bouldery Badge,bouldery-badge,Proof that one has overcome a difficult trial. It sparkles with gray light.,Key Items,[],[],,in-collection,,key_items_order,1,,,,,,,,[],[],https://pokopiadex.com/images/items/item_ui/bouldery-badge.png,[],https://pokopiadex.com/items/bouldery-badge,pokopiadex_items_in_collection,0918-bouldery-badge.png,assets/pokopia_image_sources/item_portraits/0918-bouldery-badge.png,https://pokopiadex.com/images/items/item_ui/bouldery-badge.png,image/png,16122,a10f42217f0e7624e77cdd3ecdfecaf28abb33178f398092495e1d38a2a31c63,ok,
0919,placeable_item,2046,Cascade-like Badge,cascade-like-badge,Proof that one has overcome a difficult trial. It sparkles with blue light.,Key Items,[],[],,in-collection,,key_items_order,2,,,,,,,,[],[],https://pokopiadex.com/images/items/item_ui/cascade-like-badge.png,[],https://pokopiadex.com/items/cascade-like-badge,pokopiadex_items_in_collection,0919-cascade-like-badge.png,assets/pokopia_image_sources/item_portraits/0919-cascade-like-badge.png,https://pokopiadex.com/images/items/item_ui/cascade-like-badge.png,image/png,11884,c970a04e44462453592de77a5995e815eea2984f2b16ce219131f6493e41868b,ok,
0920,placeable_item,2047,Thunderish Badge,thunderish-badge,Proof that one has overcome a difficult trial. It sparkles with orange light.,Key Items,[],[],,in-collection,,key_items_order,3,,,,,,,,[],[],https://pokopiadex.com/images/items/item_ui/thunderish-badge.png,[],https://pokopiadex.com/items/thunderish-badge,pokopiadex_items_in_collection,0920-thunderish-badge.png,assets/pokopia_image_sources/item_portraits/0920-thunderish-badge.png,https://pokopiadex.com/images/items/item_ui/thunderish-badge.png,image/png,26514,5e31634f14a241e7afd98186418af3cd0f6502e77cc9093533ebfa60b46212cb,ok,
0921,placeable_item,2048,Rainbowish Badge,rainbowish-badge,Proof that one has overcome a difficult trial. It sparkles with rainbow light.,Key Items,[],[],,in-collection,,key_items_order,4,,,,,,,,[],[],https://pokopiadex.com/images/items/item_ui/rainbowish-badge.png,[],https://pokopiadex.com/items/rainbowish-badge,pokopiadex_items_in_collection,0921-rainbowish-badge.png,assets/pokopia_image_sources/item_portraits/0921-rainbowish-badge.png,https://pokopiadex.com/images/items/item_ui/rainbowish-badge.png,image/png,23165,56709c55eff84b2df229f81a8f155361ad3ea69e030f5af42b445a4c7258b91c,ok,
0922,placeable_item,2049,Soul-like Badge,soul-like-badge,Proof that one has overcome a difficult trial. It sparkles with pink light.,Key Items,[],[],,in-collection,,key_items_order,5,,,,,,,,[],[],https://pokopiadex.com/images/items/item_ui/soul-like-badge.png,[],https://pokopiadex.com/items/soul-like-badge,pokopiadex_items_in_collection,0922-soul-like-badge.png,assets/pokopia_image_sources/item_portraits/0922-soul-like-badge.png,https://pokopiadex.com/images/items/item_ui/soul-like-badge.png,image/png,13940,12981a546ac9af54e96661195ea084301325e62d11a53b5b43f8528359621f30,ok,
0923,placeable_item,2050,Marshy Badge,marshy-badge,Proof that one has overcome a difficult trial. It sparkles with golden light.,Key Items,[],[],,in-collection,,key_items_order,6,,,,,,,,[],[],https://pokopiadex.com/images/items/item_ui/marshy-badge.png,[],https://pokopiadex.com/items/marshy-badge,pokopiadex_items_in_collection,0923-marshy-badge.png,assets/pokopia_image_sources/item_portraits/0923-marshy-badge.png,https://pokopiadex.com/images/items/item_ui/marshy-badge.png,image/png,18809,ce735764c4e80d3828d89b555de4c40d81600f5f617b971d9f56451f2156c5f6,ok,
0924,placeable_item,2051,Volcanoey Badge,volcanoey-badge,Proof that one has overcome a difficult trial. It sparkles with red light.,Key Items,[],[],,in-collection,,key_items_order,7,,,,,,,,[],[],https://pokopiadex.com/images/items/item_ui/volcanoey-badge.png,[],https://pokopiadex.com/items/volcanoey-badge,pokopiadex_items_in_collection,0924-volcanoey-badge.png,assets/pokopia_image_sources/item_portraits/0924-volcanoey-badge.png,https://pokopiadex.com/images/items/item_ui/volcanoey-badge.png,image/png,16354,22fcb2efef8e5fed113a203e35ee9d73ecfa56af82f28b82409cf1ef0372cb75,ok,
0925,placeable_item,2052,Earth Badge,earth-badge,Proof that one has overcome a difficult trial. It sparkles with green light.,Key Items,[],[],,in-collection,,key_items_order,8,,,,,,,,[],[],https://pokopiadex.com/images/items/item_ui/earth-badge.png,[],https://pokopiadex.com/items/earth-badge,pokopiadex_items_in_collection,0925-earth-badge.png,assets/pokopia_image_sources/item_portraits/0925-earth-badge.png,https://pokopiadex.com/images/items/item_ui/earth-badge.png,image/png,11715,8fb1d05581e9004e95c314b791b5535b5cb3163de26154e03050c49bce5234d2,ok,
0926,placeable_item,310,Mysterious goggles,mysterious-goggles,Goggles with mysterious power. Wearing these allows you to peek into someone's Cloud Island.,Key Items,[],[],,in-collection,,key_items_order,9,,,,100,,,,[],[],https://pokopiadex.com/images/items/shop_ui/mysterious-goggles.png,[],https://pokopiadex.com/items/mysterious-goggles,pokopiadex_items_in_collection,0926-mysterious-goggles.png,assets/pokopia_image_sources/item_portraits/0926-mysterious-goggles.png,https://pokopiadex.com/images/items/shop_ui/mysterious-goggles.png,image/png,182180,11b9d87c5277b81805fcc36e1527c1d6f5d2b243dd1d6a7931f61285c9b4b81a,ok,
0927,placeable_item,211,Dowsing Machine,dowsing-machine,Partner up with a Pokémon skilled at searching and use this to find hidden treasures!,Other,[],"[""Golden Pokeball found at top of hill near Hitmonchan in tutorial area""]",,in-collection,,other_order,1,10,,,,,,,[],[],https://pokopiadex.com/images/items/item_ui/dowsing-machine.png,[],https://pokopiadex.com/items/dowsing-machine,pokopiadex_items_in_collection,0927-dowsing-machine.png,assets/pokopia_image_sources/item_portraits/0927-dowsing-machine.png,https://pokopiadex.com/images/items/item_ui/dowsing-machine.png,image/png,32596,aeb2ed97680aed11776f44e6daebf698c946f22327b9a81873d961f22a7ac884,ok,
0928,placeable_item,2053,Neo Dowsing Machine,neo-dowsing-machine,The upgraded Dowsing Machine! It can now find a special location.,Other,[],[],,in-collection,,other_order,2,,,,,,,,[],[],https://pokopiadex.com/images/items/item_ui/neo-dowsing-machine.png,[],https://pokopiadex.com/items/neo-dowsing-machine,pokopiadex_items_in_collection,0928-neo-dowsing-machine.png,assets/pokopia_image_sources/item_portraits/0928-neo-dowsing-machine.png,https://pokopiadex.com/images/items/item_ui/neo-dowsing-machine.png,image/png,31228,264f6e716d96a21715c6fad19cf8f048876e4fc973a74326edcf85b99286619a,ok,
0929,placeable_item,970,Party popper,party-popper,Celebrate with a loud pop and some confetti! But be careful you can only use each one once!,Other,[],"[""Reach Environmental Level 5 in Withered Wasteland""]",,in-collection,,other_order,3,,,,,,,,[],[],https://pokopiadex.com/images/items/crafting_ui/party-popper.png,[],https://pokopiadex.com/items/party-popper,pokopiadex_items_in_collection,0929-party-popper.png,assets/pokopia_image_sources/item_portraits/0929-party-popper.png,https://pokopiadex.com/images/items/crafting_ui/party-popper.png,image/png,84435,66d51afe006f5aa2ed2ba4a4f535dc2d10add2880bb6564826a30bf9a439a9d8,ok,
0930,placeable_item,582,Star Piece,star-piece,"Apparently, if you give this to a Pokémon visiting from far away, they'll give you a gift in return.",Other,[],[],,in-collection,,other_order,4,,,,,,,,[],[2231],https://pokopiadex.com/images/items/crafting_ui/star-piece.png,[],https://pokopiadex.com/items/star-piece,pokopiadex_items_in_collection,0930-star-piece.png,assets/pokopia_image_sources/item_portraits/0930-star-piece.png,https://pokopiadex.com/images/items/crafting_ui/star-piece.png,image/png,84745,e9d8b323cc26fb85ac7e26eb2fdaa825643ed6bcb39f1838868ab638c269d20f,ok,
0931,placeable_item,1155,Paint balloon (white),paint-balloon-white,A colorful balloon filled with paint. You can use it to paint items or buildings!,Other,[],[],,in-collection,,other_order,5,,,,,,,,[],"[2200,2229]",https://pokopiadex.com/images/items/crafting_ui/paint-balloon-white.png,[],https://pokopiadex.com/items/paint-balloon-white,pokopiadex_items_in_collection,0931-paint-balloon-white.png,assets/pokopia_image_sources/item_portraits/0931-paint-balloon-white.png,https://pokopiadex.com/images/items/crafting_ui/paint-balloon-white.png,image/png,96516,fd9009e8f0ba8aa438db592801e246623a31b934b6fa79b97556d32b95c98f63,ok,
0932,placeable_item,1153,Paint balloon (red),paint-balloon-red,A colorful balloon filled with paint. You can use it to paint items or buildings!,Other,[],[],,in-collection,,other_order,6,,,,,,,,[],"[2200,2229]",https://pokopiadex.com/images/items/crafting_ui/paint-balloon-red.png,[],https://pokopiadex.com/items/paint-balloon-red,pokopiadex_items_in_collection,0932-paint-balloon-red.png,assets/pokopia_image_sources/item_portraits/0932-paint-balloon-red.png,https://pokopiadex.com/images/items/crafting_ui/paint-balloon-red.png,image/png,101189,33b6539c983b932030ca5d1a3d9d9fd4458447c2fa7f5fb933d6114229097dd1,ok,
0933,placeable_item,1156,Paint balloon (yellow),paint-balloon-yellow,A colorful balloon filled with paint. You can use it to paint items or buildings!,Other,[],[],,in-collection,,other_order,7,,,,,,,,[],"[2200,2229]",https://pokopiadex.com/images/items/crafting_ui/paint-balloon-yellow.png,[],https://pokopiadex.com/items/paint-balloon-yellow,pokopiadex_items_in_collection,0933-paint-balloon-yellow.png,assets/pokopia_image_sources/item_portraits/0933-paint-balloon-yellow.png,https://pokopiadex.com/images/items/crafting_ui/paint-balloon-yellow.png,image/png,103462,31bc80b096dd80a9337fe5238975ce87555a0d4c89a195abe4cc9452d351386b,ok,
0934,placeable_item,1146,Paint balloon (green),paint-balloon-green,A colorful balloon filled with paint. You can use it to paint items or buildings!,Other,[],[],,in-collection,,other_order,8,,,,,,,,[],"[2200,2229]",https://pokopiadex.com/images/items/crafting_ui/paint-balloon-green.png,[],https://pokopiadex.com/items/paint-balloon-green,pokopiadex_items_in_collection,0934-paint-balloon-green.png,assets/pokopia_image_sources/item_portraits/0934-paint-balloon-green.png,https://pokopiadex.com/images/items/crafting_ui/paint-balloon-green.png,image/png,98061,2e75388d55d01d78b5008b7835722f79a21be6cc8da0f34d7d20331b25ef1848,ok,
0935,placeable_item,1154,Paint balloon (rose),paint-balloon-rose,A colorful balloon filled with paint. You can use it to paint items or buildings!,Other,[],[],,in-collection,,other_order,9,,,,,,,,[],"[2200,2229]",https://pokopiadex.com/images/items/crafting_ui/paint-balloon-rose.png,[],https://pokopiadex.com/items/paint-balloon-rose,pokopiadex_items_in_collection,0935-paint-balloon-rose.png,assets/pokopia_image_sources/item_portraits/0935-paint-balloon-rose.png,https://pokopiadex.com/images/items/crafting_ui/paint-balloon-rose.png,image/png,97224,da0af89342587ce09aaba918cf503942c59d4d577a05d40fe4ce95b9012ac6f3,ok,
0936,placeable_item,1150,Paint balloon (pink),paint-balloon-pink,A colorful balloon filled with paint. You can use it to paint items or buildings!,Other,[],[],,in-collection,,other_order,10,,,,,,,,[],"[2200,2229]",https://pokopiadex.com/images/items/crafting_ui/paint-balloon-pink.png,[],https://pokopiadex.com/items/paint-balloon-pink,pokopiadex_items_in_collection,0936-paint-balloon-pink.png,assets/pokopia_image_sources/item_portraits/0936-paint-balloon-pink.png,https://pokopiadex.com/images/items/crafting_ui/paint-balloon-pink.png,image/png,98351,d0d6e721331450218a88b52c21dbab47820ab27da2a404b3fd3510013a40f7d0,ok,
0937,placeable_item,1149,Paint balloon (orange),paint-balloon-orange,A colorful balloon filled with paint. You can use it to paint items or buildings!,Other,[],[],,in-collection,,other_order,11,,,,,,,,[],"[2200,2229]",https://pokopiadex.com/images/items/crafting_ui/paint-balloon-orange.png,[],https://pokopiadex.com/items/paint-balloon-orange,pokopiadex_items_in_collection,0937-paint-balloon-orange.png,assets/pokopia_image_sources/item_portraits/0937-paint-balloon-orange.png,https://pokopiadex.com/images/items/crafting_ui/paint-balloon-orange.png,image/png,102483,4efa104da94fccd4e95ae4c79bad3cc451903bb98ef055d82e2e2c51eb82feb3,ok,
0938,placeable_item,1152,Paint balloon (purple),paint-balloon-purple,A colorful balloon filled with paint. You can use it to paint items or buildings!,Other,[],[],,in-collection,,other_order,12,,,,,,,,[],"[2200,2229]",https://pokopiadex.com/images/items/crafting_ui/paint-balloon-purple.png,[],https://pokopiadex.com/items/paint-balloon-purple,pokopiadex_items_in_collection,0938-paint-balloon-purple.png,assets/pokopia_image_sources/item_portraits/0938-paint-balloon-purple.png,https://pokopiadex.com/images/items/crafting_ui/paint-balloon-purple.png,image/png,96897,646956287a0e831c76ff905ee65d1f2d78b764c672ff492a82fde6765143b024,ok,
0939,placeable_item,1143,Paint balloon (brown),paint-balloon-brown,A colorful balloon filled with paint. You can use it to paint items or buildings!,Other,[],[],,in-collection,,other_order,13,,,,,,,,[],"[2200,2229]",https://pokopiadex.com/images/items/crafting_ui/paint-balloon-brown.png,[],https://pokopiadex.com/items/paint-balloon-brown,pokopiadex_items_in_collection,0939-paint-balloon-brown.png,assets/pokopia_image_sources/item_portraits/0939-paint-balloon-brown.png,https://pokopiadex.com/images/items/crafting_ui/paint-balloon-brown.png,image/png,96392,2a5d5e73f7e28a94f8a7392ee35c4c51f8721aafde4ce8c310aa1e744a0498a6,ok,
0940,placeable_item,1140,Paint balloon (beige),paint-balloon-beige,A colorful balloon filled with paint. You can use it to paint items or buildings!,Other,[],[],,in-collection,,other_order,14,,,,,,,,[],"[2200,2229]",https://pokopiadex.com/images/items/crafting_ui/paint-balloon-beige.png,[],https://pokopiadex.com/items/paint-balloon-beige,pokopiadex_items_in_collection,0940-paint-balloon-beige.png,assets/pokopia_image_sources/item_portraits/0940-paint-balloon-beige.png,https://pokopiadex.com/images/items/crafting_ui/paint-balloon-beige.png,image/png,92787,785543fbf707c8fcc3f481762497c091615fccef46cfa6eb467e49e2df2f90b3,ok,
0941,placeable_item,1141,Paint balloon (black),paint-balloon-black,A colorful balloon filled with paint. You can use it to paint items or buildings!,Other,[],[],,in-collection,,other_order,15,,,,,,,,[],"[2200,2229]",https://pokopiadex.com/images/items/crafting_ui/paint-balloon-black.png,[],https://pokopiadex.com/items/paint-balloon-black,pokopiadex_items_in_collection,0941-paint-balloon-black.png,assets/pokopia_image_sources/item_portraits/0941-paint-balloon-black.png,https://pokopiadex.com/images/items/crafting_ui/paint-balloon-black.png,image/png,93326,365ba6c7c0d8ea4b7a8d46bfd35d8ba116da77b8caf1e19c80db3319cb5dce8a,ok,
0942,placeable_item,1147,Paint balloon (lime),paint-balloon-lime,A colorful balloon filled with paint. You can use it to paint items or buildings!,Other,[],[],,in-collection,,other_order,16,,,,,,,,[],"[2200,2229]",https://pokopiadex.com/images/items/crafting_ui/paint-balloon-lime.png,[],https://pokopiadex.com/items/paint-balloon-lime,pokopiadex_items_in_collection,0942-paint-balloon-lime.png,assets/pokopia_image_sources/item_portraits/0942-paint-balloon-lime.png,https://pokopiadex.com/images/items/crafting_ui/paint-balloon-lime.png,image/png,99345,3bc446a16bf7772aeed0fecae9583509fafc3e13f0d66576fa6f1f43bfe7676c,ok,
0943,placeable_item,1151,Paint balloon (plum),paint-balloon-plum,A colorful balloon filled with paint. You can use it to paint items or buildings!,Other,[],[],,in-collection,,other_order,17,,,,,,,,[],"[2200,2229]",https://pokopiadex.com/images/items/crafting_ui/paint-balloon-plum.png,[],https://pokopiadex.com/items/paint-balloon-plum,pokopiadex_items_in_collection,0943-paint-balloon-plum.png,assets/pokopia_image_sources/item_portraits/0943-paint-balloon-plum.png,https://pokopiadex.com/images/items/crafting_ui/paint-balloon-plum.png,image/png,95344,05fedcc0774493369e2628a749eac2bea8aa9155a54025edf2f477128275edef,ok,
0944,placeable_item,1148,Paint balloon (navy),paint-balloon-navy,A colorful balloon filled with paint. You can use it to paint items or buildings!,Other,[],[],,in-collection,,other_order,18,,,,,,,,[],"[2200,2229]",https://pokopiadex.com/images/items/crafting_ui/paint-balloon-navy.png,[],https://pokopiadex.com/items/paint-balloon-navy,pokopiadex_items_in_collection,0944-paint-balloon-navy.png,assets/pokopia_image_sources/item_portraits/0944-paint-balloon-navy.png,https://pokopiadex.com/images/items/crafting_ui/paint-balloon-navy.png,image/png,95029,746afc13087149bb541199fdea83d99fb531e5e6d0efdc9d6e08bf3ccf15aa91,ok,
0945,placeable_item,1142,Paint balloon (blue),paint-balloon-blue,A colorful balloon filled with paint. You can use it to paint items or buildings!,Other,[],[],,in-collection,,other_order,19,,,,,,,,[],"[2200,2229]",https://pokopiadex.com/images/items/crafting_ui/paint-balloon-blue.png,[],https://pokopiadex.com/items/paint-balloon-blue,pokopiadex_items_in_collection,0945-paint-balloon-blue.png,assets/pokopia_image_sources/item_portraits/0945-paint-balloon-blue.png,https://pokopiadex.com/images/items/crafting_ui/paint-balloon-blue.png,image/png,96540,60a6b6ea291a08e5e77ee7e45c963295fc1c528a1fa6acbb9012923596e1e33d,ok,
0946,placeable_item,1144,Paint balloon (cyan),paint-balloon-cyan,A colorful balloon filled with paint. You can use it to paint items or buildings!,Other,[],[],,in-collection,,other_order,20,,,,,,,,[],"[2200,2229]",https://pokopiadex.com/images/items/crafting_ui/paint-balloon-cyan.png,[],https://pokopiadex.com/items/paint-balloon-cyan,pokopiadex_items_in_collection,0946-paint-balloon-cyan.png,assets/pokopia_image_sources/item_portraits/0946-paint-balloon-cyan.png,https://pokopiadex.com/images/items/crafting_ui/paint-balloon-cyan.png,image/png,99399,474ac9af14fc23419ea0f3204b96ae157d6e8ea693fe9016e77f491f8366c5a1,ok,
0947,placeable_item,1145,Paint balloon (gray),paint-balloon-gray,A colorful balloon filled with paint. You can use it to paint items or buildings!,Other,[],[],,in-collection,,other_order,21,,,,,,,,[],"[2200,2229]",https://pokopiadex.com/images/items/crafting_ui/paint-balloon-gray.png,[],https://pokopiadex.com/items/paint-balloon-gray,pokopiadex_items_in_collection,0947-paint-balloon-gray.png,assets/pokopia_image_sources/item_portraits/0947-paint-balloon-gray.png,https://pokopiadex.com/images/items/crafting_ui/paint-balloon-gray.png,image/png,93736,90aa6a69da8d7d72ce614e92a304ffb2a4671ba4940040ac75bce9d623016dc3,ok,
0948,placeable_item,1139,Paint balloon (aquamarine),paint-balloon-aquamarine,A colorful balloon filled with paint. You can use it to paint items or buildings!,Other,[],[],,in-collection,,other_order,22,,,,,,,,[],"[2200,2229]",https://pokopiadex.com/images/items/crafting_ui/paint-balloon-aquamarine.png,[],https://pokopiadex.com/items/paint-balloon-aquamarine,pokopiadex_items_in_collection,0948-paint-balloon-aquamarine.png,assets/pokopia_image_sources/item_portraits/0948-paint-balloon-aquamarine.png,https://pokopiadex.com/images/items/crafting_ui/paint-balloon-aquamarine.png,image/png,101969,98b15ac2240cd9f041183fcf4851df1642b90930b3b0127b0be9519dacf410df,ok,
0949,placeable_item,1008,Firework (white),firework-white,"Load this into a cannon, light the fuse, and watch it go flying with a huge BOOM!",Other,[],[],,in-collection,,other_order,23,,,,,,,,[],[2229],https://pokopiadex.com/images/items/crafting_ui/firework-white.png,[],https://pokopiadex.com/items/firework-white,pokopiadex_items_in_collection,0949-firework-white.png,assets/pokopia_image_sources/item_portraits/0949-firework-white.png,https://pokopiadex.com/images/items/crafting_ui/firework-white.png,image/png,95605,8c9c496206d469a3f6b3e916370b32381c716f0a6bd1ff049ba22442f5504b38,ok,
0950,placeable_item,1007,Firework (red),firework-red,"Load this into a cannon, light the fuse, and watch it go flying with a huge BOOM!",Other,[],[],,in-collection,,other_order,24,,,,,,,,[],[2229],https://pokopiadex.com/images/items/crafting_ui/firework-red.png,[],https://pokopiadex.com/items/firework-red,pokopiadex_items_in_collection,0950-firework-red.png,assets/pokopia_image_sources/item_portraits/0950-firework-red.png,https://pokopiadex.com/images/items/crafting_ui/firework-red.png,image/png,103010,936a728ebcafd677322b5776e052bca0fef63049bfb205cbc3f96514a23f7102,ok,
0951,placeable_item,1006,Firework (green),firework-green,"Load this into a cannon, light the fuse, and watch it go flying with a huge BOOM!",Other,[],[],,in-collection,,other_order,25,,,,,,,,[],[2229],https://pokopiadex.com/images/items/crafting_ui/firework-green.png,[],https://pokopiadex.com/items/firework-green,pokopiadex_items_in_collection,0951-firework-green.png,assets/pokopia_image_sources/item_portraits/0951-firework-green.png,https://pokopiadex.com/images/items/crafting_ui/firework-green.png,image/png,102381,d9554ec241cc4ac72faea2289659dd03ec42a48c92d68bc5c37db67fd871a5b8,ok,
0952,placeable_item,1009,Firework (yellow),firework-yellow,"Load this into a cannon, light the fuse, and watch it go flying with a huge BOOM!",Other,[],[],,in-collection,,other_order,26,,,,,,,,[],[2229],https://pokopiadex.com/images/items/crafting_ui/firework-yellow.png,[],https://pokopiadex.com/items/firework-yellow,pokopiadex_items_in_collection,0952-firework-yellow.png,assets/pokopia_image_sources/item_portraits/0952-firework-yellow.png,https://pokopiadex.com/images/items/crafting_ui/firework-yellow.png,image/png,98488,4bae6eb24a9d321bf6d06c24f9cd63f8d257948a7a2777d50387ac380ce7e3ce,ok,
0953,placeable_item,995,Firework (blue),firework-blue,"Load this into a cannon, light the fuse, and watch it go flying with a huge BOOM!",Other,[],[],,in-collection,,other_order,27,,,,,,,,[],[2229],https://pokopiadex.com/images/items/crafting_ui/firework-blue.png,[],https://pokopiadex.com/items/firework-blue,pokopiadex_items_in_collection,0953-firework-blue.png,assets/pokopia_image_sources/item_portraits/0953-firework-blue.png,https://pokopiadex.com/images/items/crafting_ui/firework-blue.png,image/png,99808,832d38f536ab47f691b4fddb362719cd9c71a14fe2e6c2c7d1c7ab1b8f98ee82,ok,
0954,placeable_item,2054,Stone tiling (interior),stone-tiling-interior,"Wallpaper that can be used in larger houses. You can appliy it to walls, floors and even ceilings",Other,[],[],,in-collection,,other_order,28,,,,,,,,[],"[2213,2238]",https://pokopiadex.com/images/items/item_ui/stone-tiling-interior.png,[],https://pokopiadex.com/items/stone-tiling-interior,pokopiadex_items_in_collection,0954-stone-tiling-interior.png,assets/pokopia_image_sources/item_portraits/0954-stone-tiling-interior.png,https://pokopiadex.com/images/items/item_ui/stone-tiling-interior.png,image/png,27275,b2fc73e7151c04fbc89220e45c1b12c1f47be9bb328aa8d8773f5f4b4d126971,ok,
0955,placeable_item,2055,Wooden wall (interior),wooden-wall-interior,"Wallpaper that can be used in larger houses. You can appliy it to walls, floors and even ceilings",Other,[],[],,in-collection,,other_order,29,,,,,,,,[],[],https://pokopiadex.com/images/items/item_ui/wooden-wall-interior.png,[],https://pokopiadex.com/items/wooden-wall-interior,pokopiadex_items_in_collection,0955-wooden-wall-interior.png,assets/pokopia_image_sources/item_portraits/0955-wooden-wall-interior.png,https://pokopiadex.com/images/items/item_ui/wooden-wall-interior.png,image/png,34005,0f17990a41176aef62828d0b42334092bd1fde6c5828d4881979d90804255196,ok,
0956,placeable_item,2056,Stylish stone flooring (interior),stylish-stone-flooring-interior,"Wallpaper that can be used in larger houses. You can appliy it to walls, floors and even ceilings",Other,[],[],,in-collection,,other_order,30,,,,,,,,[],[],https://pokopiadex.com/images/items/item_ui/stylish-stone-flooring-interior.png,[],https://pokopiadex.com/items/stylish-stone-flooring-interior,pokopiadex_items_in_collection,0956-stylish-stone-flooring-interior.png,assets/pokopia_image_sources/item_portraits/0956-stylish-stone-flooring-interior.png,https://pokopiadex.com/images/items/item_ui/stylish-stone-flooring-interior.png,image/png,37200,915eaa6868bf68131240a54460427ebd9e2b89fd9285ebe52d26ea51109e32c6,ok,
0957,placeable_item,896,Wooden flooring (interior),wooden-flooring-interior,"Wallpaper that can be used in larger houses. You can apply it to walls, floors, and even ceilings.",Other,[],[],,in-collection,,other_order,31,,,,100,,,,[],[],https://pokopiadex.com/images/items/item_ui/wooden-flooring-interior.png,[],https://pokopiadex.com/items/wooden-flooring-interior,pokopiadex_items_in_collection,0957-wooden-flooring-interior.png,assets/pokopia_image_sources/item_portraits/0957-wooden-flooring-interior.png,https://pokopiadex.com/images/items/item_ui/wooden-flooring-interior.png,image/png,40400,36f0b0501c6b7787615e5d13cb9581139e20fa98af78698b2fe91276b70f861a,ok,
0958,placeable_item,2058,Fluffy flooring (interior),fluffy-flooring-interior,"Wallpaper that can be used in larger houses. You can appliy it to walls, floors and even ceilings",Other,[],[],,in-collection,,other_order,32,,,,,,,,[],[],https://pokopiadex.com/images/items/item_ui/fluffy-flooring-interior.png,[],https://pokopiadex.com/items/fluffy-flooring-interior,pokopiadex_items_in_collection,0958-fluffy-flooring-interior.png,assets/pokopia_image_sources/item_portraits/0958-fluffy-flooring-interior.png,https://pokopiadex.com/images/items/item_ui/fluffy-flooring-interior.png,image/png,36124,e47c5cdef1c9096dd4fc4a2db84e0ae73418a0d16d69d0cf448bbee5d52f821f,ok,
0959,placeable_item,2059,Arched tiling (interior),arched-tiling-interior,"Wallpaper that can be used in larger houses. You can appliy it to walls, floors and even ceilings",Other,[],[],,in-collection,,other_order,33,,,,,,,,[],[],https://pokopiadex.com/images/items/item_ui/arched-tiling-interior.png,[],https://pokopiadex.com/items/arched-tiling-interior,pokopiadex_items_in_collection,0959-arched-tiling-interior.png,assets/pokopia_image_sources/item_portraits/0959-arched-tiling-interior.png,https://pokopiadex.com/images/items/item_ui/arched-tiling-interior.png,image/png,41728,420ab52af86087e14307473d26fde505b2e028d45b5d2f070432f6026cef931d,ok,
0960,placeable_item,2060,Mosaic tiling (interior),mosaic-tiling-interior,"Wallpaper that can be used in larger houses. You can appliy it to walls, floors and even ceilings",Other,[],[],,in-collection,,other_order,34,,,,,,,,[],[],https://pokopiadex.com/images/items/item_ui/mosaic-tiling-interior.png,[],https://pokopiadex.com/items/mosaic-tiling-interior,pokopiadex_items_in_collection,0960-mosaic-tiling-interior.png,assets/pokopia_image_sources/item_portraits/0960-mosaic-tiling-interior.png,https://pokopiadex.com/images/items/item_ui/mosaic-tiling-interior.png,image/png,38029,b7097bcff53a33fad8caeb185c91b48de7c25378270641c3972a405d94bdc2eb,ok,
0961,placeable_item,2061,Starry-sky wall (interior),starry-sky-wall-interior,"Wallpaper that can be used in larger houses. You can appliy it to walls, floors and even ceilings",Other,[],[],,in-collection,,other_order,35,,,,,,,,[],[],https://pokopiadex.com/images/items/item_ui/starry-sky-wall-interior.png,[],https://pokopiadex.com/items/starry-sky-wall-interior,pokopiadex_items_in_collection,0961-starry-sky-wall-interior.png,assets/pokopia_image_sources/item_portraits/0961-starry-sky-wall-interior.png,https://pokopiadex.com/images/items/item_ui/starry-sky-wall-interior.png,image/png,38135,1d2f4b44b3267ae0942f8b9c9ab394e8ea822756e28adf2f6b3c48cbe1fdd8b2,ok,
0962,placeable_item,2062,Woven carpeting (interior),woven-carpeting-interior,"Wallpaper that can be used in larger houses. You can appliy it to walls, floors and even ceilings",Other,[],[],,in-collection,,other_order,36,,,,,,,,[],[],https://pokopiadex.com/images/items/item_ui/woven-carpeting-interior.png,[],https://pokopiadex.com/items/woven-carpeting-interior,pokopiadex_items_in_collection,0962-woven-carpeting-interior.png,assets/pokopia_image_sources/item_portraits/0962-woven-carpeting-interior.png,https://pokopiadex.com/images/items/item_ui/woven-carpeting-interior.png,image/png,27835,e73a4c1f9c4004081ab4c7954851237e46fdefaf56242e6177f1be00e64a27c6,ok,
0963,placeable_item,2063,Gold wall (interior),gold-wall-interior,"Wallpaper that can be used in larger houses. You can appliy it to walls, floors and even ceilings",Other,[],[],,in-collection,,other_order,37,,,,,,,,[],[],https://pokopiadex.com/images/items/item_ui/gold-wall-interior.png,[],https://pokopiadex.com/items/gold-wall-interior,pokopiadex_items_in_collection,0963-gold-wall-interior.png,assets/pokopia_image_sources/item_portraits/0963-gold-wall-interior.png,https://pokopiadex.com/images/items/item_ui/gold-wall-interior.png,image/png,34288,903ea2d9519867903b04ce852a7b3d80f8c183aa96001af571dd168c6abb5279,ok,
0964,placeable_item,2064,Stylish gold wall (interior),stylish-gold-wall-interior,"Wallpaper that can be used in larger houses. You can appliy it to walls, floors and even ceilings",Other,[],[],,in-collection,,other_order,38,,,,,,,,[],[],https://pokopiadex.com/images/items/item_ui/stylish-gold-wall-interior.png,[],https://pokopiadex.com/items/stylish-gold-wall-interior,pokopiadex_items_in_collection,0964-stylish-gold-wall-interior.png,assets/pokopia_image_sources/item_portraits/0964-stylish-gold-wall-interior.png,https://pokopiadex.com/images/items/item_ui/stylish-gold-wall-interior.png,image/png,47433,45bc36cccfec274f523a5058e8f23a9e15e034d4c91b6c94a28bd2ddc214a484,ok,
0965,placeable_item,2065,Patterned aged-stone wall (interior),patterned-aged-stone-wall-interior,"Wallpaper that can be used in larger houses. You can appliy it to walls, floors and even ceilings",Other,[],[],,in-collection,,other_order,39,,,,,,,,[],[],https://pokopiadex.com/images/items/item_ui/patterned-aged-stone-wall-interior.png,[],https://pokopiadex.com/items/patterned-aged-stone-wall-interior,pokopiadex_items_in_collection,0965-patterned-aged-stone-wall-interior.png,assets/pokopia_image_sources/item_portraits/0965-patterned-aged-stone-wall-interior.png,https://pokopiadex.com/images/items/item_ui/patterned-aged-stone-wall-interior.png,image/png,31417,ede94e0e0d1685cd42698f71a4718cafb9915581e2b267d23e7c2e127c6a0226,ok,
0966,placeable_item,2066,Aged-stone wall (interior),aged-stone-wall-interior,"Wallpaper that can be used in larger houses. You can appliy it to walls, floors and even ceilings",Other,[],[],,in-collection,,other_order,40,,,,,,,,[],[],https://pokopiadex.com/images/items/item_ui/aged-stone-wall-interior.png,[],https://pokopiadex.com/items/aged-stone-wall-interior,pokopiadex_items_in_collection,0966-aged-stone-wall-interior.png,assets/pokopia_image_sources/item_portraits/0966-aged-stone-wall-interior.png,https://pokopiadex.com/images/items/item_ui/aged-stone-wall-interior.png,image/png,38445,49089269d27cecee122c20d6f2d6d80523446e17bcdab386147851748188d699,ok,
0967,placeable_item,2067,Aged-stone flooring (interior),aged-stone-flooring-interior,"Wallpaper that can be used in larger houses. You can appliy it to walls, floors and even ceilings",Other,[],[],,in-collection,,other_order,41,,,,,,,,[],[],https://pokopiadex.com/images/items/item_ui/aged-stone-flooring-interior.png,[],https://pokopiadex.com/items/aged-stone-flooring-interior,pokopiadex_items_in_collection,0967-aged-stone-flooring-interior.png,assets/pokopia_image_sources/item_portraits/0967-aged-stone-flooring-interior.png,https://pokopiadex.com/images/items/item_ui/aged-stone-flooring-interior.png,image/png,31806,df3cddc4867fcdc5a51f2590a07d93122f1d6f0ec98f80f8d4ceef14486e4041,ok,
0968,placeable_item,2068,Warning wall (interior),warning-wall-interior,"Wallpaper that can be used in larger houses. You can appliy it to walls, floors and even ceilings",Other,[],[],,in-collection,,other_order,42,,,,,,,,[],[],https://pokopiadex.com/images/items/item_ui/warning-wall-interior.png,[],https://pokopiadex.com/items/warning-wall-interior,pokopiadex_items_in_collection,0968-warning-wall-interior.png,assets/pokopia_image_sources/item_portraits/0968-warning-wall-interior.png,https://pokopiadex.com/images/items/item_ui/warning-wall-interior.png,image/png,40616,e345becc127884aa74cbcabee59bcdd0e0c9fdb673eb06baa3dc6d9700ab11ec,ok,
0969,placeable_item,2069,Crystal wall (interior),crystal-wall-interior,"Wallpaper that can be used in larger houses. You can appliy it to walls, floors and even ceilings",Other,[],[],,in-collection,,other_order,43,,,,,,,,[],[],https://pokopiadex.com/images/items/item_ui/crystal-wall-interior.png,[],https://pokopiadex.com/items/crystal-wall-interior,pokopiadex_items_in_collection,0969-crystal-wall-interior.png,assets/pokopia_image_sources/item_portraits/0969-crystal-wall-interior.png,https://pokopiadex.com/images/items/item_ui/crystal-wall-interior.png,image/png,39141,1c8549fe534f2e096d39b9373ea5e18c06bafce5af5f08825cf665c041260d9a,ok,
0970,placeable_item,2070,Modern carpeting (interior),modern-carpeting-interior,"Wallpaper that can be used in larger houses. You can appliy it to walls, floors and even ceilings",Other,[],[],,in-collection,,other_order,44,,,,,,,,[],[],https://pokopiadex.com/images/items/item_ui/modern-carpeting-interior.png,[],https://pokopiadex.com/items/modern-carpeting-interior,pokopiadex_items_in_collection,0970-modern-carpeting-interior.png,assets/pokopia_image_sources/item_portraits/0970-modern-carpeting-interior.png,https://pokopiadex.com/images/items/item_ui/modern-carpeting-interior.png,image/png,27599,62f0b445c652b63e19c315e70b32c88b3815cfe3d6fbc64d7a93af1c65860b2a,ok,
0971,placeable_item,2071,Iron-plate flooring (interior),iron-plate-flooring-interior,"Wallpaper that can be used in larger houses. You can appliy it to walls, floors and even ceilings",Other,[],[],,in-collection,,other_order,45,,,,,,,,[],[2222],https://pokopiadex.com/images/items/item_ui/iron-plate-flooring-interior.png,[],https://pokopiadex.com/items/iron-plate-flooring-interior,pokopiadex_items_in_collection,0971-iron-plate-flooring-interior.png,assets/pokopia_image_sources/item_portraits/0971-iron-plate-flooring-interior.png,https://pokopiadex.com/images/items/item_ui/iron-plate-flooring-interior.png,image/png,29047,c14aa5be6e7f671b69800bbf77bbea641c4a195a0ce8367709cf9b73480ea828,ok,
0972,placeable_item,2072,Shop tiling (interior),shop-tiling-interior,"Wallpaper that can be used in larger houses. You can appliy it to walls, floors and even ceilings",Other,[],[],,in-collection,,other_order,46,,,,,,,,[],[],https://pokopiadex.com/images/items/item_ui/shop-tiling-interior.png,[],https://pokopiadex.com/items/shop-tiling-interior,pokopiadex_items_in_collection,0972-shop-tiling-interior.png,assets/pokopia_image_sources/item_portraits/0972-shop-tiling-interior.png,https://pokopiadex.com/images/items/item_ui/shop-tiling-interior.png,image/png,42746,8632f46e20f6f3195e401e7d625784d2be71e622e1336fe97d00867b6cff5514,ok,
0973,placeable_item,2073,Brick wall (interior),brick-wall-interior,"Wallpaper that can be used in larger houses. You can appliy it to walls, floors and even ceilings",Other,[],[],,in-collection,,other_order,47,,,,,,,,[],[],https://pokopiadex.com/images/items/item_ui/brick-wall-interior.png,[],https://pokopiadex.com/items/brick-wall-interior,pokopiadex_items_in_collection,0973-brick-wall-interior.png,assets/pokopia_image_sources/item_portraits/0973-brick-wall-interior.png,https://pokopiadex.com/images/items/item_ui/brick-wall-interior.png,image/png,36967,fc1a6ddbb67da95718030d3ea0caeef7eb5e32a19fa1db1747d1ead57a4e8f61,ok,
0974,placeable_item,2074,Concrete wall (interior),concrete-wall-interior,"Wallpaper that can be used in larger houses. You can appliy it to walls, floors and even ceilings",Other,[],[],,in-collection,,other_order,48,,,,,,,,[],[],https://pokopiadex.com/images/items/item_ui/concrete-wall-interior.png,[],https://pokopiadex.com/items/concrete-wall-interior,pokopiadex_items_in_collection,0974-concrete-wall-interior.png,assets/pokopia_image_sources/item_portraits/0974-concrete-wall-interior.png,https://pokopiadex.com/images/items/item_ui/concrete-wall-interior.png,image/png,27611,da76d0c0153b5c1642f569b80c9bdf9f02799ab6ea38f43f7aa8e8080c925656,ok,
0975,placeable_item,2075,Stone flooring (interior),stone-flooring-interior,"Wallpaper that can be used in larger houses. You can appliy it to walls, floors and even ceilings",Other,[],[],,in-collection,,other_order,49,,,,,,,,[],"[2213,2238]",https://pokopiadex.com/images/items/item_ui/stone-flooring-interior.png,[],https://pokopiadex.com/items/stone-flooring-interior,pokopiadex_items_in_collection,0975-stone-flooring-interior.png,assets/pokopia_image_sources/item_portraits/0975-stone-flooring-interior.png,https://pokopiadex.com/images/items/item_ui/stone-flooring-interior.png,image/png,39862,bc97cd8ce2fdcbca0b8b401fb77d3c62925ef8dcc31412b8a50ca591c6f4ba60,ok,
0976,placeable_item,2076,Lined-stone flooring (interior),lined-stone-flooring-interior,"Wallpaper that can be used in larger houses. You can appliy it to walls, floors and even ceilings",Other,[],[],,in-collection,,other_order,50,,,,,,,,[],[],https://pokopiadex.com/images/items/item_ui/lined-stone-flooring-interior.png,[],https://pokopiadex.com/items/lined-stone-flooring-interior,pokopiadex_items_in_collection,0976-lined-stone-flooring-interior.png,assets/pokopia_image_sources/item_portraits/0976-lined-stone-flooring-interior.png,https://pokopiadex.com/images/items/item_ui/lined-stone-flooring-interior.png,image/png,38559,b7f5582c41e252684d05f61e6df6e2999b0954518d8de3558bb5bddc0a7d1d43,ok,
0977,placeable_item,898,Plaster wall (interior),plaster-wall-interior,"Wallpaper that can be used in larger houses. You can apply it to walls, floors, and even ceilings.",Other,[],[],,in-collection,,other_order,51,,,,100,,,,[],[],https://pokopiadex.com/images/items/item_ui/plaster-wall-interior.png,[],https://pokopiadex.com/items/plaster-wall-interior,pokopiadex_items_in_collection,0977-plaster-wall-interior.png,assets/pokopia_image_sources/item_portraits/0977-plaster-wall-interior.png,https://pokopiadex.com/images/items/item_ui/plaster-wall-interior.png,image/png,32301,4adb129bf593b4a400a9d0005a52ec1595452a56a6cb880cb2187208e3bfd15c,ok,
0978,placeable_item,2078,Stone brick wall (interior),stone-brick-wall-interior,"Wallpaper that can be used in larger houses. You can appliy it to walls, floors and even ceilings",Other,[],[],,in-collection,,other_order,52,,,,,,,,[],"[2213,2238]",https://pokopiadex.com/images/items/item_ui/stone-brick-wall-interior.png,[],https://pokopiadex.com/items/stone-brick-wall-interior,pokopiadex_items_in_collection,0978-stone-brick-wall-interior.png,assets/pokopia_image_sources/item_portraits/0978-stone-brick-wall-interior.png,https://pokopiadex.com/images/items/item_ui/stone-brick-wall-interior.png,image/png,40784,dae58da403e3c57ba5eb4cc0721016b419a00d086f1032665ff9c6c53bd802f4,ok,
0979,placeable_item,2079,Diagonal wooden flooring (interior),diagonal-wooden-flooring-interior,"Wallpaper that can be used in larger houses. You can appliy it to walls, floors and even ceilings",Other,[],[],,in-collection,,other_order,53,,,,,,,,[],[],https://pokopiadex.com/images/items/item_ui/diagonal-wooden-flooring-interior.png,[],https://pokopiadex.com/items/diagonal-wooden-flooring-interior,pokopiadex_items_in_collection,0979-diagonal-wooden-flooring-interior.png,assets/pokopia_image_sources/item_portraits/0979-diagonal-wooden-flooring-interior.png,https://pokopiadex.com/images/items/item_ui/diagonal-wooden-flooring-interior.png,image/png,39739,2a515ac84223a749fe22db310ffefe51289de020e4dcad64930a1e831c8faaff,ok,
0980,placeable_item,2080,Stylish tiling (interior),stylish-tiling-interior,"Wallpaper that can be used in larger houses. You can appliy it to walls, floors and even ceilings",Other,[],[],,in-collection,,other_order,54,,,,,,,,[],[],https://pokopiadex.com/images/items/item_ui/stylish-tiling-interior.png,[],https://pokopiadex.com/items/stylish-tiling-interior,pokopiadex_items_in_collection,0980-stylish-tiling-interior.png,assets/pokopia_image_sources/item_portraits/0980-stylish-tiling-interior.png,https://pokopiadex.com/images/items/item_ui/stylish-tiling-interior.png,image/png,44232,d5bf97a6fde2053937ea9cd45567094cf319f76481619b00a679ed5930ededdf,ok,
0981,placeable_item,2081,Brick flooring (interior),brick-flooring-interior,"Wallpaper that can be used in larger houses. You can appliy it to walls, floors and even ceilings",Other,[],[],,in-collection,,other_order,55,,,,,,,,[],[],https://pokopiadex.com/images/items/item_ui/brick-flooring-interior.png,[],https://pokopiadex.com/items/brick-flooring-interior,pokopiadex_items_in_collection,0981-brick-flooring-interior.png,assets/pokopia_image_sources/item_portraits/0981-brick-flooring-interior.png,https://pokopiadex.com/images/items/item_ui/brick-flooring-interior.png,image/png,42571,c598e6b53d930b079d6f039160eab82565d95bae71bf53cfc38240bea925ec43,ok,
0982,placeable_item,2082,Cloth wall (interior),cloth-wall-interior,"Wallpaper that can be used in larger houses. You can appliy it to walls, floors and even ceilings",Other,[],[],,in-collection,,other_order,56,,,,,,,,[],[],https://pokopiadex.com/images/items/item_ui/cloth-wall-interior.png,[],https://pokopiadex.com/items/cloth-wall-interior,pokopiadex_items_in_collection,0982-cloth-wall-interior.png,assets/pokopia_image_sources/item_portraits/0982-cloth-wall-interior.png,https://pokopiadex.com/images/items/item_ui/cloth-wall-interior.png,image/png,28161,2bef8d121ce9768ef8d2790b39b3763d23a5d45de94ffd991063dece216ac9df,ok,
0983,placeable_item,2083,Square tiling (interior),square-tiling-interior,"Wallpaper that can be used in larger houses. You can appliy it to walls, floors and even ceilings",Other,[],[],,in-collection,,other_order,57,,,,,,,,[],[],https://pokopiadex.com/images/items/item_ui/square-tiling-interior.png,[],https://pokopiadex.com/items/square-tiling-interior,pokopiadex_items_in_collection,0983-square-tiling-interior.png,assets/pokopia_image_sources/item_portraits/0983-square-tiling-interior.png,https://pokopiadex.com/images/items/item_ui/square-tiling-interior.png,image/png,36236,841eecbadefb07e29e5597397f5a0f3323ba16575d234c4fa11ba0b9811d244c,ok,
0984,placeable_item,2084,Levee (interior),levee-interior,"Wallpaper that can be used in larger houses. You can appliy it to walls, floors and even ceilings",Other,[],[],,in-collection,,other_order,58,,,,,,,,[],[],https://pokopiadex.com/images/items/item_ui/levee-interior.png,[],https://pokopiadex.com/items/levee-interior,pokopiadex_items_in_collection,0984-levee-interior.png,assets/pokopia_image_sources/item_portraits/0984-levee-interior.png,https://pokopiadex.com/images/items/item_ui/levee-interior.png,image/png,27661,07c5bd5266ab87390493c885ca363279a3a07e8fb1e5b5b076dc355909c7cd55,ok,
0985,placeable_item,2085,Cube light (interior),cube-light-interior,"Wallpaper that can be used in larger houses. You can appliy it to walls, floors and even ceilings",Other,[],[],,in-collection,,other_order,59,,,,,,,,[],[],https://pokopiadex.com/images/items/item_ui/cube-light-interior.png,[],https://pokopiadex.com/items/cube-light-interior,pokopiadex_items_in_collection,0985-cube-light-interior.png,assets/pokopia_image_sources/item_portraits/0985-cube-light-interior.png,https://pokopiadex.com/images/items/item_ui/cube-light-interior.png,image/png,40623,b06888c9ef96491fade39b17188d71a4bfb682a0a60aa08ee3b4f50c0ccf7917,ok,
0986,placeable_item,2086,Iron tiling (interior),iron-tiling-interior,"Wallpaper that can be used in larger houses. You can appliy it to walls, floors and even ceilings",Other,[],[],,in-collection,,other_order,60,,,,,,,,[],[],https://pokopiadex.com/images/items/item_ui/iron-tiling-interior.png,[],https://pokopiadex.com/items/iron-tiling-interior,pokopiadex_items_in_collection,0986-iron-tiling-interior.png,assets/pokopia_image_sources/item_portraits/0986-iron-tiling-interior.png,https://pokopiadex.com/images/items/item_ui/iron-tiling-interior.png,image/png,29697,e654e1de6a50ed4cb04d21ac482882bf219b80d4a3b383be3770b445a4752131,ok,
0987,placeable_item,2087,Dark marble flooring (interior),dark-marble-flooring-interior,"Wallpaper that can be used in larger houses. You can appliy it to walls, floors and even ceilings",Other,[],[],,in-collection,,other_order,61,,,,,,,,[],[],https://pokopiadex.com/images/items/item_ui/dark-marble-flooring-interior.png,[],https://pokopiadex.com/items/dark-marble-flooring-interior,pokopiadex_items_in_collection,0987-dark-marble-flooring-interior.png,assets/pokopia_image_sources/item_portraits/0987-dark-marble-flooring-interior.png,https://pokopiadex.com/images/items/item_ui/dark-marble-flooring-interior.png,image/png,37584,76b1344fa506323e4a6d208698697eb7356e20e282b41be3065a4a8c6553c208,ok,
0988,placeable_item,2088,Simple flooring (interior),simple-flooring-interior,"Wallpaper that can be used in larger houses. You can appliy it to walls, floors and even ceilings",Other,[],[],,in-collection,,other_order,62,,,,,,,,[],[],https://pokopiadex.com/images/items/item_ui/simple-flooring-interior.png,[],https://pokopiadex.com/items/simple-flooring-interior,pokopiadex_items_in_collection,0988-simple-flooring-interior.png,assets/pokopia_image_sources/item_portraits/0988-simple-flooring-interior.png,https://pokopiadex.com/images/items/item_ui/simple-flooring-interior.png,image/png,32854,66d0997614ef324f13bce98a9cefd522ea1127e604ce9d5898d9e27951097b65,ok,
0989,placeable_item,897,Hardwood flooring (interior),hardwood-flooring-interior,"Wallpaper that can be used in larger houses. You can apply it to walls, floors, and even ceilings.",Other,[],[],,in-collection,,other_order,63,,,,100,,,,[],[],https://pokopiadex.com/images/items/item_ui/hardwood-flooring-interior.png,[],https://pokopiadex.com/items/hardwood-flooring-interior,pokopiadex_items_in_collection,0989-hardwood-flooring-interior.png,assets/pokopia_image_sources/item_portraits/0989-hardwood-flooring-interior.png,https://pokopiadex.com/images/items/item_ui/hardwood-flooring-interior.png,image/png,41699,344926620b58e7f3bf0a6f94615a19908968e38087ddbc053ade1c6f21b7805d,ok,
0990,placeable_item,2090,Fish-scale tiling (interior),fish-scale-tiling-interior,"Wallpaper that can be used in larger houses. You can appliy it to walls, floors and even ceilings",Other,[],[],,in-collection,,other_order,64,,,,,,,,[],[],https://pokopiadex.com/images/items/item_ui/fish-scale-tiling-interior.png,[],https://pokopiadex.com/items/fish-scale-tiling-interior,pokopiadex_items_in_collection,0990-fish-scale-tiling-interior.png,assets/pokopia_image_sources/item_portraits/0990-fish-scale-tiling-interior.png,https://pokopiadex.com/images/items/item_ui/fish-scale-tiling-interior.png,image/png,38527,26f3164e3eb9ef2b37be774cdf5377cceb7624e48eb07027719d08153399d64e,ok,
0991,placeable_item,2091,Cobblestone wall (interior),cobblestone-wall-interior,"Wallpaper that can be used in larger houses. You can appliy it to walls, floors and even ceilings",Other,[],[],,in-collection,,other_order,65,,,,,,,,[],[],https://pokopiadex.com/images/items/item_ui/cobblestone-wall-interior.png,[],https://pokopiadex.com/items/cobblestone-wall-interior,pokopiadex_items_in_collection,0991-cobblestone-wall-interior.png,assets/pokopia_image_sources/item_portraits/0991-cobblestone-wall-interior.png,https://pokopiadex.com/images/items/item_ui/cobblestone-wall-interior.png,image/png,41338,3550181258fccab0871e96fcafbd7a76fbeb1682bd734227d20fce38955c5ff7,ok,
0992,placeable_item,2092,Hay pile (interior),hay-pile-interior,"Wallpaper that can be used in larger houses. You can appliy it to walls, floors and even ceilings",Other,[],[],,in-collection,,other_order,66,,,,,,,,[],[],https://pokopiadex.com/images/items/item_ui/hay-pile-interior.png,[],https://pokopiadex.com/items/hay-pile-interior,pokopiadex_items_in_collection,0992-hay-pile-interior.png,assets/pokopia_image_sources/item_portraits/0992-hay-pile-interior.png,https://pokopiadex.com/images/items/item_ui/hay-pile-interior.png,image/png,29527,766e23fae64a12fc08c27eb10a375a3e399cfab3ac1fdfb413da1ea867469ecc,ok,
0993,placeable_item,2093,Broken-tiling wall (interior),broken-tiling-wall-interior,"Wallpaper that can be used in larger houses. You can appliy it to walls, floors and even ceilings",Other,[],[],,in-collection,,other_order,67,,,,,,,,[],[],https://pokopiadex.com/images/items/item_ui/broken-tiling-wall-interior.png,[],https://pokopiadex.com/items/broken-tiling-wall-interior,pokopiadex_items_in_collection,0993-broken-tiling-wall-interior.png,assets/pokopia_image_sources/item_portraits/0993-broken-tiling-wall-interior.png,https://pokopiadex.com/images/items/item_ui/broken-tiling-wall-interior.png,image/png,42243,3465dc3b71dcc1298192aa714fcc27056082d10d7e3e0e35960c36f419db4bcf,ok,
0994,placeable_item,2094,Painted wall (interior),painted-wall-interior,"Wallpaper that can be used in larger houses. You can appliy it to walls, floors and even ceilings",Other,[],[],,in-collection,,other_order,68,,,,,,,,[],[],https://pokopiadex.com/images/items/item_ui/painted-wall-interior.png,[],https://pokopiadex.com/items/painted-wall-interior,pokopiadex_items_in_collection,0994-painted-wall-interior.png,assets/pokopia_image_sources/item_portraits/0994-painted-wall-interior.png,https://pokopiadex.com/images/items/item_ui/painted-wall-interior.png,image/png,34824,1af3bb3aa745e9859eaef5635517ff5889011638009f99c5c44cbb43764821a1,ok,
0995,placeable_item,2095,Striped wall (interior),striped-wall-interior,"Wallpaper that can be used in larger houses. You can appliy it to walls, floors and even ceilings",Other,[],[],,in-collection,,other_order,69,,,,,,,,[],[],https://pokopiadex.com/images/items/item_ui/striped-wall-interior.png,[],https://pokopiadex.com/items/striped-wall-interior,pokopiadex_items_in_collection,0995-striped-wall-interior.png,assets/pokopia_image_sources/item_portraits/0995-striped-wall-interior.png,https://pokopiadex.com/images/items/item_ui/striped-wall-interior.png,image/png,32377,1fd3d48fbb178bcbd4bd33fe9025a1640410c7b207559cbcfedac9b96021ef3d,ok,
0996,placeable_item,2096,Cyber flooring (interior),cyber-flooring-interior,"Wallpaper that can be used in larger houses. You can appliy it to walls, floors and even ceilings",Other,[],[],,in-collection,,other_order,70,,,,,,,,[],[],https://pokopiadex.com/images/items/item_ui/cyber-flooring-interior.png,[],https://pokopiadex.com/items/cyber-flooring-interior,pokopiadex_items_in_collection,0996-cyber-flooring-interior.png,assets/pokopia_image_sources/item_portraits/0996-cyber-flooring-interior.png,https://pokopiadex.com/images/items/item_ui/cyber-flooring-interior.png,image/png,38250,840fcf330d5b0ad6a9089d1da041551db64bd13e51cc72082f29205cf10528ea,ok,
0997,placeable_item,2097,Neon flooring (interior),neon-flooring-interior,"Wallpaper that can be used in larger houses. You can appliy it to walls, floors and even ceilings",Other,[],[],,in-collection,,other_order,71,,,,,,,,[],[],https://pokopiadex.com/images/items/item_ui/neon-flooring-interior.png,[],https://pokopiadex.com/items/neon-flooring-interior,pokopiadex_items_in_collection,0997-neon-flooring-interior.png,assets/pokopia_image_sources/item_portraits/0997-neon-flooring-interior.png,https://pokopiadex.com/images/items/item_ui/neon-flooring-interior.png,image/png,45292,bfff8d77410f670af513dc791ee957b113d15befa2fd392c0b301561d0991a99,ok,
0998,placeable_item,2098,Rough wall (interior),rough-wall-interior,"Wallpaper that can be used in larger houses. You can appliy it to walls, floors and even ceilings",Other,[],[],,in-collection,,other_order,72,,,,,,,,[],[],https://pokopiadex.com/images/items/item_ui/rough-wall-interior.png,[],https://pokopiadex.com/items/rough-wall-interior,pokopiadex_items_in_collection,0998-rough-wall-interior.png,assets/pokopia_image_sources/item_portraits/0998-rough-wall-interior.png,https://pokopiadex.com/images/items/item_ui/rough-wall-interior.png,image/png,38101,e293c9672eb8bcdeb512310d0c9a63c4af3de0d357450083819e4b8d8ee77660,ok,
0999,placeable_item,2099,Modern wall (interior),modern-wall-interior,"Wallpaper that can be used in larger houses. You can appliy it to walls, floors and even ceilings",Other,[],[],,in-collection,,other_order,73,,,,,,,,[],[],https://pokopiadex.com/images/items/item_ui/modern-wall-interior.png,[],https://pokopiadex.com/items/modern-wall-interior,pokopiadex_items_in_collection,0999-modern-wall-interior.png,assets/pokopia_image_sources/item_portraits/0999-modern-wall-interior.png,https://pokopiadex.com/images/items/item_ui/modern-wall-interior.png,image/png,39030,2880246b752ac2689a07f393b9e20c75f7340ced0385b1fd1224fa40e11115c2,ok,
1000,placeable_item,2100,Iron plating (interior),iron-plating-interior,"Wallpaper that can be used in larger houses. You can appliy it to walls, floors and even ceilings",Other,[],[],,in-collection,,other_order,74,,,,,,,,[],[],https://pokopiadex.com/images/items/item_ui/iron-plating-interior.png,[],https://pokopiadex.com/items/iron-plating-interior,pokopiadex_items_in_collection,1000-iron-plating-interior.png,assets/pokopia_image_sources/item_portraits/1000-iron-plating-interior.png,https://pokopiadex.com/images/items/item_ui/iron-plating-interior.png,image/png,34599,2aeff93294e3217a039a9917ab1d74e6cfd7b1f82d3eaa531fdac5a959b99005,ok,
1001,placeable_item,2101,Hexagonal flooring (interior),hexagonal-flooring-interior,"Wallpaper that can be used in larger houses. You can appliy it to walls, floors and even ceilings",Other,[],[],,in-collection,,other_order,75,,,,,,,,[],[],https://pokopiadex.com/images/items/item_ui/hexagonal-flooring-interior.png,[],https://pokopiadex.com/items/hexagonal-flooring-interior,pokopiadex_items_in_collection,1001-hexagonal-flooring-interior.png,assets/pokopia_image_sources/item_portraits/1001-hexagonal-flooring-interior.png,https://pokopiadex.com/images/items/item_ui/hexagonal-flooring-interior.png,image/png,33652,8edddce8a224db50cc8023fac392d7e1d096255745c4528df33940e96c95241c,ok,
1002,placeable_item,2102,Scrap cube (interior),scrap-cube-interior,"Wallpaper that can be used in larger houses. You can appliy it to walls, floors and even ceilings",Other,[],[],,in-collection,,other_order,76,,,,,,,,[],[],https://pokopiadex.com/images/items/item_ui/scrap-cube-interior.png,[],https://pokopiadex.com/items/scrap-cube-interior,pokopiadex_items_in_collection,1002-scrap-cube-interior.png,assets/pokopia_image_sources/item_portraits/1002-scrap-cube-interior.png,https://pokopiadex.com/images/items/item_ui/scrap-cube-interior.png,image/png,40897,9b0509cbed42aade297260d5e11a4d7f0347c8178af7ad6a58a585689ff9e02f,ok,
1003,placeable_item,2103,Simple square tiling (interior),simple-square-tiling-interior,"Wallpaper that can be used in larger houses. You can appliy it to walls, floors and even ceilings",Other,[],[],,in-collection,,other_order,77,,,,,,,,[],[],https://pokopiadex.com/images/items/item_ui/simple-square-tiling-interior.png,[],https://pokopiadex.com/items/simple-square-tiling-interior,pokopiadex_items_in_collection,1003-simple-square-tiling-interior.png,assets/pokopia_image_sources/item_portraits/1003-simple-square-tiling-interior.png,https://pokopiadex.com/images/items/item_ui/simple-square-tiling-interior.png,image/png,38325,f6eef3488991f5d2dc00769178cd2195ff4f2bc5189c8d7f0bbdcf6dd0d1dbe8,ok,
1004,placeable_item,2104,Puffy-tree pillar (interior),puffy-tree-pillar-interior,"Wallpaper that can be used in larger houses. You can appliy it to walls, floors and even ceilings",Other,[],[],,in-collection,,other_order,78,,,,,,,,[],[],https://pokopiadex.com/images/items/item_ui/puffy-tree-pillar-interior.png,[],https://pokopiadex.com/items/puffy-tree-pillar-interior,pokopiadex_items_in_collection,1004-puffy-tree-pillar-interior.png,assets/pokopia_image_sources/item_portraits/1004-puffy-tree-pillar-interior.png,https://pokopiadex.com/images/items/item_ui/puffy-tree-pillar-interior.png,image/png,37129,24b2af9ad6084fc96676f062c54892d093110a77e810d40f1d64bc2c406336e1,ok,
1005,placeable_item,2105,Felt mat (interior),felt-mat-interior,"Wallpaper that can be used in larger houses. You can appliy it to walls, floors and even ceilings",Other,[],[],,in-collection,,other_order,79,,,,,,,,[],[],https://pokopiadex.com/images/items/item_ui/felt-mat-interior.png,[],https://pokopiadex.com/items/felt-mat-interior,pokopiadex_items_in_collection,1005-felt-mat-interior.png,assets/pokopia_image_sources/item_portraits/1005-felt-mat-interior.png,https://pokopiadex.com/images/items/item_ui/felt-mat-interior.png,image/png,37384,53f938f680d304f8ca0a28ceb9f1c12acf460b07195d44fd48c4690b45c82b89,ok,
1006,placeable_item,2106,Triangle-design flooring (interior),triangle-design-flooring-interior,"Wallpaper that can be used in larger houses. You can appliy it to walls, floors and even ceilings",Other,[],[],,in-collection,,other_order,80,,,,,,,,[],[],https://pokopiadex.com/images/items/item_ui/triangle-design-flooring-interior.png,[],https://pokopiadex.com/items/triangle-design-flooring-interior,pokopiadex_items_in_collection,1006-triangle-design-flooring-interior.png,assets/pokopia_image_sources/item_portraits/1006-triangle-design-flooring-interior.png,https://pokopiadex.com/images/items/item_ui/triangle-design-flooring-interior.png,image/png,32758,9d698c7e143f1cee6286d7cc9c6f55288090fa1420cde4827ed6e2a0f798cab9,ok,
1007,placeable_item,2107,Crisscross wooden flooring (interior),crisscross-wooden-flooring-interior,"Wallpaper that can be used in larger houses. You can appliy it to walls, floors and even ceilings",Other,[],[],,in-collection,,other_order,81,,,,,,,,[],[],https://pokopiadex.com/images/items/item_ui/crisscross-wooden-flooring-interior.png,[],https://pokopiadex.com/items/crisscross-wooden-flooring-interior,pokopiadex_items_in_collection,1007-crisscross-wooden-flooring-interior.png,assets/pokopia_image_sources/item_portraits/1007-crisscross-wooden-flooring-interior.png,https://pokopiadex.com/images/items/item_ui/crisscross-wooden-flooring-interior.png,image/png,33983,a3f5813d3258471b928be53f3f8b6bd4139760decc2621f1f2154d5390a6b28f,ok,
1008,placeable_item,2108,Light wooden wall (interior),light-wooden-wall-interior,"Wallpaper that can be used in larger houses. You can appliy it to walls, floors and even ceilings",Other,[],[],,in-collection,,other_order,82,,,,,,,,[],[],https://pokopiadex.com/images/items/item_ui/light-wooden-wall-interior.png,[],https://pokopiadex.com/items/light-wooden-wall-interior,pokopiadex_items_in_collection,1008-light-wooden-wall-interior.png,assets/pokopia_image_sources/item_portraits/1008-light-wooden-wall-interior.png,https://pokopiadex.com/images/items/item_ui/light-wooden-wall-interior.png,image/png,33062,6f59e88a03965d197c5ffe823d173ec32f221c7b7bc6dafacb4e835cef80ac72,ok,
1009,placeable_item,2109,Light marble flooring (interior),light-marble-flooring-interior,"Wallpaper that can be used in larger houses. You can appliy it to walls, floors and even ceilings",Other,[],[],,in-collection,,other_order,83,,,,,,,,[],[],https://pokopiadex.com/images/items/item_ui/light-marble-flooring-interior.png,[],https://pokopiadex.com/items/light-marble-flooring-interior,pokopiadex_items_in_collection,1009-light-marble-flooring-interior.png,assets/pokopia_image_sources/item_portraits/1009-light-marble-flooring-interior.png,https://pokopiadex.com/images/items/item_ui/light-marble-flooring-interior.png,image/png,39084,b402ae501786da42eca9727447095eb946223cfc545447cbada74854914b2f5b,ok,
1010,placeable_item,2110,Bronze wall (interior),bronze-wall-interior,"Wallpaper that can be used in larger houses. You can appliy it to walls, floors and even ceilings",Other,[],[],,in-collection,,other_order,84,,,,,,,,[],[],https://pokopiadex.com/images/items/item_ui/bronze-wall-interior.png,[],https://pokopiadex.com/items/bronze-wall-interior,pokopiadex_items_in_collection,1010-bronze-wall-interior.png,assets/pokopia_image_sources/item_portraits/1010-bronze-wall-interior.png,https://pokopiadex.com/images/items/item_ui/bronze-wall-interior.png,image/png,38438,77e1f6ca0da302e078a368cee20c19cc1af4001dc7780efe8b9e7d5e5694a7b6,ok,
1011,placeable_item,2111,Stylish bronze wall (interior),stylish-bronze-wall-interior,"Wallpaper that can be used in larger houses. You can appliy it to walls, floors and even ceilings",Other,[],[],,in-collection,,other_order,85,,,,,,,,[],[],https://pokopiadex.com/images/items/item_ui/stylish-bronze-wall-interior.png,[],https://pokopiadex.com/items/stylish-bronze-wall-interior,pokopiadex_items_in_collection,1011-stylish-bronze-wall-interior.png,assets/pokopia_image_sources/item_portraits/1011-stylish-bronze-wall-interior.png,https://pokopiadex.com/images/items/item_ui/stylish-bronze-wall-interior.png,image/png,42031,eba9fb47d19c8b53d46efdfdf1d4f425dab2566f1a038e6932baa214559a9c02,ok,
1012,placeable_item,2112,Iron wall (interior),iron-wall-interior,"Wallpaper that can be used in larger houses. You can appliy it to walls, floors and even ceilings",Other,[],[],,in-collection,,other_order,86,,,,,,,,[],[],https://pokopiadex.com/images/items/item_ui/iron-wall-interior.png,[],https://pokopiadex.com/items/iron-wall-interior,pokopiadex_items_in_collection,1012-iron-wall-interior.png,assets/pokopia_image_sources/item_portraits/1012-iron-wall-interior.png,https://pokopiadex.com/images/items/item_ui/iron-wall-interior.png,image/png,37492,b63b5bdf7b0c9277edadc1adbbd1cdccc139375dc914ddc2b23f30934ca6efa6,ok,
1013,placeable_item,2113,Stylish iron wall (interior),stylish-iron-wall-interior,"Wallpaper that can be used in larger houses. You can appliy it to walls, floors and even ceilings",Other,[],[],,in-collection,,other_order,87,,,,,,,,[],[],https://pokopiadex.com/images/items/item_ui/stylish-iron-wall-interior.png,[],https://pokopiadex.com/items/stylish-iron-wall-interior,pokopiadex_items_in_collection,1013-stylish-iron-wall-interior.png,assets/pokopia_image_sources/item_portraits/1013-stylish-iron-wall-interior.png,https://pokopiadex.com/images/items/item_ui/stylish-iron-wall-interior.png,image/png,37963,091c32a149aa935fcc205fba6e9966ca39802aed43e3313ef5d051ae52d39159,ok,
1014,placeable_item,2114,Grass flooring (interior),grass-flooring-interior,"Wallpaper that can be used in larger houses. You can appliy it to walls, floors and even ceilings",Other,[],[],,in-collection,,other_order,88,,,,,,,,[],[],https://pokopiadex.com/images/items/item_ui/grass-flooring-interior.png,[],https://pokopiadex.com/items/grass-flooring-interior,pokopiadex_items_in_collection,1014-grass-flooring-interior.png,assets/pokopia_image_sources/item_portraits/1014-grass-flooring-interior.png,https://pokopiadex.com/images/items/item_ui/grass-flooring-interior.png,image/png,27980,3d89e4cd811dccff847c23a6c6ac62b14e77bd5f1eb1e6b6ac7f20693f8d47f6,ok,
1015,placeable_item,2115,Poké Ball wall (interior),poke-ball-wall-interior,"Wallpaper that can be used in larger houses. You can appliy it to walls, floors and even ceilings",Other,[],[],,in-collection,,other_order,89,,,,,,,,[],[],https://pokopiadex.com/images/items/item_ui/poke-ball-wall-interior.png,[],https://pokopiadex.com/items/poke-ball-wall-interior,pokopiadex_items_in_collection,1015-poke-ball-wall-interior.png,assets/pokopia_image_sources/item_portraits/1015-poke-ball-wall-interior.png,https://pokopiadex.com/images/items/item_ui/poke-ball-wall-interior.png,image/png,38425,41c2d00ed0292825c5680cc3fc3688ba43d34546fea40d91494e118a24b319eb,ok,
1016,placeable_item,2116,Polka-dot Print (interior),polka-dot-print-interior,"Wallpaper that can be used in larger houses. You can appliy it to walls, floors and even ceilings",Other,[],[],,in-collection,,other_order,90,,,,,,,,[],[],https://pokopiadex.com/images/items/item_ui/polka-dot-print-interior.png,[],https://pokopiadex.com/items/polka-dot-print-interior,pokopiadex_items_in_collection,1016-polka-dot-print-interior.png,assets/pokopia_image_sources/item_portraits/1016-polka-dot-print-interior.png,https://pokopiadex.com/images/items/item_ui/polka-dot-print-interior.png,image/png,42443,f7c7d58982cd384e247e9b54f570af45be1cb2e4f38cbc731ec46004d5a4ed9e,ok,
1017,placeable_item,2117,Vertical-stripe print (interior),vertical-stripe-print-interior,"Wallpaper that can be used in larger houses. You can appliy it to walls, floors and even ceilings",Other,[],[],,in-collection,,other_order,91,,,,,,,,[],[],https://pokopiadex.com/images/items/item_ui/vertical-stripe-print-interior.png,[],https://pokopiadex.com/items/vertical-stripe-print-interior,pokopiadex_items_in_collection,1017-vertical-stripe-print-interior.png,assets/pokopia_image_sources/item_portraits/1017-vertical-stripe-print-interior.png,https://pokopiadex.com/images/items/item_ui/vertical-stripe-print-interior.png,image/png,43986,25ad53cd01315246fc8ea8381654d8ef8c93156a1e77f5885fd7ddae46288d7e,ok,
1018,placeable_item,2118,Horizontal-stripe print (interior),horizontal-stripe-print-interior,"Wallpaper that can be used in larger houses. You can appliy it to walls, floors and even ceilings",Other,[],[],,in-collection,,other_order,92,,,,,,,,[],[],https://pokopiadex.com/images/items/item_ui/horizontal-stripe-print-interior.png,[],https://pokopiadex.com/items/horizontal-stripe-print-interior,pokopiadex_items_in_collection,1018-horizontal-stripe-print-interior.png,assets/pokopia_image_sources/item_portraits/1018-horizontal-stripe-print-interior.png,https://pokopiadex.com/images/items/item_ui/horizontal-stripe-print-interior.png,image/png,41214,8975d1d9f519b5b81fec6a2b5f31a2c5f87f60a01c3182640646ce969437a7fe,ok,
1019,placeable_item,2119,Gingham print (interior),gingham-print-interior,"Wallpaper that can be used in larger houses. You can appliy it to walls, floors and even ceilings",Other,[],[],,in-collection,,other_order,93,,,,,,,,[],[],https://pokopiadex.com/images/items/item_ui/gingham-print-interior.png,[],https://pokopiadex.com/items/gingham-print-interior,pokopiadex_items_in_collection,1019-gingham-print-interior.png,assets/pokopia_image_sources/item_portraits/1019-gingham-print-interior.png,https://pokopiadex.com/images/items/item_ui/gingham-print-interior.png,image/png,44022,1e85e76aa89c08697074975231a6f8845266a414e4c0eaa5957cebb46db138c3,ok,
1020,placeable_item,2120,Tartan print (interior),tartan-print-interior,"Wallpaper that can be used in larger houses. You can appliy it to walls, floors and even ceilings",Other,[],[],,in-collection,,other_order,94,,,,,,,,[],[],https://pokopiadex.com/images/items/item_ui/tartan-print-interior.png,[],https://pokopiadex.com/items/tartan-print-interior,pokopiadex_items_in_collection,1020-tartan-print-interior.png,assets/pokopia_image_sources/item_portraits/1020-tartan-print-interior.png,https://pokopiadex.com/images/items/item_ui/tartan-print-interior.png,image/png,42148,5951a5577a4cbb32ef73043340a88cec02b8e1d26adba9f926f1da41f4e23499,ok,
1021,placeable_item,2121,Argyle print (interior),argyle-print-interior,"Wallpaper that can be used in larger houses. You can appliy it to walls, floors and even ceilings",Other,[],[],,in-collection,,other_order,95,,,,,,,,[],[],https://pokopiadex.com/images/items/item_ui/argyle-print-interior.png,[],https://pokopiadex.com/items/argyle-print-interior,pokopiadex_items_in_collection,1021-argyle-print-interior.png,assets/pokopia_image_sources/item_portraits/1021-argyle-print-interior.png,https://pokopiadex.com/images/items/item_ui/argyle-print-interior.png,image/png,42314,9b04c4dc823807683ac08aa87370f7776e987e8d3ea015caeb87e3fcb89f8d26,ok,
1022,placeable_item,2122,Berry print (interior),berry-print-interior,"Wallpaper that can be used in larger houses. You can appliy it to walls, floors and even ceilings",Other,[],[],,in-collection,,other_order,96,,,,,,,,[],"[2216,2219]",https://pokopiadex.com/images/items/item_ui/berry-print-interior.png,[],https://pokopiadex.com/items/berry-print-interior,pokopiadex_items_in_collection,1022-berry-print-interior.png,assets/pokopia_image_sources/item_portraits/1022-berry-print-interior.png,https://pokopiadex.com/images/items/item_ui/berry-print-interior.png,image/png,42078,387bc0120f42068d1ef492d1d6b8d327e537ec1b687be9a28a112883924189ef,ok,
1023,placeable_item,2123,Poké Ball print (interior),poke-ball-print-interior,"Wallpaper that can be used in larger houses. You can appliy it to walls, floors and even ceilings",Other,[],[],,in-collection,,other_order,97,,,,,,,,[],[],https://pokopiadex.com/images/items/item_ui/poke-ball-print-interior.png,[],https://pokopiadex.com/items/poke-ball-print-interior,pokopiadex_items_in_collection,1023-poke-ball-print-interior.png,assets/pokopia_image_sources/item_portraits/1023-poke-ball-print-interior.png,https://pokopiadex.com/images/items/item_ui/poke-ball-print-interior.png,image/png,36994,eae4a1e5bdddfd1441b1c2a3948abfcec3b32275199109627730cfac227bcae6,ok,
1024,placeable_item,2124,Stylish Poké Ball print (interior),stylish-poke-ball-print-interior,"Wallpaper that can be used in larger houses. You can appliy it to walls, floors and even ceilings",Other,[],[],,in-collection,,other_order,98,,,,,,,,[],[],https://pokopiadex.com/images/items/item_ui/stylish-poke-ball-print-interior.png,[],https://pokopiadex.com/items/stylish-poke-ball-print-interior,pokopiadex_items_in_collection,1024-stylish-poke-ball-print-interior.png,assets/pokopia_image_sources/item_portraits/1024-stylish-poke-ball-print-interior.png,https://pokopiadex.com/images/items/item_ui/stylish-poke-ball-print-interior.png,image/png,46075,896fa9d2cb022ffb45fb9fde7b782453a0b316b54d2a5b1054f27660ec0b4fca,ok,
1025,placeable_item,2125,Marble (interior),marble-interior,"Wallpaper that can be used in larger houses. You can appliy it to walls, floors and even ceilings",Other,[],[],,in-collection,,other_order,99,,,,,,,,[],[],https://pokopiadex.com/images/items/item_ui/marble-interior.png,[],https://pokopiadex.com/items/marble-interior,pokopiadex_items_in_collection,1025-marble-interior.png,assets/pokopia_image_sources/item_portraits/1025-marble-interior.png,https://pokopiadex.com/images/items/item_ui/marble-interior.png,image/png,30789,8652e812295f7321e9da0f2dd7c09d198f3ed4c86a32e2c68e273f5d45cf272c,ok,
1026,placeable_item,2126,Bubble print (interior),bubble-print-interior,"Wallpaper that can be used in larger houses. You can appliy it to walls, floors and even ceilings",Other,[],[],,in-collection,,other_order,100,,,,,,,,[],[],https://pokopiadex.com/images/items/item_ui/bubble-print-interior.png,[],https://pokopiadex.com/items/bubble-print-interior,pokopiadex_items_in_collection,1026-bubble-print-interior.png,assets/pokopia_image_sources/item_portraits/1026-bubble-print-interior.png,https://pokopiadex.com/images/items/item_ui/bubble-print-interior.png,image/png,34622,969e50c3ab0cfbc1feeb4c9643e5818e050d8a8d3548c5b1d3cc21269cad1066,ok,
1027,placeable_item,2127,Houndstooth print (interior),houndstooth-print-interior,"Wallpaper that can be used in larger houses. You can appliy it to walls, floors and even ceilings",Other,[],[],,in-collection,,other_order,101,,,,,,,,[],[],https://pokopiadex.com/images/items/item_ui/houndstooth-print-interior.png,[],https://pokopiadex.com/items/houndstooth-print-interior,pokopiadex_items_in_collection,1027-houndstooth-print-interior.png,assets/pokopia_image_sources/item_portraits/1027-houndstooth-print-interior.png,https://pokopiadex.com/images/items/item_ui/houndstooth-print-interior.png,image/png,45431,33093a7d6b24a785816bf85e6822d9cf52416859384728711a86489db55690e9,ok,
1028,placeable_item,2128,Vine print (interior),vine-print-interior,"Wallpaper that can be used in larger houses. You can appliy it to walls, floors and even ceilings",Other,[],[],,in-collection,,other_order,102,,,,,,,,[],[],https://pokopiadex.com/images/items/item_ui/vine-print-interior.png,[],https://pokopiadex.com/items/vine-print-interior,pokopiadex_items_in_collection,1028-vine-print-interior.png,assets/pokopia_image_sources/item_portraits/1028-vine-print-interior.png,https://pokopiadex.com/images/items/item_ui/vine-print-interior.png,image/png,40942,d73b8d449cfe32c020cde7dc7d74c2b495de4ba2e2335be643707127cc2dbed0,ok,
1029,placeable_item,2129,Swirl print (interior),swirl-print-interior,"Wallpaper that can be used in larger houses. You can appliy it to walls, floors and even ceilings",Other,[],[],,in-collection,,other_order,103,,,,,,,,[],[],https://pokopiadex.com/images/items/item_ui/swirl-print-interior.png,[],https://pokopiadex.com/items/swirl-print-interior,pokopiadex_items_in_collection,1029-swirl-print-interior.png,assets/pokopia_image_sources/item_portraits/1029-swirl-print-interior.png,https://pokopiadex.com/images/items/item_ui/swirl-print-interior.png,image/png,43346,c203b0496471c42f765ac7457b9420dcd178776cdc9dddb3c0db445abde9cad0,ok,
1030,placeable_item,2130,Winter print (interior),winter-print-interior,"Wallpaper that can be used in larger houses. You can appliy it to walls, floors and even ceilings",Other,[],[],,in-collection,,other_order,104,,,,,,,,[],[],https://pokopiadex.com/images/items/item_ui/winter-print-interior.png,[],https://pokopiadex.com/items/winter-print-interior,pokopiadex_items_in_collection,1030-winter-print-interior.png,assets/pokopia_image_sources/item_portraits/1030-winter-print-interior.png,https://pokopiadex.com/images/items/item_ui/winter-print-interior.png,image/png,44126,f23a373d160b2f136d43e7c011d56f0f9f315c101357c494e419a266a65012ca,ok,
1031,placeable_item,2131,Zig-zag print (interior),zig-zag-print-interior,"Wallpaper that can be used in larger houses. You can appliy it to walls, floors and even ceilings",Other,[],[],,in-collection,,other_order,105,,,,,,,,[],[],https://pokopiadex.com/images/items/item_ui/zig-zag-print-interior.png,[],https://pokopiadex.com/items/zig-zag-print-interior,pokopiadex_items_in_collection,1031-zig-zag-print-interior.png,assets/pokopia_image_sources/item_portraits/1031-zig-zag-print-interior.png,https://pokopiadex.com/images/items/item_ui/zig-zag-print-interior.png,image/png,45623,6e6ba20a5996e76a14cd7e8d7add3eb60cab2d577a0a0cef6350b898d771c19a,ok,
1032,placeable_item,2132,Leaf print (interior),leaf-print-interior,"Wallpaper that can be used in larger houses. You can appliy it to walls, floors and even ceilings",Other,[],[],,in-collection,,other_order,106,,,,,,,,[],[],https://pokopiadex.com/images/items/item_ui/leaf-print-interior.png,[],https://pokopiadex.com/items/leaf-print-interior,pokopiadex_items_in_collection,1032-leaf-print-interior.png,assets/pokopia_image_sources/item_portraits/1032-leaf-print-interior.png,https://pokopiadex.com/images/items/item_ui/leaf-print-interior.png,image/png,41692,e12d1e6c8c6cb2a2deb71591a98e88fdc96e13671c797b5f00bfbc6e28a2575e,ok,
1033,placeable_item,2133,Flower print (interior),flower-print-interior,"Wallpaper that can be used in larger houses. You can appliy it to walls, floors and even ceilings",Other,[],[],,in-collection,,other_order,107,,,,,,,,[],[],https://pokopiadex.com/images/items/item_ui/flower-print-interior.png,[],https://pokopiadex.com/items/flower-print-interior,pokopiadex_items_in_collection,1033-flower-print-interior.png,assets/pokopia_image_sources/item_portraits/1033-flower-print-interior.png,https://pokopiadex.com/images/items/item_ui/flower-print-interior.png,image/png,44325,fcd4712288da6ac7896fa7354717779d0decbc0d6bebe8d2dd79264b0c9e307a,ok,
1034,placeable_item,2134,Star print (interior),star-print-interior,"Wallpaper that can be used in larger houses. You can appliy it to walls, floors and even ceilings",Other,[],[],,in-collection,,other_order,108,,,,,,,,[],[],https://pokopiadex.com/images/items/item_ui/star-print-interior.png,[],https://pokopiadex.com/items/star-print-interior,pokopiadex_items_in_collection,1034-star-print-interior.png,assets/pokopia_image_sources/item_portraits/1034-star-print-interior.png,https://pokopiadex.com/images/items/item_ui/star-print-interior.png,image/png,44879,6987fdfb00d20bcdf525382b6003c271d0c519630241e19d02bd7e780108dc75,ok,
1035,placeable_item,2135,Curry print (interior),curry-print-interior,"Wallpaper that can be used in larger houses. You can appliy it to walls, floors and even ceilings",Other,[],[],,in-collection,,other_order,109,,,,,,,,[],[],https://pokopiadex.com/images/items/item_ui/curry-print-interior.png,[],https://pokopiadex.com/items/curry-print-interior,pokopiadex_items_in_collection,1035-curry-print-interior.png,assets/pokopia_image_sources/item_portraits/1035-curry-print-interior.png,https://pokopiadex.com/images/items/item_ui/curry-print-interior.png,image/png,44837,02e83b32a8c53b49197b01fade4f90620d3eca25e8ef859a5fd4ed494e4c0e37,ok,
1036,placeable_item,857,Large lost relic,large-lost-relic,Is this a time capsule? Professor Tangrowth might know what it is!,Other,[],"[""Dig shiny dirt spot""]",,in-collection,,other_order,110,,,,,,,,[],[2239],https://pokopiadex.com/images/items/item_ui/large-lost-relic.png,[],https://pokopiadex.com/items/large-lost-relic,pokopiadex_items_in_collection,1036-large-lost-relic.png,assets/pokopia_image_sources/item_portraits/1036-large-lost-relic.png,https://pokopiadex.com/images/items/item_ui/large-lost-relic.png,image/png,31671,77c88df2ad90b84f4b6f2fceb4c5be55c30c1a8cc6bcde7e20ba0ac748405e77,ok,
1037,placeable_item,418,Small lost relic,small-lost-relic,It looks like canned food but doesn't seem to have anything inside. Show it to Professor Tangrowth.,Other,[],"[""Gifts from Pokemon"",""Dig shiny dirt spot""]",,in-collection,,other_order,111,,,,,,,,[],[2239],https://pokopiadex.com/images/items/item_ui/small-lost-relic.png,[],https://pokopiadex.com/items/small-lost-relic,pokopiadex_items_in_collection,1037-small-lost-relic.png,assets/pokopia_image_sources/item_portraits/1037-small-lost-relic.png,https://pokopiadex.com/images/items/item_ui/small-lost-relic.png,image/png,22412,e1bce6ee3fa8d2efd1e724b9cede638c37706d6e77c1abfa4495cd6997db87ce,ok,
1038,placeable_item,639,♪ Title Screen,title-screen,"Music CD #1. If you have a music player, you can listen to this exciting tune!",Other,[],"[""Inside house below North Area Gate in Withered Wasteland""]",,in-collection,Music CDs,music_cds_order,1,,,,,,,,[],[2229],https://pokopiadex.com/images/items/item_ui/title-screen.png,[],https://pokopiadex.com/items/title-screen,pokopiadex_items_in_collection,1038-title-screen.png,assets/pokopia_image_sources/item_portraits/1038-title-screen.png,https://pokopiadex.com/images/items/item_ui/title-screen.png,image/png,27873,70466d74e5534e6c6f002bdc31075c623a73a33ece671eeedd2562a10d148906,ok,
1039,placeable_item,974,♪ Pallet Town Theme,pallet-town-theme,"Music CD #2. If you have a music player, you can listen to a tune for a tranquil town.",Other,[],"[""Dig shiny dirt spot""]",,in-collection,Music CDs,music_cds_order,2,,,,,,,,[],[2229],https://pokopiadex.com/images/items/item_ui/pallet-town-theme.png,[],https://pokopiadex.com/items/pallet-town-theme,pokopiadex_items_in_collection,1039-pallet-town-theme.png,assets/pokopia_image_sources/item_portraits/1039-pallet-town-theme.png,https://pokopiadex.com/images/items/item_ui/pallet-town-theme.png,image/png,27873,70466d74e5534e6c6f002bdc31075c623a73a33ece671eeedd2562a10d148906,ok,
1040,placeable_item,1962,♪ Professor Oak's Laboratory,professor-oaks-laboratory,"Music CD #3. If you have a music player, you can listen to a tune that reminds you of research!",Other,[],"[""Dig shiny dirt spot""]",,in-collection,Music CDs,music_cds_order,3,,,,,,,,[],[2229],https://pokopiadex.com/images/items/item_ui/professor-oaks-laboratory.png,[],https://pokopiadex.com/items/professor-oaks-laboratory,pokopiadex_items_in_collection,1040-professor-oaks-laboratory.png,assets/pokopia_image_sources/item_portraits/1040-professor-oaks-laboratory.png,https://pokopiadex.com/images/items/item_ui/professor-oaks-laboratory.png,image/png,27873,70466d74e5534e6c6f002bdc31075c623a73a33ece671eeedd2562a10d148906,ok,
1041,placeable_item,1963,♪ Road to Viridian City,road-to-viridian-city,"Music CD #4. If you have a music player, you can listen to an uplifting tune.",Other,[],"[""Dig shiny dirt spot""]",,in-collection,Music CDs,music_cds_order,4,,,,,,,,[],[2229],https://pokopiadex.com/images/items/item_ui/road-to-viridian-city.png,[],https://pokopiadex.com/items/road-to-viridian-city,pokopiadex_items_in_collection,1041-road-to-viridian-city.png,assets/pokopia_image_sources/item_portraits/1041-road-to-viridian-city.png,https://pokopiadex.com/images/items/item_ui/road-to-viridian-city.png,image/png,27873,70466d74e5534e6c6f002bdc31075c623a73a33ece671eeedd2562a10d148906,ok,
1042,placeable_item,1964,♪ Pewter City Theme,pewter-city-theme,"Music CD #5. If you have a music player, you can listen to a tune for a bustling town.",Other,[],"[""In Museum of Rocky Ridges""]",,in-collection,Music CDs,music_cds_order,5,,,,,,,,[],[2229],https://pokopiadex.com/images/items/item_ui/pewter-city-theme.png,[],https://pokopiadex.com/items/pewter-city-theme,pokopiadex_items_in_collection,1042-pewter-city-theme.png,assets/pokopia_image_sources/item_portraits/1042-pewter-city-theme.png,https://pokopiadex.com/images/items/item_ui/pewter-city-theme.png,image/png,27873,70466d74e5534e6c6f002bdc31075c623a73a33ece671eeedd2562a10d148906,ok,
1043,placeable_item,677,♪ Pokémon Center,pokemon-center,"Music CD #6. If you have a music player, you can listen to a tune that puts your mind at ease.",Other,[],"[""Inspect bookcase in half-built house on hill east of Pokemon Center in Withered Wasteland""]",,in-collection,Music CDs,music_cds_order,6,,,,,,,,[],[2229],https://pokopiadex.com/images/items/item_ui/pokemon-center.png,[],https://pokopiadex.com/items/pokemon-center,pokopiadex_items_in_collection,1043-pokemon-center.png,assets/pokopia_image_sources/item_portraits/1043-pokemon-center.png,https://pokopiadex.com/images/items/item_ui/pokemon-center.png,image/png,27873,70466d74e5534e6c6f002bdc31075c623a73a33ece671eeedd2562a10d148906,ok,
1044,placeable_item,1965,♪ Caves of Mt. Moon,caves-of-mt-moon,"Music CD #7. If you have a music player, you can listen to a mystifying tune.",Other,[],"[""Dig shiny dirt spot""]",,in-collection,Music CDs,music_cds_order,7,,,,,,,,[],[2229],https://pokopiadex.com/images/items/item_ui/caves-of-mt-moon.png,[],https://pokopiadex.com/items/caves-of-mt-moon,pokopiadex_items_in_collection,1044-caves-of-mt-moon.png,assets/pokopia_image_sources/item_portraits/1044-caves-of-mt-moon.png,https://pokopiadex.com/images/items/item_ui/caves-of-mt-moon.png,image/png,27873,70466d74e5534e6c6f002bdc31075c623a73a33ece671eeedd2562a10d148906,ok,
1045,placeable_item,1966,♪ Road to Cerulean City,road-to-cerulean-city,"Music CD #8. If you have a music player, you can listen to a lighthearted tune.",Other,[],"[""Dig shiny dirt spot""]",,in-collection,Music CDs,music_cds_order,8,,,,,,,,[],[2229],https://pokopiadex.com/images/items/item_ui/road-to-cerulean-city.png,[],https://pokopiadex.com/items/road-to-cerulean-city,pokopiadex_items_in_collection,1045-road-to-cerulean-city.png,assets/pokopia_image_sources/item_portraits/1045-road-to-cerulean-city.png,https://pokopiadex.com/images/items/item_ui/road-to-cerulean-city.png,image/png,27873,70466d74e5534e6c6f002bdc31075c623a73a33ece671eeedd2562a10d148906,ok,
1046,placeable_item,1967,♪ Fuchsia City Theme,fuchsia-city-theme,"Music CD #9. If you have a music player, you can listen to a tune for a refreshing town.",Other,[],"[""Dig shiny dirt spot""]",,in-collection,Music CDs,music_cds_order,9,,,,,,,,[],[2229],https://pokopiadex.com/images/items/item_ui/fuchsia-city-theme.png,[],https://pokopiadex.com/items/fuchsia-city-theme,pokopiadex_items_in_collection,1046-fuchsia-city-theme.png,assets/pokopia_image_sources/item_portraits/1046-fuchsia-city-theme.png,https://pokopiadex.com/images/items/item_ui/fuchsia-city-theme.png,image/png,27873,70466d74e5534e6c6f002bdc31075c623a73a33ece671eeedd2562a10d148906,ok,
1047,placeable_item,1968,♪ Pokémon Gym,pokemon-gym,"Music CD #10. If you have a music player, you can listen to a powerful tune.",Other,[],"[""Dig shiny dirt spot""]",,in-collection,Music CDs,music_cds_order,10,,,,,,,,[],[2229],https://pokopiadex.com/images/items/item_ui/pokemon-gym.png,[],https://pokopiadex.com/items/pokemon-gym,pokopiadex_items_in_collection,1047-pokemon-gym.png,assets/pokopia_image_sources/item_portraits/1047-pokemon-gym.png,https://pokopiadex.com/images/items/item_ui/pokemon-gym.png,image/png,27873,70466d74e5534e6c6f002bdc31075c623a73a33ece671eeedd2562a10d148906,ok,
1048,placeable_item,641,♪ Road to Bill,road-to-bill,"Music CD #11. If you have a music player, you can listen to a valiant tune.",Other,[],"[""Dig shiny dirt spot""]",,in-collection,Music CDs,music_cds_order,11,,,,,,,,[],[2229],https://pokopiadex.com/images/items/item_ui/road-to-bill.png,[],https://pokopiadex.com/items/road-to-bill,pokopiadex_items_in_collection,1048-road-to-bill.png,assets/pokopia_image_sources/item_portraits/1048-road-to-bill.png,https://pokopiadex.com/images/items/item_ui/road-to-bill.png,image/png,27873,70466d74e5534e6c6f002bdc31075c623a73a33ece671eeedd2562a10d148906,ok,
1049,placeable_item,1969,♪ Vermilion City Theme,vermilion-city-theme,"Music CD #12. If you have a music player, you can listen to a tune for a town chock-full of energy.",Other,[],"[""Log cabin in southeast of Bleak Beach""]",,in-collection,Music CDs,music_cds_order,12,,,,,,,,[],[2229],https://pokopiadex.com/images/items/item_ui/vermilion-city-theme.png,[],https://pokopiadex.com/items/vermilion-city-theme,pokopiadex_items_in_collection,1049-vermilion-city-theme.png,assets/pokopia_image_sources/item_portraits/1049-vermilion-city-theme.png,https://pokopiadex.com/images/items/item_ui/vermilion-city-theme.png,image/png,27873,70466d74e5534e6c6f002bdc31075c623a73a33ece671eeedd2562a10d148906,ok,
1050,placeable_item,1970,♪ The S.S. Anne,the-s-s-anne,"Music CD #13. If you have a music player, you can listen to a tune that reminds you of luxury.",Other,[],"[""Dig shiny dirt spot""]",,in-collection,Music CDs,music_cds_order,13,,,,,,,,[],[2229],https://pokopiadex.com/images/items/item_ui/the-s-s-anne.png,[],https://pokopiadex.com/items/the-s-s-anne,pokopiadex_items_in_collection,1050-the-s-s-anne.png,assets/pokopia_image_sources/item_portraits/1050-the-s-s-anne.png,https://pokopiadex.com/images/items/item_ui/the-s-s-anne.png,image/png,27873,70466d74e5534e6c6f002bdc31075c623a73a33ece671eeedd2562a10d148906,ok,
1051,placeable_item,1971,♪ Rocket Hideout,rocket-hideout,"Music CD #14. If you have a music player, you can listen to a terrifying tune.",Other,[],"[""Dig shiny dirt spot""]",,in-collection,Music CDs,music_cds_order,14,,,,,,,,[],[2229],https://pokopiadex.com/images/items/item_ui/rocket-hideout.png,[],https://pokopiadex.com/items/rocket-hideout,pokopiadex_items_in_collection,1051-rocket-hideout.png,assets/pokopia_image_sources/item_portraits/1051-rocket-hideout.png,https://pokopiadex.com/images/items/item_ui/rocket-hideout.png,image/png,27873,70466d74e5534e6c6f002bdc31075c623a73a33ece671eeedd2562a10d148906,ok,
1052,placeable_item,1972,♪ Silph Co.,silph-co,"Music CD #15. If you have a music player, you can listen to a suspicious tune.",Other,[],"[""Dig shiny dirt spot""]",,in-collection,Music CDs,music_cds_order,15,,,,,,,,[],[2229],https://pokopiadex.com/images/items/item_ui/silph-co.png,[],https://pokopiadex.com/items/silph-co,pokopiadex_items_in_collection,1052-silph-co.png,assets/pokopia_image_sources/item_portraits/1052-silph-co.png,https://pokopiadex.com/images/items/item_ui/silph-co.png,image/png,27873,70466d74e5534e6c6f002bdc31075c623a73a33ece671eeedd2562a10d148906,ok,
1053,placeable_item,1973,♪ Battle! (Gym Leader Battle),battle-gym-leader-battle,"Music CD #16. If you have a music player, you can listen to a heart-pumping tune.",Other,[],"[""Dig shiny dirt spot""]",,in-collection,Music CDs,music_cds_order,16,,,,,,,,[],[2229],https://pokopiadex.com/images/items/item_ui/battle-gym-leader-battle.png,[],https://pokopiadex.com/items/battle-gym-leader-battle,pokopiadex_items_in_collection,1053-battle-gym-leader-battle.png,assets/pokopia_image_sources/item_portraits/1053-battle-gym-leader-battle.png,https://pokopiadex.com/images/items/item_ui/battle-gym-leader-battle.png,image/png,27873,70466d74e5534e6c6f002bdc31075c623a73a33ece671eeedd2562a10d148906,ok,
1054,placeable_item,1974,♪ Union Cave,union-cave,"Music CD #17. If you have a music player, you can listen to an eerie tune.",Other,[],"[""Dig shiny dirt spot""]",,in-collection,Music CDs,music_cds_order,17,,,,,,,,[],[2229],https://pokopiadex.com/images/items/item_ui/union-cave.png,[],https://pokopiadex.com/items/union-cave,pokopiadex_items_in_collection,1054-union-cave.png,assets/pokopia_image_sources/item_portraits/1054-union-cave.png,https://pokopiadex.com/images/items/item_ui/union-cave.png,image/png,27463,b03b93b4b77428f4422eead46cb1118820eff7b01584c552bae2688c4e8aee8e,ok,
1055,placeable_item,1975,♪ Ecruteak City,ecruteak-city,Music CD #18.,Other,[],"[""Dig shiny dirt spot""]",,in-collection,Music CDs,music_cds_order,18,,,,,,,,[],[2229],https://pokopiadex.com/images/items/item_ui/ecruteak-city.png,[],https://pokopiadex.com/items/ecruteak-city,pokopiadex_items_in_collection,1055-ecruteak-city.png,assets/pokopia_image_sources/item_portraits/1055-ecruteak-city.png,https://pokopiadex.com/images/items/item_ui/ecruteak-city.png,image/png,27463,b03b93b4b77428f4422eead46cb1118820eff7b01584c552bae2688c4e8aee8e,ok,
1056,placeable_item,1976,♪ Bell Tower,bell-tower,"Music CD #19. If you have a music player, you can listen to a dignified tune.",Other,[],"[""Dig shiny dirt spot""]",,in-collection,Music CDs,music_cds_order,19,,,,,,,,[],[2229],https://pokopiadex.com/images/items/item_ui/bell-tower.png,[],https://pokopiadex.com/items/bell-tower,pokopiadex_items_in_collection,1056-bell-tower.png,assets/pokopia_image_sources/item_portraits/1056-bell-tower.png,https://pokopiadex.com/images/items/item_ui/bell-tower.png,image/png,27463,b03b93b4b77428f4422eead46cb1118820eff7b01584c552bae2688c4e8aee8e,ok,
1057,placeable_item,1977,♪ Fortree City,fortree-city,"Music CD #20. If you have a music player, you can listen to a low-key tune.",Other,[],"[""Dig shiny dirt spot""]",,in-collection,Music CDs,music_cds_order,20,,,,,,,,[],[2229],https://pokopiadex.com/images/items/item_ui/fortree-city.png,[],https://pokopiadex.com/items/fortree-city,pokopiadex_items_in_collection,1057-fortree-city.png,assets/pokopia_image_sources/item_portraits/1057-fortree-city.png,https://pokopiadex.com/images/items/item_ui/fortree-city.png,image/png,27950,8be279f98b64b7ac030d0d7c2ce2f57ea41f0f95137a044b7ced3f41b78cb776,ok,
1058,placeable_item,1978,♪ Sootopolis City,sootopolis-city,"Music CD #21. If you have a music player, you can listen to a dreamy tune.",Other,[],"[""Dig shiny dirt spot""]",,in-collection,Music CDs,music_cds_order,21,,,,,,,,[],[2229],https://pokopiadex.com/images/items/item_ui/sootopolis-city.png,[],https://pokopiadex.com/items/sootopolis-city,pokopiadex_items_in_collection,1058-sootopolis-city.png,assets/pokopia_image_sources/item_portraits/1058-sootopolis-city.png,https://pokopiadex.com/images/items/item_ui/sootopolis-city.png,image/png,27950,8be279f98b64b7ac030d0d7c2ce2f57ea41f0f95137a044b7ced3f41b78cb776,ok,
1059,placeable_item,975,♪ Route 209 (Day),route-209-day,"Music CD #22. If you have a music player, you can listen to a nostalgic tune.",Other,[],"[""Dig shiny dirt spot""]",,in-collection,Music CDs,music_cds_order,22,,,,,,,,[],[2229],https://pokopiadex.com/images/items/item_ui/route-209-day.png,[],https://pokopiadex.com/items/route-209-day,pokopiadex_items_in_collection,1059-route-209-day.png,assets/pokopia_image_sources/item_portraits/1059-route-209-day.png,https://pokopiadex.com/images/items/item_ui/route-209-day.png,image/png,27457,2f30d51796f798cd14ac211826687853db9811022b8e3fe00c96dd2911909434,ok,
1060,placeable_item,1979,♪ Mt. Coronet,mt-coronet,"Music CD #23. If you have a music player, you can listen to a celestial tune.",Other,[],"[""Dig shiny dirt spot""]",,in-collection,Music CDs,music_cds_order,23,,,,,,,,[],[2229],https://pokopiadex.com/images/items/item_ui/mt-coronet.png,[],https://pokopiadex.com/items/mt-coronet,pokopiadex_items_in_collection,1060-mt-coronet.png,assets/pokopia_image_sources/item_portraits/1060-mt-coronet.png,https://pokopiadex.com/images/items/item_ui/mt-coronet.png,image/png,27457,2f30d51796f798cd14ac211826687853db9811022b8e3fe00c96dd2911909434,ok,
1061,placeable_item,400,♪ Game Corner,game-corner,"Music CD #24. If you have a music player, you can listen to an upbeat, fast-paced tune.",Other,[],"[""Dig shiny dirt spot"",""Inspect CD shelf""]",,in-collection,Music CDs,music_cds_order,24,,,,,,,,[],[2229],https://pokopiadex.com/images/items/item_ui/game-corner.png,[],https://pokopiadex.com/items/game-corner,pokopiadex_items_in_collection,1061-game-corner.png,assets/pokopia_image_sources/item_portraits/1061-game-corner.png,https://pokopiadex.com/images/items/item_ui/game-corner.png,image/png,27457,2f30d51796f798cd14ac211826687853db9811022b8e3fe00c96dd2911909434,ok,
1062,placeable_item,1980,♪ Driftveil City,driftveil-city,"Music CD #25. If you have a music player, you can listen to a nautical tune.",Other,[],"[""Dig shiny dirt spot""]",,in-collection,Music CDs,music_cds_order,25,,,,,,,,[],[2229],https://pokopiadex.com/images/items/item_ui/driftveil-city.png,[],https://pokopiadex.com/items/driftveil-city,pokopiadex_items_in_collection,1062-driftveil-city.png,assets/pokopia_image_sources/item_portraits/1062-driftveil-city.png,https://pokopiadex.com/images/items/item_ui/driftveil-city.png,image/png,26826,1426177338a712ed8c0d5d47f33980c0c7f36e25de465b18462cde007934e991,ok,
1063,placeable_item,640,♪ Route 10 (Unova),route-10-unova,"Music CD #26. If you have a music player, you can listen to a tense tune.",Other,[],"[""Dig shiny dirt spot""]",,in-collection,Music CDs,music_cds_order,26,,,,,,,,[],[2229],https://pokopiadex.com/images/items/item_ui/route-10-unova.png,[],https://pokopiadex.com/items/route-10-unova,pokopiadex_items_in_collection,1063-route-10-unova.png,assets/pokopia_image_sources/item_portraits/1063-route-10-unova.png,https://pokopiadex.com/images/items/item_ui/route-10-unova.png,image/png,26826,1426177338a712ed8c0d5d47f33980c0c7f36e25de465b18462cde007934e991,ok,
1064,placeable_item,1981,♪ Dress Up With Props,dress-up-with-props,Music CD #27.,Other,[],"[""Dig shiny dirt spot""]",,in-collection,Music CDs,music_cds_order,27,,,,,,,,[],[2229],https://pokopiadex.com/images/items/item_ui/dress-up-with-props.png,[],https://pokopiadex.com/items/dress-up-with-props,pokopiadex_items_in_collection,1064-dress-up-with-props.png,assets/pokopia_image_sources/item_portraits/1064-dress-up-with-props.png,https://pokopiadex.com/images/items/item_ui/dress-up-with-props.png,image/png,26826,1426177338a712ed8c0d5d47f33980c0c7f36e25de465b18462cde007934e991,ok,
1065,placeable_item,1982,♪ Snowbelle City,snowbelle-city,"Music CD #28. If you have a music player, you can listen to a melancholy tune.",Other,[],"[""Dig shiny dirt spot""]",,in-collection,Music CDs,music_cds_order,28,,,,,,,,[],[2229],https://pokopiadex.com/images/items/item_ui/snowbelle-city.png,[],https://pokopiadex.com/items/snowbelle-city,pokopiadex_items_in_collection,1065-snowbelle-city.png,assets/pokopia_image_sources/item_portraits/1065-snowbelle-city.png,https://pokopiadex.com/images/items/item_ui/snowbelle-city.png,image/png,28181,c95a73900c984e2fa26e1da39b62f204fc5f19bf0fdcbee4b3cd27feb2f0755e,ok,
1066,placeable_item,1983,♪ Boutique,boutique,Music CD #29.,Other,[],"[""Dig shiny dirt spot""]",,in-collection,Music CDs,music_cds_order,29,,,,,,,,[],[2229],https://pokopiadex.com/images/items/item_ui/boutique.png,[],https://pokopiadex.com/items/boutique,pokopiadex_items_in_collection,1066-boutique.png,assets/pokopia_image_sources/item_portraits/1066-boutique.png,https://pokopiadex.com/images/items/item_ui/boutique.png,image/png,28181,c95a73900c984e2fa26e1da39b62f204fc5f19bf0fdcbee4b3cd27feb2f0755e,ok,
1067,placeable_item,1984,♪ Super Training!,super-training,"Music CD #30. If you have a music player, you can listen to an energetic tune.",Other,[],"[""Dig shiny dirt spot""]",,in-collection,Music CDs,music_cds_order,30,,,,,,,,[],[2229],https://pokopiadex.com/images/items/item_ui/super-training.png,[],https://pokopiadex.com/items/super-training,pokopiadex_items_in_collection,1067-super-training.png,assets/pokopia_image_sources/item_portraits/1067-super-training.png,https://pokopiadex.com/images/items/item_ui/super-training.png,image/png,28181,c95a73900c984e2fa26e1da39b62f204fc5f19bf0fdcbee4b3cd27feb2f0755e,ok,
1068,placeable_item,1985,♪ Contest Spectacular,contest-spectacular,"Music CD #31. If you have a music player, you can listen to a fun tune.",Other,[],"[""Dig shiny dirt spot""]",,in-collection,Music CDs,music_cds_order,31,,,,,,,,[],[2229],https://pokopiadex.com/images/items/item_ui/contest-spectacular.png,[],https://pokopiadex.com/items/contest-spectacular,pokopiadex_items_in_collection,1068-contest-spectacular.png,assets/pokopia_image_sources/item_portraits/1068-contest-spectacular.png,https://pokopiadex.com/images/items/item_ui/contest-spectacular.png,image/png,28181,c95a73900c984e2fa26e1da39b62f204fc5f19bf0fdcbee4b3cd27feb2f0755e,ok,
1069,placeable_item,976,♪ Hau'oli City (Day),hauoli-city-day,"Music CD #32. If you have a music player, you can listen to a tropical tune.",Other,[],"[""Dig shiny dirt spot""]",,in-collection,Music CDs,music_cds_order,32,,,,,,,,[],[2229],https://pokopiadex.com/images/items/item_ui/hauoli-city-day.png,[],https://pokopiadex.com/items/hauoli-city-day,pokopiadex_items_in_collection,1069-hauoli-city-day.png,assets/pokopia_image_sources/item_portraits/1069-hauoli-city-day.png,https://pokopiadex.com/images/items/item_ui/hauoli-city-day.png,image/png,27784,75858d6dfe787cedccd88ae7e0fbf004dbcac310ce37831f464d1af72fb06fba,ok,
1070,placeable_item,884,♪ Aether Paradise,aether-paradise,"Music CD #33. If you have a music player, you can listen to a mysterious tune.",Other,[],"[""Dig shiny dirt spot""]",,in-collection,Music CDs,music_cds_order,33,,,,,,,,[],[2229],https://pokopiadex.com/images/items/item_ui/aether-paradise.png,[],https://pokopiadex.com/items/aether-paradise,pokopiadex_items_in_collection,1070-aether-paradise.png,assets/pokopia_image_sources/item_portraits/1070-aether-paradise.png,https://pokopiadex.com/images/items/item_ui/aether-paradise.png,image/png,27784,75858d6dfe787cedccd88ae7e0fbf004dbcac310ce37831f464d1af72fb06fba,ok,
1071,placeable_item,1986,♪ Ultra Ruin,ultra-ruin,"Music CD #34. If you have a music player, you can listen to a tune full of static and jumbled noises.",Other,[],"[""Dig shiny dirt spot""]",,in-collection,Music CDs,music_cds_order,34,,,,,,,,[],[2229],https://pokopiadex.com/images/items/item_ui/ultra-ruin.png,[],https://pokopiadex.com/items/ultra-ruin,pokopiadex_items_in_collection,1071-ultra-ruin.png,assets/pokopia_image_sources/item_portraits/1071-ultra-ruin.png,https://pokopiadex.com/images/items/item_ui/ultra-ruin.png,image/png,27784,75858d6dfe787cedccd88ae7e0fbf004dbcac310ce37831f464d1af72fb06fba,ok,
1072,placeable_item,1987,♪ Wild Area (North),wild-area-north,"Music CD #35. If you have a music player, you can listen to a dynamic tune.",Other,[],"[""Dig shiny dirt spot""]",,in-collection,Music CDs,music_cds_order,35,,,,,,,,[],[2229],https://pokopiadex.com/images/items/item_ui/wild-area-north.png,[],https://pokopiadex.com/items/wild-area-north,pokopiadex_items_in_collection,1072-wild-area-north.png,assets/pokopia_image_sources/item_portraits/1072-wild-area-north.png,https://pokopiadex.com/images/items/item_ui/wild-area-north.png,image/png,27998,d36ff029c60a07cb866ddc344306e95494c14d39a0f7a8353864f99c08606a17,ok,
1073,placeable_item,1988,♪ Wyndon,wyndon,Music CD #36.,Other,[],"[""Dig shiny dirt spot""]",,in-collection,Music CDs,music_cds_order,36,,,,,,,,[],[2229],https://pokopiadex.com/images/items/item_ui/wyndon.png,[],https://pokopiadex.com/items/wyndon,pokopiadex_items_in_collection,1073-wyndon.png,assets/pokopia_image_sources/item_portraits/1073-wyndon.png,https://pokopiadex.com/images/items/item_ui/wyndon.png,image/png,27998,d36ff029c60a07cb866ddc344306e95494c14d39a0f7a8353864f99c08606a17,ok,
1074,placeable_item,1989,♪ Rose Tower,rose-tower,"Music CD #37. If you have a music player, you can listen to a high-tempo tune.",Other,[],"[""Dig shiny dirt spot""]",,in-collection,Music CDs,music_cds_order,37,,,,,,,,[],[2229],https://pokopiadex.com/images/items/item_ui/rose-tower.png,[],https://pokopiadex.com/items/rose-tower,pokopiadex_items_in_collection,1074-rose-tower.png,assets/pokopia_image_sources/item_portraits/1074-rose-tower.png,https://pokopiadex.com/images/items/item_ui/rose-tower.png,image/png,27998,d36ff029c60a07cb866ddc344306e95494c14d39a0f7a8353864f99c08606a17,ok,
1075,placeable_item,977,♪ Battle! (Gym Leader) 1,battle-gym-leader-1,"Music CD #38. If you have a music player, you can listen to an invigorating tune.",Other,[],"[""Dig shiny dirt spot""]",,in-collection,Music CDs,music_cds_order,38,,,,,,,,[],[2229],https://pokopiadex.com/images/items/item_ui/battle-gym-leader-1.png,[],https://pokopiadex.com/items/battle-gym-leader-1,pokopiadex_items_in_collection,1075-battle-gym-leader-1.png,assets/pokopia_image_sources/item_portraits/1075-battle-gym-leader-1.png,https://pokopiadex.com/images/items/item_ui/battle-gym-leader-1.png,image/png,27998,d36ff029c60a07cb866ddc344306e95494c14d39a0f7a8353864f99c08606a17,ok,
1076,placeable_item,1990,♪ Jubilife Village,jubilife-village,"Music CD #39. If you have a music player, you can listen to a warm, nostalgic tune.",Other,[],"[""Dig shiny dirt spot""]",,in-collection,Music CDs,music_cds_order,39,,,,,,,,[],[2229],https://pokopiadex.com/images/items/item_ui/jubilife-village.png,[],https://pokopiadex.com/items/jubilife-village,pokopiadex_items_in_collection,1076-jubilife-village.png,assets/pokopia_image_sources/item_portraits/1076-jubilife-village.png,https://pokopiadex.com/images/items/item_ui/jubilife-village.png,image/png,27119,6beea80015cd13c9baf3007f5e92e88bb981025d4c9ccfcdf6c47e0191c32094,ok,
1077,placeable_item,336,♪ South Province,south-province,"Music CD #40. If you have a music player, you can listen to a magnificent tune.",Other,[],"[""Dig shiny dirt spot""]",,in-collection,Music CDs,music_cds_order,40,,,,,,,,[],[2229],https://pokopiadex.com/images/items/item_ui/south-province.png,[],https://pokopiadex.com/items/south-province,pokopiadex_items_in_collection,1077-south-province.png,assets/pokopia_image_sources/item_portraits/1077-south-province.png,https://pokopiadex.com/images/items/item_ui/south-province.png,image/png,27643,a5319896389b76f22fa254ef5279f76ed28e6ecded79f22e433ef3bc514e892d,ok,
1078,placeable_item,1991,♪ The Academy,the-academy,Music CD #41.,Other,[],"[""Dig shiny dirt spot""]",,in-collection,Music CDs,music_cds_order,41,,,,,,,,[],[2229],https://pokopiadex.com/images/items/item_ui/the-academy.png,[],https://pokopiadex.com/items/the-academy,pokopiadex_items_in_collection,1078-the-academy.png,assets/pokopia_image_sources/item_portraits/1078-the-academy.png,https://pokopiadex.com/images/items/item_ui/the-academy.png,image/png,27643,a5319896389b76f22fa254ef5279f76ed28e6ecded79f22e433ef3bc514e892d,ok,
1079,placeable_item,978,♪ Area Zero,area-zero,"Music CD #42. If you have a music player, you can listen to a tune that feels special somehow.",Other,[],"[""Dig shiny dirt spot""]",,in-collection,Music CDs,music_cds_order,42,,,,,,,,[],[2229],https://pokopiadex.com/images/items/item_ui/area-zero.png,[],https://pokopiadex.com/items/area-zero,pokopiadex_items_in_collection,1079-area-zero.png,assets/pokopia_image_sources/item_portraits/1079-area-zero.png,https://pokopiadex.com/images/items/item_ui/area-zero.png,image/png,27643,a5319896389b76f22fa254ef5279f76ed28e6ecded79f22e433ef3bc514e892d,ok,
1080,placeable_item,1992,♪ Battle! (Gym Leader) 2,battle-gym-leader-2,"Music CD #43. If you have a music player, you can listen to a tune that fills you with courage.",Other,[],"[""Dig shiny dirt spot""]",,in-collection,Music CDs,music_cds_order,43,,,,,,,,[],[2229],https://pokopiadex.com/images/items/item_ui/battle-gym-leader-2.png,[],https://pokopiadex.com/items/battle-gym-leader-2,pokopiadex_items_in_collection,1080-battle-gym-leader-2.png,assets/pokopia_image_sources/item_portraits/1080-battle-gym-leader-2.png,https://pokopiadex.com/images/items/item_ui/battle-gym-leader-2.png,image/png,27643,a5319896389b76f22fa254ef5279f76ed28e6ecded79f22e433ef3bc514e892d,ok,
1081,placeable_item,920,Nugget,nugget,It's made of pure gold that gives off a lustrous gleam. Try hanging it up in a frame!,Other,[],"[""Appraise Small lost relic""]",,in-collection,Lost Relics (S),lost_relics_s_order,1,,,,,,,,[],"[2229,2231]",https://pokopiadex.com/images/items/item_ui/nugget.png,[],https://pokopiadex.com/items/nugget,pokopiadex_items_in_collection,1081-nugget.png,assets/pokopia_image_sources/item_portraits/1081-nugget.png,https://pokopiadex.com/images/items/item_ui/nugget.png,image/png,83757,c9dad387975bf45e1b5bead56defdc50b7b5dc4bab4718663d8c6ce41ab7e072,ok,
1082,placeable_item,1945,Silver Bottle Cap,silver-bottle-cap,A lovely silver bottle cap. Try hanging it up in a frame!,Other,[],"[""Appraise Small lost relic""]",,in-collection,Lost Relics (S),lost_relics_s_order,2,,,,,,,,[],"[2229,2231]",https://pokopiadex.com/images/items/item_ui/silver-bottle-cap.png,[],https://pokopiadex.com/items/silver-bottle-cap,pokopiadex_items_in_collection,1082-silver-bottle-cap.png,assets/pokopia_image_sources/item_portraits/1082-silver-bottle-cap.png,https://pokopiadex.com/images/items/item_ui/silver-bottle-cap.png,image/png,89385,6fa3d209255cc8725a4e8ed0543bca7c53472860a8ee9384b17d78ea29bfe646,ok,
1083,placeable_item,921,Gold Bottle Cap,gold-bottle-cap,A lovely gold bottle cap. Try hanging it up in a frame!,Other,[],"[""Appraise Small lost relic""]",,in-collection,Lost Relics (S),lost_relics_s_order,3,,,,,,,,[],"[2229,2231]",https://pokopiadex.com/images/items/item_ui/gold-bottle-cap.png,[],https://pokopiadex.com/items/gold-bottle-cap,pokopiadex_items_in_collection,1083-gold-bottle-cap.png,assets/pokopia_image_sources/item_portraits/1083-gold-bottle-cap.png,https://pokopiadex.com/images/items/item_ui/gold-bottle-cap.png,image/png,98469,505195fdfa1787051c9baacf2d0a651479c446024da0058dc75edd7ee89f2097,ok,
1084,placeable_item,1953,Rare Bone,rare-bone,,Other,[],"[""Appraise Small lost relic""]",,in-collection,Lost Relics (S),lost_relics_s_order,4,,,,,,,,[],[],https://pokopiadex.com/images/items/item_ui/rare-bone.png,[],https://pokopiadex.com/items/rare-bone,pokopiadex_items_in_collection,1084-rare-bone.png,assets/pokopia_image_sources/item_portraits/1084-rare-bone.png,https://pokopiadex.com/images/items/item_ui/rare-bone.png,image/png,85010,a8f18fd485ee35e37f8c4ab7cf742addc618a3c4c0c774012967bee8c95b47e7,ok,
1085,placeable_item,922,Heart Scale,heart-scale,An extremely rare scale. Try hanging it up in a frame!,Other,[],"[""Appraise Small lost relic""]",,in-collection,Lost Relics (S),lost_relics_s_order,5,,,,,,,,[],[2204],https://pokopiadex.com/images/items/item_ui/heart-scale.png,[],https://pokopiadex.com/items/heart-scale,pokopiadex_items_in_collection,1085-heart-scale.png,assets/pokopia_image_sources/item_portraits/1085-heart-scale.png,https://pokopiadex.com/images/items/item_ui/heart-scale.png,image/png,87574,427f5716a0adc1df7f66d8033c3221bca588c97c49146956080a4d551f1fda75,ok,
1086,placeable_item,923,Miracle Seed,miracle-seed,A seed imbued with life force. Try hanging it up in a frame!,Other,[],"[""Appraise Small lost relic""]",,in-collection,Lost Relics (S),lost_relics_s_order,6,,,,,,,,[],[2219],https://pokopiadex.com/images/items/item_ui/miracle-seed.png,[],https://pokopiadex.com/items/miracle-seed,pokopiadex_items_in_collection,1086-miracle-seed.png,assets/pokopia_image_sources/item_portraits/1086-miracle-seed.png,https://pokopiadex.com/images/items/item_ui/miracle-seed.png,image/png,92222,4e968296c56bda0c0fd75e24679d070e35794fb2013ef914ff1cd885548575dc,ok,
1087,placeable_item,924,Hard Stone,hard-stone,An unbreakable stone. Try hanging it up in a frame!,Other,[],"[""Appraise Small lost relic""]",,in-collection,Lost Relics (S),lost_relics_s_order,7,,,,,,,,[],[],https://pokopiadex.com/images/items/item_ui/hard-stone.png,[],https://pokopiadex.com/items/hard-stone,pokopiadex_items_in_collection,1087-hard-stone.png,assets/pokopia_image_sources/item_portraits/1087-hard-stone.png,https://pokopiadex.com/images/items/item_ui/hard-stone.png,image/png,60018,adedf9951ef526819cb05a5f53db9f2dee8e5f0d513eb454deba0c5e6378b77e,ok,
1088,placeable_item,1946,Mystic Water,mystic-water,A teardrop-shaped gem. Try hanging it up in a frame!,Other,[],"[""Appraise Small lost relic""]",,in-collection,Lost Relics (S),lost_relics_s_order,8,,,,,,,,[],[2220],https://pokopiadex.com/images/items/item_ui/mystic-water.png,[],https://pokopiadex.com/items/mystic-water,pokopiadex_items_in_collection,1088-mystic-water.png,assets/pokopia_image_sources/item_portraits/1088-mystic-water.png,https://pokopiadex.com/images/items/item_ui/mystic-water.png,image/png,91925,f0b78a7320e7685075dbd1d414a64512c35d630c9dfc8a3ea0441a879652596c,ok,
1089,placeable_item,925,Metal Coat,metal-coat,A special metallic coating. Try hanging it up in a frame!,Other,[],"[""Appraise Small lost relic""]",,in-collection,Lost Relics (S),lost_relics_s_order,9,,,,,,,,[],[],https://pokopiadex.com/images/items/item_ui/metal-coat.png,[],https://pokopiadex.com/items/metal-coat,pokopiadex_items_in_collection,1089-metal-coat.png,assets/pokopia_image_sources/item_portraits/1089-metal-coat.png,https://pokopiadex.com/images/items/item_ui/metal-coat.png,image/png,100436,f250addaaa9ead389a91d87658fb1864ed3bfb88c89b4f2a35da2be1115c9d6f,ok,
1090,placeable_item,654,Twisted Spoon,twisted-spoon,A spoon imbued with telekinetic energy. Try hanging it up in a frame!,Other,[],"[""Appraise Small lost relic""]",,in-collection,Lost Relics (S),lost_relics_s_order,10,,,,,,,,[],[2239],https://pokopiadex.com/images/items/item_ui/twisted-spoon.png,[],https://pokopiadex.com/items/twisted-spoon,pokopiadex_items_in_collection,1090-twisted-spoon.png,assets/pokopia_image_sources/item_portraits/1090-twisted-spoon.png,https://pokopiadex.com/images/items/item_ui/twisted-spoon.png,image/png,74890,2d2ee1b643f531bd276f6dd62b5a6dbf77727fd4eeb529f925faf0b4ccf20160,ok,
1091,placeable_item,926,Silver Powder,silver-powder,A shiny silver powder. Try hanging it up in a frame!,Other,[],"[""Appraise Small lost relic""]",,in-collection,Lost Relics (S),lost_relics_s_order,11,,,,,,,,[],[2219],https://pokopiadex.com/images/items/item_ui/silver-powder.png,[],https://pokopiadex.com/items/silver-powder,pokopiadex_items_in_collection,1091-silver-powder.png,assets/pokopia_image_sources/item_portraits/1091-silver-powder.png,https://pokopiadex.com/images/items/item_ui/silver-powder.png,image/png,92293,38493b3511b9ddc4cb1795d417339c6ec9608090eef623b202ff9089fbb83e82,ok,
1092,placeable_item,972,Black Glasses,black-glasses,A pair of shady-looking glasses. Try hanging them up in a frame!,Other,[],"[""Appraise Small lost relic""]",,in-collection,Lost Relics (S),lost_relics_s_order,12,,,,,,,,[],[],https://pokopiadex.com/images/items/item_ui/black-glasses.png,[],https://pokopiadex.com/items/black-glasses,pokopiadex_items_in_collection,1092-black-glasses.png,assets/pokopia_image_sources/item_portraits/1092-black-glasses.png,https://pokopiadex.com/images/items/item_ui/black-glasses.png,image/png,82744,99f5829c72b9d0719056476b1492316b3e01c39ac0edc5202bc37860cf50f808,ok,
1093,placeable_item,927,Black Belt,black-belt,A thin black belt. Try hanging it up in a frame!,Other,[],"[""Appraise Small lost relic""]",,in-collection,Lost Relics (S),lost_relics_s_order,13,,,,,,,,[],[],https://pokopiadex.com/images/items/item_ui/black-belt.png,[],https://pokopiadex.com/items/black-belt,pokopiadex_items_in_collection,1093-black-belt.png,assets/pokopia_image_sources/item_portraits/1093-black-belt.png,https://pokopiadex.com/images/items/item_ui/black-belt.png,image/png,77000,379b22c182cdf1046336f0f09da4c609e00be7ebcd3f269ab183d7e09c5752f7,ok,
1094,placeable_item,928,Silk Scarf,silk-scarf,A sumptuous scarf. Try hanging it up in a frame!,Other,[],"[""Appraise Small lost relic""]",,in-collection,Lost Relics (S),lost_relics_s_order,14,,,,,,,,[],[2208],https://pokopiadex.com/images/items/item_ui/silk-scarf.png,[],https://pokopiadex.com/items/silk-scarf,pokopiadex_items_in_collection,1094-silk-scarf.png,assets/pokopia_image_sources/item_portraits/1094-silk-scarf.png,https://pokopiadex.com/images/items/item_ui/silk-scarf.png,image/png,102199,a1da1309025a03a549c164c9308d06045915e4d434138944c391fa826eb5d57c,ok,
1095,placeable_item,929,Sharp Beak,sharp-beak,"A long, sharp beak. Try hanging it up in a frame!",Other,[],"[""Appraise Small lost relic""]",,in-collection,Lost Relics (S),lost_relics_s_order,15,,,,,,,,[],[],https://pokopiadex.com/images/items/item_ui/sharp-beak.png,[],https://pokopiadex.com/items/sharp-beak,pokopiadex_items_in_collection,1095-sharp-beak.png,assets/pokopia_image_sources/item_portraits/1095-sharp-beak.png,https://pokopiadex.com/images/items/item_ui/sharp-beak.png,image/png,134052,c990a2aff281f0f2515a2f8ef0bf60d11e938d63cdeef86bf7171f076011a20b,ok,
1096,placeable_item,655,Poison Barb,poison-barb,A small poisonous barb. Try hanging it up in a frame!,Other,[],"[""Appraise Small lost relic""]",,in-collection,Lost Relics (S),lost_relics_s_order,16,,,,,,,,[],[],https://pokopiadex.com/images/items/item_ui/poison-barb.png,[],https://pokopiadex.com/items/poison-barb,pokopiadex_items_in_collection,1096-poison-barb.png,assets/pokopia_image_sources/item_portraits/1096-poison-barb.png,https://pokopiadex.com/images/items/item_ui/poison-barb.png,image/png,87761,418646dee7198cf62cf8cb16e651c2ab2b4bf23caa33418670858c243616ff00,ok,
1097,placeable_item,1947,Never-Melt Ice,never-melt-ice,A heat-repelling piece of ice. Try hanging it up in a frame!,Other,[],"[""Appraise Small lost relic""]",,in-collection,Lost Relics (S),lost_relics_s_order,17,,,,,,,,[],[],https://pokopiadex.com/images/items/item_ui/never-melt-ice.png,[],https://pokopiadex.com/items/never-melt-ice,pokopiadex_items_in_collection,1097-never-melt-ice.png,assets/pokopia_image_sources/item_portraits/1097-never-melt-ice.png,https://pokopiadex.com/images/items/item_ui/never-melt-ice.png,image/png,87493,31850d55d44b91e0db236ef3afaf6daf0f37e6b7dca43400633a77bffd8c4933,ok,
1098,placeable_item,930,Spell Tag,spell-tag,"A sinister, eerie tag. Try hanging it up in a frame!",Other,[],"[""Appraise Small lost relic""]",,in-collection,Lost Relics (S),lost_relics_s_order,18,,,,,,,,[],[2237],https://pokopiadex.com/images/items/item_ui/spell-tag.png,[],https://pokopiadex.com/items/spell-tag,pokopiadex_items_in_collection,1098-spell-tag.png,assets/pokopia_image_sources/item_portraits/1098-spell-tag.png,https://pokopiadex.com/images/items/item_ui/spell-tag.png,image/png,99767,30137f245edc7b901d9352806b25936eef51f6a03ff0a57d7dd719967fe266a7,ok,
1099,placeable_item,931,Charcoal,charcoal,Charcoal made by burning wood. Try hanging it up in a frame!,Other,[],"[""Appraise Small lost relic""]",,in-collection,Lost Relics (S),lost_relics_s_order,19,,,,,,,,[],[2218],https://pokopiadex.com/images/items/item_ui/charcoal.png,[],https://pokopiadex.com/items/charcoal,pokopiadex_items_in_collection,1099-charcoal.png,assets/pokopia_image_sources/item_portraits/1099-charcoal.png,https://pokopiadex.com/images/items/item_ui/charcoal.png,image/png,61939,7cf26b849c112f119e85daee1c5301ea46d54f3b9f3afb2172441d08cff46ed7,ok,
1100,placeable_item,932,Soft Sand,soft-sand,"Loose, silky sand. Try hanging it up in a frame!",Other,[],"[""Appraise Small lost relic""]",,in-collection,Lost Relics (S),lost_relics_s_order,20,,,,,,,,[],[2233],https://pokopiadex.com/images/items/item_ui/soft-sand.png,[],https://pokopiadex.com/items/soft-sand,pokopiadex_items_in_collection,1100-soft-sand.png,assets/pokopia_image_sources/item_portraits/1100-soft-sand.png,https://pokopiadex.com/images/items/item_ui/soft-sand.png,image/png,98245,fa722e027f8c62fc4ddf991d668aa27bc1beca4433a4a7866145920304bd0d46,ok,
1101,placeable_item,933,Fairy Feather,fairy-feather,A feather that gleams faintly when hit by light. Try hanging it up in a frame!,Other,[],"[""Appraise Small lost relic""]",,in-collection,Lost Relics (S),lost_relics_s_order,21,,,,,,,,[],[2204],https://pokopiadex.com/images/items/item_ui/fairy-feather.png,[],https://pokopiadex.com/items/fairy-feather,pokopiadex_items_in_collection,1101-fairy-feather.png,assets/pokopia_image_sources/item_portraits/1101-fairy-feather.png,https://pokopiadex.com/images/items/item_ui/fairy-feather.png,image/png,64719,2cb7b513f016f18b71aa0aa498ff21ceb707a3defa2d358ad1243728e6973a85,ok,
1102,placeable_item,973,Dragon Fang,dragon-fang,"A hard, sharp fang. Try hanging it up in a frame!",Other,[],"[""Appraise Small lost relic""]",,in-collection,Lost Relics (S),lost_relics_s_order,22,,,,,,,,[],[],https://pokopiadex.com/images/items/item_ui/dragon-fang.png,[],https://pokopiadex.com/items/dragon-fang,pokopiadex_items_in_collection,1102-dragon-fang.png,assets/pokopia_image_sources/item_portraits/1102-dragon-fang.png,https://pokopiadex.com/images/items/item_ui/dragon-fang.png,image/png,71628,7aec1e827e2f1f19f4aaaab954cc0f414680025aa16971c130e5fd2a25a70d7e,ok,
1103,placeable_item,934,Leftovers,leftovers,Someone's leftover food. Try hanging it up in a frame!,Other,[],"[""Appraise Small lost relic""]",,in-collection,Lost Relics (S),lost_relics_s_order,23,,,,,,,,[],[2216],https://pokopiadex.com/images/items/item_ui/leftovers.png,[],https://pokopiadex.com/items/leftovers,pokopiadex_items_in_collection,1103-leftovers.png,assets/pokopia_image_sources/item_portraits/1103-leftovers.png,https://pokopiadex.com/images/items/item_ui/leftovers.png,image/png,85061,87541655b61103142f70ad4e1916416ad09a31c8616821df8a2db87ac9240b5d,ok,
1104,placeable_item,1954,Black Sludge,black-sludge,,Other,[],"[""Appraise Small lost relic""]",,in-collection,Lost Relics (S),lost_relics_s_order,24,,,,,,,,[],[],https://pokopiadex.com/images/items/item_ui/black-sludge.png,[],https://pokopiadex.com/items/black-sludge,pokopiadex_items_in_collection,1104-black-sludge.png,assets/pokopia_image_sources/item_portraits/1104-black-sludge.png,https://pokopiadex.com/images/items/item_ui/black-sludge.png,image/png,74756,6229e67c60e89adc7bf5034f3650ab24a9fc706089fb56260821f0f9432e7b52,ok,
1105,placeable_item,935,Lucky Egg,lucky-egg,"A round, white egg. Try hanging it up in a frame!",Other,[],"[""Appraise Small lost relic""]",,in-collection,Lost Relics (S),lost_relics_s_order,25,,,,,,,,[],[2229],https://pokopiadex.com/images/items/item_ui/lucky-egg.png,[],https://pokopiadex.com/items/lucky-egg,pokopiadex_items_in_collection,1105-lucky-egg.png,assets/pokopia_image_sources/item_portraits/1105-lucky-egg.png,https://pokopiadex.com/images/items/item_ui/lucky-egg.png,image/png,77879,3ed6b0d666c03d9d34038a90616f216bbd84cd603692d51901d424f1404cb1c0,ok,
1106,placeable_item,936,Destiny Knot,destiny-knot,"A long, thin, bright-red string. Try hanging it up in a frame!",Other,[],"[""Appraise Small lost relic""]",,in-collection,Lost Relics (S),lost_relics_s_order,26,,,,,,,,[],[],https://pokopiadex.com/images/items/item_ui/destiny-knot.png,[],https://pokopiadex.com/items/destiny-knot,pokopiadex_items_in_collection,1106-destiny-knot.png,assets/pokopia_image_sources/item_portraits/1106-destiny-knot.png,https://pokopiadex.com/images/items/item_ui/destiny-knot.png,image/png,95069,ddded335e624c28600541bfee2424a19a971a31c1f8dc257723d2d4c8d57b336,ok,
1107,placeable_item,937,Life Orb,life-orb,A beautiful red orb. Try hanging it up in a frame!,Other,[],"[""Appraise Small lost relic""]",,in-collection,Lost Relics (S),lost_relics_s_order,27,,,,,,,,[],[2229],https://pokopiadex.com/images/items/item_ui/life-orb.png,[],https://pokopiadex.com/items/life-orb,pokopiadex_items_in_collection,1107-life-orb.png,assets/pokopia_image_sources/item_portraits/1107-life-orb.png,https://pokopiadex.com/images/items/item_ui/life-orb.png,image/png,121207,8982c0b85a9846dfdb67cdaca7fd6521053508f8fe1394453a4e8e4dd812e5b4,ok,
1108,placeable_item,938,Iron Ball,iron-ball,"A round, black iron ball. Try hanging it up in a frame!",Other,[],"[""Appraise Small lost relic""]",,in-collection,Lost Relics (S),lost_relics_s_order,28,,,,,,,,[],"[2213,2229]",https://pokopiadex.com/images/items/item_ui/iron-ball.png,[],https://pokopiadex.com/items/iron-ball,pokopiadex_items_in_collection,1108-iron-ball.png,assets/pokopia_image_sources/item_portraits/1108-iron-ball.png,https://pokopiadex.com/images/items/item_ui/iron-ball.png,image/png,66967,3d036c412c85a19ec1c2b17be98a6e7691e0aff248a68b18254a75007fcad323,ok,
1109,placeable_item,887,Metal Powder,metal-powder,"An extremely fine, yet hard metal powder. Try hanging it up in a frame!",Other,[],"[""Appraise Small lost relic""]",,in-collection,Lost Relics (S),lost_relics_s_order,29,,,,,,,,[],[2231],https://pokopiadex.com/images/items/item_ui/metal-powder.png,[],https://pokopiadex.com/items/metal-powder,pokopiadex_items_in_collection,1109-metal-powder.png,assets/pokopia_image_sources/item_portraits/1109-metal-powder.png,https://pokopiadex.com/images/items/item_ui/metal-powder.png,image/png,102872,9d379d5c6af509ad5c87c35fd280eea4b2fe2148fcf2d100b4d12f9739e72cc2,ok,
1110,placeable_item,939,Big Root,big-root,The root of some plant. Try hanging it up in a frame!,Other,[],"[""Appraise Small lost relic""]",,in-collection,Lost Relics (S),lost_relics_s_order,30,,,,,,,,[],[2219],https://pokopiadex.com/images/items/item_ui/big-root.png,[],https://pokopiadex.com/items/big-root,pokopiadex_items_in_collection,1110-big-root.png,assets/pokopia_image_sources/item_portraits/1110-big-root.png,https://pokopiadex.com/images/items/item_ui/big-root.png,image/png,100824,c029190c7ea6f78f5c71ca1c6796305b94b364429d5101860aefb657ba8d5ad5,ok,
1111,placeable_item,653,Adrenaline Orb,adrenaline-orb,"A round, blue ball. Try hanging it up in a frame!",Other,[],"[""Appraise Small lost relic""]",,in-collection,Lost Relics (S),lost_relics_s_order,31,,,,,,,,[],[2229],https://pokopiadex.com/images/items/item_ui/adrenaline-orb.png,[],https://pokopiadex.com/items/adrenaline-orb,pokopiadex_items_in_collection,1111-adrenaline-orb.png,assets/pokopia_image_sources/item_portraits/1111-adrenaline-orb.png,https://pokopiadex.com/images/items/item_ui/adrenaline-orb.png,image/png,132024,f4b061ba89049759a4a1450c41811306738fcdd5837dfde030355a787afd349b,ok,
1112,placeable_item,940,Weakness Policy,weakness-policy,"A piece of paper with clean, neat writing on it. Try hanging it up in a frame!",Other,[],"[""Appraise Small lost relic""]",,in-collection,Lost Relics (S),lost_relics_s_order,32,,,,,,,,[],[2215],https://pokopiadex.com/images/items/item_ui/weakness-policy.png,[],https://pokopiadex.com/items/weakness-policy,pokopiadex_items_in_collection,1112-weakness-policy.png,assets/pokopia_image_sources/item_portraits/1112-weakness-policy.png,https://pokopiadex.com/images/items/item_ui/weakness-policy.png,image/png,101508,70c8a07c086b484d958c9ad12795bcef9648b743219567884c868b984fdf1752,ok,
1113,placeable_item,941,Terrain Extender,terrain-extender,A spray that looks like it could be dispersed over a wide area. Try hanging it up in a frame!,Other,[],"[""Appraise Small lost relic""]",,in-collection,Lost Relics (S),lost_relics_s_order,33,,,,,,,,[],[],https://pokopiadex.com/images/items/item_ui/terrain-extender.png,[],https://pokopiadex.com/items/terrain-extender,pokopiadex_items_in_collection,1113-terrain-extender.png,assets/pokopia_image_sources/item_portraits/1113-terrain-extender.png,https://pokopiadex.com/images/items/item_ui/terrain-extender.png,image/png,108272,37e9da3b32c7bb02173c9a82a4ebcbd2d1342af82a6a2e7ccf285ab1a74cae48,ok,
1114,placeable_item,1948,Wide Lens,wide-lens,A lens that never gets cloudy. Try hanging it up in a frame!,Other,[],"[""Appraise Small lost relic""]",,in-collection,Lost Relics (S),lost_relics_s_order,34,,,,,,,,[],[],https://pokopiadex.com/images/items/item_ui/wide-lens.png,[],https://pokopiadex.com/items/wide-lens,pokopiadex_items_in_collection,1114-wide-lens.png,assets/pokopia_image_sources/item_portraits/1114-wide-lens.png,https://pokopiadex.com/images/items/item_ui/wide-lens.png,image/png,82980,58c9606e91e62d7e1b65125d84e26d2672381e17156a0a52561ef49c7a096612,ok,
1115,placeable_item,1949,Throat Spray,throat-spray,A spray that provides relief for tired throats. Try hanging it up in a frame!,Other,[],"[""Appraise Small lost relic""]",,in-collection,Lost Relics (S),lost_relics_s_order,35,,,,,,,,[],[],https://pokopiadex.com/images/items/item_ui/throat-spray.png,[],https://pokopiadex.com/items/throat-spray,pokopiadex_items_in_collection,1115-throat-spray.png,assets/pokopia_image_sources/item_portraits/1115-throat-spray.png,https://pokopiadex.com/images/items/item_ui/throat-spray.png,image/png,89534,24cf84629bdb50005f529fb15b5a2b8179bd1304af4b70ff01a4147224ce8183,ok,
1116,placeable_item,942,Light Clay,light-clay,Yellowish-green clay. Try hanging it up in a frame!,Other,[],"[""Appraise Small lost relic""]",,in-collection,Lost Relics (S),lost_relics_s_order,36,,,,,,,,[],"[2233,2238]",https://pokopiadex.com/images/items/item_ui/light-clay.png,[],https://pokopiadex.com/items/light-clay,pokopiadex_items_in_collection,1116-light-clay.png,assets/pokopia_image_sources/item_portraits/1116-light-clay.png,https://pokopiadex.com/images/items/item_ui/light-clay.png,image/png,93982,7fda86ce3d3bca14d3988115be6f13a1053c0e1bd7b98a0e3604a922b2136a56,ok,
1117,placeable_item,1950,Loaded Dice,loaded-dice,Dice that always rolls a good number. Try hanging it up in a frame!,Other,[],"[""Appraise Small lost relic""]",,in-collection,Lost Relics (S),lost_relics_s_order,37,,,,,,,,[],[],https://pokopiadex.com/images/items/item_ui/loaded-dice.png,[],https://pokopiadex.com/items/loaded-dice,pokopiadex_items_in_collection,1117-loaded-dice.png,assets/pokopia_image_sources/item_portraits/1117-loaded-dice.png,https://pokopiadex.com/images/items/item_ui/loaded-dice.png,image/png,116489,398a25ca87f354d2903213d788ad3b853a805bca8bf9a9d7957b348f49d6fd0c,ok,
1118,placeable_item,943,Sticky Barb,sticky-barb,A prickly object that easily latches on to things. Try hanging it up in a frame!,Other,[],"[""Appraise Small lost relic""]",,in-collection,Lost Relics (S),lost_relics_s_order,38,,,,,,,,[],[],https://pokopiadex.com/images/items/item_ui/sticky-barb.png,[],https://pokopiadex.com/items/sticky-barb,pokopiadex_items_in_collection,1118-sticky-barb.png,assets/pokopia_image_sources/item_portraits/1118-sticky-barb.png,https://pokopiadex.com/images/items/item_ui/sticky-barb.png,image/png,114049,573ea78ba261d5cbf6512f392c04c381a1748a8ff379743cdce35b24a6c6b2a2,ok,
1119,placeable_item,944,Quick Claw,quick-claw,"A light, sharp claw. Try hanging it up in a frame!",Other,[],"[""Appraise Small lost relic""]",,in-collection,Lost Relics (S),lost_relics_s_order,39,,,,,,,,[],[],https://pokopiadex.com/images/items/item_ui/quick-claw.png,[],https://pokopiadex.com/items/quick-claw,pokopiadex_items_in_collection,1119-quick-claw.png,assets/pokopia_image_sources/item_portraits/1119-quick-claw.png,https://pokopiadex.com/images/items/item_ui/quick-claw.png,image/png,77950,55ff0efb7b8940ae9e81e17d60cac7295bb7ffe2dd78d05210b59b8860c1c203,ok,
1120,placeable_item,1951,Lagging Tail,lagging-tail,A tremendously heavy tail of something. Try hanging it up in a frame!,Other,[],"[""Appraise Small lost relic""]",,in-collection,Lost Relics (S),lost_relics_s_order,40,,,,,,,,[],[2213],https://pokopiadex.com/images/items/item_ui/lagging-tail.png,[],https://pokopiadex.com/items/lagging-tail,pokopiadex_items_in_collection,1120-lagging-tail.png,assets/pokopia_image_sources/item_portraits/1120-lagging-tail.png,https://pokopiadex.com/images/items/item_ui/lagging-tail.png,image/png,79301,6eb62d9f9958f661eb8fb23aeecc4644832e29ec25cd2c3b38f4a7c015b3371e,ok,
1121,placeable_item,1952,Flame Orb,flame-orb,A bizarre orb that always gives off heat. Try hanging it up in a frame!,Other,[],"[""Appraise Small lost relic""]",,in-collection,Lost Relics (S),lost_relics_s_order,41,,,,,,,,[],[2229],https://pokopiadex.com/images/items/item_ui/flame-orb.png,[],https://pokopiadex.com/items/flame-orb,pokopiadex_items_in_collection,1121-flame-orb.png,assets/pokopia_image_sources/item_portraits/1121-flame-orb.png,https://pokopiadex.com/images/items/item_ui/flame-orb.png,image/png,106913,d15499e3ce15565bd9b07e52719741b8f9516e9528f1367fa96988a3f3e02825,ok,
1122,placeable_item,945,Ability Shield,ability-shield,A cute and rather unique-looking shield. Try hanging it up in a frame!,Other,[],"[""Appraise Small lost relic""]",,in-collection,Lost Relics (S),lost_relics_s_order,42,,,,,,,,[],[],https://pokopiadex.com/images/items/item_ui/ability-shield.png,[],https://pokopiadex.com/items/ability-shield,pokopiadex_items_in_collection,1122-ability-shield.png,assets/pokopia_image_sources/item_portraits/1122-ability-shield.png,https://pokopiadex.com/images/items/item_ui/ability-shield.png,image/png,111590,e956be3aafb06d505123ad3069b6063489198063ea4ecfe6647b2388b0698440,ok,
1123,placeable_item,946,Room Service,room-service,A luxurious cart with a metal cloche. Try hanging it up in a frame!,Other,[],"[""Appraise Small lost relic""]",,in-collection,Lost Relics (S),lost_relics_s_order,43,,,,,,,,[],[2208],https://pokopiadex.com/images/items/item_ui/room-service.png,[],https://pokopiadex.com/items/room-service,pokopiadex_items_in_collection,1123-room-service.png,assets/pokopia_image_sources/item_portraits/1123-room-service.png,https://pokopiadex.com/images/items/item_ui/room-service.png,image/png,95108,9ee1624a09faf5a8e069771dc431c451f645f7f558d40e39c3e8ae5e8dc85a73,ok,
1124,placeable_item,947,Ring Target,ring-target,A target with distinctive black and white rings. Try hanging it up in a frame!,Other,[],"[""Appraise Small lost relic""]",,in-collection,Lost Relics (S),lost_relics_s_order,44,,,,,,,,[],[2229],https://pokopiadex.com/images/items/item_ui/ring-target.png,[],https://pokopiadex.com/items/ring-target,pokopiadex_items_in_collection,1124-ring-target.png,assets/pokopia_image_sources/item_portraits/1124-ring-target.png,https://pokopiadex.com/images/items/item_ui/ring-target.png,image/png,103114,9caf74910a907bd8c107f080ccadb27fca5e6b6bdaf731c17c0f439c74f3a118,ok,
1125,placeable_item,948,Clear Amulet,clear-amulet,An amulet that always stays clear and sparkling. Try hanging it up in a frame!,Other,[],"[""Appraise Small lost relic""]",,in-collection,Lost Relics (S),lost_relics_s_order,45,,,,,,,,[],"[2211,2231]",https://pokopiadex.com/images/items/item_ui/clear-amulet.png,[],https://pokopiadex.com/items/clear-amulet,pokopiadex_items_in_collection,1125-clear-amulet.png,assets/pokopia_image_sources/item_portraits/1125-clear-amulet.png,https://pokopiadex.com/images/items/item_ui/clear-amulet.png,image/png,135487,3c4b085d449f0e3fe4199d400eae75ec5004604970507e6fcd0f6e6794c7ad4e,ok,
1126,placeable_item,888,Zoom Lens,zoom-lens,A lens that never gets cloudy. Try hanging it up in a frame!,Other,[],"[""Appraise Small lost relic""]",,in-collection,Lost Relics (S),lost_relics_s_order,46,,,,,,,,[],[],https://pokopiadex.com/images/items/item_ui/zoom-lens.png,[],https://pokopiadex.com/items/zoom-lens,pokopiadex_items_in_collection,1126-zoom-lens.png,assets/pokopia_image_sources/item_portraits/1126-zoom-lens.png,https://pokopiadex.com/images/items/item_ui/zoom-lens.png,image/png,128442,ef3f2f5d294613e504b319afdd7107dcb30d0b248875d291b10ad6ef3e035654,ok,
1127,placeable_item,357,Rainbow Feather,rainbow-feather,A mysterious feather that shines with a rainbow light. Looks like it feel from a Pokémon flying in the sky...,Other,[],"[""Drops from periodic large Pokemon flying overhead""]",,in-collection,,other_order,201,2000,,,,,,,[],[2231],https://pokopiadex.com/images/items/item_ui/rainbow-feather.png,[],https://pokopiadex.com/items/rainbow-feather,pokopiadex_items_in_collection,1127-rainbow-feather.png,assets/pokopia_image_sources/item_portraits/1127-rainbow-feather.png,https://pokopiadex.com/images/items/item_ui/rainbow-feather.png,image/png,101988,912fc82cfa3ab992afa47ded01d294664a3d35626ef24a39f58ee33b5abc723f,ok,
1128,placeable_item,882,Silver Feather,silver-feather,A mysterious feather that shines with a silver light. Looks like it fell from a Pokémon flying in the sky...,Other,[],"[""Drops from periodic large Pokemon flying overhead""]",,in-collection,,other_order,202,,,,,,,,[],[2231],https://pokopiadex.com/images/items/item_ui/silver-feather.png,[],https://pokopiadex.com/items/silver-feather,pokopiadex_items_in_collection,1128-silver-feather.png,assets/pokopia_image_sources/item_portraits/1128-silver-feather.png,https://pokopiadex.com/images/items/item_ui/silver-feather.png,image/png,83711,2c99797378ec3fade7b00c9363509e63888f5a3da72486691b9c676bbb0187f1,ok,
1129,placeable_item,988,Party cooking pot,party-cooking-pot,"A huge pot, perfect for cooking at parties. Grab your friends and bring a chef—it's time to cook!",Other,[],"[""Chef Dente""]",,in-collection,,other_order,203,,,,100,,,,[],[],https://pokopiadex.com/images/items/shop_ui/party-cooking-pot.png,[],https://pokopiadex.com/items/party-cooking-pot,pokopiadex_items_in_collection,1129-party-cooking-pot.png,assets/pokopia_image_sources/item_portraits/1129-party-cooking-pot.png,https://pokopiadex.com/images/items/shop_ui/party-cooking-pot.png,image/png,322662,61bc1cc7b929fdeb6f891ed7d7ed83fa8593df509d6c7d712cec7ee5534ff544,ok,
1130,placeable_item,1029,Small narrow rug,small-narrow-rug,A rug with a simple design. Try putting it under an important item!,Other,[],[],,in-collection,,other_order,204,,,,,,,,[],[],https://pokopiadex.com/images/items/crafting_ui/small-narrow-rug.png,[],https://pokopiadex.com/items/small-narrow-rug,pokopiadex_items_in_collection,1130-small-narrow-rug.png,assets/pokopia_image_sources/item_portraits/1130-small-narrow-rug.png,https://pokopiadex.com/images/items/crafting_ui/small-narrow-rug.png,image/png,144092,2dd908e58f6e0aca216f6a9bddbe489aef27fd4c38f835d1aa773a2cd4a1b109,ok,
1131,placeable_item,2141,Poké Ball Doormat,poke-ball-doormat,A mat with a Poké Ball pattern. It would make the perfect welcome mat for a house!,Other,[],[],,in-collection,,other_order,205,,,,,,,,[],[],https://pokopiadex.com/images/items/item_ui/poke-ball-doormat.png,[],https://pokopiadex.com/items/poke-ball-doormat,pokopiadex_items_in_collection,1131-poke-ball-doormat.png,assets/pokopia_image_sources/item_portraits/1131-poke-ball-doormat.png,https://pokopiadex.com/images/items/item_ui/poke-ball-doormat.png,image/png,19311,bf122337d2c0334483c4ad7bee6333dc9ef0423b398749ba34adbabf000f7fe1,ok,
1132,placeable_item,2142,Small round rug,small-round-rug,A rug with a simple design. Try putting it under an important item,Other,[],[],,in-collection,,other_order,206,,,,,,,,[],[],https://pokopiadex.com/images/items/item_ui/small-round-rug.png,[],https://pokopiadex.com/items/small-round-rug,pokopiadex_items_in_collection,1132-small-round-rug.png,assets/pokopia_image_sources/item_portraits/1132-small-round-rug.png,https://pokopiadex.com/images/items/item_ui/small-round-rug.png,image/png,8225,d422871a47d9a60a07151904466a4d2ac083422357fe107799b40419f1872d0a,ok,
1133,placeable_item,408,Small square rug,small-square-rug,A rug with a simple design. Try putting it under an important item!,Other,[],[],,in-collection,,other_order,207,,,,100,,,,[],[],https://pokopiadex.com/images/items/shop_ui/small-square-rug.png,[],https://pokopiadex.com/items/small-square-rug,pokopiadex_items_in_collection,1133-small-square-rug.png,assets/pokopia_image_sources/item_portraits/1133-small-square-rug.png,https://pokopiadex.com/images/items/shop_ui/small-square-rug.png,image/png,244820,18f7537d2a5c24c6063fd09706f4942ecc0bedc585f516e4eae712020c537bfe,ok,
1134,placeable_item,2143,Ditto rug,ditto-rug,Ditto looks totally adorable with its broad smile. Sitting on this fluffy rug feels so great,Other,[],[],,in-collection,,other_order,208,,,,,,,,[],[],https://pokopiadex.com/images/items/dream_ui/ditto-rug.png,[],https://pokopiadex.com/items/ditto-rug,pokopiadex_items_in_collection,1134-ditto-rug.png,assets/pokopia_image_sources/item_portraits/1134-ditto-rug.png,https://pokopiadex.com/images/items/dream_ui/ditto-rug.png,image/png,98369,a131b232b7f2c36b57c06c1d656623180be3bb737233bb027be109d82249334c,ok,
1135,placeable_item,1960,Slowpoke rug,slowpoke-rug,A rug designed to look like a sprawled-out Slowpoke. Its blank expression is just perfect,Other,[],"[""Appraise Large lost relic""]",,in-collection,Lost Relics (L),lost_relics_l_order,34,,,,,,,,[],[],https://pokopiadex.com/images/items/item_ui/slowpoke-rug.png,[],https://pokopiadex.com/items/slowpoke-rug,pokopiadex_items_in_collection,1135-slowpoke-rug.png,assets/pokopia_image_sources/item_portraits/1135-slowpoke-rug.png,https://pokopiadex.com/images/items/item_ui/slowpoke-rug.png,image/png,89211,4eb807c1f13cc8306087777542b150c1db522ba2a19f43bcdf6cb88cd77ea18a,ok,
1136,placeable_item,918,Charizard Rug,charizard-rug,A rug with a design of Charizard breathing fire. Its magnificent posture is quite impressive,Other,[],"[""Appraise Large lost relic""]",,in-collection,Lost Relics (L),lost_relics_l_order,35,,,,,,,,[],[],https://pokopiadex.com/images/items/item_ui/charizard-rug.png,[],https://pokopiadex.com/items/charizard-rug,pokopiadex_items_in_collection,1136-charizard-rug.png,assets/pokopia_image_sources/item_portraits/1136-charizard-rug.png,https://pokopiadex.com/images/items/item_ui/charizard-rug.png,image/png,132093,ce26d032eeb4d9eb6c5de8320344ff8a754c008d9a8b11d6a6dbb4d7d5999e96,ok,
1137,placeable_item,2144,Oblong rug,oblong-rug,A rug with a simple design. Try putting it under an important item,Other,[],[],,in-collection,,other_order,211,,,,,,,,[],[],https://pokopiadex.com/images/items/item_ui/oblong-rug.png,[],https://pokopiadex.com/items/oblong-rug,pokopiadex_items_in_collection,1137-oblong-rug.png,assets/pokopia_image_sources/item_portraits/1137-oblong-rug.png,https://pokopiadex.com/images/items/item_ui/oblong-rug.png,image/png,13596,ff7c6f7b57e8e4210a2743ae30493d1192171de7aa6d9ab00bf9623b58a5f78c,ok,
1138,placeable_item,2145,Ratan rug,ratan-rug,A mat woven from plant vines. It's a perfect spot for putting dolls on display,Other,[],[],,in-collection,,other_order,212,,,,,,,,[],[],https://pokopiadex.com/images/items/item_ui/ratan-rug.png,[],https://pokopiadex.com/items/ratan-rug,pokopiadex_items_in_collection,1138-ratan-rug.png,assets/pokopia_image_sources/item_portraits/1138-ratan-rug.png,https://pokopiadex.com/images/items/item_ui/ratan-rug.png,image/png,27612,2771a3d6a56b6e769c4f14cf0ddb69c39df9fc5fe769b3d051aa23acb32a3a47,ok,
1139,placeable_item,358,Large round rug,large-round-rug,A rug with a simple design. Try putting it under an important item!,Other,[],"[""Trade honey to Gather Honey specialty Pokemon""]",,in-collection,,other_order,213,,,,,,,,[],[],https://pokopiadex.com/images/items/item_ui/large-round-rug.png,[],https://pokopiadex.com/items/large-round-rug,pokopiadex_items_in_collection,1139-large-round-rug.png,assets/pokopia_image_sources/item_portraits/1139-large-round-rug.png,https://pokopiadex.com/images/items/item_ui/large-round-rug.png,image/png,12611,579b66eca3c220759089ce03c7d42b2bb2827b1d1defcd5dfb0cd4a6d8936656,ok,
1140,placeable_item,2146,Lace rug,lace-rug,A mat of woven lace. It looks stylish even with décor on top of it,Other,[],[],,in-collection,,other_order,214,,,,,,,,[],[],https://pokopiadex.com/images/items/crafting_ui/lace-rug.png,[],https://pokopiadex.com/items/lace-rug,pokopiadex_items_in_collection,1140-lace-rug.png,assets/pokopia_image_sources/item_portraits/1140-lace-rug.png,https://pokopiadex.com/images/items/crafting_ui/lace-rug.png,image/png,155761,725c9f296365696c3de08ccbe992de5b00cd874298296a23e66a986d34d26e43,ok,
1141,placeable_item,2147,Poké Ball Mat,poke-ball-mat,A mat in the shape of a Poké Ball. It looks stylish even with décor on top of it,Other,[],[],,in-collection,,other_order,215,,,,,,,,[],[],https://pokopiadex.com/images/items/item_ui/poke-ball-mat.png,[],https://pokopiadex.com/items/poke-ball-mat,pokopiadex_items_in_collection,1141-poke-ball-mat.png,assets/pokopia_image_sources/item_portraits/1141-poke-ball-mat.png,https://pokopiadex.com/images/items/item_ui/poke-ball-mat.png,image/png,25051,9f5f004ee0846e878c8977c9b867ce82b4c192655a64e04f1b7de8a6219433ef,ok,
1142,placeable_item,2148,Large narrow rug,large-narrow-rug,A rug with a simple design. Try putting it under an important item,Other,[],[],,in-collection,,other_order,216,,,,,,,,[],[],https://pokopiadex.com/images/items/item_ui/large-narrow-rug.png,[],https://pokopiadex.com/items/large-narrow-rug,pokopiadex_items_in_collection,1142-large-narrow-rug.png,assets/pokopia_image_sources/item_portraits/1142-large-narrow-rug.png,https://pokopiadex.com/images/items/item_ui/large-narrow-rug.png,image/png,17290,8cde1ccd16c1859ee153486870a6d7610bf3b4c6842537b567ffc2fac1f3dccb,ok,
1143,placeable_item,1993,Large square rug,large-square-rug,A rug with a simple design. Try putting it under an important item!,Other,[],[],,in-collection,,other_order,217,,,,,,,,[],[],https://pokopiadex.com/images/items/crafting_ui/large-square-rug.png,[],https://pokopiadex.com/items/large-square-rug,pokopiadex_items_in_collection,1143-large-square-rug.png,assets/pokopia_image_sources/item_portraits/1143-large-square-rug.png,https://pokopiadex.com/images/items/crafting_ui/large-square-rug.png,image/png,87448,cf4c899ad92a11cd100870e66a856dbb564fc29da50ca6182676bfe0949e0a60,ok,
1144,placeable_item,739,Soft mat,soft-mat,A fluffy mat that just makes you want to take a nap on it. It looks stylish even with decor on top of it.,Other,[],[],,in-collection,,other_order,218,,,,,,,,[],[],https://pokopiadex.com/images/items/crafting_ui/soft-mat.png,[],https://pokopiadex.com/items/soft-mat,pokopiadex_items_in_collection,1144-soft-mat.png,assets/pokopia_image_sources/item_portraits/1144-soft-mat.png,https://pokopiadex.com/images/items/crafting_ui/soft-mat.png,image/png,109553,16a8a596c915d4a0f416d996819b34d1ba937bfad69d73f463c507d7abff617e,ok,
1145,placeable_item,2149,Balloon poster,balloon-poster,A poster overflowing with personality. Hang it on a wall to show off your artistic sensibility.,Other,[],[],,in-collection,,other_order,219,,,,,,,,[],[],https://pokopiadex.com/images/items/item_ui/balloon-poster.png,[],https://pokopiadex.com/items/balloon-poster,pokopiadex_items_in_collection,1145-balloon-poster.png,assets/pokopia_image_sources/item_portraits/1145-balloon-poster.png,https://pokopiadex.com/images/items/item_ui/balloon-poster.png,image/png,24803,4df1c8c830512e5bff5d685437c7bb3561fbfa3f5930867c522cec00b582739f,ok,
1146,placeable_item,2150,Moonlight Poster,moonlight-poster,A poster overflowing with personality. Hang it on a wall to show off your artistic sensibility,Other,[],[],,in-collection,,other_order,220,,,,,,,,[],[],https://pokopiadex.com/images/items/item_ui/moonlight-poster.png,[],https://pokopiadex.com/items/moonlight-poster,pokopiadex_items_in_collection,1146-moonlight-poster.png,assets/pokopia_image_sources/item_portraits/1146-moonlight-poster.png,https://pokopiadex.com/images/items/item_ui/moonlight-poster.png,image/png,28971,7470d99e355d05f0136f2905a687c5df05c1b9c45a3777cb9ab5f55f3c25c410,ok,
1147,placeable_item,2151,Dance poster,dance-poster,A poster overflowing with personality. Hang it on a wall to show off your artistic sensibility,Other,[],[],,in-collection,,other_order,221,,,,,,,,[],[],https://pokopiadex.com/images/items/item_ui/dance-poster.png,[],https://pokopiadex.com/items/dance-poster,pokopiadex_items_in_collection,1147-dance-poster.png,assets/pokopia_image_sources/item_portraits/1147-dance-poster.png,https://pokopiadex.com/images/items/item_ui/dance-poster.png,image/png,21403,74bae1081f1c09afc38650a44c956caaf109507b6fb71f42913a35f327c9abde,ok,
1148,placeable_item,2152,Oil painting poster,oil-painting-poster,A poster overflowing with personality. Hang it on a wall to show off your artistic sensibility,Other,[],[],,in-collection,,other_order,222,,,,,,,,[],[],https://pokopiadex.com/images/items/item_ui/oil-painting-poster.png,[],https://pokopiadex.com/items/oil-painting-poster,pokopiadex_items_in_collection,1148-oil-painting-poster.png,assets/pokopia_image_sources/item_portraits/1148-oil-painting-poster.png,https://pokopiadex.com/images/items/item_ui/oil-painting-poster.png,image/png,30966,5eaebc647ddafd5ac97dcd95d13c61a2a51bc25277744185e51a2187d028a582,ok,
1149,placeable_item,2153,Sunny Poster,sunny-poster,A poster overflowing with personality. Hang it on a wall to show off your artistic sensibility,Other,[],[],,in-collection,,other_order,223,,,,,,,,[],[],https://pokopiadex.com/images/items/item_ui/sunny-poster.png,[],https://pokopiadex.com/items/sunny-poster,pokopiadex_items_in_collection,1149-sunny-poster.png,assets/pokopia_image_sources/item_portraits/1149-sunny-poster.png,https://pokopiadex.com/images/items/item_ui/sunny-poster.png,image/png,17418,87402685eed5bb3095975eb5bb74d0fcc0e74656edfedba3185e24dd275de678,ok,
1150,placeable_item,2154,Ice cream poster,ice-cream-poster,A poster overflowing with personality. Hang it on a wall to show off your artistic sensibility,Other,[],[],,in-collection,,other_order,224,,,,,,,,[],[],https://pokopiadex.com/images/items/item_ui/ice-cream-poster.png,[],https://pokopiadex.com/items/ice-cream-poster,pokopiadex_items_in_collection,1150-ice-cream-poster.png,assets/pokopia_image_sources/item_portraits/1150-ice-cream-poster.png,https://pokopiadex.com/images/items/item_ui/ice-cream-poster.png,image/png,33254,30a546739cd654b0e5f4c01ba6c0360b7f425125c8d69eca1a0fb82578803bbd,ok,
1151,placeable_item,2155,Windmill poster,windmill-poster,A poster overflowing with personality. Hang it on a wall to show off your artistic sensibility,Other,[],[],,in-collection,,other_order,225,,,,,,,,[],[],https://pokopiadex.com/images/items/item_ui/windmill-poster.png,[],https://pokopiadex.com/items/windmill-poster,pokopiadex_items_in_collection,1151-windmill-poster.png,assets/pokopia_image_sources/item_portraits/1151-windmill-poster.png,https://pokopiadex.com/images/items/item_ui/windmill-poster.png,image/png,23816,8d10ed68a98c2e56158a65b3a17c89985dca7917bf0a2a348d46f42e07284e61,ok,
1152,placeable_item,2156,Townscape poster,townscape-poster,A poster overflowing with personality. Hang it on a wall to show off your artistic sensibility,Other,[],[],,in-collection,,other_order,226,,,,,,,,[],[],https://pokopiadex.com/images/items/item_ui/townscape-poster.png,[],https://pokopiadex.com/items/townscape-poster,pokopiadex_items_in_collection,1152-townscape-poster.png,assets/pokopia_image_sources/item_portraits/1152-townscape-poster.png,https://pokopiadex.com/images/items/item_ui/townscape-poster.png,image/png,29015,79cc90444b02b6a92c5da7f35d6afe35e4058087ba35ee309f5a700fa8720266,ok,
1153,placeable_item,2157,Mountain poster,mountain-poster,A poster overflowing with personality. Hang it on a wall to show off your artistic sensibility,Other,[],[],,in-collection,,other_order,227,,,,,,,,[],[],https://pokopiadex.com/images/items/item_ui/mountain-poster.png,[],https://pokopiadex.com/items/mountain-poster,pokopiadex_items_in_collection,1153-mountain-poster.png,assets/pokopia_image_sources/item_portraits/1153-mountain-poster.png,https://pokopiadex.com/images/items/item_ui/mountain-poster.png,image/png,27783,23eed2a7905dfbd55ffce19ee30f496a063eb0a8203a13f613c877f345822f5a,ok,
1154,placeable_item,2158,Acrylic poster,acrylic-poster,A poster overflowing with personality. Hang it on a wall to show off your artistic sensibility,Other,[],[],,in-collection,,other_order,228,,,,,,,,[],[],https://pokopiadex.com/images/items/item_ui/acrylic-poster.png,[],https://pokopiadex.com/items/acrylic-poster,pokopiadex_items_in_collection,1154-acrylic-poster.png,assets/pokopia_image_sources/item_portraits/1154-acrylic-poster.png,https://pokopiadex.com/images/items/item_ui/acrylic-poster.png,image/png,18042,4b88679c57f37d55b424eac21323d95f63e005b0f165b625673d44f0e20891eb,ok,
1155,placeable_item,2159,Watercolor poster,watercolor-poster,A poster overflowing with personality. Hang it on a wall to show off your artistic sensibility,Other,[],[],,in-collection,,other_order,229,,,,,,,,[],[],https://pokopiadex.com/images/items/item_ui/watercolor-poster.png,[],https://pokopiadex.com/items/watercolor-poster,pokopiadex_items_in_collection,1155-watercolor-poster.png,assets/pokopia_image_sources/item_portraits/1155-watercolor-poster.png,https://pokopiadex.com/images/items/item_ui/watercolor-poster.png,image/png,23346,53552b247e19245175f4a495c36e954d711064f290b072da77902ce014510a65,ok,
1156,placeable_item,2160,Passionate poster,passionate-poster,A poster overflowing with personality. Hang it on a wall to show off your artistic sensibility,Other,[],[],,in-collection,,other_order,230,,,,,,,,[],[],https://pokopiadex.com/images/items/item_ui/passionate-poster.png,[],https://pokopiadex.com/items/passionate-poster,pokopiadex_items_in_collection,1156-passionate-poster.png,assets/pokopia_image_sources/item_portraits/1156-passionate-poster.png,https://pokopiadex.com/images/items/item_ui/passionate-poster.png,image/png,31974,c71fa67b44ac4b10effe2173bd4149d83cb44934c1402f783c8c2386ddd849e5,ok,
1157,placeable_item,2161,Speedy poster,speed-poster,A poster overflowing with personality. Hang it on a wall to show off your artistic sensibility,Other,[],[],,in-collection,,other_order,231,,,,,,,,[],[],https://pokopiadex.com/images/items/item_ui/speed-poster.png,[],https://pokopiadex.com/items/speed-poster,pokopiadex_items_in_collection,1157-speed-poster.png,assets/pokopia_image_sources/item_portraits/1157-speed-poster.png,https://pokopiadex.com/images/items/item_ui/speed-poster.png,image/png,150538,c4b49d0c5cd464a87ec7e7bd85235d88dfa6a6182a0924266124abfd571ddc01,ok,
1158,placeable_item,2162,Growth poster,growth-poster,A poster overflowing with personality. Hang it on a wall to show off your artistic sensibility,Other,[],[],,in-collection,,other_order,232,,,,,,,,[],[],https://pokopiadex.com/images/items/item_ui/growth-poster.png,[],https://pokopiadex.com/items/growth-poster,pokopiadex_items_in_collection,1158-growth-poster.png,assets/pokopia_image_sources/item_portraits/1158-growth-poster.png,https://pokopiadex.com/images/items/item_ui/growth-poster.png,image/png,29494,cbbab7f08865ea43b3215f9798ef44026b2b75b8eaa219a10a6c21d4a9aa304b,ok,
1159,placeable_item,2163,Drink poster,drink-poster,A poster overflowing with personality. Hang it on a wall to show off your artistic sensibility,Other,[],[],,in-collection,,other_order,233,,,,,,,,[],[],https://pokopiadex.com/images/items/item_ui/drink-poster.png,[],https://pokopiadex.com/items/drink-poster,pokopiadex_items_in_collection,1159-drink-poster.png,assets/pokopia_image_sources/item_portraits/1159-drink-poster.png,https://pokopiadex.com/images/items/item_ui/drink-poster.png,image/png,31004,e21963f36f033bc1069ead0d77b39929601d68511c2f595f1f9e82eec2c3c5c9,ok,
1160,placeable_item,2164,Food poster,food-poster,A poster overflowing with personality. Hang it on a wall to show off your artistic sensibility,Other,[],[],,in-collection,,other_order,234,,,,,,,,[],[],https://pokopiadex.com/images/items/item_ui/food-poster.png,[],https://pokopiadex.com/items/food-poster,pokopiadex_items_in_collection,1160-food-poster.png,assets/pokopia_image_sources/item_portraits/1160-food-poster.png,https://pokopiadex.com/images/items/item_ui/food-poster.png,image/png,29259,699e4efcc9fe4db830200a72b050d494b9b1fe2a0585576a1e2261282c70d970,ok,
1161,placeable_item,2165,Technology poster,technology-poster,A poster overflowing with personality. Hang it on a wall to show off your artistic sensibility,Other,[],[],,in-collection,,other_order,235,,,,,,,,[],[],https://pokopiadex.com/images/items/item_ui/technology-poster.png,[],https://pokopiadex.com/items/technology-poster,pokopiadex_items_in_collection,1161-technology-poster.png,assets/pokopia_image_sources/item_portraits/1161-technology-poster.png,https://pokopiadex.com/images/items/item_ui/technology-poster.png,image/png,30930,4d9ece54f4b1d632da408e897a0208259bc60fa3afb7fd8fe52c58bbb85bf80f,ok,
1162,placeable_item,2166,Golden poster,golden-poster,A poster overflowing with personality. Hang it on a wall to show off your artistic sensibility,Other,[],[],,in-collection,,other_order,236,,,,,,,,[],[],https://pokopiadex.com/images/items/item_ui/golden-poster.png,[],https://pokopiadex.com/items/golden-poster,pokopiadex_items_in_collection,1162-golden-poster.png,assets/pokopia_image_sources/item_portraits/1162-golden-poster.png,https://pokopiadex.com/images/items/item_ui/golden-poster.png,image/png,28840,b9be1cf877c3891123f056d1697971feff89cf7aa49a471b8cdfef0b2de31b07,ok,
1163,placeable_item,2167,Ocean poster,ocean-poster,A poster overflowing with personality. Hang it on a wall to show off your artistic sensibility,Other,[],[],,in-collection,,other_order,237,,,,,,,,[],[],https://pokopiadex.com/images/items/item_ui/ocean-poster.png,[],https://pokopiadex.com/items/ocean-poster,pokopiadex_items_in_collection,1163-ocean-poster.png,assets/pokopia_image_sources/item_portraits/1163-ocean-poster.png,https://pokopiadex.com/images/items/item_ui/ocean-poster.png,image/png,33458,3b1b4dee65469a8937b892239646123dee7cba87c789bc5c45537e10973a3aa5,ok,
1164,placeable_item,2168,Meadow poster,meadow-poster,A poster overflowing with personality. Hang it on a wall to show off your artistic sensibility,Other,[],[],,in-collection,,other_order,238,,,,,,,,[],[],https://pokopiadex.com/images/items/item_ui/meadow-poster.png,[],https://pokopiadex.com/items/meadow-poster,pokopiadex_items_in_collection,1164-meadow-poster.png,assets/pokopia_image_sources/item_portraits/1164-meadow-poster.png,https://pokopiadex.com/images/items/item_ui/meadow-poster.png,image/png,32362,bbcf39071463bd6933a8a18522f5dc09c96cdf4257c4d46e48c63ee6ab207003,ok,
1165,placeable_item,2169,Ninja poster,ninja-poster,A poster overflowing with personality. Hang it on a wall to show off your artistic sensibility,Other,[],[],,in-collection,,other_order,239,,,,,,,,[],[],https://pokopiadex.com/images/items/item_ui/ninja-poster.png,[],https://pokopiadex.com/items/ninja-poster,pokopiadex_items_in_collection,1165-ninja-poster.png,assets/pokopia_image_sources/item_portraits/1165-ninja-poster.png,https://pokopiadex.com/images/items/item_ui/ninja-poster.png,image/png,31032,b489204430783b444104a053958dcc2aff1b5bda531a1103665d18aca575ba0d,ok,
1166,placeable_item,1961,Town map,town-map,A map of…somewhere. You can't make heads or tails of it but it looks pretty nice on a wall,Other,"[""Toy""]","[""Appraise Large lost relic""]",,in-collection,Lost Relics (L),lost_relics_l_order,36,,,,,,,,[],"[2198,2201,2239,2242]",https://pokopiadex.com/images/items/item_ui/town-map.png,[],https://pokopiadex.com/items/town-map,pokopiadex_items_in_collection,1166-town-map.png,assets/pokopia_image_sources/item_portraits/1166-town-map.png,https://pokopiadex.com/images/items/item_ui/town-map.png,image/png,106647,6078c8da674af82f3af9a0e68d9d42391839e63656f4c43466fc83462849590e,ok,
1167,placeable_item,919,Team Rocket Wall Hanging,team-rocket-wall-hanging,The symbol of a certain organization. Just looking at it makes you want to get up to some mischief,Other,"[""Decoration""]","[""Appraise Large lost relic""]",,in-collection,Lost Relics (L),lost_relics_l_order,37,,,,,,,,[],"[2198,2222,2241,2242]",https://pokopiadex.com/images/items/item_ui/team-rocket-wall-hanging.png,[],https://pokopiadex.com/items/team-rocket-wall-hanging,pokopiadex_items_in_collection,1167-team-rocket-wall-hanging.png,assets/pokopia_image_sources/item_portraits/1167-team-rocket-wall-hanging.png,https://pokopiadex.com/images/items/item_ui/team-rocket-wall-hanging.png,image/png,88676,bed3c5f831d5d70993c761cf7003800ae1bc91265d2871ac0143ed6e68f4d920,ok,
1168,placeable_item,949,Skull Fossil,skull-fossil,"An ancient Pokémon fossil. It looks like a hard, sturdy skull",Other,"[""Decoration""]","[""Dig shiny dirt spot""]",,in-collection,Fossils,fossils_order,1,,,,,,,,[],"[2213,2217,2221,2239]",https://pokopiadex.com/images/items/item_ui/skull-fossil.png,[],https://pokopiadex.com/items/skull-fossil,pokopiadex_items_in_collection,1168-skull-fossil.png,assets/pokopia_image_sources/item_portraits/1168-skull-fossil.png,https://pokopiadex.com/images/items/item_ui/skull-fossil.png,image/png,127089,5510dc099071e856a5f0fbe124080ca4f5818f0de9573c3981ccef7e1a71c95a,ok,
1169,placeable_item,578,Armor Fossil,armor-fossil,An ancient Pokémon fossil. It looks like a smooth shield.,Other,"[""Decoration""]","[""Dig shiny dirt spot""]",,in-collection,Fossils,fossils_order,2,,,,,,,,[],"[2213,2217,2221,2229,2239]",https://pokopiadex.com/images/items/item_ui/armor-fossil.png,[],https://pokopiadex.com/items/armor-fossil,pokopiadex_items_in_collection,1169-armor-fossil.png,assets/pokopia_image_sources/item_portraits/1169-armor-fossil.png,https://pokopiadex.com/images/items/item_ui/armor-fossil.png,image/png,140707,8f699160ab684781a10d883646cf0f32a4b00e4db73a31ecc3749a796e891814,ok,
1170,placeable_item,950,Jaw Fossil,jaw-fossil,An ancient Pokémon fossil. It looks like a large jaw.,Other,"[""Decoration""]","[""Dig shiny dirt spot""]",,in-collection,Fossils,fossils_order,3,,,,,,,,[],"[2213,2217,2221,2239]",https://pokopiadex.com/images/items/item_ui/jaw-fossil.png,[],https://pokopiadex.com/items/jaw-fossil,pokopiadex_items_in_collection,1170-jaw-fossil.png,assets/pokopia_image_sources/item_portraits/1170-jaw-fossil.png,https://pokopiadex.com/images/items/item_ui/jaw-fossil.png,image/png,100631,575532926825cdcd41333938c300ab3f3744cb148f53532ddd1072f5e15540ca,ok,
1171,placeable_item,951,Sail Fossil,sail-fossil,An ancient Pokémon fossil. It looks like a thin sail from a Pokémon's body,Other,"[""Decoration""]","[""Dig shiny dirt spot""]",,in-collection,Fossils,fossils_order,4,,,,,,,,[],"[2213,2217,2221,2239]",https://pokopiadex.com/images/items/item_ui/sail-fossil.png,[],https://pokopiadex.com/items/sail-fossil,pokopiadex_items_in_collection,1171-sail-fossil.png,assets/pokopia_image_sources/item_portraits/1171-sail-fossil.png,https://pokopiadex.com/images/items/item_ui/sail-fossil.png,image/png,107514,39fdd3c28547417b3cd580dc92f36d028e424c8f88ad0a4bac8a74664b3d952e,ok,
1172,placeable_item,952,Wing Fossil (head),wing-fossil-head,A fossil of an ancient Pokémon's head. Its jagged fangs look just like a saw,Other,"[""Decoration""]","[""Dig shiny dirt spot""]",,in-collection,Fossils,fossils_order,5,,,,,,,,[],"[2213,2217,2221,2239]",https://pokopiadex.com/images/items/item_ui/wing-fossil-head.png,[],https://pokopiadex.com/items/wing-fossil-head,pokopiadex_items_in_collection,1172-wing-fossil-head.png,assets/pokopia_image_sources/item_portraits/1172-wing-fossil-head.png,https://pokopiadex.com/images/items/item_ui/wing-fossil-head.png,image/png,117822,7dc054f673f06f8c31c3921e100f66026d3c34350c812956e68c1696e4003e10,ok,
1173,placeable_item,855,Wing Fossil (right wing),wing-fossil-right-wing,A fossil of an ancient Pokémon's right wing. Its finger bones have become part of the wing.,Other,"[""Decoration""]","[""Dig shiny dirt spot""]",,in-collection,Fossils,fossils_order,6,,,,,,,,[],"[2213,2217,2221,2232,2239]",https://pokopiadex.com/images/items/item_ui/wing-fossil-right-wing.png,[],https://pokopiadex.com/items/wing-fossil-right-wing,pokopiadex_items_in_collection,1173-wing-fossil-right-wing.png,assets/pokopia_image_sources/item_portraits/1173-wing-fossil-right-wing.png,https://pokopiadex.com/images/items/item_ui/wing-fossil-right-wing.png,image/png,53345,57d2ef0d5561d0a145461a487b0ddee14941d91e9bd970613182be35eceabfc3,ok,
1174,placeable_item,953,Wing Fossil (left wing),wing-fossil-left-wing,"A fossil of an ancient Pokémon's left wing. By joining its bones together, you can tell the size of the wing",Other,"[""Decoration""]","[""Dig shiny dirt spot""]",,in-collection,Fossils,fossils_order,7,,,,,,,,[],"[2213,2217,2221,2232,2239]",https://pokopiadex.com/images/items/item_ui/wing-fossil-left-wing.png,[],https://pokopiadex.com/items/wing-fossil-left-wing,pokopiadex_items_in_collection,1174-wing-fossil-left-wing.png,assets/pokopia_image_sources/item_portraits/1174-wing-fossil-left-wing.png,https://pokopiadex.com/images/items/item_ui/wing-fossil-left-wing.png,image/png,88562,132241f58486bf17aaf6cfe72f6d4bea280fbfe91caff4ec827e57b06ef192e1,ok,
1175,placeable_item,954,Wing Fossil (body),wing-fossil-body,A fossil of an ancient Pokémon's body. A hump juts out from the middle of its rickety spine.,Other,"[""Decoration""]","[""Dig shiny dirt spot""]",,in-collection,Fossils,fossils_order,8,,,,,,,,[],"[2213,2217,2221,2232,2239]",https://pokopiadex.com/images/items/item_ui/wing-fossil-body.png,[],https://pokopiadex.com/items/wing-fossil-body,pokopiadex_items_in_collection,1175-wing-fossil-body.png,assets/pokopia_image_sources/item_portraits/1175-wing-fossil-body.png,https://pokopiadex.com/images/items/item_ui/wing-fossil-body.png,image/png,103842,7c883bd583acc071d5b0c8363f5c5f6c1b0a8e8c48475f2e24d18c957d1ab726,ok,
1176,placeable_item,955,Wing Fossil (tail),wing-fossil-tail,"A fossil of an ancient Pokémon's tail. Long and slender, it looks like it could bend quite gracefully.",Other,"[""Decoration""]","[""Dig shiny dirt spot""]",,in-collection,Fossils,fossils_order,9,,,,,,,,[],"[2213,2217,2221,2232,2239]",https://pokopiadex.com/images/items/item_ui/wing-fossil-tail.png,[],https://pokopiadex.com/items/wing-fossil-tail,pokopiadex_items_in_collection,1176-wing-fossil-tail.png,assets/pokopia_image_sources/item_portraits/1176-wing-fossil-tail.png,https://pokopiadex.com/images/items/item_ui/wing-fossil-tail.png,image/png,56442,b328040cb37ed5d57409267703d2ab8878ebe85cdca2265437d0d3a93de89f35,ok,
1177,placeable_item,956,Headbutt Fossil (head),headbutt-fossil-head,A fossil of an ancient Pokémon's head. Its skull is dense and bulbous.,Other,"[""Decoration""]","[""Dig shiny dirt spot""]",,in-collection,Fossils,fossils_order,10,,,,,,,,[],"[2213,2217,2221,2239]",https://pokopiadex.com/images/items/item_ui/headbutt-fossil-head.png,[],https://pokopiadex.com/items/headbutt-fossil-head,pokopiadex_items_in_collection,1177-headbutt-fossil-head.png,assets/pokopia_image_sources/item_portraits/1177-headbutt-fossil-head.png,https://pokopiadex.com/images/items/item_ui/headbutt-fossil-head.png,image/png,86291,eae730f4f76474601c4a9175aea2195b476075f1da313fd149b49196251dd8d8,ok,
1178,placeable_item,957,Headbutt Fossil (body),headbutt-fossil-body,"A fossil of an ancient Pokémon's body. Its torso is big, but its arms are quite small",Other,"[""Decoration""]","[""Dig shiny dirt spot""]",,in-collection,Fossils,fossils_order,11,,,,,,,,[],"[2213,2217,2221,2232,2239]",https://pokopiadex.com/images/items/item_ui/headbutt-fossil-body.png,[],https://pokopiadex.com/items/headbutt-fossil-body,pokopiadex_items_in_collection,1178-headbutt-fossil-body.png,assets/pokopia_image_sources/item_portraits/1178-headbutt-fossil-body.png,https://pokopiadex.com/images/items/item_ui/headbutt-fossil-body.png,image/png,111197,a11f93ee3b8e19e5fb2637ab1111829f733a49a2ad1ce3d5a1a5fdcf8371d892,ok,
1179,placeable_item,958,Headbutt Fossil (tail),headbutt-fossil-tail,A fossil of an ancient Pokémon's tail. Its base is thick and sturdy.,Other,"[""Decoration""]","[""Dig shiny dirt spot""]",,in-collection,Fossils,fossils_order,12,,,,,,,,[],"[2213,2217,2221,2232,2239]",https://pokopiadex.com/images/items/item_ui/headbutt-fossil-tail.png,[],https://pokopiadex.com/items/headbutt-fossil-tail,pokopiadex_items_in_collection,1179-headbutt-fossil-tail.png,assets/pokopia_image_sources/item_portraits/1179-headbutt-fossil-tail.png,https://pokopiadex.com/images/items/item_ui/headbutt-fossil-tail.png,image/png,94243,6b7bb95680ab2d515f35a28099116166b72a6c38c58a1fb736e5fbe7ea3978b6,ok,
1180,placeable_item,959,Shield Fossil (head),shield-fossil-head,"A fossil of an ancient Pokémon's head. It's sturdy, like a giant shield.",Other,"[""Decoration""]","[""Dig shiny dirt spot""]",,in-collection,Fossils,fossils_order,13,,,,,,,,[],"[2213,2217,2221,2239]",https://pokopiadex.com/images/items/item_ui/shield-fossil-head.png,[],https://pokopiadex.com/items/shield-fossil-head,pokopiadex_items_in_collection,1180-shield-fossil-head.png,assets/pokopia_image_sources/item_portraits/1180-shield-fossil-head.png,https://pokopiadex.com/images/items/item_ui/shield-fossil-head.png,image/png,111097,1753d3c6fa46a2ea78c29867aec3276a52ad5eb87b277422f857bb353ddeec32,ok,
1181,placeable_item,856,Shield Fossil (body),shield-fossil-body,A fossil of an ancient Pokémon's body. Its thick bones supported a heavy head.,Other,"[""Decoration""]","[""Dig shiny dirt spot""]",,in-collection,Fossils,fossils_order,14,,,,,,,,[],"[2213,2217,2221,2232,2239]",https://pokopiadex.com/images/items/item_ui/shield-fossil-body.png,[],https://pokopiadex.com/items/shield-fossil-body,pokopiadex_items_in_collection,1181-shield-fossil-body.png,assets/pokopia_image_sources/item_portraits/1181-shield-fossil-body.png,https://pokopiadex.com/images/items/item_ui/shield-fossil-body.png,image/png,133313,9eb8b21f8407bf8f297d0b7806f64039ea440b39922931af0ab6d21bf580db16,ok,
1182,placeable_item,960,Shield Fossil (tail),shield-fossil-tail,A fossil of an ancient Pokémon's tail. Its hind hooves are particularly large.,Other,"[""Decoration""]","[""Dig shiny dirt spot""]",,in-collection,Fossils,fossils_order,15,,,,,,,,[],"[2213,2217,2221,2232,2239]",https://pokopiadex.com/images/items/item_ui/shield-fossil-tail.png,[],https://pokopiadex.com/items/shield-fossil-tail,pokopiadex_items_in_collection,1182-shield-fossil-tail.png,assets/pokopia_image_sources/item_portraits/1182-shield-fossil-tail.png,https://pokopiadex.com/images/items/item_ui/shield-fossil-tail.png,image/png,91734,44b81ec2c7e8a40405a506e0c9e8e8c79217561c969b2a100c45d5cc24534e86,ok,
1183,placeable_item,961,Despot Fossil (head),despot-fossil-head,A fossil of an ancient Pokémon's head. Its large fangs are as sharp as knives.,Other,"[""Decoration""]","[""Dig shiny dirt spot""]",,in-collection,Fossils,fossils_order,16,,,,,,,,[],"[2213,2217,2221,2239]",https://pokopiadex.com/images/items/item_ui/despot-fossil-head.png,[],https://pokopiadex.com/items/despot-fossil-head,pokopiadex_items_in_collection,1183-despot-fossil-head.png,assets/pokopia_image_sources/item_portraits/1183-despot-fossil-head.png,https://pokopiadex.com/images/items/item_ui/despot-fossil-head.png,image/png,124874,94c83cb531495ae815415cb756c462be9d5532a93a0edcb05bad1d4612f90203,ok,
1184,placeable_item,962,Despot Fossil (body),despot-fossil-body,A fossil of an ancient Pokémon's body. Its sharp claws look like they could slice through anything.,Other,"[""Decoration""]","[""Dig shiny dirt spot""]",,in-collection,Fossils,fossils_order,17,,,,,,,,[],"[2213,2217,2221,2232,2239]",https://pokopiadex.com/images/items/item_ui/despot-fossil-body.png,[],https://pokopiadex.com/items/despot-fossil-body,pokopiadex_items_in_collection,1184-despot-fossil-body.png,assets/pokopia_image_sources/item_portraits/1184-despot-fossil-body.png,https://pokopiadex.com/images/items/item_ui/despot-fossil-body.png,image/png,84307,55734015f777f3637208d17fde03b2f471f344a6a7a1f04e158d67b328620f02,ok,
1185,placeable_item,963,Despot Fossil (legs),despot-fossil-legs,A fossil of an ancient Pokémon's legs. Two stocky legs support the rest of its body.,Other,"[""Decoration""]","[""Dig shiny dirt spot"",""Museum""]",,in-collection,Fossils,fossils_order,18,,,,,,,,[],"[2213,2217,2221,2232,2239]",https://pokopiadex.com/images/items/item_ui/despot-fossil-legs.png,[],https://pokopiadex.com/items/despot-fossil-legs,pokopiadex_items_in_collection,1185-despot-fossil-legs.png,assets/pokopia_image_sources/item_portraits/1185-despot-fossil-legs.png,https://pokopiadex.com/images/items/item_ui/despot-fossil-legs.png,image/png,105438,f91478d1744a4a3e9a1ec8531e0b4bac186358bfe47eb2820dfbafb75c61cf67,ok,
1186,placeable_item,964,Despot Fossil (tail),despot-fossil-tail,A fossil of an ancient Pokémon's tail. Even the very tip is spiky like its frill.,Other,"[""Decoration""]","[""Dig shiny dirt spot""]",,in-collection,Fossils,fossils_order,19,,,,,,,,[],"[2213,2217,2221,2232,2239]",https://pokopiadex.com/images/items/item_ui/despot-fossil-tail.png,[],https://pokopiadex.com/items/despot-fossil-tail,pokopiadex_items_in_collection,1186-despot-fossil-tail.png,assets/pokopia_image_sources/item_portraits/1186-despot-fossil-tail.png,https://pokopiadex.com/images/items/item_ui/despot-fossil-tail.png,image/png,68089,f9f11ec8e17b6ebd35b41cd872d17d2d1f951ba529065e9040e05838b30c0af2,ok,
1187,placeable_item,965,Tundra Fossil (head),tundra-fossil-head,A fossil of an ancient Pokémon's head. It has sails that resemble an aurora.,Other,"[""Decoration""]","[""Dig shiny dirt spot""]",,in-collection,Fossils,fossils_order,20,,,,,,,,[],"[2213,2217,2221,2239]",https://pokopiadex.com/images/items/item_ui/tundra-fossil-head.png,[],https://pokopiadex.com/items/tundra-fossil-head,pokopiadex_items_in_collection,1187-tundra-fossil-head.png,assets/pokopia_image_sources/item_portraits/1187-tundra-fossil-head.png,https://pokopiadex.com/images/items/item_ui/tundra-fossil-head.png,image/png,91505,1ad88678c5d4ae69dbf9a6aa7b34993d2ae4b3a129057a371f659736c5b4e06a,ok,
1188,placeable_item,966,Tundra Fossil (body),tundra-fossil-body,A fossil of an ancient Pokémon's body. It must have been pretty tall with a spine like this,Other,"[""Decoration""]","[""Dig shiny dirt spot""]",,in-collection,Fossils,fossils_order,21,,,,,,,,[],"[2213,2217,2221,2232,2239]",https://pokopiadex.com/images/items/item_ui/tundra-fossil-body.png,[],https://pokopiadex.com/items/tundra-fossil-body,pokopiadex_items_in_collection,1188-tundra-fossil-body.png,assets/pokopia_image_sources/item_portraits/1188-tundra-fossil-body.png,https://pokopiadex.com/images/items/item_ui/tundra-fossil-body.png,image/png,108118,2cee0af121fa7da7d10650e9e8aed28e58855eb93733742539ffe82e3cd5d289,ok,
1189,placeable_item,967,Tundra Fossil (tail),tundra-fossil-tail,A fossil of an ancient Pokémon's tail. The tip is curled up and looks like a spring,Other,"[""Decoration""]","[""Dig shiny dirt spot""]",,in-collection,Fossils,fossils_order,22,,,,,,,,[],"[2213,2217,2221,2232,2239]",https://pokopiadex.com/images/items/item_ui/tundra-fossil-tail.png,[],https://pokopiadex.com/items/tundra-fossil-tail,pokopiadex_items_in_collection,1189-tundra-fossil-tail.png,assets/pokopia_image_sources/item_portraits/1189-tundra-fossil-tail.png,https://pokopiadex.com/images/items/item_ui/tundra-fossil-tail.png,image/png,159778,8bc8a5bc7fd7a333cb44a1cb811dcc875dd034513373ba6fb044120026130f89,ok,
1190,placeable_item,880,Mysterious slate (A),mysterious-slate-a,"This mysterious stone tablet has some kind of design carved into it, and on the back are...letters?",Other,[],"[""Dig shiny dirt spot""]",,in-collection,,other_order,264,,,,,,,,[],[],https://pokopiadex.com/images/items/item_ui/mysterious-slate-a.png,[],https://pokopiadex.com/items/mysterious-slate-a,pokopiadex_items_in_collection,1190-mysterious-slate-a.png,assets/pokopia_image_sources/item_portraits/1190-mysterious-slate-a.png,https://pokopiadex.com/images/items/item_ui/mysterious-slate-a.png,image/png,32044,cf94de89c75fd43abd2c3f00dff0713a4ca146f12286e059c572e641e281e239,ok,
1191,placeable_item,2170,Mysterious Slate (B),mysterious-slate-b,"This mysterious stone tablet has some kind of design carved into it, and on the back are...letters?",Other,[],[],,in-collection,,other_order,265,,,,,,,,[],[],https://pokopiadex.com/images/items/item_ui/mysterious-slate-b.png,[],https://pokopiadex.com/items/mysterious-slate-b,pokopiadex_items_in_collection,1191-mysterious-slate-b.png,assets/pokopia_image_sources/item_portraits/1191-mysterious-slate-b.png,https://pokopiadex.com/images/items/item_ui/mysterious-slate-b.png,image/png,35266,ba6cfb1406074db01a7698fe125c44fa3e72467016882a26ba030de85d931724,ok,
1192,placeable_item,2171,Mysterious Slate (C),mysterious-slate-c,"This mysterious stone tablet has some kind of design carved into it, and on the back are...letters?",Other,[],[],,in-collection,,other_order,266,,,,,,,,[],[],https://pokopiadex.com/images/items/item_ui/mysterious-slate-c.png,[],https://pokopiadex.com/items/mysterious-slate-c,pokopiadex_items_in_collection,1192-mysterious-slate-c.png,assets/pokopia_image_sources/item_portraits/1192-mysterious-slate-c.png,https://pokopiadex.com/images/items/item_ui/mysterious-slate-c.png,image/png,33576,af23ed9737661c807c4c9ff09c0abd84f88923fa6f893e55b25a80a4dbcb8a0d,ok,
1193,placeable_item,2172,Mysterious Slate (D),mysterious-slate-d,"This mysterious stone tablet has some kind of design carved into it, and on the back are...letters?",Other,[],[],,in-collection,,other_order,267,,,,,,,,[],[],https://pokopiadex.com/images/items/item_ui/mysterious-slate-d.png,[],https://pokopiadex.com/items/mysterious-slate-d,pokopiadex_items_in_collection,1193-mysterious-slate-d.png,assets/pokopia_image_sources/item_portraits/1193-mysterious-slate-d.png,https://pokopiadex.com/images/items/item_ui/mysterious-slate-d.png,image/png,34754,2cab02a6478296c0ed3661f9e9d4a2b140b64c46e5dfbb85b53e8a30bf266b35,ok,
1194,placeable_item,2173,Mysterious Slate (E),mysterious-slate-e,"This mysterious stone tablet has some kind of design carved into it, and on the back are...letters?",Other,[],[],,in-collection,,other_order,268,,,,,,,,[],[],https://pokopiadex.com/images/items/item_ui/mysterious-slate-e.png,[],https://pokopiadex.com/items/mysterious-slate-e,pokopiadex_items_in_collection,1194-mysterious-slate-e.png,assets/pokopia_image_sources/item_portraits/1194-mysterious-slate-e.png,https://pokopiadex.com/images/items/item_ui/mysterious-slate-e.png,image/png,34605,eb2fe41e9b639e9d2860f9c46a94f3bbf1af83a00a94a0c02ac42bf04401de74,ok,
1195,placeable_item,2174,Mysterious Slate (F),mysterious-slate-f,"This mysterious stone tablet has some kind of design carved into it, and on the back are...letters?",Other,[],[],,in-collection,,other_order,269,,,,,,,,[],[],https://pokopiadex.com/images/items/item_ui/mysterious-slate-f.png,[],https://pokopiadex.com/items/mysterious-slate-f,pokopiadex_items_in_collection,1195-mysterious-slate-f.png,assets/pokopia_image_sources/item_portraits/1195-mysterious-slate-f.png,https://pokopiadex.com/images/items/item_ui/mysterious-slate-f.png,image/png,31432,6436ae1fb0c44a5078915a328187afb7eb2c66ba1af8f1e9a367e7f90b6f9e0a,ok,
1196,placeable_item,2175,Mysterious Slate (G),mysterious-slate-g,"This mysterious stone tablet has some kind of design carved into it, and on the back are...letters?",Other,[],[],,in-collection,,other_order,270,,,,,,,,[],[],https://pokopiadex.com/images/items/item_ui/mysterious-slate-g.png,[],https://pokopiadex.com/items/mysterious-slate-g,pokopiadex_items_in_collection,1196-mysterious-slate-g.png,assets/pokopia_image_sources/item_portraits/1196-mysterious-slate-g.png,https://pokopiadex.com/images/items/item_ui/mysterious-slate-g.png,image/png,31633,d6c7f898335b7e5df27a0650d073187d92ee933e6f2987ec3249018660429b82,ok,
1197,placeable_item,2176,Mysterious Slate (H),mysterious-slate-h,"This mysterious stone tablet has some kind of design carved into it, and on the back are...letters?",Other,[],[],,in-collection,,other_order,271,,,,,,,,[],[],https://pokopiadex.com/images/items/item_ui/mysterious-slate-h.png,[],https://pokopiadex.com/items/mysterious-slate-h,pokopiadex_items_in_collection,1197-mysterious-slate-h.png,assets/pokopia_image_sources/item_portraits/1197-mysterious-slate-h.png,https://pokopiadex.com/images/items/item_ui/mysterious-slate-h.png,image/png,33733,d557e05171b462bd9740bd6fdb67d09e9a6d5731d38ee4864ad820bf5d5745ac,ok,
1198,placeable_item,2177,Mysterious Slate (I),mysterious-slate-i,"This mysterious stone tablet has some kind of design carved into it, and on the back are...letters?",Other,[],[],,in-collection,,other_order,272,,,,,,,,[],[],https://pokopiadex.com/images/items/item_ui/mysterious-slate-i.png,[],https://pokopiadex.com/items/mysterious-slate-i,pokopiadex_items_in_collection,1198-mysterious-slate-i.png,assets/pokopia_image_sources/item_portraits/1198-mysterious-slate-i.png,https://pokopiadex.com/images/items/item_ui/mysterious-slate-i.png,image/png,30454,94de2cea2b4a357fd543a888905b0c1b88e0dc0b6566261025a3af178b5e9408,ok,
1199,placeable_item,2178,Mysterious Slate (J),mysterious-slate-j,"This mysterious stone tablet has some kind of design carved into it, and on the back are...letters?",Other,[],[],,in-collection,,other_order,273,,,,,,,,[],[],https://pokopiadex.com/images/items/item_ui/mysterious-slate-j.png,[],https://pokopiadex.com/items/mysterious-slate-j,pokopiadex_items_in_collection,1199-mysterious-slate-j.png,assets/pokopia_image_sources/item_portraits/1199-mysterious-slate-j.png,https://pokopiadex.com/images/items/item_ui/mysterious-slate-j.png,image/png,31219,3a7127edab72b022d4cb39e0b668061933c4b47e32b8ec61f95ae6347ee04d00,ok,
1200,placeable_item,2179,Mysterious Slate (K),mysterious-slate-k,"This mysterious stone tablet has some kind of design carved into it, and on the back are...letters?",Other,[],[],,in-collection,,other_order,274,,,,,,,,[],[],https://pokopiadex.com/images/items/item_ui/mysterious-slate-k.png,[],https://pokopiadex.com/items/mysterious-slate-k,pokopiadex_items_in_collection,1200-mysterious-slate-k.png,assets/pokopia_image_sources/item_portraits/1200-mysterious-slate-k.png,https://pokopiadex.com/images/items/item_ui/mysterious-slate-k.png,image/png,34801,c15370b3458741f4b24f320ad4e9d442e32d39e98af6dc9b92e0bf7834d1bf45,ok,
1201,placeable_item,2180,Mysterious Slate (L),mysterious-slate-l,"This mysterious stone tablet has some kind of design carved into it, and on the back are...letters?",Other,[],[],,in-collection,,other_order,275,,,,,,,,[],[],https://pokopiadex.com/images/items/item_ui/mysterious-slate-l.png,[],https://pokopiadex.com/items/mysterious-slate-l,pokopiadex_items_in_collection,1201-mysterious-slate-l.png,assets/pokopia_image_sources/item_portraits/1201-mysterious-slate-l.png,https://pokopiadex.com/images/items/item_ui/mysterious-slate-l.png,image/png,34663,7e6dab309603a81476181988f01ab05ac68fa42865b5f40f3a732500ad484c99,ok,
1202,placeable_item,2181,Mysterious Slate (M),mysterious-slate-m,"This mysterious stone tablet has some kind of design carved into it, and on the back are...letters?",Other,[],[],,in-collection,,other_order,276,,,,,,,,[],[],https://pokopiadex.com/images/items/item_ui/mysterious-slate-m.png,[],https://pokopiadex.com/items/mysterious-slate-m,pokopiadex_items_in_collection,1202-mysterious-slate-m.png,assets/pokopia_image_sources/item_portraits/1202-mysterious-slate-m.png,https://pokopiadex.com/images/items/item_ui/mysterious-slate-m.png,image/png,34898,b3f94761f07c3458a9e690889f8a9b1388c27dc652d04ac3d52d4ae9f797e751,ok,
1203,placeable_item,2182,Mysterious Slate (N),mysterious-slate-n,"This mysterious stone tablet has some kind of design carved into it, and on the back are...letters?",Other,[],[],,in-collection,,other_order,277,,,,,,,,[],[],https://pokopiadex.com/images/items/item_ui/mysterious-slate-n.png,[],https://pokopiadex.com/items/mysterious-slate-n,pokopiadex_items_in_collection,1203-mysterious-slate-n.png,assets/pokopia_image_sources/item_portraits/1203-mysterious-slate-n.png,https://pokopiadex.com/images/items/item_ui/mysterious-slate-n.png,image/png,31701,ca6847bb8ee1f93df4c4d6cdb7cd35a36d67f83333b14db7b112275eff8ff0a0,ok,
1204,placeable_item,2183,Mysterious Slate (O),mysterious-slate-o,"This mysterious stone tablet has some kind of design carved into it, and on the back are...letters?",Other,[],[],,in-collection,,other_order,278,,,,,,,,[],[],https://pokopiadex.com/images/items/item_ui/mysterious-slate-o.png,[],https://pokopiadex.com/items/mysterious-slate-o,pokopiadex_items_in_collection,1204-mysterious-slate-o.png,assets/pokopia_image_sources/item_portraits/1204-mysterious-slate-o.png,https://pokopiadex.com/images/items/item_ui/mysterious-slate-o.png,image/png,27890,7265b626b674426120b049e3c8527ac9b1bf67635533ddee12a11be7d24c91a2,ok,
1205,placeable_item,2184,Mysterious Slate (P),mysterious-slate-p,"This mysterious stone tablet has some kind of design carved into it, and on the back are...letters?",Other,[],[],,in-collection,,other_order,279,,,,,,,,[],[],https://pokopiadex.com/images/items/item_ui/mysterious-slate-p.png,[],https://pokopiadex.com/items/mysterious-slate-p,pokopiadex_items_in_collection,1205-mysterious-slate-p.png,assets/pokopia_image_sources/item_portraits/1205-mysterious-slate-p.png,https://pokopiadex.com/images/items/item_ui/mysterious-slate-p.png,image/png,35742,083dafcc0ccd764ae9d3a926e5140541ed8be93bfe5f2d651d1b7804979ac4b0,ok,
1206,placeable_item,2185,Mysterious Slate (Q),mysterious-slate-q,"This mysterious stone tablet has some kind of design carved into it, and on the back are...letters?",Other,[],[],,in-collection,,other_order,280,,,,,,,,[],[],https://pokopiadex.com/images/items/item_ui/mysterious-slate-q.png,[],https://pokopiadex.com/items/mysterious-slate-q,pokopiadex_items_in_collection,1206-mysterious-slate-q.png,assets/pokopia_image_sources/item_portraits/1206-mysterious-slate-q.png,https://pokopiadex.com/images/items/item_ui/mysterious-slate-q.png,image/png,33515,6e7dead90aa8d6bf765df9f4c1be008768982bec818dc42edd388a6bbb90051d,ok,
1207,placeable_item,2186,Mysterious Slate (R),mysterious-slate-r,"This mysterious stone tablet has some kind of design carved into it, and on the back are...letters?",Other,[],[],,in-collection,,other_order,281,,,,,,,,[],[],https://pokopiadex.com/images/items/item_ui/mysterious-slate-r.png,[],https://pokopiadex.com/items/mysterious-slate-r,pokopiadex_items_in_collection,1207-mysterious-slate-r.png,assets/pokopia_image_sources/item_portraits/1207-mysterious-slate-r.png,https://pokopiadex.com/images/items/item_ui/mysterious-slate-r.png,image/png,32948,2361542b6695aa8f4982c30875d165a3f0e5f970b0741f512e447adce137b276,ok,
1208,placeable_item,2187,Mysterious Slate (S),mysterious-slate-s,"This mysterious stone tablet has some kind of design carved into it, and on the back are...letters?",Other,[],[],,in-collection,,other_order,282,,,,,,,,[],[],https://pokopiadex.com/images/items/item_ui/mysterious-slate-s.png,[],https://pokopiadex.com/items/mysterious-slate-s,pokopiadex_items_in_collection,1208-mysterious-slate-s.png,assets/pokopia_image_sources/item_portraits/1208-mysterious-slate-s.png,https://pokopiadex.com/images/items/item_ui/mysterious-slate-s.png,image/png,31904,a3476d3c10f337d6b1e75d519bc9b5fd34fdd30ec0924b617347a9ffb82adec1,ok,
1209,placeable_item,2188,Mysterious Slate (T),mysterious-slate-t,"This mysterious stone tablet has some kind of design carved into it, and on the back are...letters?",Other,[],[],,in-collection,,other_order,283,,,,,,,,[],[],https://pokopiadex.com/images/items/item_ui/mysterious-slate-t.png,[],https://pokopiadex.com/items/mysterious-slate-t,pokopiadex_items_in_collection,1209-mysterious-slate-t.png,assets/pokopia_image_sources/item_portraits/1209-mysterious-slate-t.png,https://pokopiadex.com/images/items/item_ui/mysterious-slate-t.png,image/png,32898,7eaa8bcc567b2ecd684b5cf06d5a4d9042c1050f9e109021b58d4f1ff1f141a2,ok,
1210,placeable_item,2189,Mysterious Slate (U),mysterious-slate-u,"This mysterious stone tablet has some kind of design carved into it, and on the back are...letters?",Other,[],[],,in-collection,,other_order,284,,,,,,,,[],[],https://pokopiadex.com/images/items/item_ui/mysterious-slate-u.png,[],https://pokopiadex.com/items/mysterious-slate-u,pokopiadex_items_in_collection,1210-mysterious-slate-u.png,assets/pokopia_image_sources/item_portraits/1210-mysterious-slate-u.png,https://pokopiadex.com/images/items/item_ui/mysterious-slate-u.png,image/png,34112,0708c0106baddd35520a153ea031539aa17bbc863500375c3697116cae3ac2ec,ok,
1211,placeable_item,2190,Mysterious Slate (V),mysterious-slate-v,"This mysterious stone tablet has some kind of design carved into it, and on the back are...letters?",Other,[],[],,in-collection,,other_order,285,,,,,,,,[],[],https://pokopiadex.com/images/items/item_ui/mysterious-slate-v.png,[],https://pokopiadex.com/items/mysterious-slate-v,pokopiadex_items_in_collection,1211-mysterious-slate-v.png,assets/pokopia_image_sources/item_portraits/1211-mysterious-slate-v.png,https://pokopiadex.com/images/items/item_ui/mysterious-slate-v.png,image/png,36013,bdd1996f561fd3a37c4351ce6e14556ebfbaf23c1ab9ce7d6f53e77f241ad1c7,ok,
1212,placeable_item,2191,Mysterious Slate (W),mysterious-slate-w,"This mysterious stone tablet has some kind of design carved into it, and on the back are...letters?",Other,[],[],,in-collection,,other_order,286,,,,,,,,[],[],https://pokopiadex.com/images/items/item_ui/mysterious-slate-w.png,[],https://pokopiadex.com/items/mysterious-slate-w,pokopiadex_items_in_collection,1212-mysterious-slate-w.png,assets/pokopia_image_sources/item_portraits/1212-mysterious-slate-w.png,https://pokopiadex.com/images/items/item_ui/mysterious-slate-w.png,image/png,35212,5296a8a96816e532e15cab672634d062ea153a44bde36b25a23ae81e881ee6c2,ok,
1213,placeable_item,2192,Mysterious Slate (X),mysterious-slate-x,"This mysterious stone tablet has some kind of design carved into it, and on the back are...letters?",Other,[],[],,in-collection,,other_order,287,,,,,,,,[],[],https://pokopiadex.com/images/items/item_ui/mysterious-slate-x.png,[],https://pokopiadex.com/items/mysterious-slate-x,pokopiadex_items_in_collection,1213-mysterious-slate-x.png,assets/pokopia_image_sources/item_portraits/1213-mysterious-slate-x.png,https://pokopiadex.com/images/items/item_ui/mysterious-slate-x.png,image/png,33178,28e566a3c9731ee0cc6aa9a95200cb333a4501c68cdc376de6a76fabdc9ba9ca,ok,
1214,placeable_item,2193,Mysterious Slate (Y),mysterious-slate-y,"This mysterious stone tablet has some kind of design carved into it, and on the back are...letters?",Other,[],[],,in-collection,,other_order,288,,,,,,,,[],[],https://pokopiadex.com/images/items/item_ui/mysterious-slate-y.png,[],https://pokopiadex.com/items/mysterious-slate-y,pokopiadex_items_in_collection,1214-mysterious-slate-y.png,assets/pokopia_image_sources/item_portraits/1214-mysterious-slate-y.png,https://pokopiadex.com/images/items/item_ui/mysterious-slate-y.png,image/png,31228,7d175bab69178ba0f359b50971c0e9da24554e15aaf676d40fa9ec0610723aca,ok,
1215,placeable_item,2194,Mysterious Slate (Z),mysterious-slate-z,"This mysterious stone tablet has some kind of design carved into it, and on the back are...letters?",Other,[],[],,in-collection,,other_order,289,,,,,,,,[],[],https://pokopiadex.com/images/items/item_ui/mysterious-slate-z.png,[],https://pokopiadex.com/items/mysterious-slate-z,pokopiadex_items_in_collection,1215-mysterious-slate-z.png,assets/pokopia_image_sources/item_portraits/1215-mysterious-slate-z.png,https://pokopiadex.com/images/items/item_ui/mysterious-slate-z.png,image/png,32697,1cd24a11d2cac7e0c70a0cf0558ff4230f607aa5964751332b3ddf932ba8f244,ok,
1216,placeable_item,2195,Mysterious Slate (?!),mysterious-slate,"This mysterious stone tablet has some kind of design carved into it, and on the back are...letters?",Other,[],[],,in-collection,,other_order,290,,,,,,,,[],[],https://pokopiadex.com/images/items/item_ui/mysterious-slate.png,[],https://pokopiadex.com/items/mysterious-slate,pokopiadex_items_in_collection,1216-mysterious-slate.png,assets/pokopia_image_sources/item_portraits/1216-mysterious-slate.png,https://pokopiadex.com/images/items/item_ui/mysterious-slate.png,image/png,33875,7f90ad18a03826a4a04bad29b200044338bd3dd2f030e0c9ed3dd0d3e079654a,ok,
1217,placeable_item,1526,Professor's treasure trove,professors-treasure-trove,"It may look like a bunch of junk, but every single piece here is worthy of study to a professor.",Other,"[""Decoration""]",[],,in-collection,,other_order,291,,,,,,,,[],[],https://pokopiadex.com/images/items/item_ui/professors-treasure-trove.png,[],https://pokopiadex.com/items/professors-treasure-trove,pokopiadex_items_in_collection,1217-professors-treasure-trove.png,assets/pokopia_image_sources/item_portraits/1217-professors-treasure-trove.png,https://pokopiadex.com/images/items/item_ui/professors-treasure-trove.png,image/png,29888,53381fcc17afbad8c195febf617e771847d2a1fb778ea42b0fb0774706409424,ok,
1218,placeable_item,2196,Diploma,diploma,A certificate awarded to those who have completed their Pokédex. Time to show off your accomplishment.,Other,"[""Decoration""]",[],,in-collection,,other_order,292,,,,,,,,[],[],https://pokopiadex.com/images/items/item_ui/diploma.png,[],https://pokopiadex.com/items/diploma,pokopiadex_items_in_collection,1218-diploma.png,assets/pokopia_image_sources/item_portraits/1218-diploma.png,https://pokopiadex.com/images/items/item_ui/diploma.png,image/png,28788,a83c4c94a003c246fcbb936d53d8f7d8054fb17821b33b5b60a1bcadaeb38d6b,ok,
1219,placeable_item,1046,Picnic blanket,picnic-blanket,"Spread this blanket out on the ground and have a fun picnic with Hoppip, Skiploom, and other friends!",Other,[],"[""Trade 15 Cotton spores to Hoppip""]",More Spores for Hoppip,in-collection,,,,,,,,0,,,[],[],https://pokopiadex.com/images/items/item_ui/picnic-blanket.png,[],https://pokopiadex.com/items/picnic-blanket,pokopiadex_items_in_collection,1219-picnic-blanket.png,assets/pokopia_image_sources/item_portraits/1219-picnic-blanket.png,https://pokopiadex.com/images/items/item_ui/picnic-blanket.png,image/png,127292,c5005b6292f0f08265f9305c6eddac5224b3dfae06fda6b081092bfe64f320d3,ok,
