kind,name,name_zh_hans,category,tag,selection_reasons,image_url,image_source,fallback_image_url,pokopiadex_slug,pokopiadex_category,pokopiadex_tags,infipoke_slug,infipoke_category,infipoke_tag,source_pages
decorative_item,Adventure kit,,Misc.,Toy,pokopiadex_tag:toy,https://pokopiadex.com/images/items/item_ui/adventure-kit.png,pokopiadex_items,,adventure-kit,Misc.,Toy,,,,https://pokopiadex.com/items;https://infipoke.com/zh/game/pokopia/items
decorative_item,Afternoon tea set,下午茶套餐,Misc.,Decoration,infipoke_tag:decoration;pokopiadex_tag:decoration,https://pokopiadex.com/images/items/item_ui/afternoon-tea-set.png,pokopiadex_items,https://infipoke.com/img/pokopia/items/afternoonteaset.webp,afternoon-tea-set,Misc.,Decoration,afternoonteaset,Misc.,Decoration,https://pokopiadex.com/items;https://infipoke.com/zh/game/pokopia/items
decorative_item,Aged-stone flooring,风化石地板,Blocks,Road,infipoke_category:blocks;pokopiadex_category:blocks,https://pokopiadex.com/images/items/crafting_ui/aged-stone-flooring.png,pokopiadex_items,https://infipoke.com/img/pokopia/items/aged-stoneflooring.webp,aged-stone-flooring,Blocks,Road,aged-stoneflooring,Blocks,Road,https://pokopiadex.com/items;https://infipoke.com/zh/game/pokopia/items
decorative_item,Aged-stone wall,风化石墙,Blocks,,infipoke_category:blocks;pokopiadex_category:blocks,https://pokopiadex.com/images/items/crafting_ui/aged-stone-wall.png,pokopiadex_items,https://infipoke.com/img/pokopia/items/aged-stonewall.webp,aged-stone-wall,Blocks,,aged-stonewall,Blocks,,https://pokopiadex.com/items;https://infipoke.com/zh/game/pokopia/items
decorative_item,Air conditioner,空调,Misc.,Decoration,infipoke_tag:decoration;pokopiadex_tag:decoration,https://pokopiadex.com/images/items/item_ui/air-conditioner.png,pokopiadex_items,https://infipoke.com/img/pokopia/items/airconditioner.webp,air-conditioner,Misc.,Decoration,airconditioner,Misc.,Decoration,https://pokopiadex.com/items;https://infipoke.com/zh/game/pokopia/items
decorative_item,Alarm clock,闹钟,Misc.,Toy,infipoke_tag:toy;pokopiadex_tag:toy,https://pokopiadex.com/images/items/crafting_ui/alarm-clock.png,pokopiadex_items,https://infipoke.com/img/pokopia/items/alarmclock.webp,alarm-clock,Misc.,Toy,alarmclock,Misc.,Toy,https://pokopiadex.com/items;https://infipoke.com/zh/game/pokopia/items
decorative_item,Alpine grass,高山草,Blocks,,infipoke_category:blocks;pokopiadex_category:blocks,https://pokopiadex.com/images/items/item_ui/alpine-grass.png,pokopiadex_items,https://infipoke.com/img/pokopia/items/alpinegrass.webp,alpine-grass,Blocks,,alpinegrass,Blocks,,https://pokopiadex.com/items;https://infipoke.com/zh/game/pokopia/items
decorative_item,Antique bed,古董床,Furniture,Relaxation,infipoke_category:furniture;pokopiadex_category:furniture,https://pokopiadex.com/images/items/item_ui/antique-bed.png,pokopiadex_items,https://infipoke.com/img/pokopia/items/antiquebed.webp,antique-bed,Furniture,Relaxation,antiquebed,Furniture,Relaxation,https://pokopiadex.com/items;https://infipoke.com/zh/game/pokopia/items
decorative_item,Antique chair,古董椅,Furniture,Relaxation,infipoke_category:furniture;pokopiadex_category:furniture,https://pokopiadex.com/images/items/item_ui/antique-chair.png,pokopiadex_items,https://infipoke.com/img/pokopia/items/antiquechair.webp,antique-chair,Furniture,Relaxation,antiquechair,Furniture,Relaxation,https://pokopiadex.com/items;https://infipoke.com/zh/game/pokopia/items
decorative_item,Antique chandelier,古董吊灯,Utilities,Decoration,infipoke_tag:decoration;pokopiadex_tag:decoration,https://pokopiadex.com/images/items/item_ui/antique-chandelier.png,pokopiadex_items,https://infipoke.com/img/pokopia/items/antiquechandelier.webp,antique-chandelier,Utilities,Decoration,antiquechandelier,Utilities,Decoration,https://pokopiadex.com/items;https://infipoke.com/zh/game/pokopia/items
decorative_item,Antique chest,古董宝箱,Furniture,Decoration,infipoke_category:furniture;infipoke_tag:decoration;pokopiadex_category:furniture;pokopiadex_tag:decoration,https://pokopiadex.com/images/items/item_ui/antique-chest.png,pokopiadex_items,https://infipoke.com/img/pokopia/items/antiquechest.webp,antique-chest,Furniture,Decoration,antiquechest,Furniture,Decoration,https://pokopiadex.com/items;https://infipoke.com/zh/game/pokopia/items
decorative_item,Antique clock,古董钟,Misc.,Decoration,infipoke_tag:decoration;pokopiadex_tag:toy,https://pokopiadex.com/images/items/item_ui/antique-clock.png,pokopiadex_items,https://infipoke.com/img/pokopia/items/antiqueclock.webp,antique-clock,Misc.,Toy,antiqueclock,Misc.,Decoration,https://pokopiadex.com/items;https://infipoke.com/zh/game/pokopia/items
decorative_item,Antique closet,古董衣柜,Furniture,Decoration,infipoke_category:furniture;infipoke_tag:decoration;pokopiadex_category:furniture;pokopiadex_tag:decoration,https://pokopiadex.com/images/items/item_ui/antique-closet.png,pokopiadex_items,https://infipoke.com/img/pokopia/items/antiquecloset.webp,antique-closet,Furniture,Decoration,antiquecloset,Furniture,Decoration,https://pokopiadex.com/items;https://infipoke.com/zh/game/pokopia/items
decorative_item,Antique dresser,古董梳妆台,Furniture,Toy,infipoke_category:furniture;infipoke_tag:toy;pokopiadex_category:furniture;pokopiadex_tag:toy,https://pokopiadex.com/images/items/item_ui/antique-dresser.png,pokopiadex_items,https://infipoke.com/img/pokopia/items/antiquedresser.webp,antique-dresser,Furniture,Toy,antiquedresser,Furniture,Toy,https://pokopiadex.com/items;https://infipoke.com/zh/game/pokopia/items
decorative_item,Antique sofa,古董沙发,Furniture,Relaxation,infipoke_category:furniture;pokopiadex_category:furniture,https://pokopiadex.com/images/items/item_ui/antique-sofa.png,pokopiadex_items,https://infipoke.com/img/pokopia/items/antiquesofa.webp,antique-sofa,Furniture,Relaxation,antiquesofa,Furniture,Relaxation,https://pokopiadex.com/items;https://infipoke.com/zh/game/pokopia/items
decorative_item,Antique table,古董桌,Furniture,,infipoke_category:furniture;pokopiadex_category:furniture,https://pokopiadex.com/images/items/item_ui/antique-table.png,pokopiadex_items,https://infipoke.com/img/pokopia/items/antiquetable.webp,antique-table,Furniture,,antiquetable,Furniture,,https://pokopiadex.com/items;https://infipoke.com/zh/game/pokopia/items
decorative_item,Antique wall (lower),古董墙（下）,Blocks,,infipoke_category:blocks;pokopiadex_category:blocks,https://pokopiadex.com/images/items/item_ui/antique-wall-lower.png,pokopiadex_items,https://infipoke.com/img/pokopia/items/antiquewall%28lower%29.webp,antique-wall-lower,Blocks,,antiquewall(lower),Blocks,,https://pokopiadex.com/items;https://infipoke.com/zh/game/pokopia/items
decorative_item,Antique wall (middle),古董墙（中）,Blocks,,infipoke_category:blocks;pokopiadex_category:blocks,https://pokopiadex.com/images/items/item_ui/antique-wall-middle.png,pokopiadex_items,https://infipoke.com/img/pokopia/items/antiquewall%28middle%29.webp,antique-wall-middle,Blocks,,antiquewall(middle),Blocks,,https://pokopiadex.com/items;https://infipoke.com/zh/game/pokopia/items
decorative_item,Antique wall (upper),古董墙（上）,Blocks,,infipoke_category:blocks;pokopiadex_category:blocks,https://pokopiadex.com/images/items/item_ui/antique-wall-upper.png,pokopiadex_items,https://infipoke.com/img/pokopia/items/antiquewall%28upper%29.webp,antique-wall-upper,Blocks,,antiquewall(upper),Blocks,,https://pokopiadex.com/items;https://infipoke.com/zh/game/pokopia/items
decorative_item,Arcade machine,街机,Misc.,Toy,infipoke_tag:toy;pokopiadex_tag:toy,https://pokopiadex.com/images/items/item_ui/arcade-machine.png,pokopiadex_items,https://infipoke.com/img/pokopia/items/arcademachine.webp,arcade-machine,Misc.,Toy,arcademachine,Misc.,Toy,https://pokopiadex.com/items;https://infipoke.com/zh/game/pokopia/items
decorative_item,Arcanine doll,风速狗玩偶,Misc.,Toy,infipoke_tag:toy;pokopiadex_tag:toy,https://pokopiadex.com/images/items/item_ui/arcanine-doll.png,pokopiadex_items,https://infipoke.com/img/pokopia/items/arcaninedoll.webp,arcanine-doll,Misc.,Toy,arcaninedoll,Misc.,Toy,https://pokopiadex.com/items;https://infipoke.com/zh/game/pokopia/items
decorative_item,Arched tiling,拱形砖,Blocks,Road,infipoke_category:blocks;pokopiadex_category:blocks,https://pokopiadex.com/images/items/crafting_ui/arched-tiling.png,pokopiadex_items,https://infipoke.com/img/pokopia/items/archedtiling.webp,arched-tiling,Blocks,Road,archedtiling,Blocks,Road,https://pokopiadex.com/items;https://infipoke.com/zh/game/pokopia/items
decorative_item,Argyle print,菱格纹花纹,Blocks,,infipoke_category:blocks;pokopiadex_category:blocks,https://pokopiadex.com/images/items/item_ui/argyle-print.png,pokopiadex_items,https://infipoke.com/img/pokopia/items/argyleprint.webp,argyle-print,Blocks,,argyleprint,Blocks,,https://pokopiadex.com/items;https://infipoke.com/zh/game/pokopia/items
decorative_item,Armor Fossil,盾甲化石,Other,Decoration,infipoke_tag:decoration;pokopiadex_tag:decoration,https://pokopiadex.com/images/items/item_ui/armor-fossil.png,pokopiadex_items,https://infipoke.com/img/pokopia/items/armorfossil.webp,armor-fossil,Other,Decoration,armorfossil,Other,Decoration,https://pokopiadex.com/items;https://infipoke.com/zh/game/pokopia/items
decorative_item,Arrow sign,箭头指示牌,Outdoor,Decoration,infipoke_tag:decoration;pokopiadex_tag:decoration,https://pokopiadex.com/images/items/item_ui/arrow-sign.png,pokopiadex_items,https://infipoke.com/img/pokopia/items/arrowsign.webp,arrow-sign,Outdoor,Decoration,arrowsign,Outdoor,Decoration,https://pokopiadex.com/items;https://infipoke.com/zh/game/pokopia/items
decorative_item,Asphalt road,柏油路,Blocks,Road,infipoke_category:blocks;pokopiadex_category:blocks,https://pokopiadex.com/images/items/crafting_ui/asphalt-road.png,pokopiadex_items,https://infipoke.com/img/pokopia/items/asphaltroad.webp,asphalt-road,Blocks,Road,asphaltroad,Blocks,Road,https://pokopiadex.com/items;https://infipoke.com/zh/game/pokopia/items
decorative_item,Audio mixer,调音台,Misc.,Toy,infipoke_tag:toy;pokopiadex_tag:toy,https://pokopiadex.com/images/items/item_ui/audio-mixer.png,pokopiadex_items,https://infipoke.com/img/pokopia/items/audiomixer.webp,audio-mixer,Misc.,Toy,audiomixer,Misc.,Toy,https://pokopiadex.com/items;https://infipoke.com/zh/game/pokopia/items
decorative_item,Auspicious Armor,祝庆铠甲,Misc.,Toy,infipoke_tag:toy;pokopiadex_tag:decoration,https://pokopiadex.com/images/items/item_ui/auspicious-armor.png,pokopiadex_items,https://infipoke.com/img/pokopia/items/auspiciousarmor.webp,auspicious-armor,Misc.,Decoration,auspiciousarmor,Misc.,Toy,https://pokopiadex.com/items;https://infipoke.com/zh/game/pokopia/items
decorative_item,Avalugg Table,冰岩怪桌,Furniture,,infipoke_category:furniture;pokopiadex_category:furniture,https://pokopiadex.com/images/items/item_ui/avalugg-table.png,pokopiadex_items,https://infipoke.com/img/pokopia/items/avaluggtable.webp,avalugg-table,Furniture,,avaluggtable,Furniture,,https://pokopiadex.com/items;https://infipoke.com/zh/game/pokopia/items
decorative_item,Balloons,气球,Misc.,Toy,infipoke_tag:toy;pokopiadex_tag:toy,https://pokopiadex.com/images/items/shop_ui/balloons.png,pokopiadex_items,https://infipoke.com/img/pokopia/items/balloons.webp,balloons,Misc.,Toy,balloons,Misc.,Toy,https://pokopiadex.com/items;https://infipoke.com/zh/game/pokopia/items
decorative_item,Barrel,木桶,Outdoor,Decoration,infipoke_tag:decoration;pokopiadex_tag:decoration,https://pokopiadex.com/images/items/item_ui/barrel.png,pokopiadex_items,https://infipoke.com/img/pokopia/items/barrel.webp,barrel,Outdoor,Decoration,barrel,Outdoor,Decoration,https://pokopiadex.com/items;https://infipoke.com/zh/game/pokopia/items
decorative_item,Barren ordinary soil,荒芜普通泥土,Blocks,,infipoke_category:blocks;pokopiadex_category:blocks,https://pokopiadex.com/images/items/item_ui/barren-ordinary-soil.png,pokopiadex_items,https://infipoke.com/img/pokopia/items/barrenordinarysoil.webp,barren-ordinary-soil,Blocks,,barrenordinarysoil,Blocks,,https://pokopiadex.com/items;https://infipoke.com/zh/game/pokopia/items
decorative_item,Barren pure-white soil,荒芜纯白泥土,Blocks,,infipoke_category:blocks,https://infipoke.com/img/pokopia/items/barrenpure-whitesoil.webp,infipoke_items,,,,,barrenpure-whitesoil,Blocks,,https://pokopiadex.com/items;https://infipoke.com/zh/game/pokopia/items
decorative_item,Barren striped soil,荒芜条纹泥土,Blocks,,infipoke_category:blocks;pokopiadex_category:blocks,https://pokopiadex.com/images/items/item_ui/barren-striped-soil.png,pokopiadex_items,https://infipoke.com/img/pokopia/items/barrenstripedsoil.webp,barren-striped-soil,Blocks,,barrenstripedsoil,Blocks,,https://pokopiadex.com/items;https://infipoke.com/zh/game/pokopia/items
decorative_item,Bathtime set,沐浴套装,Misc.,Toy,infipoke_tag:toy;pokopiadex_tag:toy,https://pokopiadex.com/images/items/item_ui/bathtime-set.png,pokopiadex_items,https://infipoke.com/img/pokopia/items/bathtimeset.webp,bathtime-set,Misc.,Toy,bathtimeset,Misc.,Toy,https://pokopiadex.com/items;https://infipoke.com/zh/game/pokopia/items
decorative_item,Bathtub,浴缸,Misc.,Toy,infipoke_tag:toy;pokopiadex_tag:decoration,https://pokopiadex.com/images/items/item_ui/bathtub.png,pokopiadex_items,https://infipoke.com/img/pokopia/items/bathtub.webp,bathtub,Misc.,Decoration,bathtub,Misc.,Toy,https://pokopiadex.com/items;https://infipoke.com/zh/game/pokopia/items
decorative_item,Beach chair,沙滩椅,Furniture,Relaxation,infipoke_category:furniture;pokopiadex_category:furniture,https://pokopiadex.com/images/items/crafting_ui/beach-chair.png,pokopiadex_items,https://infipoke.com/img/pokopia/items/beachchair.webp,beach-chair,Furniture,Relaxation,beachchair,Furniture,Relaxation,https://pokopiadex.com/items;https://infipoke.com/zh/game/pokopia/items
decorative_item,Beach sand,海滩沙子,Blocks,,infipoke_category:blocks;pokopiadex_category:blocks,https://pokopiadex.com/images/items/item_ui/beach-sand.png,pokopiadex_items,https://infipoke.com/img/pokopia/items/beachsand.webp,beach-sand,Blocks,,beachsand,Blocks,,https://pokopiadex.com/items;https://infipoke.com/zh/game/pokopia/items
decorative_item,Bell,钟,Outdoor,Toy,pokopiadex_tag:toy,https://pokopiadex.com/images/items/crafting_ui/bell.png,pokopiadex_items,https://infipoke.com/img/pokopia/items/bell.webp,bell,Outdoor,Toy,bell,Outdoor,,https://pokopiadex.com/items;https://infipoke.com/zh/game/pokopia/items
decorative_item,Berry basket,树果篮,Misc.,Decoration,infipoke_tag:decoration;pokopiadex_tag:decoration,https://pokopiadex.com/images/items/crafting_ui/berry-basket.png,pokopiadex_items,https://infipoke.com/img/pokopia/items/berrybasket.webp,berry-basket,Misc.,Decoration,berrybasket,Misc.,Decoration,https://pokopiadex.com/items;https://infipoke.com/zh/game/pokopia/items
decorative_item,Berry bed,树果床,Furniture,Relaxation,infipoke_category:furniture;pokopiadex_category:furniture,https://pokopiadex.com/images/items/item_ui/berry-bed.png,pokopiadex_items,https://infipoke.com/img/pokopia/items/berrybed.webp,berry-bed,Furniture,Relaxation,berrybed,Furniture,Relaxation,https://pokopiadex.com/items;https://infipoke.com/zh/game/pokopia/items
decorative_item,Berry case,树果箱,Furniture,Decoration,infipoke_category:furniture;infipoke_tag:decoration;pokopiadex_category:furniture;pokopiadex_tag:decoration,https://pokopiadex.com/images/items/item_ui/berry-case.png,pokopiadex_items,https://infipoke.com/img/pokopia/items/berrycase.webp,berry-case,Furniture,Decoration,berrycase,Furniture,Decoration,https://pokopiadex.com/items;https://infipoke.com/zh/game/pokopia/items
decorative_item,Berry chair,树果椅,Furniture,Relaxation,infipoke_category:furniture;pokopiadex_category:furniture,https://pokopiadex.com/images/items/item_ui/berry-chair.png,pokopiadex_items,https://infipoke.com/img/pokopia/items/berrychair.webp,berry-chair,Furniture,Relaxation,berrychair,Furniture,Relaxation,https://pokopiadex.com/items;https://infipoke.com/zh/game/pokopia/items
decorative_item,Berry clock,树果钟,Misc.,Decoration,infipoke_tag:decoration;pokopiadex_tag:toy,https://pokopiadex.com/images/items/item_ui/berry-clock.png,pokopiadex_items,https://infipoke.com/img/pokopia/items/berryclock.webp,berry-clock,Misc.,Toy,berryclock,Misc.,Decoration,https://pokopiadex.com/items;https://infipoke.com/zh/game/pokopia/items
decorative_item,Berry hanging lamp,树果吊灯,Utilities,Decoration,infipoke_tag:decoration;pokopiadex_tag:decoration,https://pokopiadex.com/images/items/item_ui/berry-hanging-lamp.png,pokopiadex_items,https://infipoke.com/img/pokopia/items/berryhanginglamp.webp,berry-hanging-lamp,Utilities,Decoration,berryhanginglamp,Utilities,Decoration,https://pokopiadex.com/items;https://infipoke.com/zh/game/pokopia/items
decorative_item,Berry print,树果花纹,Blocks,,infipoke_category:blocks;pokopiadex_category:blocks,https://pokopiadex.com/images/items/item_ui/berry-print.png,pokopiadex_items,https://infipoke.com/img/pokopia/items/berryprint.webp,berry-print,Blocks,,berryprint,Blocks,,https://pokopiadex.com/items;https://infipoke.com/zh/game/pokopia/items
decorative_item,Berry table,树果桌,Furniture,,infipoke_category:furniture;pokopiadex_category:furniture,https://pokopiadex.com/images/items/item_ui/berry-table.png,pokopiadex_items,https://infipoke.com/img/pokopia/items/berrytable.webp,berry-table,Furniture,,berrytable,Furniture,,https://pokopiadex.com/items;https://infipoke.com/zh/game/pokopia/items
decorative_item,Berry table lamp,树果台灯,Utilities,Decoration,infipoke_tag:decoration;pokopiadex_tag:decoration,https://pokopiadex.com/images/items/item_ui/berry-table-lamp.png,pokopiadex_items,https://infipoke.com/img/pokopia/items/berrytablelamp.webp,berry-table-lamp,Utilities,Decoration,berrytablelamp,Utilities,Decoration,https://pokopiadex.com/items;https://infipoke.com/zh/game/pokopia/items
decorative_item,Berry wall decoration,树果墙饰,Misc.,Decoration,infipoke_tag:decoration;pokopiadex_tag:decoration,https://pokopiadex.com/images/items/item_ui/berry-wall-decoration.png,pokopiadex_items,https://infipoke.com/img/pokopia/items/berrywalldecoration.webp,berry-wall-decoration,Misc.,Decoration,berrywalldecoration,Misc.,Decoration,https://pokopiadex.com/items;https://infipoke.com/zh/game/pokopia/items
decorative_item,Big drum,大鼓,Misc.,Toy,infipoke_tag:toy;pokopiadex_tag:toy,https://pokopiadex.com/images/items/item_ui/big-drum.png,pokopiadex_items,https://infipoke.com/img/pokopia/items/bigdrum.webp,big-drum,Misc.,Toy,bigdrum,Misc.,Toy,https://pokopiadex.com/items;https://infipoke.com/zh/game/pokopia/items
decorative_item,Big Nugget,巨型金珠,Misc.,Decoration,infipoke_tag:decoration;pokopiadex_tag:toy,https://pokopiadex.com/images/items/item_ui/big-nugget.png,pokopiadex_items,https://infipoke.com/img/pokopia/items/bignugget.webp,big-nugget,Misc.,Toy,bignugget,Misc.,Decoration,https://pokopiadex.com/items;https://infipoke.com/zh/game/pokopia/items
decorative_item,Big storage box,大型收纳箱,Furniture,,infipoke_category:furniture;pokopiadex_category:furniture,https://pokopiadex.com/images/items/crafting_ui/big-storage-box.png,pokopiadex_items,https://infipoke.com/img/pokopia/items/bigstoragebox.webp,big-storage-box,Furniture,,bigstoragebox,Furniture,,https://pokopiadex.com/items;https://infipoke.com/zh/game/pokopia/items
decorative_item,Bike,自行车,Outdoor,Decoration,infipoke_tag:decoration;pokopiadex_tag:toy,https://pokopiadex.com/images/items/item_ui/bike.png,pokopiadex_items,https://infipoke.com/img/pokopia/items/bike.webp,bike,Outdoor,Toy,bike,Outdoor,Decoration,https://pokopiadex.com/items;https://infipoke.com/zh/game/pokopia/items
decorative_item,Black cliff rock,黑色悬崖岩石,Blocks,,infipoke_category:blocks;pokopiadex_category:blocks,https://pokopiadex.com/images/items/item_ui/black-cliff-rock.png,pokopiadex_items,https://infipoke.com/img/pokopia/items/blackcliffrock.webp,black-cliff-rock,Blocks,,blackcliffrock,Blocks,,https://pokopiadex.com/items;https://infipoke.com/zh/game/pokopia/items
decorative_item,Black rock,黑色岩石,Blocks,,infipoke_category:blocks;pokopiadex_category:blocks,https://pokopiadex.com/images/items/item_ui/black-rock.png,pokopiadex_items,https://infipoke.com/img/pokopia/items/blackrock.webp,black-rock,Blocks,,blackrock,Blocks,,https://pokopiadex.com/items;https://infipoke.com/zh/game/pokopia/items
decorative_item,Black spotted cliff rock,黑色斑纹悬崖岩石,Blocks,,infipoke_category:blocks;pokopiadex_category:blocks,https://pokopiadex.com/images/items/item_ui/black-spotted-cliff-rock.png,pokopiadex_items,https://infipoke.com/img/pokopia/items/blackspottedcliffrock.webp,black-spotted-cliff-rock,Blocks,,blackspottedcliffrock,Blocks,,https://pokopiadex.com/items;https://infipoke.com/zh/game/pokopia/items
decorative_item,Blank canvas,空白画布,Outdoor,Decoration,infipoke_tag:decoration;pokopiadex_tag:decoration,https://pokopiadex.com/images/items/item_ui/blank-canvas.png,pokopiadex_items,https://infipoke.com/img/pokopia/items/blankcanvas.webp,blank-canvas,Outdoor,Decoration,blankcanvas,Outdoor,Decoration,https://pokopiadex.com/items;https://infipoke.com/zh/game/pokopia/items
decorative_item,Blue meteor lamp,蓝色流星灯,Utilities,Decoration,infipoke_tag:decoration;pokopiadex_tag:decoration,https://pokopiadex.com/images/items/item_ui/blue-meteor-lamp.png,pokopiadex_items,https://infipoke.com/img/pokopia/items/bluemeteorlamp.webp,blue-meteor-lamp,Utilities,Decoration,bluemeteorlamp,Utilities,Decoration,https://pokopiadex.com/items;https://infipoke.com/zh/game/pokopia/items
decorative_item,Bonfire,篝火,Outdoor,Decoration,infipoke_tag:decoration;pokopiadex_tag:decoration,https://pokopiadex.com/images/items/shop_ui/bonfire.png,pokopiadex_items,https://infipoke.com/img/pokopia/items/bonfire.webp,bonfire,Outdoor,Decoration,bonfire,Outdoor,Decoration,https://pokopiadex.com/items;https://infipoke.com/zh/game/pokopia/items
decorative_item,Boo-in-the-box,惊吓盒,Misc.,Toy,infipoke_tag:toy;pokopiadex_tag:toy,https://pokopiadex.com/images/items/item_ui/boo-in-the-box.png,pokopiadex_items,https://infipoke.com/img/pokopia/items/boo-in-the-box.webp,boo-in-the-box,Misc.,Toy,boo-in-the-box,Misc.,Toy,https://pokopiadex.com/items;https://infipoke.com/zh/game/pokopia/items
decorative_item,Book,书本,Misc.,Toy,infipoke_tag:toy;pokopiadex_tag:toy,https://pokopiadex.com/images/items/item_ui/book.png,pokopiadex_items,https://infipoke.com/img/pokopia/items/book.webp,book,Misc.,Toy,book,Misc.,Toy,https://pokopiadex.com/items;https://infipoke.com/zh/game/pokopia/items
decorative_item,Book pile,书堆,Misc.,Toy,infipoke_tag:toy;pokopiadex_tag:toy,https://pokopiadex.com/images/items/item_ui/book-pile.png,pokopiadex_items,https://infipoke.com/img/pokopia/items/bookpile.webp,book-pile,Misc.,Toy,bookpile,Misc.,Toy,https://pokopiadex.com/items;https://infipoke.com/zh/game/pokopia/items
decorative_item,Bookcase,书柜,Misc.,Decoration,infipoke_tag:decoration;pokopiadex_tag:decoration,https://pokopiadex.com/images/items/item_ui/bookcase.png,pokopiadex_items,https://infipoke.com/img/pokopia/items/bookcase.webp,bookcase,Misc.,Decoration,bookcase,Misc.,Decoration,https://pokopiadex.com/items;https://infipoke.com/zh/game/pokopia/items
decorative_item,Bouncy blue bathtub,弹弹蓝浴缸,Misc.,Toy,infipoke_tag:toy;pokopiadex_tag:decoration,https://pokopiadex.com/images/items/item_ui/bouncy-blue-bathtub.png,pokopiadex_items,https://infipoke.com/img/pokopia/items/bouncybluebathtub.webp,bouncy-blue-bathtub,Misc.,Decoration,bouncybluebathtub,Misc.,Toy,https://pokopiadex.com/items;https://infipoke.com/zh/game/pokopia/items
decorative_item,Box sofa,箱型沙发,Furniture,Relaxation,infipoke_category:furniture;pokopiadex_category:furniture,https://pokopiadex.com/images/items/item_ui/box-sofa.png,pokopiadex_items,https://infipoke.com/img/pokopia/items/boxsofa.webp,box-sofa,Furniture,Relaxation,boxsofa,Furniture,Relaxation,https://pokopiadex.com/items;https://infipoke.com/zh/game/pokopia/items
decorative_item,Brick flooring,砖块地板,Blocks,Road,infipoke_category:blocks;pokopiadex_category:blocks,https://pokopiadex.com/images/items/crafting_ui/brick-flooring.png,pokopiadex_items,https://infipoke.com/img/pokopia/items/brickflooring.webp,brick-flooring,Blocks,Road,brickflooring,Blocks,Road,https://pokopiadex.com/items;https://infipoke.com/zh/game/pokopia/items
decorative_item,Brick wall,砖墙,Blocks,,infipoke_category:blocks;pokopiadex_category:blocks,https://pokopiadex.com/images/items/crafting_ui/brick-wall.png,pokopiadex_items,https://infipoke.com/img/pokopia/items/brickwall.webp,brick-wall,Blocks,,brickwall,Blocks,,https://pokopiadex.com/items;https://infipoke.com/zh/game/pokopia/items
decorative_item,Broken-tiling wall,碎瓷砖墙,Blocks,,infipoke_category:blocks;pokopiadex_category:blocks,https://pokopiadex.com/images/items/item_ui/broken-tiling-wall.png,pokopiadex_items,https://infipoke.com/img/pokopia/items/broken-tilingwall.webp,broken-tiling-wall,Blocks,,broken-tilingwall,Blocks,,https://pokopiadex.com/items;https://infipoke.com/zh/game/pokopia/items
decorative_item,Bronze wall,青铜墙,Blocks,,infipoke_category:blocks;pokopiadex_category:blocks,https://pokopiadex.com/images/items/item_ui/bronze-wall.png,pokopiadex_items,https://infipoke.com/img/pokopia/items/bronzewall.webp,bronze-wall,Blocks,,bronzewall,Blocks,,https://pokopiadex.com/items;https://infipoke.com/zh/game/pokopia/items
decorative_item,Bubble print,气泡花纹,Blocks,,infipoke_category:blocks;pokopiadex_category:blocks,https://pokopiadex.com/images/items/item_ui/bubble-print.png,pokopiadex_items,https://infipoke.com/img/pokopia/items/bubbleprint.webp,bubble-print,Blocks,,bubbleprint,Blocks,,https://pokopiadex.com/items;https://infipoke.com/zh/game/pokopia/items
decorative_item,Bumpy beach sand,凹凸海沙,Blocks,,infipoke_category:blocks;pokopiadex_category:blocks,https://pokopiadex.com/images/items/item_ui/bumpy-beach-sand.png,pokopiadex_items,https://infipoke.com/img/pokopia/items/bumpybeachsand.webp,bumpy-beach-sand,Blocks,,bumpybeachsand,Blocks,,https://pokopiadex.com/items;https://infipoke.com/zh/game/pokopia/items
decorative_item,Camping chair,,Furniture,Relaxation,pokopiadex_category:furniture,https://pokopiadex.com/images/items/item_ui/camping-chair.png,pokopiadex_items,,camping-chair,Furniture,Relaxation,,,,https://pokopiadex.com/items;https://infipoke.com/zh/game/pokopia/items
decorative_item,Cannon,大炮,Outdoor,Toy,infipoke_tag:toy;pokopiadex_tag:toy,https://pokopiadex.com/images/items/crafting_ui/cannon.png,pokopiadex_items,https://infipoke.com/img/pokopia/items/cannon.webp,cannon,Outdoor,Toy,cannon,Outdoor,Toy,https://pokopiadex.com/items;https://infipoke.com/zh/game/pokopia/items
decorative_item,Canoe,独木舟,Outdoor,Toy,infipoke_tag:toy;pokopiadex_tag:toy,https://pokopiadex.com/images/items/item_ui/canoe.png,pokopiadex_items,https://infipoke.com/img/pokopia/items/canoe.webp,canoe,Outdoor,Toy,canoe,Outdoor,Toy,https://pokopiadex.com/items;https://infipoke.com/zh/game/pokopia/items
decorative_item,Card reader,读卡器,Utilities,Decoration,infipoke_tag:decoration;pokopiadex_tag:decoration,https://pokopiadex.com/images/items/item_ui/card-reader.png,pokopiadex_items,https://infipoke.com/img/pokopia/items/cardreader.webp,card-reader,Utilities,Decoration,cardreader,Utilities,Decoration,https://pokopiadex.com/items;https://infipoke.com/zh/game/pokopia/items
decorative_item,Cardboard boxes,纸箱,Misc.,Toy,infipoke_tag:toy;pokopiadex_tag:decoration,https://pokopiadex.com/images/items/item_ui/cardboard-boxes.png,pokopiadex_items,https://infipoke.com/img/pokopia/items/cardboardboxes.webp,cardboard-boxes,Misc.,Decoration,cardboardboxes,Misc.,Toy,https://pokopiadex.com/items;https://infipoke.com/zh/game/pokopia/items
decorative_item,Carved coarse rock,雕刻粗岩,Blocks,,infipoke_category:blocks;pokopiadex_category:blocks,https://pokopiadex.com/images/items/item_ui/carved-coarse-rock.png,pokopiadex_items,https://infipoke.com/img/pokopia/items/carvedcoarserock.webp,carved-coarse-rock,Blocks,,carvedcoarserock,Blocks,,https://pokopiadex.com/items;https://infipoke.com/zh/game/pokopia/items
decorative_item,Carved light-brown rock,雕刻浅棕岩,Blocks,,infipoke_category:blocks;pokopiadex_category:blocks,https://pokopiadex.com/images/items/item_ui/carved-light-brown-rock.png,pokopiadex_items,https://infipoke.com/img/pokopia/items/carvedlight-brownrock.webp,carved-light-brown-rock,Blocks,,carvedlight-brownrock,Blocks,,https://pokopiadex.com/items;https://infipoke.com/zh/game/pokopia/items
decorative_item,Carved red rock,雕刻红岩,Blocks,,infipoke_category:blocks;pokopiadex_category:blocks,https://pokopiadex.com/images/items/item_ui/carved-red-rock.png,pokopiadex_items,https://infipoke.com/img/pokopia/items/carvedredrock.webp,carved-red-rock,Blocks,,carvedredrock,Blocks,,https://pokopiadex.com/items;https://infipoke.com/zh/game/pokopia/items
decorative_item,Carved white rock,雕刻白岩,Blocks,,infipoke_category:blocks;pokopiadex_category:blocks,https://pokopiadex.com/images/items/item_ui/carved-white-rock.png,pokopiadex_items,https://infipoke.com/img/pokopia/items/carvedwhiterock.webp,carved-white-rock,Blocks,,carvedwhiterock,Blocks,,https://pokopiadex.com/items;https://infipoke.com/zh/game/pokopia/items
decorative_item,Carved yellow rock,雕刻黄岩,Blocks,,infipoke_category:blocks;pokopiadex_category:blocks,https://pokopiadex.com/images/items/item_ui/carved-yellow-rock.png,pokopiadex_items,https://infipoke.com/img/pokopia/items/carvedyellowrock.webp,carved-yellow-rock,Blocks,,carvedyellowrock,Blocks,,https://pokopiadex.com/items;https://infipoke.com/zh/game/pokopia/items
decorative_item,Castform weather charm,飘浮泡泡晴天娃娃,Misc.,Decoration,infipoke_tag:decoration;pokopiadex_tag:toy,https://pokopiadex.com/images/items/shop_ui/castform-weather-charm.png,pokopiadex_items,https://infipoke.com/img/pokopia/items/castformweathercharm.webp,castform-weather-charm,Misc.,Toy,castformweathercharm,Misc.,Decoration,https://pokopiadex.com/items;https://infipoke.com/zh/game/pokopia/items
decorative_item,Cave rock,洞穴岩石,Blocks,,infipoke_category:blocks;pokopiadex_category:blocks,https://pokopiadex.com/images/items/item_ui/cave-rock.png,pokopiadex_items,https://infipoke.com/img/pokopia/items/caverock.webp,cave-rock,Blocks,,caverock,Blocks,,https://pokopiadex.com/items;https://infipoke.com/zh/game/pokopia/items
decorative_item,CD player,CD播放器,Misc.,Toy,infipoke_tag:toy;pokopiadex_tag:toy,https://pokopiadex.com/images/items/shop_ui/cd-player.png,pokopiadex_items,https://infipoke.com/img/pokopia/items/cdplayer.webp,cd-player,Misc.,Toy,cdplayer,Misc.,Toy,https://pokopiadex.com/items;https://infipoke.com/zh/game/pokopia/items
decorative_item,CD rack,CD架,Misc.,Decoration,infipoke_tag:decoration;pokopiadex_tag:decoration,https://pokopiadex.com/images/items/item_ui/cd-rack.png,pokopiadex_items,https://infipoke.com/img/pokopia/items/cdrack.webp,cd-rack,Misc.,Decoration,cdrack,Misc.,Decoration,https://pokopiadex.com/items;https://infipoke.com/zh/game/pokopia/items
decorative_item,Ceiling fan,吊扇,Misc.,Decoration,infipoke_tag:decoration;pokopiadex_tag:decoration,https://pokopiadex.com/images/items/item_ui/ceiling-fan.png,pokopiadex_items,https://infipoke.com/img/pokopia/items/ceilingfan.webp,ceiling-fan,Misc.,Decoration,ceilingfan,Misc.,Decoration,https://pokopiadex.com/items;https://infipoke.com/zh/game/pokopia/items
decorative_item,Cell phone,手机,Misc.,Toy,infipoke_tag:toy;pokopiadex_tag:toy,https://pokopiadex.com/images/items/item_ui/cell-phone.png,pokopiadex_items,https://infipoke.com/img/pokopia/items/cellphone.webp,cell-phone,Misc.,Toy,cellphone,Misc.,Toy,https://pokopiadex.com/items;https://infipoke.com/zh/game/pokopia/items
decorative_item,Chansey plant,吉利蛋盆栽,Outdoor,Decoration,infipoke_tag:decoration;pokopiadex_tag:decoration,https://pokopiadex.com/images/items/item_ui/chansey-plant.png,pokopiadex_items,https://infipoke.com/img/pokopia/items/chanseyplant.webp,chansey-plant,Outdoor,Decoration,chanseyplant,Outdoor,Decoration,https://pokopiadex.com/items;https://infipoke.com/zh/game/pokopia/items
decorative_item,Chic chair,时尚椅,Furniture,Relaxation,infipoke_category:furniture;pokopiadex_category:furniture,https://pokopiadex.com/images/items/crafting_ui/chic-chair.png,pokopiadex_items,https://infipoke.com/img/pokopia/items/chicchair.webp,chic-chair,Furniture,Relaxation,chicchair,Furniture,Relaxation,https://pokopiadex.com/items;https://infipoke.com/zh/game/pokopia/items
decorative_item,Chic sofa,时尚沙发,Furniture,Relaxation,infipoke_category:furniture;pokopiadex_category:furniture,https://pokopiadex.com/images/items/item_ui/chic-sofa.png,pokopiadex_items,https://infipoke.com/img/pokopia/items/chicsofa.webp,chic-sofa,Furniture,Relaxation,chicsofa,Furniture,Relaxation,https://pokopiadex.com/items;https://infipoke.com/zh/game/pokopia/items
decorative_item,Chic streetlight,雅致路灯,Utilities,Decoration,infipoke_tag:decoration;pokopiadex_tag:decoration,https://pokopiadex.com/images/items/item_ui/chic-streetlight.png,pokopiadex_items,https://infipoke.com/img/pokopia/items/chicstreetlight.webp,chic-streetlight,Utilities,Decoration,chicstreetlight,Utilities,Decoration,https://pokopiadex.com/items;https://infipoke.com/zh/game/pokopia/items
decorative_item,Chic table,时尚桌,Furniture,,infipoke_category:furniture;pokopiadex_category:furniture,https://pokopiadex.com/images/items/shop_ui/chic-table.png,pokopiadex_items,https://infipoke.com/img/pokopia/items/chictable.webp,chic-table,Furniture,,chictable,Furniture,,https://pokopiadex.com/items;https://infipoke.com/zh/game/pokopia/items
decorative_item,Chocolate cookies,巧克力曲奇,Misc.,Decoration,infipoke_tag:decoration;pokopiadex_tag:decoration,https://pokopiadex.com/images/items/item_ui/chocolate-cookies.png,pokopiadex_items,https://infipoke.com/img/pokopia/items/chocolatecookies.webp,chocolate-cookies,Misc.,Decoration,chocolatecookies,Misc.,Decoration,https://pokopiadex.com/items;https://infipoke.com/zh/game/pokopia/items
decorative_item,Clay,黏土,Blocks,,infipoke_category:blocks;pokopiadex_category:blocks,https://pokopiadex.com/images/items/item_ui/clay.png,pokopiadex_items,https://infipoke.com/img/pokopia/items/clay.webp,clay,Blocks,,clay,Blocks,,https://pokopiadex.com/items;https://infipoke.com/zh/game/pokopia/items
decorative_item,Cleaning supplies,清洁用品,Misc.,Toy,infipoke_tag:toy;pokopiadex_tag:toy,https://pokopiadex.com/images/items/item_ui/cleaning-supplies.png,pokopiadex_items,https://infipoke.com/img/pokopia/items/cleaningsupplies.webp,cleaning-supplies,Misc.,Toy,cleaningsupplies,Misc.,Toy,https://pokopiadex.com/items;https://infipoke.com/zh/game/pokopia/items
decorative_item,Clear Bell,清澈铃铛,Misc.,Toy,infipoke_tag:toy;pokopiadex_tag:toy,https://pokopiadex.com/images/items/item_ui/clear-bell.png,pokopiadex_items,https://infipoke.com/img/pokopia/items/clearbell.webp,clear-bell,Misc.,Toy,clearbell,Misc.,Toy,https://pokopiadex.com/items;https://infipoke.com/zh/game/pokopia/items
decorative_item,Clefairy doll,皮皮玩偶,Misc.,Toy,infipoke_tag:toy;pokopiadex_tag:toy,https://pokopiadex.com/images/items/item_ui/clefairy-doll.png,pokopiadex_items,https://infipoke.com/img/pokopia/items/clefairydoll.webp,clefairy-doll,Misc.,Toy,clefairydoll,Misc.,Toy,https://pokopiadex.com/items;https://infipoke.com/zh/game/pokopia/items
decorative_item,Cliff rock,悬崖岩石,Blocks,,infipoke_category:blocks;pokopiadex_category:blocks,https://pokopiadex.com/images/items/item_ui/cliff-rock.png,pokopiadex_items,https://infipoke.com/img/pokopia/items/cliffrock.webp,cliff-rock,Blocks,,cliffrock,Blocks,,https://pokopiadex.com/items;https://infipoke.com/zh/game/pokopia/items
decorative_item,Cloth wall,布艺墙,Blocks,,infipoke_category:blocks;pokopiadex_category:blocks,https://pokopiadex.com/images/items/item_ui/cloth-wall.png,pokopiadex_items,https://infipoke.com/img/pokopia/items/clothwall.webp,cloth-wall,Blocks,,clothwall,Blocks,,https://pokopiadex.com/items;https://infipoke.com/zh/game/pokopia/items
decorative_item,Coarse rock,粗糙岩石,Blocks,,infipoke_category:blocks;pokopiadex_category:blocks,https://pokopiadex.com/images/items/item_ui/coarse-rock.png,pokopiadex_items,https://infipoke.com/img/pokopia/items/coarserock.webp,coarse-rock,Blocks,,coarserock,Blocks,,https://pokopiadex.com/items;https://infipoke.com/zh/game/pokopia/items
decorative_item,Cobblestone wall,鹅卵石墙,Blocks,,infipoke_category:blocks;pokopiadex_category:blocks,https://pokopiadex.com/images/items/crafting_ui/cobblestone-wall.png,pokopiadex_items,https://infipoke.com/img/pokopia/items/cobblestonewall.webp,cobblestone-wall,Blocks,,cobblestonewall,Blocks,,https://pokopiadex.com/items;https://infipoke.com/zh/game/pokopia/items
decorative_item,Computer,电脑,Misc.,Toy,infipoke_tag:toy;pokopiadex_tag:toy,https://pokopiadex.com/images/items/item_ui/computer.png,pokopiadex_items,https://infipoke.com/img/pokopia/items/computer.webp,computer,Misc.,Toy,computer,Misc.,Toy,https://pokopiadex.com/items;https://infipoke.com/zh/game/pokopia/items
decorative_item,Concrete pipe,水泥管,Outdoor,Decoration,infipoke_tag:decoration;pokopiadex_tag:decoration,https://pokopiadex.com/images/items/crafting_ui/concrete-pipe.png,pokopiadex_items,https://infipoke.com/img/pokopia/items/concretepipe.webp,concrete-pipe,Outdoor,Decoration,concretepipe,Outdoor,Decoration,https://pokopiadex.com/items;https://infipoke.com/zh/game/pokopia/items
decorative_item,Concrete wall,混凝土墙,Blocks,,infipoke_category:blocks;pokopiadex_category:blocks,https://pokopiadex.com/images/items/crafting_ui/concrete-wall.png,pokopiadex_items,https://infipoke.com/img/pokopia/items/concretewall.webp,concrete-wall,Blocks,,concretewall,Blocks,,https://pokopiadex.com/items;https://infipoke.com/zh/game/pokopia/items
decorative_item,Confectionery wall (lower),糖果墙（下）,Blocks,,infipoke_category:blocks;pokopiadex_category:blocks,https://pokopiadex.com/images/items/item_ui/confectionery-wall-lower.png,pokopiadex_items,https://infipoke.com/img/pokopia/items/confectionerywall%28lower%29.webp,confectionery-wall-lower,Blocks,,confectionerywall(lower),Blocks,,https://pokopiadex.com/items;https://infipoke.com/zh/game/pokopia/items
decorative_item,Confectionery wall (middle),糖果墙（中）,Blocks,,infipoke_category:blocks;pokopiadex_category:blocks,https://pokopiadex.com/images/items/item_ui/confectionery-wall-middle.png,pokopiadex_items,https://infipoke.com/img/pokopia/items/confectionerywall%28middle%29.webp,confectionery-wall-middle,Blocks,,confectionerywall(middle),Blocks,,https://pokopiadex.com/items;https://infipoke.com/zh/game/pokopia/items
decorative_item,Confectionery wall (upper),糖果墙（上）,Blocks,,infipoke_category:blocks;pokopiadex_category:blocks,https://pokopiadex.com/images/items/item_ui/confectionery-wall-upper.png,pokopiadex_items,https://infipoke.com/img/pokopia/items/confectionerywall%28upper%29.webp,confectionery-wall-upper,Blocks,,confectionerywall(upper),Blocks,,https://pokopiadex.com/items;https://infipoke.com/zh/game/pokopia/items
decorative_item,Construction supplies,建筑材料,Outdoor,Decoration,infipoke_tag:decoration;pokopiadex_tag:decoration,https://pokopiadex.com/images/items/item_ui/construction-supplies.png,pokopiadex_items,https://infipoke.com/img/pokopia/items/constructionsupplies.webp,construction-supplies,Outdoor,Decoration,constructionsupplies,Outdoor,Decoration,https://pokopiadex.com/items;https://infipoke.com/zh/game/pokopia/items
decorative_item,Control unit,控制单元,Misc.,Toy,infipoke_tag:toy;pokopiadex_tag:toy,https://pokopiadex.com/images/items/item_ui/control-unit.png,pokopiadex_items,https://infipoke.com/img/pokopia/items/controlunit.webp,control-unit,Misc.,Toy,controlunit,Misc.,Toy,https://pokopiadex.com/items;https://infipoke.com/zh/game/pokopia/items
decorative_item,Cooking stove,炉灶,Misc.,Decoration,infipoke_tag:decoration;pokopiadex_tag:decoration,https://pokopiadex.com/images/items/item_ui/cooking-stove.png,pokopiadex_items,https://infipoke.com/img/pokopia/items/cookingstove.webp,cooking-stove,Misc.,Decoration,cookingstove,Misc.,Decoration,https://pokopiadex.com/items;https://infipoke.com/zh/game/pokopia/items
decorative_item,Cool bass guitar,酷炫贝斯吉他,Misc.,Toy,infipoke_tag:toy;pokopiadex_tag:toy,https://pokopiadex.com/images/items/crafting_ui/cool-bass-guitar.png,pokopiadex_items,https://infipoke.com/img/pokopia/items/coolbassguitar.webp,cool-bass-guitar,Misc.,Toy,coolbassguitar,Misc.,Toy,https://pokopiadex.com/items;https://infipoke.com/zh/game/pokopia/items
decorative_item,Cool electric guitar,酷炫电吉他,Misc.,Toy,infipoke_tag:toy;pokopiadex_tag:toy,https://pokopiadex.com/images/items/crafting_ui/cool-electric-guitar.png,pokopiadex_items,https://infipoke.com/img/pokopia/items/coolelectricguitar.webp,cool-electric-guitar,Misc.,Toy,coolelectricguitar,Misc.,Toy,https://pokopiadex.com/items;https://infipoke.com/zh/game/pokopia/items
decorative_item,Copper deposit (Beach),铜矿石（海边）,Blocks,,infipoke_category:blocks;pokopiadex_category:blocks,https://pokopiadex.com/images/items/item_ui/copper-deposit-beach.png,pokopiadex_items,https://infipoke.com/img/pokopia/items/copperdeposit%28beach%29.webp,copper-deposit-beach,Blocks,,copperdeposit(beach),Blocks,,https://pokopiadex.com/items;https://infipoke.com/zh/game/pokopia/items
decorative_item,Copper deposit (Ridge),铜矿石（山地）,Blocks,,infipoke_category:blocks;pokopiadex_category:blocks,https://pokopiadex.com/images/items/item_ui/copper-deposit-ridge.png,pokopiadex_items,https://infipoke.com/img/pokopia/items/copperdeposit%28ridge%29.webp,copper-deposit-ridge,Blocks,,copperdeposit(ridge),Blocks,,https://pokopiadex.com/items;https://infipoke.com/zh/game/pokopia/items
decorative_item,Copper deposit (Skyland),铜矿石（浮岛）,Blocks,,infipoke_category:blocks;pokopiadex_category:blocks,https://pokopiadex.com/images/items/item_ui/copper-deposit-skyland.png,pokopiadex_items,https://infipoke.com/img/pokopia/items/copperdeposit%28skyland%29.webp,copper-deposit-skyland,Blocks,,copperdeposit(skyland),Blocks,,https://pokopiadex.com/items;https://infipoke.com/zh/game/pokopia/items
decorative_item,Copper deposit (Wasteland),铜矿石（荒野）,Blocks,,infipoke_category:blocks;pokopiadex_category:blocks,https://pokopiadex.com/images/items/item_ui/copper-deposit-wasteland.png,pokopiadex_items,https://infipoke.com/img/pokopia/items/copperdeposit%28wasteland%29.webp,copper-deposit-wasteland,Blocks,,copperdeposit(wasteland),Blocks,,https://pokopiadex.com/items;https://infipoke.com/zh/game/pokopia/items
decorative_item,Corkboard,软木板,Misc.,Decoration,infipoke_tag:decoration;pokopiadex_tag:decoration,https://pokopiadex.com/images/items/crafting_ui/corkboard.png,pokopiadex_items,https://infipoke.com/img/pokopia/items/corkboard.webp,corkboard,Misc.,Decoration,corkboard,Misc.,Decoration,https://pokopiadex.com/items;https://infipoke.com/zh/game/pokopia/items
decorative_item,Counter,柜台,Furniture,,infipoke_category:furniture;pokopiadex_category:furniture,https://pokopiadex.com/images/items/item_ui/counter.png,pokopiadex_items,https://infipoke.com/img/pokopia/items/counter.webp,counter,Furniture,,counter,Furniture,,https://pokopiadex.com/items;https://infipoke.com/zh/game/pokopia/items
decorative_item,Cracked sandstone,裂纹砂岩,Blocks,,infipoke_category:blocks;pokopiadex_category:blocks,https://pokopiadex.com/images/items/item_ui/cracked-sandstone.png,pokopiadex_items,https://infipoke.com/img/pokopia/items/crackedsandstone.webp,cracked-sandstone,Blocks,,crackedsandstone,Blocks,,https://pokopiadex.com/items;https://infipoke.com/zh/game/pokopia/items
decorative_item,Crisscross wooden flooring,交错木地板,Blocks,Road,infipoke_category:blocks;pokopiadex_category:blocks,https://pokopiadex.com/images/items/crafting_ui/crisscross-wooden-flooring.png,pokopiadex_items,https://infipoke.com/img/pokopia/items/crisscrosswoodenflooring.webp,crisscross-wooden-flooring,Blocks,Road,crisscrosswoodenflooring,Blocks,Road,https://pokopiadex.com/items;https://infipoke.com/zh/game/pokopia/items
decorative_item,Crystal ball,水晶球,Misc.,Toy,infipoke_tag:toy;pokopiadex_tag:toy,https://pokopiadex.com/images/items/crafting_ui/crystal-ball.png,pokopiadex_items,https://infipoke.com/img/pokopia/items/crystalball.webp,crystal-ball,Misc.,Toy,crystalball,Misc.,Toy,https://pokopiadex.com/items;https://infipoke.com/zh/game/pokopia/items
decorative_item,Crystal wall,水晶墙,Blocks,,infipoke_category:blocks;pokopiadex_category:blocks,https://pokopiadex.com/images/items/crafting_ui/crystal-wall.png,pokopiadex_items,https://infipoke.com/img/pokopia/items/crystalwall.webp,crystal-wall,Blocks,,crystalwall,Blocks,,https://pokopiadex.com/items;https://infipoke.com/zh/game/pokopia/items
decorative_item,Cube light,方块灯,Blocks,,infipoke_category:blocks;pokopiadex_category:blocks,https://pokopiadex.com/images/items/item_ui/cube-light.png,pokopiadex_items,https://infipoke.com/img/pokopia/items/cubelight.webp,cube-light,Blocks,,cubelight,Blocks,,https://pokopiadex.com/items;https://infipoke.com/zh/game/pokopia/items
decorative_item,Curry print,咖喱花纹,Blocks,,infipoke_category:blocks;pokopiadex_category:blocks,https://pokopiadex.com/images/items/item_ui/curry-print.png,pokopiadex_items,https://infipoke.com/img/pokopia/items/curryprint.webp,curry-print,Blocks,,curryprint,Blocks,,https://pokopiadex.com/items;https://infipoke.com/zh/game/pokopia/items
decorative_item,Cushy wall,软垫墙,Blocks,,infipoke_category:blocks;pokopiadex_category:blocks,https://pokopiadex.com/images/items/item_ui/cushy-wall.png,pokopiadex_items,https://infipoke.com/img/pokopia/items/cushywall.webp,cushy-wall,Blocks,,cushywall,Blocks,,https://pokopiadex.com/items;https://infipoke.com/zh/game/pokopia/items
decorative_item,Cute bed,可爱床,Furniture,Relaxation,infipoke_category:furniture;pokopiadex_category:furniture,https://pokopiadex.com/images/items/item_ui/cute-bed.png,pokopiadex_items,https://infipoke.com/img/pokopia/items/cutebed.webp,cute-bed,Furniture,Relaxation,cutebed,Furniture,Relaxation,https://pokopiadex.com/items;https://infipoke.com/zh/game/pokopia/items
decorative_item,Cute chair,可爱椅,Furniture,Relaxation,infipoke_category:furniture;pokopiadex_category:furniture,https://pokopiadex.com/images/items/item_ui/cute-chair.png,pokopiadex_items,https://infipoke.com/img/pokopia/items/cutechair.webp,cute-chair,Furniture,Relaxation,cutechair,Furniture,Relaxation,https://pokopiadex.com/items;https://infipoke.com/zh/game/pokopia/items
decorative_item,Cute dresser,可爱梳妆台,Furniture,Toy,infipoke_category:furniture;infipoke_tag:toy;pokopiadex_category:furniture;pokopiadex_tag:toy,https://pokopiadex.com/images/items/item_ui/cute-dresser.png,pokopiadex_items,https://infipoke.com/img/pokopia/items/cutedresser.webp,cute-dresser,Furniture,Toy,cutedresser,Furniture,Toy,https://pokopiadex.com/items;https://infipoke.com/zh/game/pokopia/items
decorative_item,Cute lamp,可爱灯,Utilities,Decoration,infipoke_tag:decoration;pokopiadex_tag:decoration,https://pokopiadex.com/images/items/item_ui/cute-lamp.png,pokopiadex_items,https://infipoke.com/img/pokopia/items/cutelamp.webp,cute-lamp,Utilities,Decoration,cutelamp,Utilities,Decoration,https://pokopiadex.com/items;https://infipoke.com/zh/game/pokopia/items
decorative_item,Cute sofa,可爱沙发,Furniture,Relaxation,infipoke_category:furniture;pokopiadex_category:furniture,https://pokopiadex.com/images/items/item_ui/cute-sofa.png,pokopiadex_items,https://infipoke.com/img/pokopia/items/cutesofa.webp,cute-sofa,Furniture,Relaxation,cutesofa,Furniture,Relaxation,https://pokopiadex.com/items;https://infipoke.com/zh/game/pokopia/items
decorative_item,Cute table,可爱桌,Furniture,,infipoke_category:furniture;pokopiadex_category:furniture,https://pokopiadex.com/images/items/item_ui/cute-table.png,pokopiadex_items,https://infipoke.com/img/pokopia/items/cutetable.webp,cute-table,Furniture,,cutetable,Furniture,,https://pokopiadex.com/items;https://infipoke.com/zh/game/pokopia/items
decorative_item,Cyber flooring,赛博地板,Blocks,Road,infipoke_category:blocks;pokopiadex_category:blocks,https://pokopiadex.com/images/items/item_ui/cyber-flooring.png,pokopiadex_items,https://infipoke.com/img/pokopia/items/cyberflooring.webp,cyber-flooring,Blocks,Road,cyberflooring,Blocks,Road,https://pokopiadex.com/items;https://infipoke.com/zh/game/pokopia/items
decorative_item,Damaged arched tiling,破损拱形地砖,Blocks,,infipoke_category:blocks,https://infipoke.com/img/pokopia/items/damagedarchedtiling.webp,infipoke_items,,,,,damagedarchedtiling,Blocks,,https://pokopiadex.com/items;https://infipoke.com/zh/game/pokopia/items
decorative_item,Damaged asphalt road,破损沥青路,Blocks,,infipoke_category:blocks,https://infipoke.com/img/pokopia/items/damagedasphaltroad.webp,infipoke_items,,,,,damagedasphaltroad,Blocks,,https://pokopiadex.com/items;https://infipoke.com/zh/game/pokopia/items
decorative_item,Damaged mosaic tiling,破损马赛克地砖,Blocks,,infipoke_category:blocks,https://infipoke.com/img/pokopia/items/damagedmosaictiling.webp,infipoke_items,,,,,damagedmosaictiling,Blocks,,https://pokopiadex.com/items;https://infipoke.com/zh/game/pokopia/items
decorative_item,Damaged square tiling,破损方砖,Blocks,,infipoke_category:blocks,https://infipoke.com/img/pokopia/items/damagedsquaretiling.webp,infipoke_items,,,,,damagedsquaretiling,Blocks,,https://pokopiadex.com/items;https://infipoke.com/zh/game/pokopia/items
decorative_item,Damaged stone flooring,破损石地板,Blocks,,infipoke_category:blocks,https://infipoke.com/img/pokopia/items/damagedstoneflooring.webp,infipoke_items,,,,,damagedstoneflooring,Blocks,,https://pokopiadex.com/items;https://infipoke.com/zh/game/pokopia/items
decorative_item,Damaged wooden flooring,破损木地板,Blocks,,infipoke_category:blocks,https://infipoke.com/img/pokopia/items/damagedwoodenflooring.webp,infipoke_items,,,,,damagedwoodenflooring,Blocks,,https://pokopiadex.com/items;https://infipoke.com/zh/game/pokopia/items
decorative_item,Dark marble flooring,深色大理石地板,Blocks,Road,infipoke_category:blocks;pokopiadex_category:blocks,https://pokopiadex.com/images/items/crafting_ui/dark-marble-flooring.png,pokopiadex_items,https://infipoke.com/img/pokopia/items/darkmarbleflooring.webp,dark-marble-flooring,Blocks,Road,darkmarbleflooring,Blocks,Road,https://pokopiadex.com/items;https://infipoke.com/zh/game/pokopia/items
decorative_item,Deck chair,躺椅,Furniture,Relaxation,infipoke_category:furniture;pokopiadex_category:furniture,https://pokopiadex.com/images/items/item_ui/deck-chair.png,pokopiadex_items,https://infipoke.com/img/pokopia/items/deckchair.webp,deck-chair,Furniture,Relaxation,deckchair,Furniture,Relaxation,https://pokopiadex.com/items;https://infipoke.com/zh/game/pokopia/items
decorative_item,Decorative bookshelf,装饰书架,Misc.,Decoration,infipoke_tag:decoration;pokopiadex_tag:decoration,https://pokopiadex.com/images/items/crafting_ui/decorative-bookshelf.png,pokopiadex_items,https://infipoke.com/img/pokopia/items/decorativebookshelf.webp,decorative-bookshelf,Misc.,Decoration,decorativebookshelf,Misc.,Decoration,https://pokopiadex.com/items;https://infipoke.com/zh/game/pokopia/items
decorative_item,Decorative plant shelf,装饰花架,Misc.,Decoration,infipoke_tag:decoration;pokopiadex_tag:decoration,https://pokopiadex.com/images/items/crafting_ui/decorative-plant-shelf.png,pokopiadex_items,https://infipoke.com/img/pokopia/items/decorativeplantshelf.webp,decorative-plant-shelf,Misc.,Decoration,decorativeplantshelf,Misc.,Decoration,https://pokopiadex.com/items;https://infipoke.com/zh/game/pokopia/items
decorative_item,Decorative storage shelf,装饰置物架,Misc.,Decoration,infipoke_tag:decoration;pokopiadex_tag:decoration,https://pokopiadex.com/images/items/crafting_ui/decorative-storage-shelf.png,pokopiadex_items,https://infipoke.com/img/pokopia/items/decorativestorageshelf.webp,decorative-storage-shelf,Misc.,Decoration,decorativestorageshelf,Misc.,Decoration,https://pokopiadex.com/items;https://infipoke.com/zh/game/pokopia/items
decorative_item,Desk light,台灯,Utilities,Decoration,infipoke_tag:decoration;pokopiadex_tag:decoration,https://pokopiadex.com/images/items/shop_ui/desk-light.png,pokopiadex_items,https://infipoke.com/img/pokopia/items/desklight.webp,desk-light,Utilities,Decoration,desklight,Utilities,Decoration,https://pokopiadex.com/items;https://infipoke.com/zh/game/pokopia/items
decorative_item,Despot Fossil (body),暴君化石（身体）,Other,Decoration,infipoke_tag:decoration;pokopiadex_tag:decoration,https://pokopiadex.com/images/items/item_ui/despot-fossil-body.png,pokopiadex_items,https://infipoke.com/img/pokopia/items/despotfossil%28body%29.webp,despot-fossil-body,Other,Decoration,despotfossil(body),Other,Decoration,https://pokopiadex.com/items;https://infipoke.com/zh/game/pokopia/items
decorative_item,Despot Fossil (head),暴君化石（头）,Other,Decoration,infipoke_tag:decoration;pokopiadex_tag:decoration,https://pokopiadex.com/images/items/item_ui/despot-fossil-head.png,pokopiadex_items,https://infipoke.com/img/pokopia/items/despotfossil%28head%29.webp,despot-fossil-head,Other,Decoration,despotfossil(head),Other,Decoration,https://pokopiadex.com/items;https://infipoke.com/zh/game/pokopia/items
decorative_item,Despot Fossil (legs),暴君化石（腿）,Other,Decoration,infipoke_tag:decoration;pokopiadex_tag:decoration,https://pokopiadex.com/images/items/item_ui/despot-fossil-legs.png,pokopiadex_items,https://infipoke.com/img/pokopia/items/despotfossil%28legs%29.webp,despot-fossil-legs,Other,Decoration,despotfossil(legs),Other,Decoration,https://pokopiadex.com/items;https://infipoke.com/zh/game/pokopia/items
decorative_item,Despot Fossil (tail),暴君化石（尾）,Other,Decoration,infipoke_tag:decoration;pokopiadex_tag:decoration,https://pokopiadex.com/images/items/item_ui/despot-fossil-tail.png,pokopiadex_items,https://infipoke.com/img/pokopia/items/despotfossil%28tail%29.webp,despot-fossil-tail,Other,Decoration,despotfossil(tail),Other,Decoration,https://pokopiadex.com/items;https://infipoke.com/zh/game/pokopia/items
decorative_item,Diagonal wooden flooring,斜纹木地板,Blocks,Road,infipoke_category:blocks;pokopiadex_category:blocks,https://pokopiadex.com/images/items/item_ui/diagonal-wooden-flooring.png,pokopiadex_items,https://infipoke.com/img/pokopia/items/diagonalwoodenflooring.webp,diagonal-wooden-flooring,Blocks,Road,diagonalwoodenflooring,Blocks,Road,https://pokopiadex.com/items;https://infipoke.com/zh/game/pokopia/items
decorative_item,Digital camera,,Misc.,Toy,pokopiadex_tag:toy,https://pokopiadex.com/images/items/item_ui/digital-camera.png,pokopiadex_items,,digital-camera,Misc.,Toy,,,,https://pokopiadex.com/items;https://infipoke.com/zh/game/pokopia/items
decorative_item,Dining cabinet,餐边柜,Misc.,Decoration,infipoke_tag:decoration;pokopiadex_tag:decoration,https://pokopiadex.com/images/items/item_ui/dining-cabinet.png,pokopiadex_items,https://infipoke.com/img/pokopia/items/diningcabinet.webp,dining-cabinet,Misc.,Decoration,diningcabinet,Misc.,Decoration,https://pokopiadex.com/items;https://infipoke.com/zh/game/pokopia/items
decorative_item,Diploma,完成证书,Other,Decoration,infipoke_tag:decoration;pokopiadex_tag:decoration,https://pokopiadex.com/images/items/item_ui/diploma.png,pokopiadex_items,https://infipoke.com/img/pokopia/items/diploma.webp,diploma,Other,Decoration,diploma,Other,Decoration,https://pokopiadex.com/items;https://infipoke.com/zh/game/pokopia/items
decorative_item,Ditto doll,百变怪玩偶,Misc.,Toy,infipoke_tag:toy;pokopiadex_tag:toy,https://pokopiadex.com/images/items/item_ui/ditto-doll.png,pokopiadex_items,https://infipoke.com/img/pokopia/items/dittodoll.webp,ditto-doll,Misc.,Toy,dittodoll,Misc.,Toy,https://pokopiadex.com/items;https://infipoke.com/zh/game/pokopia/items
decorative_item,Double streetlight,双头路灯,Utilities,Decoration,infipoke_tag:decoration;pokopiadex_tag:decoration,https://pokopiadex.com/images/items/item_ui/double-streetlight.png,pokopiadex_items,https://infipoke.com/img/pokopia/items/doublestreetlight.webp,double-streetlight,Utilities,Decoration,doublestreetlight,Utilities,Decoration,https://pokopiadex.com/items;https://infipoke.com/zh/game/pokopia/items
decorative_item,Dragonite doll,快龙玩偶,Misc.,Toy,infipoke_tag:toy;pokopiadex_tag:toy,https://pokopiadex.com/images/items/item_ui/dragonite-doll.png,pokopiadex_items,https://infipoke.com/img/pokopia/items/dragonitedoll.webp,dragonite-doll,Misc.,Toy,dragonitedoll,Misc.,Toy,https://pokopiadex.com/items;https://infipoke.com/zh/game/pokopia/items
decorative_item,Dry alpine grass,枯萎高山草,Blocks,,infipoke_category:blocks;pokopiadex_category:blocks,https://pokopiadex.com/images/items/item_ui/dry-alpine-grass.png,pokopiadex_items,https://infipoke.com/img/pokopia/items/dryalpinegrass.webp,dry-alpine-grass,Blocks,,dryalpinegrass,Blocks,,https://pokopiadex.com/items;https://infipoke.com/zh/game/pokopia/items
decorative_item,Dry field grass,枯萎田野草,Blocks,,infipoke_category:blocks,https://infipoke.com/img/pokopia/items/dryfieldgrass.webp,infipoke_items,,,,,dryfieldgrass,Blocks,,https://pokopiadex.com/items;https://infipoke.com/zh/game/pokopia/items
decorative_item,Dry red tall grass,枯萎红色草丛,Nature,,pokopiadex_category:blocks,https://infipoke.com/img/pokopia/items/dryredtallgrass.webp,infipoke_items,,dry-red-tall-grass,Blocks,,dryredtallgrass,Nature,,https://pokopiadex.com/items;https://infipoke.com/zh/game/pokopia/items
decorative_item,Dry seashore grass,枯萎海边草,Blocks,,infipoke_category:blocks;pokopiadex_category:blocks,https://pokopiadex.com/images/items/item_ui/dry-seashore-grass.png,pokopiadex_items,https://infipoke.com/img/pokopia/items/dryseashoregrass.webp,dry-seashore-grass,Blocks,,dryseashoregrass,Blocks,,https://pokopiadex.com/items;https://infipoke.com/zh/game/pokopia/items
decorative_item,Dry sky-high grass,枯萎高空草,Blocks,,infipoke_category:blocks,https://infipoke.com/img/pokopia/items/drysky-highgrass.webp,infipoke_items,,,,,drysky-highgrass,Blocks,,https://pokopiadex.com/items;https://infipoke.com/zh/game/pokopia/items
decorative_item,Eerie candle,诡异蜡烛,Outdoor,Decoration,infipoke_tag:decoration;pokopiadex_tag:decoration,https://pokopiadex.com/images/items/item_ui/eerie-candle.png,pokopiadex_items,https://infipoke.com/img/pokopia/items/eeriecandle.webp,eerie-candle,Outdoor,Decoration,eeriecandle,Outdoor,Decoration,https://pokopiadex.com/items;https://infipoke.com/zh/game/pokopia/items
decorative_item,Eevee doll,伊布玩偶,Misc.,Toy,infipoke_tag:toy;pokopiadex_tag:toy,https://pokopiadex.com/images/items/shop_ui/eevee-doll.png,pokopiadex_items,https://infipoke.com/img/pokopia/items/eeveedoll.webp,eevee-doll,Misc.,Toy,eeveedoll,Misc.,Toy,https://pokopiadex.com/items;https://infipoke.com/zh/game/pokopia/items
decorative_item,Excavation tools,挖掘工具,Outdoor,Toy,infipoke_tag:toy;pokopiadex_tag:toy,https://pokopiadex.com/images/items/item_ui/excavation-tools.png,pokopiadex_items,https://infipoke.com/img/pokopia/items/excavationtools.webp,excavation-tools,Outdoor,Toy,excavationtools,Outdoor,Toy,https://pokopiadex.com/items;https://infipoke.com/zh/game/pokopia/items
decorative_item,Exhibition stand,展示架,Furniture,,infipoke_category:furniture;pokopiadex_category:furniture,https://pokopiadex.com/images/items/crafting_ui/exhibition-stand.png,pokopiadex_items,https://infipoke.com/img/pokopia/items/exhibitionstand.webp,exhibition-stand,Furniture,,exhibitionstand,Furniture,,https://pokopiadex.com/items;https://infipoke.com/zh/game/pokopia/items
decorative_item,Extravagant carpeting,奢华地毯,Blocks,Road,infipoke_category:blocks;pokopiadex_category:blocks,https://pokopiadex.com/images/items/item_ui/extravagant-carpeting.png,pokopiadex_items,https://infipoke.com/img/pokopia/items/extravagantcarpeting.webp,extravagant-carpeting,Blocks,Road,extravagantcarpeting,Blocks,Road,https://pokopiadex.com/items;https://infipoke.com/zh/game/pokopia/items
decorative_item,Extravagant flowers,华丽花束,Misc.,Decoration,infipoke_tag:decoration;pokopiadex_tag:decoration,https://pokopiadex.com/images/items/crafting_ui/extravagant-flowers.png,pokopiadex_items,https://infipoke.com/img/pokopia/items/extravagantflowers.webp,extravagant-flowers,Misc.,Decoration,extravagantflowers,Misc.,Decoration,https://pokopiadex.com/items;https://infipoke.com/zh/game/pokopia/items
decorative_item,Fan,电风扇,Misc.,Toy,infipoke_tag:toy;pokopiadex_tag:toy,https://pokopiadex.com/images/items/item_ui/fan.png,pokopiadex_items,https://infipoke.com/img/pokopia/items/fan.webp,fan,Misc.,Toy,fan,Misc.,Toy,https://pokopiadex.com/items;https://infipoke.com/zh/game/pokopia/items
decorative_item,Fancy chair,华丽椅,Furniture,Relaxation,infipoke_category:furniture;pokopiadex_category:furniture,https://pokopiadex.com/images/items/item_ui/fancy-chair.png,pokopiadex_items,https://infipoke.com/img/pokopia/items/fancychair.webp,fancy-chair,Furniture,Relaxation,fancychair,Furniture,Relaxation,https://pokopiadex.com/items;https://infipoke.com/zh/game/pokopia/items
decorative_item,Fancy pen,华丽钢笔,Misc.,Toy,infipoke_tag:toy;pokopiadex_tag:toy,https://pokopiadex.com/images/items/item_ui/fancy-pen.png,pokopiadex_items,https://infipoke.com/img/pokopia/items/fancypen.webp,fancy-pen,Misc.,Toy,fancypen,Misc.,Toy,https://pokopiadex.com/items;https://infipoke.com/zh/game/pokopia/items
decorative_item,Farm soil (Beach),农田土（海边）,Blocks,,infipoke_category:blocks,https://infipoke.com/img/pokopia/items/farmsoil%28beach%29.webp,infipoke_items,,,,,farmsoil(beach),Blocks,,https://pokopiadex.com/items;https://infipoke.com/zh/game/pokopia/items
decorative_item,Farm soil (Ridge),农田土（山地）,Blocks,,infipoke_category:blocks,https://infipoke.com/img/pokopia/items/farmsoil%28ridge%29.webp,infipoke_items,,,,,farmsoil(ridge),Blocks,,https://pokopiadex.com/items;https://infipoke.com/zh/game/pokopia/items
decorative_item,Farm soil (Skyland),农田土（浮岛）,Blocks,,infipoke_category:blocks,https://infipoke.com/img/pokopia/items/farmsoil%28beach%29.webp,infipoke_items_shared_farm_soil_fallback,https://infipoke.com/img/pokopia/items/farmsoil%28skyland%29.webp,,,,farmsoil(skyland),Blocks,,https://pokopiadex.com/items;https://infipoke.com/zh/game/pokopia/items
decorative_item,Farm soil (Wastelands),农田土（荒野）,Blocks,,infipoke_category:blocks,https://infipoke.com/img/pokopia/items/farmsoil%28wastelands%29.webp,infipoke_items,,,,,farmsoil(wastelands),Blocks,,https://pokopiadex.com/items;https://infipoke.com/zh/game/pokopia/items
decorative_item,Felt mat,毛毡垫,Blocks,Road,infipoke_category:blocks;pokopiadex_category:blocks,https://pokopiadex.com/images/items/crafting_ui/felt-mat.png,pokopiadex_items,https://infipoke.com/img/pokopia/items/feltmat.webp,felt-mat,Blocks,Road,feltmat,Blocks,Road,https://pokopiadex.com/items;https://infipoke.com/zh/game/pokopia/items
decorative_item,Field grass,田野草,Blocks,,infipoke_category:blocks;pokopiadex_category:blocks,https://pokopiadex.com/images/items/item_ui/field-grass.png,pokopiadex_items,https://infipoke.com/img/pokopia/items/fieldgrass.webp,field-grass,Blocks,,fieldgrass,Blocks,,https://pokopiadex.com/items;https://infipoke.com/zh/game/pokopia/items
decorative_item,Fiery Magby statue,鸭嘴宝宝火焰雕像,Misc.,Decoration,infipoke_tag:decoration;pokopiadex_tag:toy,https://pokopiadex.com/images/items/item_ui/fiery-magby-statue.png,pokopiadex_items,https://infipoke.com/img/pokopia/items/fierymagbystatue.webp,fiery-magby-statue,Misc.,Toy,fierymagbystatue,Misc.,Decoration,https://pokopiadex.com/items;https://infipoke.com/zh/game/pokopia/items
decorative_item,Fire hydrant,消防栓,Outdoor,Toy,infipoke_tag:toy;pokopiadex_tag:decoration,https://pokopiadex.com/images/items/item_ui/fire-hydrant.png,pokopiadex_items,https://infipoke.com/img/pokopia/items/firehydrant.webp,fire-hydrant,Outdoor,Decoration,firehydrant,Outdoor,Toy,https://pokopiadex.com/items;https://infipoke.com/zh/game/pokopia/items
decorative_item,Firepit,火坑,Outdoor,Decoration,infipoke_tag:decoration;pokopiadex_tag:decoration,https://pokopiadex.com/images/items/item_ui/firepit.png,pokopiadex_items,https://infipoke.com/img/pokopia/items/firepit.webp,firepit,Outdoor,Decoration,firepit,Outdoor,Decoration,https://pokopiadex.com/items;https://infipoke.com/zh/game/pokopia/items
decorative_item,First aid kit,急救箱,Misc.,Toy,infipoke_tag:toy;pokopiadex_tag:toy,https://pokopiadex.com/images/items/shop_ui/first-aid-kit.png,pokopiadex_items,https://infipoke.com/img/pokopia/items/firstaidkit.webp,first-aid-kit,Misc.,Toy,firstaidkit,Misc.,Toy,https://pokopiadex.com/items;https://infipoke.com/zh/game/pokopia/items
decorative_item,Fish-scale tiling,鱼鳞砖,Blocks,Road,infipoke_category:blocks;pokopiadex_category:blocks,https://pokopiadex.com/images/items/crafting_ui/fish-scale-tiling.png,pokopiadex_items,https://infipoke.com/img/pokopia/items/fish-scaletiling.webp,fish-scale-tiling,Blocks,Road,fish-scaletiling,Blocks,Road,https://pokopiadex.com/items;https://infipoke.com/zh/game/pokopia/items
decorative_item,Fishing rod,钓竿,Outdoor,Decoration,infipoke_tag:decoration;pokopiadex_tag:toy,https://pokopiadex.com/images/items/item_ui/fishing-rod.png,pokopiadex_items,https://infipoke.com/img/pokopia/items/fishingrod.webp,fishing-rod,Outdoor,Toy,fishingrod,Outdoor,Decoration,https://pokopiadex.com/items;https://infipoke.com/zh/game/pokopia/items
decorative_item,Flat-leaf plant,扁叶植物,Misc.,Decoration,infipoke_tag:decoration;pokopiadex_tag:decoration,https://pokopiadex.com/images/items/item_ui/flat-leaf-plant.png,pokopiadex_items,https://infipoke.com/img/pokopia/items/flat-leafplant.webp,flat-leaf-plant,Misc.,Decoration,flat-leafplant,Misc.,Decoration,https://pokopiadex.com/items;https://infipoke.com/zh/game/pokopia/items
decorative_item,Flower cushion,花朵坐垫,Furniture,Relaxation,infipoke_category:furniture;pokopiadex_category:furniture,https://pokopiadex.com/images/items/item_ui/flower-cushion.png,pokopiadex_items,https://infipoke.com/img/pokopia/items/flowercushion.webp,flower-cushion,Furniture,Relaxation,flowercushion,Furniture,,https://pokopiadex.com/items;https://infipoke.com/zh/game/pokopia/items
decorative_item,Flower garland,花环,Misc.,Decoration,pokopiadex_tag:decoration,https://pokopiadex.com/images/items/item_ui/flower-garland.png,pokopiadex_items,https://infipoke.com/img/pokopia/items/flowergarland.webp,flower-garland,Misc.,Decoration,flowergarland,Misc.,,https://pokopiadex.com/items;https://infipoke.com/zh/game/pokopia/items
decorative_item,Flower print,花朵花纹,Blocks,,infipoke_category:blocks;pokopiadex_category:blocks,https://pokopiadex.com/images/items/crafting_ui/flower-print.png,pokopiadex_items,https://infipoke.com/img/pokopia/items/flowerprint.webp,flower-print,Blocks,,flowerprint,Blocks,,https://pokopiadex.com/items;https://infipoke.com/zh/game/pokopia/items
decorative_item,Flower table,花朵桌,Furniture,,infipoke_category:furniture;pokopiadex_category:furniture,https://pokopiadex.com/images/items/item_ui/flower-table.png,pokopiadex_items,https://infipoke.com/img/pokopia/items/flowertable.webp,flower-table,Furniture,,flowertable,Furniture,,https://pokopiadex.com/items;https://infipoke.com/zh/game/pokopia/items
decorative_item,Flowery table setting,花朵餐桌布置,Misc.,Decoration,pokopiadex_tag:decoration,https://pokopiadex.com/images/items/item_ui/flowery-table-setting.png,pokopiadex_items,https://infipoke.com/img/pokopia/items/flowerytablesetting.webp,flowery-table-setting,Misc.,Decoration,flowerytablesetting,Misc.,,https://pokopiadex.com/items;https://infipoke.com/zh/game/pokopia/items
decorative_item,Fluffy flooring,毛绒地板,Blocks,Road,infipoke_category:blocks;pokopiadex_category:blocks,https://pokopiadex.com/images/items/crafting_ui/fluffy-flooring.png,pokopiadex_items,https://infipoke.com/img/pokopia/items/fluffyflooring.webp,fluffy-flooring,Blocks,Road,fluffyflooring,Blocks,Road,https://pokopiadex.com/items;https://infipoke.com/zh/game/pokopia/items
decorative_item,Fluorescent light,荧光灯,Utilities,Decoration,infipoke_tag:decoration;pokopiadex_tag:decoration,https://pokopiadex.com/images/items/item_ui/fluorescent-light.png,pokopiadex_items,https://infipoke.com/img/pokopia/items/fluorescentlight.webp,fluorescent-light,Utilities,Decoration,fluorescentlight,Utilities,Decoration,https://pokopiadex.com/items;https://infipoke.com/zh/game/pokopia/items
decorative_item,Folding chair,折叠椅,Furniture,Relaxation,infipoke_category:furniture;pokopiadex_category:furniture,https://pokopiadex.com/images/items/shop_ui/folding-chair.png,pokopiadex_items,https://infipoke.com/img/pokopia/items/foldingchair.webp,folding-chair,Furniture,Relaxation,foldingchair,Furniture,Relaxation,https://pokopiadex.com/items;https://infipoke.com/zh/game/pokopia/items
decorative_item,Food counter,餐点柜台,Furniture,,infipoke_category:furniture;pokopiadex_category:furniture,https://pokopiadex.com/images/items/crafting_ui/food-counter.png,pokopiadex_items,https://infipoke.com/img/pokopia/items/foodcounter.webp,food-counter,Furniture,,foodcounter,Furniture,,https://pokopiadex.com/items;https://infipoke.com/zh/game/pokopia/items
decorative_item,Foundation,地基,Blocks,,infipoke_category:blocks;pokopiadex_category:blocks,https://pokopiadex.com/images/items/item_ui/foundation.png,pokopiadex_items,https://infipoke.com/img/pokopia/items/foundation.webp,foundation,Blocks,,foundation,Blocks,,https://pokopiadex.com/items;https://infipoke.com/zh/game/pokopia/items
decorative_item,Frame,画框,Utilities,Decoration,infipoke_tag:decoration;pokopiadex_tag:decoration,https://pokopiadex.com/images/items/crafting_ui/frame.png,pokopiadex_items,https://infipoke.com/img/pokopia/items/frame.webp,frame,Utilities,Decoration,frame,Utilities,Decoration,https://pokopiadex.com/items;https://infipoke.com/zh/game/pokopia/items
decorative_item,Fried Potatoes,炸薯条,Misc.,Decoration,infipoke_tag:decoration;pokopiadex_tag:decoration,https://pokopiadex.com/images/items/item_ui/fried-potatoes.png,pokopiadex_items,https://infipoke.com/img/pokopia/items/friedpotatoes.webp,fried-potatoes,Misc.,Decoration,friedpotatoes,Misc.,Decoration,https://pokopiadex.com/items;https://infipoke.com/zh/game/pokopia/items
decorative_item,Funky diffuser,时尚扩香器,Misc.,Toy,infipoke_tag:toy;pokopiadex_tag:toy,https://pokopiadex.com/images/items/item_ui/funky-diffuser.png,pokopiadex_items,https://infipoke.com/img/pokopia/items/funkydiffuser.webp,funky-diffuser,Misc.,Toy,funkydiffuser,Misc.,Toy,https://pokopiadex.com/items;https://infipoke.com/zh/game/pokopia/items
decorative_item,Game Boy system,Game Boy主机,Misc.,Toy,infipoke_tag:toy;pokopiadex_tag:toy,https://pokopiadex.com/images/items/item_ui/game-boy-system.png,pokopiadex_items,https://infipoke.com/img/pokopia/items/gameboysystem.webp,game-boy-system,Misc.,Toy,gameboysystem,Misc.,Toy,https://pokopiadex.com/items;https://infipoke.com/zh/game/pokopia/items
decorative_item,Gaming bed,电竞床,Furniture,Relaxation,infipoke_category:furniture;pokopiadex_category:furniture,https://pokopiadex.com/images/items/item_ui/gaming-bed.png,pokopiadex_items,https://infipoke.com/img/pokopia/items/gamingbed.webp,gaming-bed,Furniture,Relaxation,gamingbed,Furniture,Relaxation,https://pokopiadex.com/items;https://infipoke.com/zh/game/pokopia/items
decorative_item,Gaming Chair,电竞椅,Furniture,Relaxation,infipoke_category:furniture;pokopiadex_category:furniture,https://pokopiadex.com/images/items/item_ui/gaming-chair.png,pokopiadex_items,https://infipoke.com/img/pokopia/items/gamingchair.webp,gaming-chair,Furniture,Relaxation,gamingchair,Furniture,Relaxation,https://pokopiadex.com/items;https://infipoke.com/zh/game/pokopia/items
decorative_item,Gaming Fridge,电竞冰箱,Furniture,Decoration,infipoke_category:furniture;infipoke_tag:decoration;pokopiadex_category:furniture;pokopiadex_tag:decoration,https://pokopiadex.com/images/items/item_ui/gaming-fridge.png,pokopiadex_items,https://infipoke.com/img/pokopia/items/gamingfridge.webp,gaming-fridge,Furniture,Decoration,gamingfridge,Furniture,Decoration,https://pokopiadex.com/items;https://infipoke.com/zh/game/pokopia/items
decorative_item,Gaming light,游戏灯,Utilities,Decoration,infipoke_tag:decoration;pokopiadex_tag:decoration,https://pokopiadex.com/images/items/item_ui/gaming-light.png,pokopiadex_items,https://infipoke.com/img/pokopia/items/gaminglight.webp,gaming-light,Utilities,Decoration,gaminglight,Utilities,Decoration,https://pokopiadex.com/items;https://infipoke.com/zh/game/pokopia/items
decorative_item,Gaming PC,游戏电脑,Misc.,Toy,infipoke_tag:toy;pokopiadex_tag:toy,https://pokopiadex.com/images/items/item_ui/gaming-pc.png,pokopiadex_items,https://infipoke.com/img/pokopia/items/gamingpc.webp,gaming-pc,Misc.,Toy,gamingpc,Misc.,Toy,https://pokopiadex.com/items;https://infipoke.com/zh/game/pokopia/items
decorative_item,Garbage bags,垃圾袋,Outdoor,Decoration,infipoke_tag:decoration;pokopiadex_tag:decoration,https://pokopiadex.com/images/items/crafting_ui/garbage-bags.png,pokopiadex_items,https://infipoke.com/img/pokopia/items/garbagebags.webp,garbage-bags,Outdoor,Decoration,garbagebags,Outdoor,Decoration,https://pokopiadex.com/items;https://infipoke.com/zh/game/pokopia/items
decorative_item,Garbage bin,垃圾桶,Outdoor,Decoration,infipoke_tag:decoration;pokopiadex_tag:decoration,https://pokopiadex.com/images/items/crafting_ui/garbage-bin.png,pokopiadex_items,https://infipoke.com/img/pokopia/items/garbagebin.webp,garbage-bin,Outdoor,Decoration,garbagebin,Outdoor,Decoration,https://pokopiadex.com/items;https://infipoke.com/zh/game/pokopia/items
decorative_item,Garden bench,庭院长椅,Furniture,Relaxation,infipoke_category:furniture;pokopiadex_category:furniture,https://pokopiadex.com/images/items/shop_ui/garden-bench.png,pokopiadex_items,https://infipoke.com/img/pokopia/items/gardenbench.webp,garden-bench,Furniture,Relaxation,gardenbench,Furniture,Relaxation,https://pokopiadex.com/items;https://infipoke.com/zh/game/pokopia/items
decorative_item,Garden chair,庭院椅,Furniture,Relaxation,infipoke_category:furniture;pokopiadex_category:furniture,https://pokopiadex.com/images/items/item_ui/garden-chair.png,pokopiadex_items,https://infipoke.com/img/pokopia/items/gardenchair.webp,garden-chair,Furniture,Relaxation,gardenchair,Furniture,Relaxation,https://pokopiadex.com/items;https://infipoke.com/zh/game/pokopia/items
decorative_item,Garden flowers,庭院花卉,Outdoor,Decoration,infipoke_tag:decoration;pokopiadex_tag:decoration,https://pokopiadex.com/images/items/item_ui/garden-flowers.png,pokopiadex_items,https://infipoke.com/img/pokopia/items/gardenflowers.webp,garden-flowers,Outdoor,Decoration,gardenflowers,Outdoor,Decoration,https://pokopiadex.com/items;https://infipoke.com/zh/game/pokopia/items
decorative_item,Garden light,庭院灯,Utilities,Decoration,infipoke_tag:decoration;pokopiadex_tag:decoration,https://pokopiadex.com/images/items/shop_ui/garden-light.png,pokopiadex_items,https://infipoke.com/img/pokopia/items/gardenlight.webp,garden-light,Utilities,Decoration,gardenlight,Utilities,Decoration,https://pokopiadex.com/items;https://infipoke.com/zh/game/pokopia/items
decorative_item,Garden ornament,庭院摆饰,Outdoor,Decoration,pokopiadex_tag:decoration,https://pokopiadex.com/images/items/item_ui/garden-ornament.png,pokopiadex_items,https://infipoke.com/img/pokopia/items/gardenornament.webp,garden-ornament,Outdoor,Decoration,gardenornament,Outdoor,,https://pokopiadex.com/items;https://infipoke.com/zh/game/pokopia/items
decorative_item,Garden table,庭院桌,Furniture,,infipoke_category:furniture;pokopiadex_category:furniture,https://pokopiadex.com/images/items/shop_ui/garden-table.png,pokopiadex_items,https://infipoke.com/img/pokopia/items/gardentable.webp,garden-table,Furniture,,gardentable,Furniture,,https://pokopiadex.com/items;https://infipoke.com/zh/game/pokopia/items
decorative_item,Gingham print,格纹花纹,Blocks,,infipoke_category:blocks;pokopiadex_category:blocks,https://pokopiadex.com/images/items/item_ui/gingham-print.png,pokopiadex_items,https://infipoke.com/img/pokopia/items/ginghamprint.webp,gingham-print,Blocks,,ginghamprint,Blocks,,https://pokopiadex.com/items;https://infipoke.com/zh/game/pokopia/items
decorative_item,Glowing stone,发光石,Blocks,,infipoke_category:blocks;pokopiadex_category:blocks,https://pokopiadex.com/images/items/dream_ui/glowing-stone.png,pokopiadex_items,https://infipoke.com/img/pokopia/items/glowingstone.webp,glowing-stone,Blocks,,glowingstone,Blocks,,https://pokopiadex.com/items;https://infipoke.com/zh/game/pokopia/items
decorative_item,Gold deposit,金矿石,Blocks,,infipoke_category:blocks;pokopiadex_category:blocks,https://pokopiadex.com/images/items/item_ui/gold-deposit.png,pokopiadex_items,https://infipoke.com/img/pokopia/items/golddeposit.webp,gold-deposit,Blocks,,golddeposit,Blocks,,https://pokopiadex.com/items;https://infipoke.com/zh/game/pokopia/items
decorative_item,Gold Teeth,金牙,Misc.,Toy,infipoke_tag:toy;pokopiadex_tag:toy,https://pokopiadex.com/images/items/item_ui/gold-teeth.png,pokopiadex_items,https://infipoke.com/img/pokopia/items/goldteeth.webp,gold-teeth,Misc.,Toy,goldteeth,Misc.,Toy,https://pokopiadex.com/items;https://infipoke.com/zh/game/pokopia/items
decorative_item,Gold wall,金色墙壁,Blocks,,infipoke_category:blocks;pokopiadex_category:blocks,https://pokopiadex.com/images/items/crafting_ui/gold-wall.png,pokopiadex_items,https://infipoke.com/img/pokopia/items/goldwall.webp,gold-wall,Blocks,,goldwall,Blocks,,https://pokopiadex.com/items;https://infipoke.com/zh/game/pokopia/items
decorative_item,Grass flooring,草地地板,Blocks,Road,infipoke_category:blocks;pokopiadex_category:blocks,https://pokopiadex.com/images/items/crafting_ui/grass-flooring.png,pokopiadex_items,https://infipoke.com/img/pokopia/items/grassflooring.webp,grass-flooring,Blocks,Road,grassflooring,Blocks,Road,https://pokopiadex.com/items;https://infipoke.com/zh/game/pokopia/items
decorative_item,Gravel,砂砾,Blocks,,infipoke_category:blocks;pokopiadex_category:blocks,https://pokopiadex.com/images/items/item_ui/gravel.png,pokopiadex_items,https://infipoke.com/img/pokopia/items/gravel.webp,gravel,Blocks,,gravel,Blocks,,https://pokopiadex.com/items;https://infipoke.com/zh/game/pokopia/items
decorative_item,Gravestone,墓碑,Outdoor,Decoration,infipoke_tag:decoration;pokopiadex_tag:decoration,https://pokopiadex.com/images/items/item_ui/gravestone.png,pokopiadex_items,https://infipoke.com/img/pokopia/items/gravestone.webp,gravestone,Outdoor,Decoration,gravestone,Outdoor,Decoration,https://pokopiadex.com/items;https://infipoke.com/zh/game/pokopia/items
decorative_item,Gray circle flooring,灰色圆圈地板,Blocks,Road,infipoke_category:blocks;pokopiadex_category:blocks,https://pokopiadex.com/images/items/item_ui/gray-circle-flooring.png,pokopiadex_items,https://infipoke.com/img/pokopia/items/graycircleflooring.webp,gray-circle-flooring,Blocks,Road,graycircleflooring,Blocks,Road,https://pokopiadex.com/items;https://infipoke.com/zh/game/pokopia/items
decorative_item,Green meteor lamp,绿色流星灯,Utilities,Decoration,infipoke_tag:decoration;pokopiadex_tag:decoration,https://pokopiadex.com/images/items/item_ui/green-meteor-lamp.png,pokopiadex_items,https://infipoke.com/img/pokopia/items/greenmeteorlamp.webp,green-meteor-lamp,Utilities,Decoration,greenmeteorlamp,Utilities,Decoration,https://pokopiadex.com/items;https://infipoke.com/zh/game/pokopia/items
decorative_item,Grubby book,脏乱书,Misc.,Toy,infipoke_tag:toy;pokopiadex_tag:toy,https://pokopiadex.com/images/items/item_ui/grubby-book.png,pokopiadex_items,https://infipoke.com/img/pokopia/items/grubbybook.webp,grubby-book,Misc.,Toy,grubbybook,Misc.,Toy,https://pokopiadex.com/items;https://infipoke.com/zh/game/pokopia/items
decorative_item,Grubby cell phone,脏乱手机,Misc.,Toy,infipoke_tag:toy;pokopiadex_tag:toy,https://pokopiadex.com/images/items/item_ui/grubby-cell-phone.png,pokopiadex_items,https://infipoke.com/img/pokopia/items/grubbycellphone.webp,grubby-cell-phone,Misc.,Toy,grubbycellphone,Misc.,Toy,https://pokopiadex.com/items;https://infipoke.com/zh/game/pokopia/items
decorative_item,Grubby letter,脏乱信件,Misc.,Toy,infipoke_tag:toy;pokopiadex_tag:toy,https://pokopiadex.com/images/items/item_ui/grubby-letter.png,pokopiadex_items,https://infipoke.com/img/pokopia/items/grubbyletter.webp,grubby-letter,Misc.,Toy,grubbyletter,Misc.,Toy,https://pokopiadex.com/items;https://infipoke.com/zh/game/pokopia/items
decorative_item,Grubby newspaper,脏乱报纸,Misc.,Toy,infipoke_tag:toy;pokopiadex_tag:toy,https://pokopiadex.com/images/items/item_ui/grubby-newspaper.png,pokopiadex_items,https://infipoke.com/img/pokopia/items/grubbynewspaper.webp,grubby-newspaper,Misc.,Toy,grubbynewspaper,Misc.,Toy,https://pokopiadex.com/items;https://infipoke.com/zh/game/pokopia/items
decorative_item,Grubby notepad,脏乱记事本,Misc.,Toy,infipoke_tag:toy;pokopiadex_tag:toy,https://pokopiadex.com/images/items/item_ui/grubby-notepad.png,pokopiadex_items,https://infipoke.com/img/pokopia/items/grubbynotepad.webp,grubby-notepad,Misc.,Toy,grubbynotepad,Misc.,Toy,https://pokopiadex.com/items;https://infipoke.com/zh/game/pokopia/items
decorative_item,Grubby papers,脏乱文件,Misc.,Toy,infipoke_tag:toy;pokopiadex_tag:toy,https://pokopiadex.com/images/items/item_ui/grubby-papers.png,pokopiadex_items,https://infipoke.com/img/pokopia/items/grubbypapers.webp,grubby-papers,Misc.,Toy,grubbypapers,Misc.,Toy,https://pokopiadex.com/items;https://infipoke.com/zh/game/pokopia/items
decorative_item,Grubby tablet,脏乱平板,Misc.,Toy,infipoke_tag:toy;pokopiadex_tag:toy,https://pokopiadex.com/images/items/item_ui/grubby-tablet.png,pokopiadex_items,https://infipoke.com/img/pokopia/items/grubbytablet.webp,grubby-tablet,Misc.,Toy,grubbytablet,Misc.,Toy,https://pokopiadex.com/items;https://infipoke.com/zh/game/pokopia/items
decorative_item,Guest-room bed,客房床,Furniture,Relaxation,infipoke_category:furniture;pokopiadex_category:furniture,https://pokopiadex.com/images/items/item_ui/guest-room-bed.png,pokopiadex_items,https://infipoke.com/img/pokopia/items/guest-roombed.webp,guest-room-bed,Furniture,Relaxation,guest-roombed,Furniture,Relaxation,https://pokopiadex.com/items;https://infipoke.com/zh/game/pokopia/items
decorative_item,Guest-room wall,客房墙,Blocks,,infipoke_category:blocks;pokopiadex_category:blocks,https://pokopiadex.com/images/items/item_ui/guest-room-wall.png,pokopiadex_items,https://infipoke.com/img/pokopia/items/guest-roomwall.webp,guest-room-wall,Blocks,,guest-roomwall,Blocks,,https://pokopiadex.com/items;https://infipoke.com/zh/game/pokopia/items
decorative_item,Gym emblem statue,道馆徽章雕像,Misc.,Decoration,infipoke_tag:decoration;pokopiadex_tag:decoration,https://pokopiadex.com/images/items/item_ui/gym-emblem-statue.png,pokopiadex_items,https://infipoke.com/img/pokopia/items/gymemblemstatue.webp,gym-emblem-statue,Misc.,Decoration,gymemblemstatue,Misc.,Decoration,https://pokopiadex.com/items;https://infipoke.com/zh/game/pokopia/items
decorative_item,Hanging banner,悬挂旗帜,Misc.,Decoration,infipoke_tag:decoration;pokopiadex_tag:decoration,https://pokopiadex.com/images/items/item_ui/hanging-banner.png,pokopiadex_items,https://infipoke.com/img/pokopia/items/hangingbanner.webp,hanging-banner,Misc.,Decoration,hangingbanner,Misc.,Decoration,https://pokopiadex.com/items;https://infipoke.com/zh/game/pokopia/items
decorative_item,Hanging scroll,挂轴,Misc.,Decoration,infipoke_tag:decoration;pokopiadex_tag:decoration,https://pokopiadex.com/images/items/item_ui/hanging-scroll.png,pokopiadex_items,https://infipoke.com/img/pokopia/items/hangingscroll.webp,hanging-scroll,Misc.,Decoration,hangingscroll,Misc.,Decoration,https://pokopiadex.com/items;https://infipoke.com/zh/game/pokopia/items
decorative_item,Harbor streetlight,港口路灯,Utilities,Decoration,infipoke_tag:decoration;pokopiadex_tag:decoration,https://pokopiadex.com/images/items/crafting_ui/harbor-streetlight.png,pokopiadex_items,https://infipoke.com/img/pokopia/items/harborstreetlight.webp,harbor-streetlight,Utilities,Decoration,harborstreetlight,Utilities,Decoration,https://pokopiadex.com/items;https://infipoke.com/zh/game/pokopia/items
decorative_item,Hardwood flooring,硬木地板,Blocks,Road,infipoke_category:blocks;pokopiadex_category:blocks,https://pokopiadex.com/images/items/crafting_ui/hardwood-flooring.png,pokopiadex_items,https://infipoke.com/img/pokopia/items/hardwoodflooring.webp,hardwood-flooring,Blocks,Road,hardwoodflooring,Blocks,Road,https://pokopiadex.com/items;https://infipoke.com/zh/game/pokopia/items
decorative_item,Hay pile,干草堆,Blocks,,infipoke_category:blocks;pokopiadex_category:blocks,https://pokopiadex.com/images/items/crafting_ui/hay-pile.png,pokopiadex_items,https://infipoke.com/img/pokopia/items/haypile.webp,hay-pile,Blocks,,haypile,Blocks,,https://pokopiadex.com/items;https://infipoke.com/zh/game/pokopia/items
decorative_item,Headbutt Fossil (body),头突化石（身体）,Other,Decoration,infipoke_tag:decoration;pokopiadex_tag:decoration,https://pokopiadex.com/images/items/item_ui/headbutt-fossil-body.png,pokopiadex_items,https://infipoke.com/img/pokopia/items/headbuttfossil%28body%29.webp,headbutt-fossil-body,Other,Decoration,headbuttfossil(body),Other,Decoration,https://pokopiadex.com/items;https://infipoke.com/zh/game/pokopia/items
decorative_item,Headbutt Fossil (head),头突化石（头）,Other,Decoration,infipoke_tag:decoration;pokopiadex_tag:decoration,https://pokopiadex.com/images/items/item_ui/headbutt-fossil-head.png,pokopiadex_items,https://infipoke.com/img/pokopia/items/headbuttfossil%28head%29.webp,headbutt-fossil-head,Other,Decoration,headbuttfossil(head),Other,Decoration,https://pokopiadex.com/items;https://infipoke.com/zh/game/pokopia/items
decorative_item,Headbutt Fossil (tail),头突化石（尾）,Other,Decoration,infipoke_tag:decoration;pokopiadex_tag:decoration,https://pokopiadex.com/images/items/item_ui/headbutt-fossil-tail.png,pokopiadex_items,https://infipoke.com/img/pokopia/items/headbuttfossil%28tail%29.webp,headbutt-fossil-tail,Other,Decoration,headbuttfossil(tail),Other,Decoration,https://pokopiadex.com/items;https://infipoke.com/zh/game/pokopia/items
decorative_item,Hexagonal flooring,六边形地板,Blocks,Road,infipoke_category:blocks;pokopiadex_category:blocks,https://pokopiadex.com/images/items/crafting_ui/hexagonal-flooring.png,pokopiadex_items,https://infipoke.com/img/pokopia/items/hexagonalflooring.webp,hexagonal-flooring,Blocks,Road,hexagonalflooring,Blocks,Road,https://pokopiadex.com/items;https://infipoke.com/zh/game/pokopia/items
decorative_item,Horizontal-stripe print,横条纹花纹,Blocks,,infipoke_category:blocks;pokopiadex_category:blocks,https://pokopiadex.com/images/items/item_ui/horizontal-stripe-print.png,pokopiadex_items,https://infipoke.com/img/pokopia/items/horizontal-stripeprint.webp,horizontal-stripe-print,Blocks,,horizontal-stripeprint,Blocks,,https://pokopiadex.com/items;https://infipoke.com/zh/game/pokopia/items
decorative_item,Horsea fountain,墨海马喷泉,Outdoor,Decoration,infipoke_tag:decoration;pokopiadex_tag:toy,https://pokopiadex.com/images/items/shop_ui/horsea-fountain.png,pokopiadex_items,https://infipoke.com/img/pokopia/items/horseafountain.webp,horsea-fountain,Outdoor,Toy,horseafountain,Outdoor,Decoration,https://pokopiadex.com/items;https://infipoke.com/zh/game/pokopia/items
decorative_item,Houndstooth print,千鸟格纹花纹,Blocks,,infipoke_category:blocks;pokopiadex_category:blocks,https://pokopiadex.com/images/items/item_ui/houndstooth-print.png,pokopiadex_items,https://infipoke.com/img/pokopia/items/houndstoothprint.webp,houndstooth-print,Blocks,,houndstoothprint,Blocks,,https://pokopiadex.com/items;https://infipoke.com/zh/game/pokopia/items
decorative_item,Humidifier,加湿器,Misc.,Toy,infipoke_tag:toy;pokopiadex_tag:toy,https://pokopiadex.com/images/items/item_ui/humidifier.png,pokopiadex_items,https://infipoke.com/img/pokopia/items/humidifier.webp,humidifier,Misc.,Toy,humidifier,Misc.,Toy,https://pokopiadex.com/items;https://infipoke.com/zh/game/pokopia/items
decorative_item,Ice,冰块,Blocks,,infipoke_category:blocks;pokopiadex_category:blocks,https://pokopiadex.com/images/items/item_ui/ice.png,pokopiadex_items,https://infipoke.com/img/pokopia/items/ice.webp,ice,Blocks,,ice,Blocks,,https://pokopiadex.com/items;https://infipoke.com/zh/game/pokopia/items
decorative_item,Indigo meteor lamp,靛色流星灯,Utilities,Decoration,infipoke_tag:decoration;pokopiadex_tag:decoration,https://pokopiadex.com/images/items/item_ui/indigo-meteor-lamp.png,pokopiadex_items,https://infipoke.com/img/pokopia/items/indigometeorlamp.webp,indigo-meteor-lamp,Utilities,Decoration,indigometeorlamp,Utilities,Decoration,https://pokopiadex.com/items;https://infipoke.com/zh/game/pokopia/items
decorative_item,Industrial bed,工业风床,Furniture,Relaxation,infipoke_category:furniture;pokopiadex_category:furniture,https://pokopiadex.com/images/items/crafting_ui/industrial-bed.png,pokopiadex_items,https://infipoke.com/img/pokopia/items/industrialbed.webp,industrial-bed,Furniture,Relaxation,industrialbed,Furniture,Relaxation,https://pokopiadex.com/items;https://infipoke.com/zh/game/pokopia/items
decorative_item,Industrial bench,工业风长椅,Furniture,Relaxation,infipoke_category:furniture;pokopiadex_category:furniture,https://pokopiadex.com/images/items/item_ui/industrial-bench.png,pokopiadex_items,https://infipoke.com/img/pokopia/items/industrialbench.webp,industrial-bench,Furniture,Relaxation,industrialbench,Furniture,Relaxation,https://pokopiadex.com/items;https://infipoke.com/zh/game/pokopia/items
decorative_item,Industrial chair,工业风椅,Furniture,Relaxation,infipoke_category:furniture;pokopiadex_category:furniture,https://pokopiadex.com/images/items/item_ui/industrial-chair.png,pokopiadex_items,https://infipoke.com/img/pokopia/items/industrialchair.webp,industrial-chair,Furniture,Relaxation,industrialchair,Furniture,Relaxation,https://pokopiadex.com/items;https://infipoke.com/zh/game/pokopia/items
decorative_item,Industrial desk,工业风书桌,Furniture,,infipoke_category:furniture;pokopiadex_category:furniture,https://pokopiadex.com/images/items/shop_ui/industrial-desk.png,pokopiadex_items,https://infipoke.com/img/pokopia/items/industrialdesk.webp,industrial-desk,Furniture,,industrialdesk,Furniture,,https://pokopiadex.com/items;https://infipoke.com/zh/game/pokopia/items
decorative_item,Inflatable Sudowoodo,,Outdoor,Toy,pokopiadex_tag:toy,https://pokopiadex.com/images/items/item_ui/inflatable-sudowoodo.png,pokopiadex_items,,inflatable-sudowoodo,Outdoor,Toy,,,,https://pokopiadex.com/items;https://infipoke.com/zh/game/pokopia/items
decorative_item,Information board,信息板,Outdoor,Decoration,infipoke_tag:decoration;pokopiadex_tag:decoration,https://pokopiadex.com/images/items/crafting_ui/information-board.png,pokopiadex_items,https://infipoke.com/img/pokopia/items/informationboard.webp,information-board,Outdoor,Decoration,informationboard,Outdoor,Decoration,https://pokopiadex.com/items;https://infipoke.com/zh/game/pokopia/items
decorative_item,Iron bed,铁艺床,Furniture,Relaxation,infipoke_category:furniture;pokopiadex_category:furniture,https://pokopiadex.com/images/items/crafting_ui/iron-bed.png,pokopiadex_items,https://infipoke.com/img/pokopia/items/ironbed.webp,iron-bed,Furniture,Relaxation,ironbed,Furniture,Relaxation,https://pokopiadex.com/items;https://infipoke.com/zh/game/pokopia/items
decorative_item,Iron bench,铁长椅,Furniture,Relaxation,infipoke_category:furniture;pokopiadex_category:furniture,https://pokopiadex.com/images/items/crafting_ui/iron-bench.png,pokopiadex_items,https://infipoke.com/img/pokopia/items/ironbench.webp,iron-bench,Furniture,Relaxation,ironbench,Furniture,Relaxation,https://pokopiadex.com/items;https://infipoke.com/zh/game/pokopia/items
decorative_item,Iron chair,铁椅,Furniture,Relaxation,infipoke_category:furniture;pokopiadex_category:furniture,https://pokopiadex.com/images/items/crafting_ui/iron-chair.png,pokopiadex_items,https://infipoke.com/img/pokopia/items/ironchair.webp,iron-chair,Furniture,Relaxation,ironchair,Furniture,Relaxation,https://pokopiadex.com/items;https://infipoke.com/zh/game/pokopia/items
decorative_item,Iron deposit,铁矿石,Blocks,,infipoke_category:blocks;pokopiadex_category:blocks,https://pokopiadex.com/images/items/item_ui/iron-deposit.png,pokopiadex_items,https://infipoke.com/img/pokopia/items/irondeposit.webp,iron-deposit,Blocks,,irondeposit,Blocks,,https://pokopiadex.com/items;https://infipoke.com/zh/game/pokopia/items
decorative_item,Iron pipes,铁管,Outdoor,Decoration,infipoke_tag:decoration;pokopiadex_tag:decoration,https://pokopiadex.com/images/items/item_ui/iron-pipes.png,pokopiadex_items,https://infipoke.com/img/pokopia/items/ironpipes.webp,iron-pipes,Outdoor,Decoration,ironpipes,Outdoor,Decoration,https://pokopiadex.com/items;https://infipoke.com/zh/game/pokopia/items
decorative_item,Iron plating,铁板,Blocks,,infipoke_category:blocks;pokopiadex_category:blocks,https://pokopiadex.com/images/items/crafting_ui/iron-plating.png,pokopiadex_items,https://infipoke.com/img/pokopia/items/ironplating.webp,iron-plating,Blocks,,ironplating,Blocks,,https://pokopiadex.com/items;https://infipoke.com/zh/game/pokopia/items
decorative_item,Iron rack,铁架,Furniture,,infipoke_category:furniture;pokopiadex_category:furniture,https://pokopiadex.com/images/items/shop_ui/iron-rack.png,pokopiadex_items,https://infipoke.com/img/pokopia/items/ironrack.webp,iron-rack,Furniture,,ironrack,Furniture,,https://pokopiadex.com/items;https://infipoke.com/zh/game/pokopia/items
decorative_item,Iron stand,铁架,Furniture,Decoration,infipoke_category:furniture;pokopiadex_category:furniture;pokopiadex_tag:decoration,https://pokopiadex.com/images/items/crafting_ui/iron-stand.png,pokopiadex_items,https://infipoke.com/img/pokopia/items/ironstand.webp,iron-stand,Furniture,Decoration,ironstand,Furniture,,https://pokopiadex.com/items;https://infipoke.com/zh/game/pokopia/items
decorative_item,Iron table,铁桌,Furniture,,infipoke_category:furniture;pokopiadex_category:furniture,https://pokopiadex.com/images/items/crafting_ui/iron-table.png,pokopiadex_items,https://infipoke.com/img/pokopia/items/irontable.webp,iron-table,Furniture,,irontable,Furniture,,https://pokopiadex.com/items;https://infipoke.com/zh/game/pokopia/items
decorative_item,Iron tiling,铁砖,Blocks,Road,infipoke_category:blocks;pokopiadex_category:blocks,https://pokopiadex.com/images/items/crafting_ui/iron-tiling.png,pokopiadex_items,https://infipoke.com/img/pokopia/items/irontiling.webp,iron-tiling,Blocks,Road,irontiling,Blocks,Road,https://pokopiadex.com/items;https://infipoke.com/zh/game/pokopia/items
decorative_item,Iron wall,铁墙,Blocks,,infipoke_category:blocks;pokopiadex_category:blocks,https://pokopiadex.com/images/items/item_ui/iron-wall.png,pokopiadex_items,https://infipoke.com/img/pokopia/items/ironwall.webp,iron-wall,Blocks,,ironwall,Blocks,,https://pokopiadex.com/items;https://infipoke.com/zh/game/pokopia/items
decorative_item,Iron-plate flooring,铁板地板,Blocks,Road,infipoke_category:blocks;pokopiadex_category:blocks,https://pokopiadex.com/images/items/item_ui/iron-plate-flooring.png,pokopiadex_items,https://infipoke.com/img/pokopia/items/iron-plateflooring.webp,iron-plate-flooring,Blocks,Road,iron-plateflooring,Blocks,Road,https://pokopiadex.com/items;https://infipoke.com/zh/game/pokopia/items
decorative_item,Jaw Fossil,颚化石,Other,Decoration,infipoke_tag:decoration;pokopiadex_tag:decoration,https://pokopiadex.com/images/items/item_ui/jaw-fossil.png,pokopiadex_items,https://infipoke.com/img/pokopia/items/jawfossil.webp,jaw-fossil,Other,Decoration,jawfossil,Other,Decoration,https://pokopiadex.com/items;https://infipoke.com/zh/game/pokopia/items
decorative_item,Jewel wall decoration,,Misc.,Decoration,pokopiadex_tag:decoration,https://pokopiadex.com/images/items/item_ui/jewel-wall-decoration.png,pokopiadex_items,,jewel-wall-decoration,Misc.,Decoration,,,,https://pokopiadex.com/items;https://infipoke.com/zh/game/pokopia/items
decorative_item,Juice trio,果汁三件套,Misc.,Decoration,pokopiadex_tag:decoration,https://pokopiadex.com/images/items/item_ui/juice-trio.png,pokopiadex_items,https://infipoke.com/img/pokopia/items/juicetrio.webp,juice-trio,Misc.,Decoration,juicetrio,Misc.,,https://pokopiadex.com/items;https://infipoke.com/zh/game/pokopia/items
decorative_item,Jumbled cords,缠绕的电线,Misc.,Toy,infipoke_tag:toy;pokopiadex_tag:toy,https://pokopiadex.com/images/items/item_ui/jumbled-cords.png,pokopiadex_items,https://infipoke.com/img/pokopia/items/jumbledcords.webp,jumbled-cords,Misc.,Toy,jumbledcords,Misc.,Toy,https://pokopiadex.com/items;https://infipoke.com/zh/game/pokopia/items
decorative_item,Jump rope trophy,,Other,Decoration,pokopiadex_tag:decoration,https://pokopiadex.com/images/items/item_ui/jump-rope-trophy.png,pokopiadex_items,,jump-rope-trophy,Other,Decoration,,,,https://pokopiadex.com/items;https://infipoke.com/zh/game/pokopia/items
decorative_item,Kitchen table,厨房桌,Furniture,,infipoke_category:furniture;pokopiadex_category:furniture,https://pokopiadex.com/images/items/item_ui/kitchen-table.png,pokopiadex_items,https://infipoke.com/img/pokopia/items/kitchentable.webp,kitchen-table,Furniture,,kitchentable,Furniture,,https://pokopiadex.com/items;https://infipoke.com/zh/game/pokopia/items
decorative_item,Knitting supplies,编织用品,Misc.,Toy,infipoke_tag:toy;pokopiadex_tag:toy,https://pokopiadex.com/images/items/shop_ui/knitting-supplies.png,pokopiadex_items,https://infipoke.com/img/pokopia/items/knittingsupplies.webp,knitting-supplies,Misc.,Toy,knittingsupplies,Misc.,Toy,https://pokopiadex.com/items;https://infipoke.com/zh/game/pokopia/items
decorative_item,Lantern,灯笼,Utilities,Decoration,infipoke_tag:decoration;pokopiadex_tag:decoration,https://pokopiadex.com/images/items/item_ui/lantern.png,pokopiadex_items,https://infipoke.com/img/pokopia/items/lantern.webp,lantern,Utilities,Decoration,lantern,Utilities,Decoration,https://pokopiadex.com/items;https://infipoke.com/zh/game/pokopia/items
decorative_item,Laptop,笔记本电脑,Misc.,Toy,infipoke_tag:toy;pokopiadex_tag:toy,https://pokopiadex.com/images/items/item_ui/laptop.png,pokopiadex_items,https://infipoke.com/img/pokopia/items/laptop.webp,laptop,Misc.,Toy,laptop,Misc.,Toy,https://pokopiadex.com/items;https://infipoke.com/zh/game/pokopia/items
decorative_item,Large mirror,大镜子,Furniture,Toy,infipoke_category:furniture;infipoke_tag:toy;pokopiadex_category:furniture;pokopiadex_tag:toy,https://pokopiadex.com/images/items/shop_ui/large-mirror.png,pokopiadex_items,https://infipoke.com/img/pokopia/items/largemirror.webp,large-mirror,Furniture,Toy,largemirror,Furniture,Toy,https://pokopiadex.com/items;https://infipoke.com/zh/game/pokopia/items
decorative_item,Large ventilation fan,大型换气扇,Outdoor,Decoration,infipoke_tag:decoration;pokopiadex_tag:decoration,https://pokopiadex.com/images/items/item_ui/large-ventilation-fan.png,pokopiadex_items,https://infipoke.com/img/pokopia/items/largeventilationfan.webp,large-ventilation-fan,Outdoor,Decoration,largeventilationfan,Outdoor,Decoration,https://pokopiadex.com/items;https://infipoke.com/zh/game/pokopia/items
decorative_item,Lava rock,岩浆岩石,Blocks,,infipoke_category:blocks;pokopiadex_category:blocks,https://pokopiadex.com/images/items/item_ui/lava-rock.png,pokopiadex_items,https://infipoke.com/img/pokopia/items/lavarock.webp,lava-rock,Blocks,,lavarock,Blocks,,https://pokopiadex.com/items;https://infipoke.com/zh/game/pokopia/items
decorative_item,Leaf print,叶子花纹,Blocks,,infipoke_category:blocks;pokopiadex_category:blocks,https://pokopiadex.com/images/items/crafting_ui/leaf-print.png,pokopiadex_items,https://infipoke.com/img/pokopia/items/leafprint.webp,leaf-print,Blocks,,leafprint,Blocks,,https://pokopiadex.com/items;https://infipoke.com/zh/game/pokopia/items
decorative_item,Leafy plant,绿叶植物,Misc.,Decoration,infipoke_tag:decoration;pokopiadex_tag:decoration,https://pokopiadex.com/images/items/shop_ui/leafy-plant.png,pokopiadex_items,https://infipoke.com/img/pokopia/items/leafyplant.webp,leafy-plant,Misc.,Decoration,leafyplant,Misc.,Decoration,https://pokopiadex.com/items;https://infipoke.com/zh/game/pokopia/items
decorative_item,Letter,信件,Misc.,Toy,infipoke_tag:toy;pokopiadex_tag:toy,https://pokopiadex.com/images/items/item_ui/letter.png,pokopiadex_items,https://infipoke.com/img/pokopia/items/letter.webp,letter,Misc.,Toy,letter,Misc.,Toy,https://pokopiadex.com/items;https://infipoke.com/zh/game/pokopia/items
decorative_item,Levee,堤坝,Blocks,,infipoke_category:blocks;pokopiadex_category:blocks,https://pokopiadex.com/images/items/item_ui/levee.png,pokopiadex_items,https://infipoke.com/img/pokopia/items/levee.webp,levee,Blocks,,levee,Blocks,,https://pokopiadex.com/items;https://infipoke.com/zh/game/pokopia/items
decorative_item,Light antique wall (lower),浅色古董墙（下）,Blocks,,infipoke_category:blocks;pokopiadex_category:blocks,https://pokopiadex.com/images/items/item_ui/light-antique-wall-lower.png,pokopiadex_items,https://infipoke.com/img/pokopia/items/lightantiquewall%28lower%29.webp,light-antique-wall-lower,Blocks,,lightantiquewall(lower),Blocks,,https://pokopiadex.com/items;https://infipoke.com/zh/game/pokopia/items
decorative_item,Light antique wall (middle),浅色古董墙（中）,Blocks,,infipoke_category:blocks;pokopiadex_category:blocks,https://pokopiadex.com/images/items/item_ui/light-antique-wall-middle.png,pokopiadex_items,https://infipoke.com/img/pokopia/items/lightantiquewall%28middle%29.webp,light-antique-wall-middle,Blocks,,lightantiquewall(middle),Blocks,,https://pokopiadex.com/items;https://infipoke.com/zh/game/pokopia/items
decorative_item,Light antique wall (upper),浅色古董墙（上）,Blocks,,infipoke_category:blocks;pokopiadex_category:blocks,https://pokopiadex.com/images/items/item_ui/light-antique-wall-upper.png,pokopiadex_items,https://infipoke.com/img/pokopia/items/lightantiquewall%28upper%29.webp,light-antique-wall-upper,Blocks,,lightantiquewall(upper),Blocks,,https://pokopiadex.com/items;https://infipoke.com/zh/game/pokopia/items
decorative_item,Light brown rock,浅棕色岩石,Blocks,,infipoke_category:blocks;pokopiadex_category:blocks,https://pokopiadex.com/images/items/item_ui/light-brown-rock.png,pokopiadex_items,https://infipoke.com/img/pokopia/items/lightbrownrock.webp,light-brown-rock,Blocks,,lightbrownrock,Blocks,,https://pokopiadex.com/items;https://infipoke.com/zh/game/pokopia/items
decorative_item,Light marble flooring,浅色大理石地板,Blocks,Road,infipoke_category:blocks;pokopiadex_category:blocks,https://pokopiadex.com/images/items/item_ui/light-marble-flooring.png,pokopiadex_items,https://infipoke.com/img/pokopia/items/lightmarbleflooring.webp,light-marble-flooring,Blocks,Road,lightmarbleflooring,Blocks,Road,https://pokopiadex.com/items;https://infipoke.com/zh/game/pokopia/items
decorative_item,Light wooden wall,浅色木墙,Blocks,,infipoke_category:blocks;pokopiadex_category:blocks,https://pokopiadex.com/images/items/item_ui/light-wooden-wall.png,pokopiadex_items,https://infipoke.com/img/pokopia/items/lightwoodenwall.webp,light-wooden-wall,Blocks,,lightwoodenwall,Blocks,,https://pokopiadex.com/items;https://infipoke.com/zh/game/pokopia/items
decorative_item,Limestone,石灰石,Blocks,,infipoke_category:blocks;pokopiadex_category:blocks,https://pokopiadex.com/images/items/item_ui/limestone.png,pokopiadex_items,https://infipoke.com/img/pokopia/items/limestone.webp,limestone,Blocks,,limestone,Blocks,,https://pokopiadex.com/items;https://infipoke.com/zh/game/pokopia/items
decorative_item,Lined-stone flooring,纹理石地板,Blocks,Road,infipoke_category:blocks;pokopiadex_category:blocks,https://pokopiadex.com/images/items/crafting_ui/lined-stone-flooring.png,pokopiadex_items,https://infipoke.com/img/pokopia/items/lined-stoneflooring.webp,lined-stone-flooring,Blocks,Road,lined-stoneflooring,Blocks,Road,https://pokopiadex.com/items;https://infipoke.com/zh/game/pokopia/items
decorative_item,Log bed,原木床,Furniture,Relaxation,infipoke_category:furniture;pokopiadex_category:furniture,https://pokopiadex.com/images/items/shop_ui/log-bed.png,pokopiadex_items,https://infipoke.com/img/pokopia/items/logbed.webp,log-bed,Furniture,Relaxation,logbed,Furniture,Relaxation,https://pokopiadex.com/items;https://infipoke.com/zh/game/pokopia/items
decorative_item,Log chair,原木椅,Furniture,Relaxation,infipoke_category:furniture;pokopiadex_category:furniture,https://pokopiadex.com/images/items/crafting_ui/log-chair.png,pokopiadex_items,https://infipoke.com/img/pokopia/items/logchair.webp,log-chair,Furniture,Relaxation,logchair,Furniture,Relaxation,https://pokopiadex.com/items;https://infipoke.com/zh/game/pokopia/items
decorative_item,Log table,原木桌,Furniture,,infipoke_category:furniture;pokopiadex_category:furniture,https://pokopiadex.com/images/items/crafting_ui/log-table.png,pokopiadex_items,https://infipoke.com/img/pokopia/items/logtable.webp,log-table,Furniture,,logtable,Furniture,,https://pokopiadex.com/items;https://infipoke.com/zh/game/pokopia/items
decorative_item,Lunch box,午餐盒,Misc.,Decoration,pokopiadex_tag:decoration,https://pokopiadex.com/images/items/item_ui/lunch-box.png,pokopiadex_items,https://infipoke.com/img/pokopia/items/lunchbox.webp,lunch-box,Misc.,Decoration,lunchbox,Misc.,,https://pokopiadex.com/items;https://infipoke.com/zh/game/pokopia/items
decorative_item,Luxury bed,豪华床,Furniture,Relaxation,infipoke_category:furniture;pokopiadex_category:furniture,https://pokopiadex.com/images/items/item_ui/luxury-bed.png,pokopiadex_items,https://infipoke.com/img/pokopia/items/luxurybed.webp,luxury-bed,Furniture,Relaxation,luxurybed,Furniture,Relaxation,https://pokopiadex.com/items;https://infipoke.com/zh/game/pokopia/items
decorative_item,Luxury chair,豪华椅,Furniture,Relaxation,infipoke_category:furniture;pokopiadex_category:furniture,https://pokopiadex.com/images/items/item_ui/luxury-chair.png,pokopiadex_items,https://infipoke.com/img/pokopia/items/luxurychair.webp,luxury-chair,Furniture,Relaxation,luxurychair,Furniture,Relaxation,https://pokopiadex.com/items;https://infipoke.com/zh/game/pokopia/items
decorative_item,Luxury dresser,豪华梳妆台,Furniture,Toy,infipoke_category:furniture;infipoke_tag:toy;pokopiadex_category:furniture;pokopiadex_tag:toy,https://pokopiadex.com/images/items/item_ui/luxury-dresser.png,pokopiadex_items,https://infipoke.com/img/pokopia/items/luxurydresser.webp,luxury-dresser,Furniture,Toy,luxurydresser,Furniture,Toy,https://pokopiadex.com/items;https://infipoke.com/zh/game/pokopia/items
decorative_item,Luxury lamp,豪华灯,Utilities,Decoration,infipoke_tag:decoration;pokopiadex_tag:decoration,https://pokopiadex.com/images/items/item_ui/luxury-lamp.png,pokopiadex_items,https://infipoke.com/img/pokopia/items/luxurylamp.webp,luxury-lamp,Utilities,Decoration,luxurylamp,Utilities,Decoration,https://pokopiadex.com/items;https://infipoke.com/zh/game/pokopia/items
decorative_item,Luxury sofa,豪华沙发,Furniture,Relaxation,infipoke_category:furniture;pokopiadex_category:furniture,https://pokopiadex.com/images/items/item_ui/luxury-sofa.png,pokopiadex_items,https://infipoke.com/img/pokopia/items/luxurysofa.webp,luxury-sofa,Furniture,Relaxation,luxurysofa,Furniture,Relaxation,https://pokopiadex.com/items;https://infipoke.com/zh/game/pokopia/items
decorative_item,Luxury table,豪华桌,Furniture,,infipoke_category:furniture;pokopiadex_category:furniture,https://pokopiadex.com/images/items/item_ui/luxury-table.png,pokopiadex_items,https://infipoke.com/img/pokopia/items/luxurytable.webp,luxury-table,Furniture,,luxurytable,Furniture,,https://pokopiadex.com/items;https://infipoke.com/zh/game/pokopia/items
decorative_item,Magazine rack,杂志架,Misc.,Decoration,infipoke_tag:decoration;pokopiadex_tag:decoration,https://pokopiadex.com/images/items/item_ui/magazine-rack.png,pokopiadex_items,https://infipoke.com/img/pokopia/items/magazinerack.webp,magazine-rack,Misc.,Decoration,magazinerack,Misc.,Decoration,https://pokopiadex.com/items;https://infipoke.com/zh/game/pokopia/items
decorative_item,Mailbox,邮箱,Outdoor,Decoration,infipoke_tag:decoration;pokopiadex_tag:decoration,https://pokopiadex.com/images/items/crafting_ui/mailbox.png,pokopiadex_items,https://infipoke.com/img/pokopia/items/mailbox.webp,mailbox,Outdoor,Decoration,mailbox,Outdoor,Decoration,https://pokopiadex.com/items;https://infipoke.com/zh/game/pokopia/items
decorative_item,Malicious Armor,诅咒铠甲,Misc.,Toy,infipoke_tag:toy;pokopiadex_tag:decoration,https://pokopiadex.com/images/items/item_ui/malicious-armor.png,pokopiadex_items,https://infipoke.com/img/pokopia/items/maliciousarmor.webp,malicious-armor,Misc.,Decoration,maliciousarmor,Misc.,Toy,https://pokopiadex.com/items;https://infipoke.com/zh/game/pokopia/items
decorative_item,Map and compass,,Outdoor,Toy,pokopiadex_tag:toy,https://pokopiadex.com/images/items/item_ui/map-and-compass.png,pokopiadex_items,,map-and-compass,Outdoor,Toy,,,,https://pokopiadex.com/items;https://infipoke.com/zh/game/pokopia/items
decorative_item,Marble,大理石,Blocks,Road,infipoke_category:blocks;pokopiadex_category:blocks,https://pokopiadex.com/images/items/crafting_ui/marble.png,pokopiadex_items,https://infipoke.com/img/pokopia/items/marble.webp,marble,Blocks,Road,marble,Blocks,Road,https://pokopiadex.com/items;https://infipoke.com/zh/game/pokopia/items
decorative_item,Marked road (horizontal),标线道路（横）,Blocks,Road,infipoke_category:blocks;pokopiadex_category:blocks,https://pokopiadex.com/images/items/item_ui/marked-road-horizontal.png,pokopiadex_items,https://infipoke.com/img/pokopia/items/markedroad%28horizontal%29.webp,marked-road-horizontal,Blocks,Road,markedroad(horizontal),Blocks,Road,https://pokopiadex.com/items;https://infipoke.com/zh/game/pokopia/items
decorative_item,Marked road (vertical),标线道路（竖）,Blocks,Road,infipoke_category:blocks;pokopiadex_category:blocks,https://pokopiadex.com/images/items/item_ui/marked-road-vertical.png,pokopiadex_items,https://infipoke.com/img/pokopia/items/markedroad%28vertical%29.webp,marked-road-vertical,Blocks,Road,markedroad(vertical),Blocks,Road,https://pokopiadex.com/items;https://infipoke.com/zh/game/pokopia/items
decorative_item,Menu board,菜单板,Outdoor,Decoration,infipoke_tag:decoration;pokopiadex_tag:decoration,https://pokopiadex.com/images/items/item_ui/menu-board.png,pokopiadex_items,https://infipoke.com/img/pokopia/items/menuboard.webp,menu-board,Outdoor,Decoration,menuboard,Outdoor,Decoration,https://pokopiadex.com/items;https://infipoke.com/zh/game/pokopia/items
decorative_item,Metal drum,金属桶,Outdoor,Decoration,infipoke_tag:decoration;pokopiadex_tag:decoration,https://pokopiadex.com/images/items/item_ui/metal-drum.png,pokopiadex_items,https://infipoke.com/img/pokopia/items/metaldrum.webp,metal-drum,Outdoor,Decoration,metaldrum,Outdoor,Decoration,https://pokopiadex.com/items;https://infipoke.com/zh/game/pokopia/items
decorative_item,Microscope,显微镜,Misc.,Toy,infipoke_tag:toy;pokopiadex_tag:toy,https://pokopiadex.com/images/items/item_ui/microscope.png,pokopiadex_items,https://infipoke.com/img/pokopia/items/microscope.webp,microscope,Misc.,Toy,microscope,Misc.,Toy,https://pokopiadex.com/items;https://infipoke.com/zh/game/pokopia/items
decorative_item,Microwave oven,微波炉,Misc.,Toy,infipoke_tag:toy;pokopiadex_tag:toy,https://pokopiadex.com/images/items/item_ui/microwave-oven.png,pokopiadex_items,https://infipoke.com/img/pokopia/items/microwaveoven.webp,microwave-oven,Misc.,Toy,microwaveoven,Misc.,Toy,https://pokopiadex.com/items;https://infipoke.com/zh/game/pokopia/items
decorative_item,Mini bookcase,迷你书柜,Misc.,Decoration,infipoke_tag:decoration;pokopiadex_tag:decoration,https://pokopiadex.com/images/items/crafting_ui/mini-bookcase.png,pokopiadex_items,https://infipoke.com/img/pokopia/items/minibookcase.webp,mini-bookcase,Misc.,Decoration,minibookcase,Misc.,Decoration,https://pokopiadex.com/items;https://infipoke.com/zh/game/pokopia/items
decorative_item,Mini generator,迷你发电机,Utilities,Decoration,infipoke_tag:decoration;pokopiadex_tag:decoration,https://pokopiadex.com/images/items/item_ui/mini-generator.png,pokopiadex_items,https://infipoke.com/img/pokopia/items/minigenerator.webp,mini-generator,Utilities,Decoration,minigenerator,Utilities,Decoration,https://pokopiadex.com/items;https://infipoke.com/zh/game/pokopia/items
decorative_item,Mini plain bed,迷你简易床,Furniture,Relaxation,infipoke_category:furniture;pokopiadex_category:furniture,https://pokopiadex.com/images/items/crafting_ui/mini-plain-bed.png,pokopiadex_items,https://infipoke.com/img/pokopia/items/miniplainbed.webp,mini-plain-bed,Furniture,Relaxation,miniplainbed,Furniture,Relaxation,https://pokopiadex.com/items;https://infipoke.com/zh/game/pokopia/items
decorative_item,Mirror ball,镜球,Utilities,Decoration,infipoke_tag:decoration;pokopiadex_tag:decoration,https://pokopiadex.com/images/items/shop_ui/mirror-ball.png,pokopiadex_items,https://infipoke.com/img/pokopia/items/mirrorball.webp,mirror-ball,Utilities,Decoration,mirrorball,Utilities,Decoration,https://pokopiadex.com/items;https://infipoke.com/zh/game/pokopia/items
decorative_item,Model planet,行星模型,Utilities,Toy,infipoke_tag:toy;pokopiadex_tag:toy,https://pokopiadex.com/images/items/item_ui/model-planet.png,pokopiadex_items,https://infipoke.com/img/pokopia/items/modelplanet.webp,model-planet,Utilities,Toy,modelplanet,Utilities,Toy,https://pokopiadex.com/items;https://infipoke.com/zh/game/pokopia/items
decorative_item,Model space shuttle,太空梭模型,Misc.,Toy,infipoke_tag:toy;pokopiadex_tag:toy,https://pokopiadex.com/images/items/item_ui/model-space-shuttle.png,pokopiadex_items,https://infipoke.com/img/pokopia/items/modelspaceshuttle.webp,model-space-shuttle,Misc.,Toy,modelspaceshuttle,Misc.,Toy,https://pokopiadex.com/items;https://infipoke.com/zh/game/pokopia/items
decorative_item,Modern carpeting,现代地毯,Blocks,Road,infipoke_category:blocks;pokopiadex_category:blocks,https://pokopiadex.com/images/items/item_ui/modern-carpeting.png,pokopiadex_items,https://infipoke.com/img/pokopia/items/moderncarpeting.webp,modern-carpeting,Blocks,Road,moderncarpeting,Blocks,Road,https://pokopiadex.com/items;https://infipoke.com/zh/game/pokopia/items
decorative_item,Modern sink,现代水槽,Misc.,Toy,infipoke_tag:toy;pokopiadex_tag:toy,https://pokopiadex.com/images/items/item_ui/modern-sink.png,pokopiadex_items,https://infipoke.com/img/pokopia/items/modernsink.webp,modern-sink,Misc.,Toy,modernsink,Misc.,Toy,https://pokopiadex.com/items;https://infipoke.com/zh/game/pokopia/items
decorative_item,Modern wall,现代墙,Blocks,,infipoke_category:blocks;pokopiadex_category:blocks,https://pokopiadex.com/images/items/item_ui/modern-wall.png,pokopiadex_items,https://infipoke.com/img/pokopia/items/modernwall.webp,modern-wall,Blocks,,modernwall,Blocks,,https://pokopiadex.com/items;https://infipoke.com/zh/game/pokopia/items
decorative_item,Mosaic tiling,马赛克砖,Blocks,Road,infipoke_category:blocks;pokopiadex_category:blocks,https://pokopiadex.com/images/items/item_ui/mosaic-tiling.png,pokopiadex_items,https://infipoke.com/img/pokopia/items/mosaictiling.webp,mosaic-tiling,Blocks,Road,mosaictiling,Blocks,Road,https://pokopiadex.com/items;https://infipoke.com/zh/game/pokopia/items
decorative_item,Mossy soil,苔藓泥土,Blocks,,infipoke_category:blocks;pokopiadex_category:blocks,https://pokopiadex.com/images/items/item_ui/mossy-soil.png,pokopiadex_items,https://infipoke.com/img/pokopia/items/mossysoil.webp,mossy-soil,Blocks,,mossysoil,Blocks,,https://pokopiadex.com/items;https://infipoke.com/zh/game/pokopia/items
decorative_item,Muddy pure-white soil,泥泞纯白泥土,Blocks,,infipoke_category:blocks,https://infipoke.com/img/pokopia/items/muddypure-whitesoil.webp,infipoke_items,,,,,muddypure-whitesoil,Blocks,,https://pokopiadex.com/items;https://infipoke.com/zh/game/pokopia/items
decorative_item,Muddy sand,泥泞沙地,Blocks,,infipoke_category:blocks,https://infipoke.com/img/pokopia/items/muddysand.webp,infipoke_items,,,,,muddysand,Blocks,,https://pokopiadex.com/items;https://infipoke.com/zh/game/pokopia/items
decorative_item,Muddy seashell soil,泥泞贝壳泥土,Blocks,,infipoke_category:blocks,https://infipoke.com/img/pokopia/items/muddyseashellsoil.webp,infipoke_items,,,,,muddyseashellsoil,Blocks,,https://pokopiadex.com/items;https://infipoke.com/zh/game/pokopia/items
decorative_item,Muddy tiling,泥泞地砖,Blocks,,infipoke_category:blocks,https://infipoke.com/img/pokopia/items/muddytiling.webp,infipoke_items,,,,,muddytiling,Blocks,,https://pokopiadex.com/items;https://infipoke.com/zh/game/pokopia/items
decorative_item,Mug,马克杯,Misc.,Decoration,infipoke_tag:decoration;pokopiadex_tag:decoration,https://pokopiadex.com/images/items/crafting_ui/mug.png,pokopiadex_items,https://infipoke.com/img/pokopia/items/mug.webp,mug,Misc.,Decoration,mug,Misc.,Decoration,https://pokopiadex.com/items;https://infipoke.com/zh/game/pokopia/items
decorative_item,Munna bank,食梦梦存钱罐,Misc.,Toy,infipoke_tag:toy;pokopiadex_tag:toy,https://pokopiadex.com/images/items/item_ui/munna-bank.png,pokopiadex_items,https://infipoke.com/img/pokopia/items/munnabank.webp,munna-bank,Misc.,Toy,munnabank,Misc.,Toy,https://pokopiadex.com/items;https://infipoke.com/zh/game/pokopia/items
decorative_item,Mushroom lamp,蘑菇灯,Utilities,Decoration,infipoke_tag:decoration;pokopiadex_tag:decoration,https://pokopiadex.com/images/items/crafting_ui/mushroom-lamp.png,pokopiadex_items,https://infipoke.com/img/pokopia/items/mushroomlamp.webp,mushroom-lamp,Utilities,Decoration,mushroomlamp,Utilities,Decoration,https://pokopiadex.com/items;https://infipoke.com/zh/game/pokopia/items
decorative_item,Mushroom streetlight,蘑菇路灯,Utilities,Decoration,infipoke_tag:decoration;pokopiadex_tag:decoration,https://pokopiadex.com/images/items/shop_ui/mushroom-streetlight.png,pokopiadex_items,https://infipoke.com/img/pokopia/items/mushroomstreetlight.webp,mushroom-streetlight,Utilities,Decoration,mushroomstreetlight,Utilities,Decoration,https://pokopiadex.com/items;https://infipoke.com/zh/game/pokopia/items
decorative_item,Music mat (Fa),音乐地垫（Fa）,Utilities,Toy,infipoke_tag:toy;pokopiadex_tag:toy,https://pokopiadex.com/images/items/item_ui/music-mat-fa.png,pokopiadex_items,https://infipoke.com/img/pokopia/items/musicmat%28fa%29.webp,music-mat-fa,Utilities,Toy,musicmat(fa),Utilities,Toy,https://pokopiadex.com/items;https://infipoke.com/zh/game/pokopia/items
decorative_item,Music mat (High do),音乐地垫（高Do）,Utilities,Toy,infipoke_tag:toy;pokopiadex_tag:toy,https://pokopiadex.com/images/items/item_ui/music-mat-high-do.png,pokopiadex_items,https://infipoke.com/img/pokopia/items/musicmat%28highdo%29.webp,music-mat-high-do,Utilities,Toy,musicmat(highdo),Utilities,Toy,https://pokopiadex.com/items;https://infipoke.com/zh/game/pokopia/items
decorative_item,Music mat (La),音乐地垫（La）,Utilities,Toy,infipoke_tag:toy;pokopiadex_tag:toy,https://pokopiadex.com/images/items/item_ui/music-mat-la.png,pokopiadex_items,https://infipoke.com/img/pokopia/items/musicmat%28la%29.webp,music-mat-la,Utilities,Toy,musicmat(la),Utilities,Toy,https://pokopiadex.com/items;https://infipoke.com/zh/game/pokopia/items
decorative_item,Music mat (low do),音乐地垫（低Do）,Utilities,Toy,infipoke_tag:toy;pokopiadex_tag:toy,https://pokopiadex.com/images/items/item_ui/music-mat-low-do.png,pokopiadex_items,https://infipoke.com/img/pokopia/items/musicmat%28lowdo%29.webp,music-mat-low-do,Utilities,Toy,musicmat(lowdo),Utilities,Toy,https://pokopiadex.com/items;https://infipoke.com/zh/game/pokopia/items
decorative_item,Music mat (Mi),音乐地垫（Mi）,Utilities,Toy,infipoke_tag:toy;pokopiadex_tag:toy,https://pokopiadex.com/images/items/item_ui/music-mat-mi.png,pokopiadex_items,https://infipoke.com/img/pokopia/items/musicmat%28mi%29.webp,music-mat-mi,Utilities,Toy,musicmat(mi),Utilities,Toy,https://pokopiadex.com/items;https://infipoke.com/zh/game/pokopia/items
decorative_item,Music mat (Re),音乐地垫（Re）,Utilities,Toy,infipoke_tag:toy;pokopiadex_tag:toy,https://pokopiadex.com/images/items/item_ui/music-mat-re.png,pokopiadex_items,https://infipoke.com/img/pokopia/items/musicmat%28re%29.webp,music-mat-re,Utilities,Toy,musicmat(re),Utilities,Toy,https://pokopiadex.com/items;https://infipoke.com/zh/game/pokopia/items
decorative_item,Music mat (Sol),音乐地垫（Sol）,Utilities,Toy,infipoke_tag:toy;pokopiadex_tag:toy,https://pokopiadex.com/images/items/item_ui/music-mat-sol.png,pokopiadex_items,https://infipoke.com/img/pokopia/items/musicmat%28sol%29.webp,music-mat-sol,Utilities,Toy,musicmat(sol),Utilities,Toy,https://pokopiadex.com/items;https://infipoke.com/zh/game/pokopia/items
decorative_item,Music mat (Ti),音乐地垫（Ti）,Utilities,Toy,infipoke_tag:toy;pokopiadex_tag:toy,https://pokopiadex.com/images/items/item_ui/music-mat-ti.png,pokopiadex_items,https://infipoke.com/img/pokopia/items/musicmat%28ti%29.webp,music-mat-ti,Utilities,Toy,musicmat(ti),Utilities,Toy,https://pokopiadex.com/items;https://infipoke.com/zh/game/pokopia/items
decorative_item,Mysterious pedestal,神秘台座,Furniture,,infipoke_category:furniture;pokopiadex_category:furniture,https://pokopiadex.com/images/items/item_ui/mysterious-pedestal.png,pokopiadex_items,https://infipoke.com/img/pokopia/items/mysteriouspedestal.webp,mysterious-pedestal,Furniture,,mysteriouspedestal,Furniture,,https://pokopiadex.com/items;https://infipoke.com/zh/game/pokopia/items
decorative_item,Mysterious statue,神秘雕像,Misc.,Decoration,infipoke_tag:decoration;pokopiadex_tag:decoration,https://pokopiadex.com/images/items/item_ui/mysterious-statue.png,pokopiadex_items,https://infipoke.com/img/pokopia/items/mysteriousstatue.webp,mysterious-statue,Misc.,Decoration,mysteriousstatue,Misc.,Decoration,https://pokopiadex.com/items;https://infipoke.com/zh/game/pokopia/items
decorative_item,Mysterious stone,神秘石头,Blocks,,infipoke_category:blocks;pokopiadex_category:blocks,https://pokopiadex.com/images/items/item_ui/mysterious-stone.png,pokopiadex_items,https://infipoke.com/img/pokopia/items/mysteriousstone.webp,mysterious-stone,Blocks,,mysteriousstone,Blocks,,https://pokopiadex.com/items;https://infipoke.com/zh/game/pokopia/items
decorative_item,Naptime bed,午睡床,Furniture,Relaxation,infipoke_category:furniture;pokopiadex_category:furniture,https://pokopiadex.com/images/items/item_ui/naptime-bed.png,pokopiadex_items,https://infipoke.com/img/pokopia/items/naptimebed.webp,naptime-bed,Furniture,Relaxation,naptimebed,Furniture,Relaxation,https://pokopiadex.com/items;https://infipoke.com/zh/game/pokopia/items
decorative_item,Neon flooring,霓虹地板,Blocks,Road,infipoke_category:blocks;pokopiadex_category:blocks,https://pokopiadex.com/images/items/item_ui/neon-flooring.png,pokopiadex_items,https://infipoke.com/img/pokopia/items/neonflooring.webp,neon-flooring,Blocks,Road,neonflooring,Blocks,Road,https://pokopiadex.com/items;https://infipoke.com/zh/game/pokopia/items
decorative_item,Newspaper,报纸,Misc.,Toy,infipoke_tag:toy;pokopiadex_tag:toy,https://pokopiadex.com/images/items/item_ui/newspaper.png,pokopiadex_items,https://infipoke.com/img/pokopia/items/newspaper.webp,newspaper,Misc.,Toy,newspaper,Misc.,Toy,https://pokopiadex.com/items;https://infipoke.com/zh/game/pokopia/items
decorative_item,Notepad,记事本,Misc.,Toy,infipoke_tag:toy;pokopiadex_tag:toy,https://pokopiadex.com/images/items/item_ui/notepad.png,pokopiadex_items,https://infipoke.com/img/pokopia/items/notepad.webp,notepad,Misc.,Toy,notepad,Misc.,Toy,https://pokopiadex.com/items;https://infipoke.com/zh/game/pokopia/items
decorative_item,Ocean rock,海洋岩石,Blocks,,infipoke_category:blocks;pokopiadex_category:blocks,https://pokopiadex.com/images/items/item_ui/ocean-rock.png,pokopiadex_items,https://infipoke.com/img/pokopia/items/oceanrock.webp,ocean-rock,Blocks,,oceanrock,Blocks,,https://pokopiadex.com/items;https://infipoke.com/zh/game/pokopia/items
decorative_item,Office cabinet,办公柜,Furniture,Decoration,infipoke_category:furniture;infipoke_tag:decoration;pokopiadex_category:furniture;pokopiadex_tag:decoration,https://pokopiadex.com/images/items/crafting_ui/office-cabinet.png,pokopiadex_items,https://infipoke.com/img/pokopia/items/officecabinet.webp,office-cabinet,Furniture,Decoration,officecabinet,Furniture,Decoration,https://pokopiadex.com/items;https://infipoke.com/zh/game/pokopia/items
decorative_item,Office chair,办公椅,Furniture,Relaxation,infipoke_category:furniture;pokopiadex_category:furniture,https://pokopiadex.com/images/items/crafting_ui/office-chair.png,pokopiadex_items,https://infipoke.com/img/pokopia/items/officechair.webp,office-chair,Furniture,Relaxation,officechair,Furniture,Relaxation,https://pokopiadex.com/items;https://infipoke.com/zh/game/pokopia/items
decorative_item,Office desk,办公桌,Furniture,,infipoke_category:furniture;pokopiadex_category:furniture,https://pokopiadex.com/images/items/crafting_ui/office-desk.png,pokopiadex_items,https://infipoke.com/img/pokopia/items/officedesk.webp,office-desk,Furniture,,officedesk,Furniture,,https://pokopiadex.com/items;https://infipoke.com/zh/game/pokopia/items
decorative_item,Office locker,办公储物柜,Furniture,Decoration,infipoke_category:furniture;infipoke_tag:decoration;pokopiadex_category:furniture;pokopiadex_tag:decoration,https://pokopiadex.com/images/items/item_ui/office-locker.png,pokopiadex_items,https://infipoke.com/img/pokopia/items/officelocker.webp,office-locker,Furniture,Decoration,officelocker,Furniture,Decoration,https://pokopiadex.com/items;https://infipoke.com/zh/game/pokopia/items
decorative_item,Office shelf,办公置物架,Furniture,Decoration,infipoke_category:furniture;infipoke_tag:decoration;pokopiadex_category:furniture;pokopiadex_tag:decoration,https://pokopiadex.com/images/items/item_ui/office-shelf.png,pokopiadex_items,https://infipoke.com/img/pokopia/items/officeshelf.webp,office-shelf,Furniture,Decoration,officeshelf,Furniture,Decoration,https://pokopiadex.com/items;https://infipoke.com/zh/game/pokopia/items
decorative_item,Office table,办公室桌,Furniture,,infipoke_category:furniture;pokopiadex_category:furniture,https://pokopiadex.com/images/items/crafting_ui/office-table.png,pokopiadex_items,https://infipoke.com/img/pokopia/items/officetable.webp,office-table,Furniture,,officetable,Furniture,,https://pokopiadex.com/items;https://infipoke.com/zh/game/pokopia/items
decorative_item,Oil lantern,,Utilities,Decoration,pokopiadex_tag:decoration,https://pokopiadex.com/images/items/item_ui/oil-lantern.png,pokopiadex_items,,oil-lantern,Utilities,Decoration,,,,https://pokopiadex.com/items;https://infipoke.com/zh/game/pokopia/items
decorative_item,Open book,翻开的书,Misc.,Toy,infipoke_tag:toy;pokopiadex_tag:toy,https://pokopiadex.com/images/items/item_ui/open-book.png,pokopiadex_items,https://infipoke.com/img/pokopia/items/openbook.webp,open-book,Misc.,Toy,openbook,Misc.,Toy,https://pokopiadex.com/items;https://infipoke.com/zh/game/pokopia/items
decorative_item,Orange meteor lamp,橙色流星灯,Utilities,Decoration,infipoke_tag:decoration;pokopiadex_tag:decoration,https://pokopiadex.com/images/items/item_ui/orange-meteor-lamp.png,pokopiadex_items,https://infipoke.com/img/pokopia/items/orangemeteorlamp.webp,orange-meteor-lamp,Utilities,Decoration,orangemeteorlamp,Utilities,Decoration,https://pokopiadex.com/items;https://infipoke.com/zh/game/pokopia/items
decorative_item,Ordinary sand,普通沙,Blocks,,infipoke_category:blocks;pokopiadex_category:blocks,https://pokopiadex.com/images/items/item_ui/ordinary-sand.png,pokopiadex_items,https://infipoke.com/img/pokopia/items/ordinarysand.webp,ordinary-sand,Blocks,,ordinarysand,Blocks,,https://pokopiadex.com/items;https://infipoke.com/zh/game/pokopia/items
decorative_item,Ordinary soil,普通泥土,Blocks,,infipoke_category:blocks;pokopiadex_category:blocks,https://pokopiadex.com/images/items/item_ui/ordinary-soil.png,pokopiadex_items,https://infipoke.com/img/pokopia/items/ordinarysoil.webp,ordinary-soil,Blocks,,ordinarysoil,Blocks,,https://pokopiadex.com/items;https://infipoke.com/zh/game/pokopia/items
decorative_item,Painted wall,彩绘墙,Blocks,,infipoke_category:blocks;pokopiadex_category:blocks,https://pokopiadex.com/images/items/item_ui/painted-wall.png,pokopiadex_items,https://infipoke.com/img/pokopia/items/paintedwall.webp,painted-wall,Blocks,,paintedwall,Blocks,,https://pokopiadex.com/items;https://infipoke.com/zh/game/pokopia/items
decorative_item,Painting (landscape),画（风景）,Outdoor,Decoration,infipoke_tag:decoration;pokopiadex_tag:decoration,https://pokopiadex.com/images/items/item_ui/painting-landscape.png,pokopiadex_items,https://infipoke.com/img/pokopia/items/painting%28landscape%29.webp,painting-landscape,Outdoor,Decoration,painting(landscape),Outdoor,Decoration,https://pokopiadex.com/items;https://infipoke.com/zh/game/pokopia/items
decorative_item,Painting (portrait),画（肖像）,Outdoor,Decoration,infipoke_tag:decoration;pokopiadex_tag:decoration,https://pokopiadex.com/images/items/item_ui/painting-portrait.png,pokopiadex_items,https://infipoke.com/img/pokopia/items/painting%28portrait%29.webp,painting-portrait,Outdoor,Decoration,painting(portrait),Outdoor,Decoration,https://pokopiadex.com/items;https://infipoke.com/zh/game/pokopia/items
decorative_item,Painting (still life),画（静物）,Outdoor,Decoration,infipoke_tag:decoration;pokopiadex_tag:decoration,https://pokopiadex.com/images/items/item_ui/painting-still-life.png,pokopiadex_items,https://infipoke.com/img/pokopia/items/painting%28stilllife%29.webp,painting-still-life,Outdoor,Decoration,painting(stilllife),Outdoor,Decoration,https://pokopiadex.com/items;https://infipoke.com/zh/game/pokopia/items
decorative_item,Paper party cups,派对纸杯,Misc.,Decoration,infipoke_tag:decoration;pokopiadex_tag:decoration,https://pokopiadex.com/images/items/shop_ui/paper-party-cups.png,pokopiadex_items,https://infipoke.com/img/pokopia/items/paperpartycups.webp,paper-party-cups,Misc.,Decoration,paperpartycups,Misc.,Decoration,https://pokopiadex.com/items;https://infipoke.com/zh/game/pokopia/items
decorative_item,Papers,文件,Misc.,Toy,infipoke_tag:toy;pokopiadex_tag:toy,https://pokopiadex.com/images/items/item_ui/papers.png,pokopiadex_items,https://infipoke.com/img/pokopia/items/papers.webp,papers,Misc.,Toy,papers,Misc.,Toy,https://pokopiadex.com/items;https://infipoke.com/zh/game/pokopia/items
decorative_item,Party bunting,派对彩旗,Misc.,Decoration,infipoke_tag:decoration;pokopiadex_tag:decoration,https://pokopiadex.com/images/items/crafting_ui/party-bunting.png,pokopiadex_items,https://infipoke.com/img/pokopia/items/partybunting.webp,party-bunting,Misc.,Decoration,partybunting,Misc.,Decoration,https://pokopiadex.com/items;https://infipoke.com/zh/game/pokopia/items
decorative_item,Patterned aged-stone wall,花纹风化石墙,Blocks,,infipoke_category:blocks;pokopiadex_category:blocks,https://pokopiadex.com/images/items/crafting_ui/patterned-aged-stone-wall.png,pokopiadex_items,https://infipoke.com/img/pokopia/items/patternedaged-stonewall.webp,patterned-aged-stone-wall,Blocks,,patternedaged-stonewall,Blocks,,https://pokopiadex.com/items;https://infipoke.com/zh/game/pokopia/items
decorative_item,Pencil holder,笔筒,Misc.,Toy,infipoke_tag:toy;pokopiadex_tag:toy,https://pokopiadex.com/images/items/item_ui/pencil-holder.png,pokopiadex_items,https://infipoke.com/img/pokopia/items/pencilholder.webp,pencil-holder,Misc.,Toy,pencilholder,Misc.,Toy,https://pokopiadex.com/items;https://infipoke.com/zh/game/pokopia/items
decorative_item,Photo cutout board,脸洞看板,Outdoor,Decoration,infipoke_tag:decoration;pokopiadex_tag:toy,https://pokopiadex.com/images/items/item_ui/photo-cutout-board.png,pokopiadex_items,https://infipoke.com/img/pokopia/items/photocutoutboard.webp,photo-cutout-board,Outdoor,Toy,photocutoutboard,Outdoor,Decoration,https://pokopiadex.com/items;https://infipoke.com/zh/game/pokopia/items
decorative_item,Photo frame,相框,Misc.,Decoration,infipoke_tag:decoration;pokopiadex_tag:decoration,https://pokopiadex.com/images/items/item_ui/photo-frame.png,pokopiadex_items,https://infipoke.com/img/pokopia/items/photoframe.webp,photo-frame,Misc.,Decoration,photoframe,Misc.,Decoration,https://pokopiadex.com/items;https://infipoke.com/zh/game/pokopia/items
decorative_item,Pikachu doll,皮卡丘玩偶,Misc.,Toy,infipoke_tag:toy;pokopiadex_tag:toy,https://pokopiadex.com/images/items/item_ui/pikachu-doll.png,pokopiadex_items,https://infipoke.com/img/pokopia/items/pikachudoll.webp,pikachu-doll,Misc.,Toy,pikachudoll,Misc.,Toy,https://pokopiadex.com/items;https://infipoke.com/zh/game/pokopia/items
decorative_item,Pikachu sofa,皮卡丘沙发,Furniture,Relaxation,infipoke_category:furniture;pokopiadex_category:furniture,https://pokopiadex.com/images/items/item_ui/pikachu-sofa.png,pokopiadex_items,https://infipoke.com/img/pokopia/items/pikachusofa.webp,pikachu-sofa,Furniture,Relaxation,pikachusofa,Furniture,Relaxation,https://pokopiadex.com/items;https://infipoke.com/zh/game/pokopia/items
decorative_item,Pinwheels,风车,Misc.,Toy,infipoke_tag:toy;pokopiadex_tag:toy,https://pokopiadex.com/images/items/crafting_ui/pinwheels.png,pokopiadex_items,https://infipoke.com/img/pokopia/items/pinwheels.webp,pinwheels,Misc.,Toy,pinwheels,Misc.,Toy,https://pokopiadex.com/items;https://infipoke.com/zh/game/pokopia/items
decorative_item,Pitcher-plant pot,猪笼草盆栽,Misc.,Decoration,infipoke_tag:decoration;pokopiadex_tag:decoration,https://pokopiadex.com/images/items/item_ui/pitcher-plant-pot.png,pokopiadex_items,https://infipoke.com/img/pokopia/items/pitcher-plantpot.webp,pitcher-plant-pot,Misc.,Decoration,pitcher-plantpot,Misc.,Decoration,https://pokopiadex.com/items;https://infipoke.com/zh/game/pokopia/items
decorative_item,Pizza,披萨,Misc.,Decoration,infipoke_tag:decoration;pokopiadex_tag:decoration,https://pokopiadex.com/images/items/item_ui/pizza.png,pokopiadex_items,https://infipoke.com/img/pokopia/items/pizza.webp,pizza,Misc.,Decoration,pizza,Misc.,Decoration,https://pokopiadex.com/items;https://infipoke.com/zh/game/pokopia/items
decorative_item,Plain bed,简易床,Furniture,Relaxation,infipoke_category:furniture;pokopiadex_category:furniture,https://pokopiadex.com/images/items/crafting_ui/plain-bed.png,pokopiadex_items,https://infipoke.com/img/pokopia/items/plainbed.webp,plain-bed,Furniture,Relaxation,plainbed,Furniture,Relaxation,https://pokopiadex.com/items;https://infipoke.com/zh/game/pokopia/items
decorative_item,Plain chair,朴素椅,Furniture,Relaxation,infipoke_category:furniture;pokopiadex_category:furniture,https://pokopiadex.com/images/items/crafting_ui/plain-chair.png,pokopiadex_items,https://infipoke.com/img/pokopia/items/plainchair.webp,plain-chair,Furniture,Relaxation,plainchair,Furniture,Relaxation,https://pokopiadex.com/items;https://infipoke.com/zh/game/pokopia/items
decorative_item,Plain chest,朴素木箱,Furniture,Decoration,infipoke_category:furniture;infipoke_tag:decoration;pokopiadex_category:furniture;pokopiadex_tag:decoration,https://pokopiadex.com/images/items/item_ui/plain-chest.png,pokopiadex_items,https://infipoke.com/img/pokopia/items/plainchest.webp,plain-chest,Furniture,Decoration,plainchest,Furniture,Decoration,https://pokopiadex.com/items;https://infipoke.com/zh/game/pokopia/items
decorative_item,Plain closet,朴素衣柜,Furniture,Decoration,infipoke_category:furniture;infipoke_tag:decoration;pokopiadex_category:furniture;pokopiadex_tag:decoration,https://pokopiadex.com/images/items/crafting_ui/plain-closet.png,pokopiadex_items,https://infipoke.com/img/pokopia/items/plaincloset.webp,plain-closet,Furniture,Decoration,plaincloset,Furniture,Decoration,https://pokopiadex.com/items;https://infipoke.com/zh/game/pokopia/items
decorative_item,Plain lamp,简约灯,Utilities,Decoration,infipoke_tag:decoration;pokopiadex_tag:decoration,https://pokopiadex.com/images/items/crafting_ui/plain-lamp.png,pokopiadex_items,https://infipoke.com/img/pokopia/items/plainlamp.webp,plain-lamp,Utilities,Decoration,plainlamp,Utilities,Decoration,https://pokopiadex.com/items;https://infipoke.com/zh/game/pokopia/items
decorative_item,Plain sofa,朴素沙发,Furniture,Relaxation,infipoke_category:furniture;pokopiadex_category:furniture,https://pokopiadex.com/images/items/crafting_ui/plain-sofa.png,pokopiadex_items,https://infipoke.com/img/pokopia/items/plainsofa.webp,plain-sofa,Furniture,Relaxation,plainsofa,Furniture,Relaxation,https://pokopiadex.com/items;https://infipoke.com/zh/game/pokopia/items
decorative_item,Plain stand,朴素展架,Furniture,Decoration,infipoke_category:furniture;pokopiadex_category:furniture;pokopiadex_tag:decoration,https://pokopiadex.com/images/items/shop_ui/plain-stand.png,pokopiadex_items,https://infipoke.com/img/pokopia/items/plainstand.webp,plain-stand,Furniture,Decoration,plainstand,Furniture,,https://pokopiadex.com/items;https://infipoke.com/zh/game/pokopia/items
decorative_item,Plain stool,朴素凳,Furniture,Relaxation,infipoke_category:furniture;pokopiadex_category:furniture,https://pokopiadex.com/images/items/item_ui/plain-stool.png,pokopiadex_items,https://infipoke.com/img/pokopia/items/plainstool.webp,plain-stool,Furniture,Relaxation,plainstool,Furniture,Relaxation,https://pokopiadex.com/items;https://infipoke.com/zh/game/pokopia/items
decorative_item,Plain table,朴素桌,Furniture,,infipoke_category:furniture;pokopiadex_category:furniture,https://pokopiadex.com/images/items/crafting_ui/plain-table.png,pokopiadex_items,https://infipoke.com/img/pokopia/items/plaintable.webp,plain-table,Furniture,,plaintable,Furniture,,https://pokopiadex.com/items;https://infipoke.com/zh/game/pokopia/items
decorative_item,Plaster wall,灰泥墙,Blocks,,infipoke_category:blocks;pokopiadex_category:blocks,https://pokopiadex.com/images/items/crafting_ui/plaster-wall.png,pokopiadex_items,https://infipoke.com/img/pokopia/items/plasterwall.webp,plaster-wall,Blocks,,plasterwall,Blocks,,https://pokopiadex.com/items;https://infipoke.com/zh/game/pokopia/items
decorative_item,Poké Ball Bed,精灵球床,Furniture,Relaxation,infipoke_category:furniture;pokopiadex_category:furniture,https://pokopiadex.com/images/items/item_ui/poke-ball-bed.png,pokopiadex_items,https://infipoke.com/img/pokopia/items/pokeballbed.webp,poke-ball-bed,Furniture,Relaxation,pokeballbed,Furniture,Relaxation,https://pokopiadex.com/items;https://infipoke.com/zh/game/pokopia/items
decorative_item,Poké Ball Chest,精灵球宝箱,Furniture,Decoration,infipoke_category:furniture;infipoke_tag:decoration;pokopiadex_category:furniture;pokopiadex_tag:decoration,https://pokopiadex.com/images/items/item_ui/poke-ball-chest.png,pokopiadex_items,https://infipoke.com/img/pokopia/items/pokeballchest.webp,poke-ball-chest,Furniture,Decoration,pokeballchest,Furniture,Decoration,https://pokopiadex.com/items;https://infipoke.com/zh/game/pokopia/items
decorative_item,Poké Ball lamp,精灵球灯,Utilities,Decoration,infipoke_tag:decoration;pokopiadex_tag:decoration,https://pokopiadex.com/images/items/item_ui/poke-ball-lamp.png,pokopiadex_items,https://infipoke.com/img/pokopia/items/pokeballlamp.webp,poke-ball-lamp,Utilities,Decoration,pokeballlamp,Utilities,Decoration,https://pokopiadex.com/items;https://infipoke.com/zh/game/pokopia/items
decorative_item,Poké Ball light,精灵球灯,Utilities,Decoration,infipoke_tag:decoration;pokopiadex_tag:decoration,https://pokopiadex.com/images/items/item_ui/poke-ball-light.png,pokopiadex_items,https://infipoke.com/img/pokopia/items/pokeballlight.webp,poke-ball-light,Utilities,Decoration,pokeballlight,Utilities,Decoration,https://pokopiadex.com/items;https://infipoke.com/zh/game/pokopia/items
decorative_item,Poké Ball print,精灵球花纹,Blocks,,infipoke_category:blocks;pokopiadex_category:blocks,https://pokopiadex.com/images/items/item_ui/poke-ball-print.png,pokopiadex_items,https://infipoke.com/img/pokopia/items/pokeballprint.webp,poke-ball-print,Blocks,,pokeballprint,Blocks,,https://pokopiadex.com/items;https://infipoke.com/zh/game/pokopia/items
decorative_item,Poké Ball Sofa,精灵球沙发,Furniture,Relaxation,infipoke_category:furniture;pokopiadex_category:furniture,https://pokopiadex.com/images/items/item_ui/poke-ball-sofa.png,pokopiadex_items,https://infipoke.com/img/pokopia/items/pokeballsofa.webp,poke-ball-sofa,Furniture,Relaxation,pokeballsofa,Furniture,Relaxation,https://pokopiadex.com/items;https://infipoke.com/zh/game/pokopia/items
decorative_item,Poké Ball table,精灵球桌,Furniture,,infipoke_category:furniture;pokopiadex_category:furniture,https://pokopiadex.com/images/items/item_ui/poke-ball-table.png,pokopiadex_items,https://infipoke.com/img/pokopia/items/pokeballtable.webp,poke-ball-table,Furniture,,pokeballtable,Furniture,,https://pokopiadex.com/items;https://infipoke.com/zh/game/pokopia/items
decorative_item,Poké Ball Wall,精灵球墙,Blocks,,infipoke_category:blocks;pokopiadex_category:blocks,https://pokopiadex.com/images/items/item_ui/poke-ball-wall.png,pokopiadex_items,https://infipoke.com/img/pokopia/items/pokeballwall.webp,poke-ball-wall,Blocks,,pokeballwall,Blocks,,https://pokopiadex.com/items;https://infipoke.com/zh/game/pokopia/items
decorative_item,Pokémetal deposit,宝可金属矿石,Blocks,,infipoke_category:blocks;pokopiadex_category:blocks,https://pokopiadex.com/images/items/item_ui/pokemetal-deposit.png,pokopiadex_items,https://infipoke.com/img/pokopia/items/pokemetaldeposit.webp,pokemetal-deposit,Blocks,,pokemetaldeposit,Blocks,,https://pokopiadex.com/items;https://infipoke.com/zh/game/pokopia/items
decorative_item,Pokémon Center counter,宝可梦中心柜台,Furniture,,infipoke_category:furniture;pokopiadex_category:furniture,https://pokopiadex.com/images/items/item_ui/pokemon-center-counter.png,pokopiadex_items,https://infipoke.com/img/pokopia/items/pokemoncentercounter.webp,pokemon-center-counter,Furniture,,pokemoncentercounter,Furniture,,https://pokopiadex.com/items;https://infipoke.com/zh/game/pokopia/items
decorative_item,Pokémon Center wall (lower),宝可梦中心墙（下）,Blocks,,infipoke_category:blocks;pokopiadex_category:blocks,https://pokopiadex.com/images/items/item_ui/pokemon-center-wall-lower.png,pokopiadex_items,https://infipoke.com/img/pokopia/items/pokemoncenterwall%28lower%29.webp,pokemon-center-wall-lower,Blocks,,pokemoncenterwall(lower),Blocks,,https://pokopiadex.com/items;https://infipoke.com/zh/game/pokopia/items
decorative_item,Pokémon Center wall (middle),宝可梦中心墙（中）,Blocks,,infipoke_category:blocks;pokopiadex_category:blocks,https://pokopiadex.com/images/items/item_ui/pokemon-center-wall-middle.png,pokopiadex_items,https://infipoke.com/img/pokopia/items/pokemoncenterwall%28middle%29.webp,pokemon-center-wall-middle,Blocks,,pokemoncenterwall(middle),Blocks,,https://pokopiadex.com/items;https://infipoke.com/zh/game/pokopia/items
decorative_item,Pokémon Center wall (trim),宝可梦中心墙（边饰）,Blocks,,infipoke_category:blocks;pokopiadex_category:blocks,https://pokopiadex.com/images/items/item_ui/pokemon-center-wall-trim.png,pokopiadex_items,https://infipoke.com/img/pokopia/items/pokemoncenterwall%28trim%29.webp,pokemon-center-wall-trim,Blocks,,pokemoncenterwall(trim),Blocks,,https://pokopiadex.com/items;https://infipoke.com/zh/game/pokopia/items
decorative_item,Pokémon Center wall (upper),宝可梦中心墙（上）,Blocks,,infipoke_category:blocks;pokopiadex_category:blocks,https://pokopiadex.com/images/items/item_ui/pokemon-center-wall-upper.png,pokopiadex_items,https://infipoke.com/img/pokopia/items/pokemoncenterwall%28upper%29.webp,pokemon-center-wall-upper,Blocks,,pokemoncenterwall(upper),Blocks,,https://pokopiadex.com/items;https://infipoke.com/zh/game/pokopia/items
decorative_item,Polka-dot print,波点花纹,Blocks,,infipoke_category:blocks;pokopiadex_category:blocks,https://pokopiadex.com/images/items/item_ui/polka-dot-print.png,pokopiadex_items,https://infipoke.com/img/pokopia/items/polka-dotprint.webp,polka-dot-print,Blocks,,polka-dotprint,Blocks,,https://pokopiadex.com/items;https://infipoke.com/zh/game/pokopia/items
decorative_item,Polygonal Shelf,多边形架子,Furniture,Decoration,infipoke_category:furniture;infipoke_tag:decoration;pokopiadex_category:furniture;pokopiadex_tag:decoration,https://pokopiadex.com/images/items/item_ui/polygonal-shelf.png,pokopiadex_items,https://infipoke.com/img/pokopia/items/polygonalshelf.webp,polygonal-shelf,Furniture,Decoration,polygonalshelf,Furniture,Decoration,https://pokopiadex.com/items;https://infipoke.com/zh/game/pokopia/items
decorative_item,Pop art bed,波普艺术床,Furniture,Relaxation,infipoke_category:furniture;pokopiadex_category:furniture,https://pokopiadex.com/images/items/item_ui/pop-art-bed.png,pokopiadex_items,https://infipoke.com/img/pokopia/items/popartbed.webp,pop-art-bed,Furniture,Relaxation,popartbed,Furniture,Relaxation,https://pokopiadex.com/items;https://infipoke.com/zh/game/pokopia/items
decorative_item,Pop art chair,波普艺术椅,Furniture,Relaxation,infipoke_category:furniture;pokopiadex_category:furniture,https://pokopiadex.com/images/items/item_ui/pop-art-chair.png,pokopiadex_items,https://infipoke.com/img/pokopia/items/popartchair.webp,pop-art-chair,Furniture,Relaxation,popartchair,Furniture,Relaxation,https://pokopiadex.com/items;https://infipoke.com/zh/game/pokopia/items
decorative_item,Pop art lamp,波普艺术灯,Utilities,Decoration,infipoke_tag:decoration;pokopiadex_tag:decoration,https://pokopiadex.com/images/items/item_ui/pop-art-lamp.png,pokopiadex_items,https://infipoke.com/img/pokopia/items/popartlamp.webp,pop-art-lamp,Utilities,Decoration,popartlamp,Utilities,Decoration,https://pokopiadex.com/items;https://infipoke.com/zh/game/pokopia/items
decorative_item,Pop art sofa,波普艺术沙发,Furniture,Relaxation,infipoke_category:furniture;pokopiadex_category:furniture,https://pokopiadex.com/images/items/item_ui/pop-art-sofa.png,pokopiadex_items,https://infipoke.com/img/pokopia/items/popartsofa.webp,pop-art-sofa,Furniture,Relaxation,popartsofa,Furniture,Relaxation,https://pokopiadex.com/items;https://infipoke.com/zh/game/pokopia/items
decorative_item,Pop art table,波普艺术桌,Furniture,,infipoke_category:furniture;pokopiadex_category:furniture,https://pokopiadex.com/images/items/item_ui/pop-art-table.png,pokopiadex_items,https://infipoke.com/img/pokopia/items/poparttable.webp,pop-art-table,Furniture,,poparttable,Furniture,,https://pokopiadex.com/items;https://infipoke.com/zh/game/pokopia/items
decorative_item,Pop art wall (lower),波普艺术墙（下）,Blocks,,infipoke_category:blocks;pokopiadex_category:blocks,https://pokopiadex.com/images/items/item_ui/pop-art-wall-lower.png,pokopiadex_items,https://infipoke.com/img/pokopia/items/popartwall%28lower%29.webp,pop-art-wall-lower,Blocks,,popartwall(lower),Blocks,,https://pokopiadex.com/items;https://infipoke.com/zh/game/pokopia/items
decorative_item,Pop art wall (middle),波普艺术墙（中）,Blocks,,infipoke_category:blocks;pokopiadex_category:blocks,https://pokopiadex.com/images/items/item_ui/pop-art-wall-middle.png,pokopiadex_items,https://infipoke.com/img/pokopia/items/popartwall%28middle%29.webp,pop-art-wall-middle,Blocks,,popartwall(middle),Blocks,,https://pokopiadex.com/items;https://infipoke.com/zh/game/pokopia/items
decorative_item,Pop art wall (upper),波普艺术墙（上）,Blocks,,infipoke_category:blocks;pokopiadex_category:blocks,https://pokopiadex.com/images/items/item_ui/pop-art-wall-upper.png,pokopiadex_items,https://infipoke.com/img/pokopia/items/popartwall%28upper%29.webp,pop-art-wall-upper,Blocks,,popartwall(upper),Blocks,,https://pokopiadex.com/items;https://infipoke.com/zh/game/pokopia/items
decorative_item,Printer,打印机,Misc.,Decoration,infipoke_tag:decoration;pokopiadex_tag:decoration,https://pokopiadex.com/images/items/item_ui/printer.png,pokopiadex_items,https://infipoke.com/img/pokopia/items/printer.webp,printer,Misc.,Decoration,printer,Misc.,Decoration,https://pokopiadex.com/items;https://infipoke.com/zh/game/pokopia/items
decorative_item,Professor's treasure trove,博士的宝物,Other,Decoration,infipoke_tag:decoration;pokopiadex_tag:decoration,https://pokopiadex.com/images/items/item_ui/professors-treasure-trove.png,pokopiadex_items,https://infipoke.com/img/pokopia/items/professor%27streasuretrove.webp,professors-treasure-trove,Other,Decoration,professor'streasuretrove,Other,Decoration,https://pokopiadex.com/items;https://infipoke.com/zh/game/pokopia/items
decorative_item,Public seat,公共座椅,Furniture,Relaxation,infipoke_category:furniture;pokopiadex_category:furniture,https://pokopiadex.com/images/items/item_ui/public-seat.png,pokopiadex_items,https://infipoke.com/img/pokopia/items/publicseat.webp,public-seat,Furniture,Relaxation,publicseat,Furniture,Relaxation,https://pokopiadex.com/items;https://infipoke.com/zh/game/pokopia/items
decorative_item,Puffy-tree pillar,蓬松树柱,Blocks,Road,infipoke_category:blocks;pokopiadex_category:blocks,https://pokopiadex.com/images/items/crafting_ui/puffy-tree-pillar.png,pokopiadex_items,https://infipoke.com/img/pokopia/items/puffy-treepillar.webp,puffy-tree-pillar,Blocks,Road,puffy-treepillar,Blocks,Road,https://pokopiadex.com/items;https://infipoke.com/zh/game/pokopia/items
decorative_item,Punching bag,沙袋,Outdoor,Toy,infipoke_tag:toy;pokopiadex_tag:toy,https://pokopiadex.com/images/items/crafting_ui/punching-bag.png,pokopiadex_items,https://infipoke.com/img/pokopia/items/punchingbag.webp,punching-bag,Outdoor,Toy,punchingbag,Outdoor,Toy,https://pokopiadex.com/items;https://infipoke.com/zh/game/pokopia/items
decorative_item,Punching game,拳击游戏机,Misc.,Toy,infipoke_tag:toy;pokopiadex_tag:toy,https://pokopiadex.com/images/items/item_ui/punching-game.png,pokopiadex_items,https://infipoke.com/img/pokopia/items/punchinggame.webp,punching-game,Misc.,Toy,punchinggame,Misc.,Toy,https://pokopiadex.com/items;https://infipoke.com/zh/game/pokopia/items
decorative_item,Pure-white soil,纯白泥土,Blocks,,infipoke_category:blocks;pokopiadex_category:blocks,https://pokopiadex.com/images/items/item_ui/pure-white-soil.png,pokopiadex_items,https://infipoke.com/img/pokopia/items/pure-whitesoil.webp,pure-white-soil,Blocks,,pure-whitesoil,Blocks,,https://pokopiadex.com/items;https://infipoke.com/zh/game/pokopia/items
decorative_item,Push cart,推车,Furniture,,infipoke_category:furniture;pokopiadex_category:furniture,https://pokopiadex.com/images/items/shop_ui/push-cart.png,pokopiadex_items,https://infipoke.com/img/pokopia/items/pushcart.webp,push-cart,Furniture,,pushcart,Furniture,,https://pokopiadex.com/items;https://infipoke.com/zh/game/pokopia/items
decorative_item,Raichu sign,雷丘看板,Outdoor,Decoration,infipoke_tag:decoration;pokopiadex_tag:decoration,https://pokopiadex.com/images/items/item_ui/raichu-sign.png,pokopiadex_items,https://infipoke.com/img/pokopia/items/raichusign.webp,raichu-sign,Outdoor,Decoration,raichusign,Outdoor,Decoration,https://pokopiadex.com/items;https://infipoke.com/zh/game/pokopia/items
decorative_item,Recycling bin,回收箱,Outdoor,Decoration,infipoke_tag:decoration;pokopiadex_tag:decoration,https://pokopiadex.com/images/items/item_ui/recycling-bin.png,pokopiadex_items,https://infipoke.com/img/pokopia/items/recyclingbin.webp,recycling-bin,Outdoor,Decoration,recyclingbin,Outdoor,Decoration,https://pokopiadex.com/items;https://infipoke.com/zh/game/pokopia/items
decorative_item,Red cliff rock,红色悬崖岩石,Blocks,,infipoke_category:blocks;pokopiadex_category:blocks,https://pokopiadex.com/images/items/item_ui/red-cliff-rock.png,pokopiadex_items,https://infipoke.com/img/pokopia/items/redcliffrock.webp,red-cliff-rock,Blocks,,redcliffrock,Blocks,,https://pokopiadex.com/items;https://infipoke.com/zh/game/pokopia/items
decorative_item,Red meteor lamp,红色流星灯,Utilities,Decoration,infipoke_tag:decoration;pokopiadex_tag:decoration,https://pokopiadex.com/images/items/item_ui/red-meteor-lamp.png,pokopiadex_items,https://infipoke.com/img/pokopia/items/redmeteorlamp.webp,red-meteor-lamp,Utilities,Decoration,redmeteorlamp,Utilities,Decoration,https://pokopiadex.com/items;https://infipoke.com/zh/game/pokopia/items
decorative_item,Red rock,红色岩石,Blocks,,infipoke_category:blocks;pokopiadex_category:blocks,https://pokopiadex.com/images/items/item_ui/red-rock.png,pokopiadex_items,https://infipoke.com/img/pokopia/items/redrock.webp,red-rock,Blocks,,redrock,Blocks,,https://pokopiadex.com/items;https://infipoke.com/zh/game/pokopia/items
decorative_item,Red spotted cliff rock,红色斑纹悬崖岩石,Blocks,,infipoke_category:blocks;pokopiadex_category:blocks,https://pokopiadex.com/images/items/item_ui/red-spotted-cliff-rock.png,pokopiadex_items,https://infipoke.com/img/pokopia/items/redspottedcliffrock.webp,red-spotted-cliff-rock,Blocks,,redspottedcliffrock,Blocks,,https://pokopiadex.com/items;https://infipoke.com/zh/game/pokopia/items
decorative_item,Reddish-brown cave rock,红棕色洞穴岩石,Blocks,,infipoke_category:blocks;pokopiadex_category:blocks,https://pokopiadex.com/images/items/item_ui/reddish-brown-cave-rock.png,pokopiadex_items,https://infipoke.com/img/pokopia/items/reddish-browncaverock.webp,reddish-brown-cave-rock,Blocks,,reddish-browncaverock,Blocks,,https://pokopiadex.com/items;https://infipoke.com/zh/game/pokopia/items
decorative_item,Refrigerator,冰箱,Misc.,Toy,infipoke_tag:toy;pokopiadex_tag:toy,https://pokopiadex.com/images/items/item_ui/refrigerator.png,pokopiadex_items,https://infipoke.com/img/pokopia/items/refrigerator.webp,refrigerator,Misc.,Toy,refrigerator,Misc.,Toy,https://pokopiadex.com/items;https://infipoke.com/zh/game/pokopia/items
decorative_item,Repel,除虫喷雾,Misc.,Toy,infipoke_tag:toy;pokopiadex_tag:toy,https://pokopiadex.com/images/items/item_ui/repel.png,pokopiadex_items,https://infipoke.com/img/pokopia/items/repel.webp,repel,Misc.,Toy,repel,Misc.,Toy,https://pokopiadex.com/items;https://infipoke.com/zh/game/pokopia/items
decorative_item,Resort bed,度假风床铺,Furniture,Relaxation,infipoke_category:furniture;pokopiadex_category:furniture,https://pokopiadex.com/images/items/item_ui/resort-bed.png,pokopiadex_items,https://infipoke.com/img/pokopia/items/resortbed.webp,resort-bed,Furniture,Relaxation,resortbed,Furniture,Relaxation,https://pokopiadex.com/items;https://infipoke.com/zh/game/pokopia/items
decorative_item,Resort chair,度假风椅,Furniture,Relaxation,infipoke_category:furniture;pokopiadex_category:furniture,https://pokopiadex.com/images/items/item_ui/resort-chair.png,pokopiadex_items,https://infipoke.com/img/pokopia/items/resortchair.webp,resort-chair,Furniture,Relaxation,resortchair,Furniture,Relaxation,https://pokopiadex.com/items;https://infipoke.com/zh/game/pokopia/items
decorative_item,Resort hammock,度假风吊床,Furniture,Relaxation,infipoke_category:furniture;pokopiadex_category:furniture,https://pokopiadex.com/images/items/item_ui/resort-hammock.png,pokopiadex_items,https://infipoke.com/img/pokopia/items/resorthammock.webp,resort-hammock,Furniture,Relaxation,resorthammock,Furniture,Relaxation,https://pokopiadex.com/items;https://infipoke.com/zh/game/pokopia/items
decorative_item,Resort light,度假村灯,Utilities,Decoration,infipoke_tag:decoration;pokopiadex_tag:decoration,https://pokopiadex.com/images/items/crafting_ui/resort-light.png,pokopiadex_items,https://infipoke.com/img/pokopia/items/resortlight.webp,resort-light,Utilities,Decoration,resortlight,Utilities,Decoration,https://pokopiadex.com/items;https://infipoke.com/zh/game/pokopia/items
decorative_item,Resort sofa,度假风沙发,Furniture,Relaxation,infipoke_category:furniture;pokopiadex_category:furniture,https://pokopiadex.com/images/items/shop_ui/resort-sofa.png,pokopiadex_items,https://infipoke.com/img/pokopia/items/resortsofa.webp,resort-sofa,Furniture,Relaxation,resortsofa,Furniture,Relaxation,https://pokopiadex.com/items;https://infipoke.com/zh/game/pokopia/items
decorative_item,Resort stool,度假风凳,Furniture,Relaxation,infipoke_category:furniture;pokopiadex_category:furniture,https://pokopiadex.com/images/items/item_ui/resort-stool.png,pokopiadex_items,https://infipoke.com/img/pokopia/items/resortstool.webp,resort-stool,Furniture,Relaxation,resortstool,Furniture,Relaxation,https://pokopiadex.com/items;https://infipoke.com/zh/game/pokopia/items
decorative_item,Resort table,度假风桌,Furniture,,infipoke_category:furniture;pokopiadex_category:furniture,https://pokopiadex.com/images/items/item_ui/resort-table.png,pokopiadex_items,https://infipoke.com/img/pokopia/items/resorttable.webp,resort-table,Furniture,,resorttable,Furniture,,https://pokopiadex.com/items;https://infipoke.com/zh/game/pokopia/items
decorative_item,Ribbon cake,丝带蛋糕,Misc.,Decoration,infipoke_tag:decoration;pokopiadex_tag:decoration,https://pokopiadex.com/images/items/item_ui/ribbon-cake.png,pokopiadex_items,https://infipoke.com/img/pokopia/items/ribboncake.webp,ribbon-cake,Misc.,Decoration,ribboncake,Misc.,Decoration,https://pokopiadex.com/items;https://infipoke.com/zh/game/pokopia/items
decorative_item,Rough wall,粗糙墙,Blocks,,infipoke_category:blocks;pokopiadex_category:blocks,https://pokopiadex.com/images/items/item_ui/rough-wall.png,pokopiadex_items,https://infipoke.com/img/pokopia/items/roughwall.webp,rough-wall,Blocks,,roughwall,Blocks,,https://pokopiadex.com/items;https://infipoke.com/zh/game/pokopia/items
decorative_item,Rowlet clock,木木枭钟,Misc.,Decoration,infipoke_tag:decoration;pokopiadex_tag:toy,https://pokopiadex.com/images/items/item_ui/rowlet-clock.png,pokopiadex_items,https://infipoke.com/img/pokopia/items/rowletclock.webp,rowlet-clock,Misc.,Toy,rowletclock,Misc.,Decoration,https://pokopiadex.com/items;https://infipoke.com/zh/game/pokopia/items
decorative_item,Rusted iron-plate flooring,生锈铁板地板,Blocks,,infipoke_category:blocks,https://infipoke.com/img/pokopia/items/rustediron-plateflooring.webp,infipoke_items,,,,,rustediron-plateflooring,Blocks,,https://pokopiadex.com/items;https://infipoke.com/zh/game/pokopia/items
decorative_item,Rusted Wall,生锈墙壁,Blocks,,infipoke_category:blocks,https://infipoke.com/img/pokopia/items/rustedwall.webp,infipoke_items,,,,,rustedwall,Blocks,,https://pokopiadex.com/items;https://infipoke.com/zh/game/pokopia/items
decorative_item,Rustic door,质朴木门,Buildings,Decoration,pokopiadex_tag:decoration,https://pokopiadex.com/images/items/crafting_ui/rustic-door.png,pokopiadex_items,https://infipoke.com/img/pokopia/items/rusticdoor.webp,rustic-door,Buildings,Decoration,rusticdoor,Buildings,,https://pokopiadex.com/items;https://infipoke.com/zh/game/pokopia/items
decorative_item,Sail Fossil,帆化石,Other,Decoration,infipoke_tag:decoration;pokopiadex_tag:decoration,https://pokopiadex.com/images/items/item_ui/sail-fossil.png,pokopiadex_items,https://infipoke.com/img/pokopia/items/sailfossil.webp,sail-fossil,Other,Decoration,sailfossil,Other,Decoration,https://pokopiadex.com/items;https://infipoke.com/zh/game/pokopia/items
decorative_item,Sandbags,沙袋,Outdoor,Decoration,pokopiadex_tag:decoration,https://pokopiadex.com/images/items/item_ui/sandbags.png,pokopiadex_items,https://infipoke.com/img/pokopia/items/sandbags.webp,sandbags,Outdoor,Decoration,sandbags,Outdoor,,https://pokopiadex.com/items;https://infipoke.com/zh/game/pokopia/items
decorative_item,Sandbox,沙坑,Outdoor,Toy,infipoke_tag:toy;pokopiadex_tag:toy,https://pokopiadex.com/images/items/crafting_ui/sandbox.png,pokopiadex_items,https://infipoke.com/img/pokopia/items/sandbox.webp,sandbox,Outdoor,Toy,sandbox,Outdoor,Toy,https://pokopiadex.com/items;https://infipoke.com/zh/game/pokopia/items
decorative_item,Sandstone,砂岩,Blocks,,infipoke_category:blocks;pokopiadex_category:blocks,https://pokopiadex.com/images/items/item_ui/sandstone.png,pokopiadex_items,https://infipoke.com/img/pokopia/items/sandstone.webp,sandstone,Blocks,,sandstone,Blocks,,https://pokopiadex.com/items;https://infipoke.com/zh/game/pokopia/items
decorative_item,Sandwiches,三明治,Misc.,Decoration,infipoke_tag:decoration;pokopiadex_tag:decoration,https://pokopiadex.com/images/items/item_ui/sandwiches.png,pokopiadex_items,https://infipoke.com/img/pokopia/items/sandwiches.webp,sandwiches,Misc.,Decoration,sandwiches,Misc.,Decoration,https://pokopiadex.com/items;https://infipoke.com/zh/game/pokopia/items
decorative_item,Science Experiment,科学实验装置,Misc.,Toy,infipoke_tag:toy;pokopiadex_tag:toy,https://pokopiadex.com/images/items/item_ui/science-experiment.png,pokopiadex_items,https://infipoke.com/img/pokopia/items/scienceexperiment.webp,science-experiment,Misc.,Toy,scienceexperiment,Misc.,Toy,https://pokopiadex.com/items;https://infipoke.com/zh/game/pokopia/items
decorative_item,Scrap cube,废料方块,Blocks,,infipoke_category:blocks;pokopiadex_category:blocks,https://pokopiadex.com/images/items/crafting_ui/scrap-cube.png,pokopiadex_items,https://infipoke.com/img/pokopia/items/scrapcube.webp,scrap-cube,Blocks,,scrapcube,Blocks,,https://pokopiadex.com/items;https://infipoke.com/zh/game/pokopia/items
decorative_item,Seashell soil,贝壳泥土,Blocks,,infipoke_category:blocks;pokopiadex_category:blocks,https://pokopiadex.com/images/items/item_ui/seashell-soil.png,pokopiadex_items,https://infipoke.com/img/pokopia/items/seashellsoil.webp,seashell-soil,Blocks,,seashellsoil,Blocks,,https://pokopiadex.com/items;https://infipoke.com/zh/game/pokopia/items
decorative_item,Seashore grass,海边草,Blocks,,infipoke_category:blocks;pokopiadex_category:blocks,https://pokopiadex.com/images/items/item_ui/seashore-grass.png,pokopiadex_items,https://infipoke.com/img/pokopia/items/seashoregrass.webp,seashore-grass,Blocks,,seashoregrass,Blocks,,https://pokopiadex.com/items;https://infipoke.com/zh/game/pokopia/items
decorative_item,Seedot lamp,橡实果灯,Utilities,Decoration,infipoke_tag:decoration;pokopiadex_tag:decoration,https://pokopiadex.com/images/items/item_ui/seedot-lamp.png,pokopiadex_items,https://infipoke.com/img/pokopia/items/seedotlamp.webp,seedot-lamp,Utilities,Decoration,seedotlamp,Utilities,Decoration,https://pokopiadex.com/items;https://infipoke.com/zh/game/pokopia/items
decorative_item,Shaved ice,刨冰,Misc.,Decoration,infipoke_tag:decoration;pokopiadex_tag:decoration,https://pokopiadex.com/images/items/item_ui/shaved-ice.png,pokopiadex_items,https://infipoke.com/img/pokopia/items/shavedice.webp,shaved-ice,Misc.,Decoration,shavedice,Misc.,Decoration,https://pokopiadex.com/items;https://infipoke.com/zh/game/pokopia/items
decorative_item,Shell lamp,贝壳灯,Utilities,Decoration,infipoke_tag:decoration;pokopiadex_tag:decoration,https://pokopiadex.com/images/items/crafting_ui/shell-lamp.png,pokopiadex_items,https://infipoke.com/img/pokopia/items/shelllamp.webp,shell-lamp,Utilities,Decoration,shelllamp,Utilities,Decoration,https://pokopiadex.com/items;https://infipoke.com/zh/game/pokopia/items
decorative_item,Shield Fossil (body),盾化石（身体）,Other,Decoration,infipoke_tag:decoration;pokopiadex_tag:decoration,https://pokopiadex.com/images/items/item_ui/shield-fossil-body.png,pokopiadex_items,https://infipoke.com/img/pokopia/items/shieldfossil%28body%29.webp,shield-fossil-body,Other,Decoration,shieldfossil(body),Other,Decoration,https://pokopiadex.com/items;https://infipoke.com/zh/game/pokopia/items
decorative_item,Shield Fossil (head),盾化石（头）,Other,Decoration,infipoke_tag:decoration;pokopiadex_tag:decoration,https://pokopiadex.com/images/items/item_ui/shield-fossil-head.png,pokopiadex_items,https://infipoke.com/img/pokopia/items/shieldfossil%28head%29.webp,shield-fossil-head,Other,Decoration,shieldfossil(head),Other,Decoration,https://pokopiadex.com/items;https://infipoke.com/zh/game/pokopia/items
decorative_item,Shield Fossil (tail),盾化石（尾）,Other,Decoration,infipoke_tag:decoration;pokopiadex_tag:decoration,https://pokopiadex.com/images/items/item_ui/shield-fossil-tail.png,pokopiadex_items,https://infipoke.com/img/pokopia/items/shieldfossil%28tail%29.webp,shield-fossil-tail,Other,Decoration,shieldfossil(tail),Other,Decoration,https://pokopiadex.com/items;https://infipoke.com/zh/game/pokopia/items
decorative_item,Ship's wheel,船舵,Misc.,Toy,infipoke_tag:toy;pokopiadex_tag:toy,https://pokopiadex.com/images/items/item_ui/ships-wheel.png,pokopiadex_items,https://infipoke.com/img/pokopia/items/ship%27swheel.webp,ships-wheel,Misc.,Toy,ship'swheel,Misc.,Toy,https://pokopiadex.com/items;https://infipoke.com/zh/game/pokopia/items
decorative_item,Shop flooring,商店地板,Blocks,Road,infipoke_category:blocks;pokopiadex_category:blocks,https://pokopiadex.com/images/items/item_ui/shop-flooring.png,pokopiadex_items,https://infipoke.com/img/pokopia/items/shopflooring.webp,shop-flooring,Blocks,Road,shopflooring,Blocks,Road,https://pokopiadex.com/items;https://infipoke.com/zh/game/pokopia/items
decorative_item,Shower,淋浴器,Misc.,Toy,infipoke_tag:toy;pokopiadex_tag:toy,https://pokopiadex.com/images/items/crafting_ui/shower.png,pokopiadex_items,https://infipoke.com/img/pokopia/items/shower.webp,shower,Misc.,Toy,shower,Misc.,Toy,https://pokopiadex.com/items;https://infipoke.com/zh/game/pokopia/items
decorative_item,Side table,边桌,Furniture,,infipoke_category:furniture;pokopiadex_category:furniture,https://pokopiadex.com/images/items/item_ui/side-table.png,pokopiadex_items,https://infipoke.com/img/pokopia/items/sidetable.webp,side-table,Furniture,,sidetable,Furniture,,https://pokopiadex.com/items;https://infipoke.com/zh/game/pokopia/items
decorative_item,Sign,招牌,Outdoor,Decoration,infipoke_tag:decoration;pokopiadex_tag:decoration,https://pokopiadex.com/images/items/crafting_ui/sign.png,pokopiadex_items,https://infipoke.com/img/pokopia/items/sign.webp,sign,Outdoor,Decoration,sign,Outdoor,Decoration,https://pokopiadex.com/items;https://infipoke.com/zh/game/pokopia/items
decorative_item,Signpost,路标,Outdoor,Decoration,infipoke_tag:decoration;pokopiadex_tag:decoration,https://pokopiadex.com/images/items/crafting_ui/signpost.png,pokopiadex_items,https://infipoke.com/img/pokopia/items/signpost.webp,signpost,Outdoor,Decoration,signpost,Outdoor,Decoration,https://pokopiadex.com/items;https://infipoke.com/zh/game/pokopia/items
decorative_item,Simple cushion,简易坐垫,Furniture,Relaxation,infipoke_category:furniture;pokopiadex_category:furniture,https://pokopiadex.com/images/items/item_ui/simple-cushion.png,pokopiadex_items,https://infipoke.com/img/pokopia/items/simplecushion.webp,simple-cushion,Furniture,Relaxation,simplecushion,Furniture,Relaxation,https://pokopiadex.com/items;https://infipoke.com/zh/game/pokopia/items
decorative_item,Simple flooring,简约地板,Blocks,Road,infipoke_category:blocks;pokopiadex_category:blocks,https://pokopiadex.com/images/items/item_ui/simple-flooring.png,pokopiadex_items,https://infipoke.com/img/pokopia/items/simpleflooring.webp,simple-flooring,Blocks,Road,simpleflooring,Blocks,Road,https://pokopiadex.com/items;https://infipoke.com/zh/game/pokopia/items
decorative_item,Simple square tiling,简约方砖,Blocks,Road,infipoke_category:blocks;pokopiadex_category:blocks,https://pokopiadex.com/images/items/item_ui/simple-square-tiling.png,pokopiadex_items,https://infipoke.com/img/pokopia/items/simplesquaretiling.webp,simple-square-tiling,Blocks,Road,simplesquaretiling,Blocks,Road,https://pokopiadex.com/items;https://infipoke.com/zh/game/pokopia/items
decorative_item,Sink,水槽,Misc.,Toy,infipoke_tag:toy;pokopiadex_tag:toy,https://pokopiadex.com/images/items/item_ui/sink.png,pokopiadex_items,https://infipoke.com/img/pokopia/items/sink.webp,sink,Misc.,Toy,sink,Misc.,Toy,https://pokopiadex.com/items;https://infipoke.com/zh/game/pokopia/items
decorative_item,Skull Fossil,头盖化石,Other,Decoration,infipoke_tag:decoration;pokopiadex_tag:decoration,https://pokopiadex.com/images/items/item_ui/skull-fossil.png,pokopiadex_items,https://infipoke.com/img/pokopia/items/skullfossil.webp,skull-fossil,Other,Decoration,skullfossil,Other,Decoration,https://pokopiadex.com/items;https://infipoke.com/zh/game/pokopia/items
decorative_item,Sky-high grass,高空草,Blocks,,infipoke_category:blocks;pokopiadex_category:blocks,https://pokopiadex.com/images/items/item_ui/sky-high-grass.png,pokopiadex_items,https://infipoke.com/img/pokopia/items/sky-highgrass.webp,sky-high-grass,Blocks,,sky-highgrass,Blocks,,https://pokopiadex.com/items;https://infipoke.com/zh/game/pokopia/items
decorative_item,Skyland cliff rock,浮岛悬崖岩石,Blocks,,infipoke_category:blocks;pokopiadex_category:blocks,https://pokopiadex.com/images/items/item_ui/skyland-cliff-rock.png,pokopiadex_items,https://infipoke.com/img/pokopia/items/skylandcliffrock.webp,skyland-cliff-rock,Blocks,,skylandcliffrock,Blocks,,https://pokopiadex.com/items;https://infipoke.com/zh/game/pokopia/items
decorative_item,Skyland sand,浮岛沙,Blocks,,infipoke_category:blocks;pokopiadex_category:blocks,https://pokopiadex.com/images/items/item_ui/skyland-sand.png,pokopiadex_items,https://infipoke.com/img/pokopia/items/skylandsand.webp,skyland-sand,Blocks,,skylandsand,Blocks,,https://pokopiadex.com/items;https://infipoke.com/zh/game/pokopia/items
decorative_item,Skyland sandstone,浮岛砂岩,Blocks,,infipoke_category:blocks;pokopiadex_category:blocks,https://pokopiadex.com/images/items/item_ui/skyland-sandstone.png,pokopiadex_items,https://infipoke.com/img/pokopia/items/skylandsandstone.webp,skyland-sandstone,Blocks,,skylandsandstone,Blocks,,https://pokopiadex.com/items;https://infipoke.com/zh/game/pokopia/items
decorative_item,Skyland spotted cliff rock,浮岛斑纹悬崖岩石,Blocks,,infipoke_category:blocks;pokopiadex_category:blocks,https://pokopiadex.com/images/items/item_ui/skyland-spotted-cliff-rock.png,pokopiadex_items,https://infipoke.com/img/pokopia/items/skylandspottedcliffrock.webp,skyland-spotted-cliff-rock,Blocks,,skylandspottedcliffrock,Blocks,,https://pokopiadex.com/items;https://infipoke.com/zh/game/pokopia/items
decorative_item,Sleeping bag,,Furniture,Relaxation,pokopiadex_category:furniture,https://pokopiadex.com/images/items/item_ui/sleeping-bag.png,pokopiadex_items,,sleeping-bag,Furniture,Relaxation,,,,https://pokopiadex.com/items;https://infipoke.com/zh/game/pokopia/items
decorative_item,Slender candle,细长蜡烛,Outdoor,Decoration,infipoke_tag:decoration;pokopiadex_tag:decoration,https://pokopiadex.com/images/items/shop_ui/slender-candle.png,pokopiadex_items,https://infipoke.com/img/pokopia/items/slendercandle.webp,slender-candle,Outdoor,Decoration,slendercandle,Outdoor,Decoration,https://pokopiadex.com/items;https://infipoke.com/zh/game/pokopia/items
decorative_item,Slide,滑梯,Outdoor,Toy,infipoke_tag:toy;pokopiadex_tag:toy,https://pokopiadex.com/images/items/item_ui/slide.png,pokopiadex_items,https://infipoke.com/img/pokopia/items/slide.webp,slide,Outdoor,Toy,slide,Outdoor,Toy,https://pokopiadex.com/items;https://infipoke.com/zh/game/pokopia/items
decorative_item,Small garbage can,小垃圾桶,Misc.,Decoration,infipoke_tag:decoration;pokopiadex_tag:decoration,https://pokopiadex.com/images/items/item_ui/small-garbage-can.png,pokopiadex_items,https://infipoke.com/img/pokopia/items/smallgarbagecan.webp,small-garbage-can,Misc.,Decoration,smallgarbagecan,Misc.,Decoration,https://pokopiadex.com/items;https://infipoke.com/zh/game/pokopia/items
decorative_item,Small stage,小型舞台,Outdoor,Toy,infipoke_tag:toy;pokopiadex_tag:toy,https://pokopiadex.com/images/items/shop_ui/small-stage.png,pokopiadex_items,https://infipoke.com/img/pokopia/items/smallstage.webp,small-stage,Outdoor,Toy,smallstage,Outdoor,Toy,https://pokopiadex.com/items;https://infipoke.com/zh/game/pokopia/items
decorative_item,Small vase,小花瓶,Misc.,Decoration,infipoke_tag:decoration;pokopiadex_tag:decoration,https://pokopiadex.com/images/items/crafting_ui/small-vase.png,pokopiadex_items,https://infipoke.com/img/pokopia/items/smallvase.webp,small-vase,Misc.,Decoration,smallvase,Misc.,Decoration,https://pokopiadex.com/items;https://infipoke.com/zh/game/pokopia/items
decorative_item,Soda Float,漂浮汽水,Misc.,Decoration,infipoke_tag:decoration;pokopiadex_tag:decoration,https://pokopiadex.com/images/items/item_ui/soda-float.png,pokopiadex_items,https://infipoke.com/img/pokopia/items/sodafloat.webp,soda-float,Misc.,Decoration,sodafloat,Misc.,Decoration,https://pokopiadex.com/items;https://infipoke.com/zh/game/pokopia/items
decorative_item,Soft carpeting,柔软地毯,Blocks,Road,infipoke_category:blocks;pokopiadex_category:blocks,https://pokopiadex.com/images/items/item_ui/soft-carpeting.png,pokopiadex_items,https://infipoke.com/img/pokopia/items/softcarpeting.webp,soft-carpeting,Blocks,Road,softcarpeting,Blocks,Road,https://pokopiadex.com/items;https://infipoke.com/zh/game/pokopia/items
decorative_item,Soft seat,柔软座椅,Furniture,Relaxation,infipoke_category:furniture;pokopiadex_category:furniture,https://pokopiadex.com/images/items/item_ui/soft-seat.png,pokopiadex_items,https://infipoke.com/img/pokopia/items/softseat.webp,soft-seat,Furniture,Relaxation,softseat,Furniture,Relaxation,https://pokopiadex.com/items;https://infipoke.com/zh/game/pokopia/items
decorative_item,Spaceship,宇宙飞船,Misc.,Toy,infipoke_tag:toy;pokopiadex_tag:toy,https://pokopiadex.com/images/items/item_ui/spaceship.png,pokopiadex_items,https://infipoke.com/img/pokopia/items/spaceship.webp,spaceship,Misc.,Toy,spaceship,Misc.,Toy,https://pokopiadex.com/items;https://infipoke.com/zh/game/pokopia/items
decorative_item,Spacesuit,太空服,Misc.,Toy,infipoke_tag:toy;pokopiadex_tag:toy,https://pokopiadex.com/images/items/item_ui/spacesuit.png,pokopiadex_items,https://infipoke.com/img/pokopia/items/spacesuit.webp,spacesuit,Misc.,Toy,spacesuit,Misc.,Toy,https://pokopiadex.com/items;https://infipoke.com/zh/game/pokopia/items
decorative_item,Speaker,音箱,Misc.,Toy,infipoke_tag:toy;pokopiadex_tag:toy,https://pokopiadex.com/images/items/shop_ui/speaker.png,pokopiadex_items,https://infipoke.com/img/pokopia/items/speaker.webp,speaker,Misc.,Toy,speaker,Misc.,Toy,https://pokopiadex.com/items;https://infipoke.com/zh/game/pokopia/items
decorative_item,Spectator chair,观众椅,Furniture,Relaxation,infipoke_category:furniture;pokopiadex_category:furniture,https://pokopiadex.com/images/items/item_ui/spectator-chair.png,pokopiadex_items,https://infipoke.com/img/pokopia/items/spectatorchair.webp,spectator-chair,Furniture,Relaxation,spectatorchair,Furniture,Relaxation,https://pokopiadex.com/items;https://infipoke.com/zh/game/pokopia/items
decorative_item,Spotlight,射灯,Utilities,Decoration,infipoke_tag:decoration;pokopiadex_tag:decoration,https://pokopiadex.com/images/items/crafting_ui/spotlight.png,pokopiadex_items,https://infipoke.com/img/pokopia/items/spotlight.webp,spotlight,Utilities,Decoration,spotlight,Utilities,Decoration,https://pokopiadex.com/items;https://infipoke.com/zh/game/pokopia/items
decorative_item,Spotted cliff rock,斑纹悬崖岩石,Blocks,,infipoke_category:blocks;pokopiadex_category:blocks,https://pokopiadex.com/images/items/item_ui/spotted-cliff-rock.png,pokopiadex_items,https://infipoke.com/img/pokopia/items/spottedcliffrock.webp,spotted-cliff-rock,Blocks,,spottedcliffrock,Blocks,,https://pokopiadex.com/items;https://infipoke.com/zh/game/pokopia/items
decorative_item,Sprinkler,洒水器,Utilities,Toy,pokopiadex_tag:toy,https://pokopiadex.com/images/items/item_ui/sprinkler.png,pokopiadex_items,https://infipoke.com/img/pokopia/items/sprinkler.webp,sprinkler,Utilities,Toy,sprinkler,Utilities,,https://pokopiadex.com/items;https://infipoke.com/zh/game/pokopia/items
decorative_item,Square tiling,方格砖,Blocks,Road,infipoke_category:blocks;pokopiadex_category:blocks,https://pokopiadex.com/images/items/crafting_ui/square-tiling.png,pokopiadex_items,https://infipoke.com/img/pokopia/items/squaretiling.webp,square-tiling,Blocks,Road,squaretiling,Blocks,Road,https://pokopiadex.com/items;https://infipoke.com/zh/game/pokopia/items
decorative_item,Standing mic,立式麦克风,Misc.,Toy,infipoke_tag:toy;pokopiadex_tag:toy,https://pokopiadex.com/images/items/item_ui/standing-mic.png,pokopiadex_items,https://infipoke.com/img/pokopia/items/standingmic.webp,standing-mic,Misc.,Toy,standingmic,Misc.,Toy,https://pokopiadex.com/items;https://infipoke.com/zh/game/pokopia/items
decorative_item,Star print,星星花纹,Blocks,,infipoke_category:blocks;pokopiadex_category:blocks,https://pokopiadex.com/images/items/crafting_ui/star-print.png,pokopiadex_items,https://infipoke.com/img/pokopia/items/starprint.webp,star-print,Blocks,,starprint,Blocks,,https://pokopiadex.com/items;https://infipoke.com/zh/game/pokopia/items
decorative_item,Starry-sky wall,星空墙,Blocks,,infipoke_category:blocks;pokopiadex_category:blocks,https://pokopiadex.com/images/items/item_ui/starry-sky-wall.png,pokopiadex_items,https://infipoke.com/img/pokopia/items/starry-skywall.webp,starry-sky-wall,Blocks,,starry-skywall,Blocks,,https://pokopiadex.com/items;https://infipoke.com/zh/game/pokopia/items
decorative_item,Step stool,脚踏凳,Misc.,Toy,infipoke_tag:toy;pokopiadex_tag:toy,https://pokopiadex.com/images/items/crafting_ui/step-stool.png,pokopiadex_items,https://infipoke.com/img/pokopia/items/stepstool.webp,step-stool,Misc.,Toy,stepstool,Misc.,Toy,https://pokopiadex.com/items;https://infipoke.com/zh/game/pokopia/items
decorative_item,Stone bench,石长椅,Furniture,Relaxation,infipoke_category:furniture;pokopiadex_category:furniture,https://pokopiadex.com/images/items/shop_ui/stone-bench.png,pokopiadex_items,https://infipoke.com/img/pokopia/items/stonebench.webp,stone-bench,Furniture,Relaxation,stonebench,Furniture,Relaxation,https://pokopiadex.com/items;https://infipoke.com/zh/game/pokopia/items
decorative_item,Stone brick wall,石砖墙,Blocks,,infipoke_category:blocks;pokopiadex_category:blocks,https://pokopiadex.com/images/items/crafting_ui/stone-brick-wall.png,pokopiadex_items,https://infipoke.com/img/pokopia/items/stonebrickwall.webp,stone-brick-wall,Blocks,,stonebrickwall,Blocks,,https://pokopiadex.com/items;https://infipoke.com/zh/game/pokopia/items
decorative_item,Stone fireplace,石制壁炉,Misc.,Decoration,infipoke_tag:decoration,https://pokopiadex.com/images/items/shop_ui/stone-fireplace.png,pokopiadex_items,https://infipoke.com/img/pokopia/items/stonefireplace.webp,stone-fireplace,Misc.,Relaxation,stonefireplace,Misc.,Decoration,https://pokopiadex.com/items;https://infipoke.com/zh/game/pokopia/items
decorative_item,Stone flooring,石地板,Blocks,Road,infipoke_category:blocks;pokopiadex_category:blocks,https://pokopiadex.com/images/items/crafting_ui/stone-flooring.png,pokopiadex_items,https://infipoke.com/img/pokopia/items/stoneflooring.webp,stone-flooring,Blocks,Road,stoneflooring,Blocks,Road,https://pokopiadex.com/items;https://infipoke.com/zh/game/pokopia/items
decorative_item,Stone pillar (lower),石柱（下）,Blocks,,infipoke_category:blocks;pokopiadex_category:blocks,https://pokopiadex.com/images/items/crafting_ui/stone-pillar-lower.png,pokopiadex_items,https://infipoke.com/img/pokopia/items/stonepillar%28lower%29.webp,stone-pillar-lower,Blocks,,stonepillar(lower),Blocks,,https://pokopiadex.com/items;https://infipoke.com/zh/game/pokopia/items
decorative_item,Stone pillar (middle),石柱（中）,Blocks,,infipoke_category:blocks;pokopiadex_category:blocks,https://pokopiadex.com/images/items/crafting_ui/stone-pillar-middle.png,pokopiadex_items,https://infipoke.com/img/pokopia/items/stonepillar%28middle%29.webp,stone-pillar-middle,Blocks,,stonepillar(middle),Blocks,,https://pokopiadex.com/items;https://infipoke.com/zh/game/pokopia/items
decorative_item,Stone pillar (upper),石柱（上）,Blocks,,infipoke_category:blocks;pokopiadex_category:blocks,https://pokopiadex.com/images/items/crafting_ui/stone-pillar-upper.png,pokopiadex_items,https://infipoke.com/img/pokopia/items/stonepillar%28upper%29.webp,stone-pillar-upper,Blocks,,stonepillar(upper),Blocks,,https://pokopiadex.com/items;https://infipoke.com/zh/game/pokopia/items
decorative_item,Stone table,石桌,Furniture,,infipoke_category:furniture;pokopiadex_category:furniture,https://pokopiadex.com/images/items/item_ui/stone-table.png,pokopiadex_items,https://infipoke.com/img/pokopia/items/stonetable.webp,stone-table,Furniture,,stonetable,Furniture,,https://pokopiadex.com/items;https://infipoke.com/zh/game/pokopia/items
decorative_item,Stone tiling,石砖,Blocks,Road,infipoke_category:blocks;pokopiadex_category:blocks,https://pokopiadex.com/images/items/crafting_ui/stone-tiling.png,pokopiadex_items,https://infipoke.com/img/pokopia/items/stonetiling.webp,stone-tiling,Blocks,Road,stonetiling,Blocks,Road,https://pokopiadex.com/items;https://infipoke.com/zh/game/pokopia/items
decorative_item,Storage box,收纳箱,Furniture,,infipoke_category:furniture;pokopiadex_category:furniture,https://pokopiadex.com/images/items/crafting_ui/storage-box.png,pokopiadex_items,https://infipoke.com/img/pokopia/items/storagebox.webp,storage-box,Furniture,,storagebox,Furniture,,https://pokopiadex.com/items;https://infipoke.com/zh/game/pokopia/items
decorative_item,Straw bed,稻草床,Furniture,Relaxation,infipoke_category:furniture;pokopiadex_category:furniture,https://pokopiadex.com/images/items/crafting_ui/straw-bed.png,pokopiadex_items,https://infipoke.com/img/pokopia/items/strawbed.webp,straw-bed,Furniture,Relaxation,strawbed,Furniture,Relaxation,https://pokopiadex.com/items;https://infipoke.com/zh/game/pokopia/items
decorative_item,Straw stool,草编凳,Furniture,Relaxation,infipoke_category:furniture;pokopiadex_category:furniture,https://pokopiadex.com/images/items/crafting_ui/straw-stool.png,pokopiadex_items,https://infipoke.com/img/pokopia/items/strawstool.webp,straw-stool,Furniture,Relaxation,strawstool,Furniture,Relaxation,https://pokopiadex.com/items;https://infipoke.com/zh/game/pokopia/items
decorative_item,Straw table,草编桌,Furniture,,infipoke_category:furniture;pokopiadex_category:furniture,https://pokopiadex.com/images/items/crafting_ui/straw-table.png,pokopiadex_items,https://infipoke.com/img/pokopia/items/strawtable.webp,straw-table,Furniture,,strawtable,Furniture,,https://pokopiadex.com/items;https://infipoke.com/zh/game/pokopia/items
decorative_item,String lights,串灯,Utilities,Decoration,infipoke_tag:decoration;pokopiadex_tag:decoration,https://pokopiadex.com/images/items/crafting_ui/string-lights.png,pokopiadex_items,https://infipoke.com/img/pokopia/items/stringlights.webp,string-lights,Utilities,Decoration,stringlights,Utilities,Decoration,https://pokopiadex.com/items;https://infipoke.com/zh/game/pokopia/items
decorative_item,Striped soil,条纹土壤,Blocks,,infipoke_category:blocks;pokopiadex_category:blocks,https://pokopiadex.com/images/items/item_ui/striped-soil.png,pokopiadex_items,https://infipoke.com/img/pokopia/items/stripedsoil.webp,striped-soil,Blocks,,stripedsoil,Blocks,,https://pokopiadex.com/items;https://infipoke.com/zh/game/pokopia/items
decorative_item,Striped wall,条纹墙,Blocks,,infipoke_category:blocks;pokopiadex_category:blocks,https://pokopiadex.com/images/items/item_ui/striped-wall.png,pokopiadex_items,https://infipoke.com/img/pokopia/items/stripedwall.webp,striped-wall,Blocks,,stripedwall,Blocks,,https://pokopiadex.com/items;https://infipoke.com/zh/game/pokopia/items
decorative_item,Study desk,学习桌,Furniture,,infipoke_category:furniture;pokopiadex_category:furniture,https://pokopiadex.com/images/items/item_ui/study-desk.png,pokopiadex_items,https://infipoke.com/img/pokopia/items/studydesk.webp,study-desk,Furniture,,studydesk,Furniture,,https://pokopiadex.com/items;https://infipoke.com/zh/game/pokopia/items
decorative_item,Stylish brick wall (lower),时尚砖墙（下）,Blocks,,infipoke_category:blocks;pokopiadex_category:blocks,https://pokopiadex.com/images/items/item_ui/stylish-brick-wall-lower.png,pokopiadex_items,https://infipoke.com/img/pokopia/items/stylishbrickwall%28lower%29.webp,stylish-brick-wall-lower,Blocks,,stylishbrickwall(lower),Blocks,,https://pokopiadex.com/items;https://infipoke.com/zh/game/pokopia/items
decorative_item,Stylish brick wall (middle),时尚砖墙（中）,Blocks,,infipoke_category:blocks;pokopiadex_category:blocks,https://pokopiadex.com/images/items/item_ui/stylish-brick-wall-middle.png,pokopiadex_items,https://infipoke.com/img/pokopia/items/stylishbrickwall%28middle%29.webp,stylish-brick-wall-middle,Blocks,,stylishbrickwall(middle),Blocks,,https://pokopiadex.com/items;https://infipoke.com/zh/game/pokopia/items
decorative_item,Stylish brick wall (upper),时尚砖墙（上）,Blocks,,infipoke_category:blocks;pokopiadex_category:blocks,https://pokopiadex.com/images/items/item_ui/stylish-brick-wall-upper.png,pokopiadex_items,https://infipoke.com/img/pokopia/items/stylishbrickwall%28upper%29.webp,stylish-brick-wall-upper,Blocks,,stylishbrickwall(upper),Blocks,,https://pokopiadex.com/items;https://infipoke.com/zh/game/pokopia/items
decorative_item,Stylish Bronze wall,时尚青铜墙,Blocks,,infipoke_category:blocks;pokopiadex_category:blocks,https://pokopiadex.com/images/items/item_ui/stylish-bronze-wall.png,pokopiadex_items,https://infipoke.com/img/pokopia/items/stylishbronzewall.webp,stylish-bronze-wall,Blocks,,stylishbronzewall,Blocks,,https://pokopiadex.com/items;https://infipoke.com/zh/game/pokopia/items
decorative_item,Stylish gold wall,时尚金墙,Blocks,,infipoke_category:blocks;pokopiadex_category:blocks,https://pokopiadex.com/images/items/item_ui/stylish-gold-wall.png,pokopiadex_items,https://infipoke.com/img/pokopia/items/stylishgoldwall.webp,stylish-gold-wall,Blocks,,stylishgoldwall,Blocks,,https://pokopiadex.com/items;https://infipoke.com/zh/game/pokopia/items
decorative_item,Stylish iron wall,时尚铁墙,Blocks,,infipoke_category:blocks;pokopiadex_category:blocks,https://pokopiadex.com/images/items/item_ui/stylish-iron-wall.png,pokopiadex_items,https://infipoke.com/img/pokopia/items/stylishironwall.webp,stylish-iron-wall,Blocks,,stylishironwall,Blocks,,https://pokopiadex.com/items;https://infipoke.com/zh/game/pokopia/items
decorative_item,Stylish Poké Ball print,时尚精灵球花纹,Blocks,,infipoke_category:blocks;pokopiadex_category:blocks,https://pokopiadex.com/images/items/item_ui/stylish-poke-ball-print.png,pokopiadex_items,https://infipoke.com/img/pokopia/items/stylishpokeballprint.webp,stylish-poke-ball-print,Blocks,,stylishpokeballprint,Blocks,,https://pokopiadex.com/items;https://infipoke.com/zh/game/pokopia/items
decorative_item,Stylish stone flooring,时尚石地板,Blocks,Road,infipoke_category:blocks;pokopiadex_category:blocks,https://pokopiadex.com/images/items/item_ui/stylish-stone-flooring.png,pokopiadex_items,https://infipoke.com/img/pokopia/items/stylishstoneflooring.webp,stylish-stone-flooring,Blocks,Road,stylishstoneflooring,Blocks,Road,https://pokopiadex.com/items;https://infipoke.com/zh/game/pokopia/items
decorative_item,Stylish stool,时尚凳,Furniture,Relaxation,infipoke_category:furniture;pokopiadex_category:furniture,https://pokopiadex.com/images/items/crafting_ui/stylish-stool.png,pokopiadex_items,https://infipoke.com/img/pokopia/items/stylishstool.webp,stylish-stool,Furniture,Relaxation,stylishstool,Furniture,Relaxation,https://pokopiadex.com/items;https://infipoke.com/zh/game/pokopia/items
decorative_item,Stylish tiling,时尚瓷砖,Blocks,Road,infipoke_category:blocks;pokopiadex_category:blocks,https://pokopiadex.com/images/items/crafting_ui/stylish-tiling.png,pokopiadex_items,https://infipoke.com/img/pokopia/items/stylishtiling.webp,stylish-tiling,Blocks,Road,stylishtiling,Blocks,Road,https://pokopiadex.com/items;https://infipoke.com/zh/game/pokopia/items
decorative_item,Stylish wall (lower),时尚墙（下）,Blocks,,infipoke_category:blocks;pokopiadex_category:blocks,https://pokopiadex.com/images/items/item_ui/stylish-wall-lower.png,pokopiadex_items,https://infipoke.com/img/pokopia/items/stylishwall%28lower%29.webp,stylish-wall-lower,Blocks,,stylishwall(lower),Blocks,,https://pokopiadex.com/items;https://infipoke.com/zh/game/pokopia/items
decorative_item,Stylish wall (middle),时尚墙（中）,Blocks,,infipoke_category:blocks;pokopiadex_category:blocks,https://pokopiadex.com/images/items/item_ui/stylish-wall-middle.png,pokopiadex_items,https://infipoke.com/img/pokopia/items/stylishwall%28middle%29.webp,stylish-wall-middle,Blocks,,stylishwall(middle),Blocks,,https://pokopiadex.com/items;https://infipoke.com/zh/game/pokopia/items
decorative_item,Stylish wall (upper),时尚墙（上）,Blocks,,infipoke_category:blocks;pokopiadex_category:blocks,https://pokopiadex.com/images/items/item_ui/stylish-wall-upper.png,pokopiadex_items,https://infipoke.com/img/pokopia/items/stylishwall%28upper%29.webp,stylish-wall-upper,Blocks,,stylishwall(upper),Blocks,,https://pokopiadex.com/items;https://infipoke.com/zh/game/pokopia/items
decorative_item,Substitute doll,替身玩偶,Misc.,Toy,infipoke_tag:toy;pokopiadex_tag:toy,https://pokopiadex.com/images/items/item_ui/substitute-doll.png,pokopiadex_items,https://infipoke.com/img/pokopia/items/substitutedoll.webp,substitute-doll,Misc.,Toy,substitutedoll,Misc.,Toy,https://pokopiadex.com/items;https://infipoke.com/zh/game/pokopia/items
decorative_item,Surface light,吸顶灯,Utilities,Decoration,infipoke_tag:decoration;pokopiadex_tag:decoration,https://pokopiadex.com/images/items/item_ui/surface-light.png,pokopiadex_items,https://infipoke.com/img/pokopia/items/surfacelight.webp,surface-light,Utilities,Decoration,surfacelight,Utilities,Decoration,https://pokopiadex.com/items;https://infipoke.com/zh/game/pokopia/items
decorative_item,Swirl print,漩涡花纹,Blocks,,infipoke_category:blocks;pokopiadex_category:blocks,https://pokopiadex.com/images/items/item_ui/swirl-print.png,pokopiadex_items,https://infipoke.com/img/pokopia/items/swirlprint.webp,swirl-print,Blocks,,swirlprint,Blocks,,https://pokopiadex.com/items;https://infipoke.com/zh/game/pokopia/items
decorative_item,Table setting,餐桌摆设,Misc.,Decoration,infipoke_tag:decoration;pokopiadex_tag:decoration,https://pokopiadex.com/images/items/crafting_ui/table-setting.png,pokopiadex_items,https://infipoke.com/img/pokopia/items/tablesetting.webp,table-setting,Misc.,Decoration,tablesetting,Misc.,Decoration,https://pokopiadex.com/items;https://infipoke.com/zh/game/pokopia/items
decorative_item,Tablet,平板电脑,Misc.,Toy,infipoke_tag:toy;pokopiadex_tag:toy,https://pokopiadex.com/images/items/item_ui/tablet.png,pokopiadex_items,https://infipoke.com/img/pokopia/items/tablet.webp,tablet,Misc.,Toy,tablet,Misc.,Toy,https://pokopiadex.com/items;https://infipoke.com/zh/game/pokopia/items
decorative_item,Tabletop mic,桌面麦克风,Misc.,Toy,infipoke_tag:toy;pokopiadex_tag:toy,https://pokopiadex.com/images/items/item_ui/tabletop-mic.png,pokopiadex_items,https://infipoke.com/img/pokopia/items/tabletopmic.webp,tabletop-mic,Misc.,Toy,tabletopmic,Misc.,Toy,https://pokopiadex.com/items;https://infipoke.com/zh/game/pokopia/items
decorative_item,Tall potted plant,大型盆栽,Misc.,Decoration,infipoke_tag:decoration;pokopiadex_tag:decoration,https://pokopiadex.com/images/items/shop_ui/tall-potted-plant.png,pokopiadex_items,https://infipoke.com/img/pokopia/items/tallpottedplant.webp,tall-potted-plant,Misc.,Decoration,tallpottedplant,Misc.,Decoration,https://pokopiadex.com/items;https://infipoke.com/zh/game/pokopia/items
decorative_item,Tartan print,苏格兰格纹花纹,Blocks,,infipoke_category:blocks;pokopiadex_category:blocks,https://pokopiadex.com/images/items/item_ui/tartan-print.png,pokopiadex_items,https://infipoke.com/img/pokopia/items/tartanprint.webp,tartan-print,Blocks,,tartanprint,Blocks,,https://pokopiadex.com/items;https://infipoke.com/zh/game/pokopia/items
decorative_item,Tatami mat,榻榻米,Blocks,Road,infipoke_category:blocks;pokopiadex_category:blocks,https://pokopiadex.com/images/items/item_ui/tatami-mat.png,pokopiadex_items,https://infipoke.com/img/pokopia/items/tatamimat.webp,tatami-mat,Blocks,Road,tatamimat,Blocks,Road,https://pokopiadex.com/items;https://infipoke.com/zh/game/pokopia/items
decorative_item,Tea set,茶具,Misc.,Decoration,infipoke_tag:decoration;pokopiadex_tag:decoration,https://pokopiadex.com/images/items/crafting_ui/tea-set.png,pokopiadex_items,https://infipoke.com/img/pokopia/items/teaset.webp,tea-set,Misc.,Decoration,teaset,Misc.,Decoration,https://pokopiadex.com/items;https://infipoke.com/zh/game/pokopia/items
decorative_item,Team Rocket Wall Hanging,火箭队挂饰,Other,Decoration,infipoke_tag:decoration;pokopiadex_tag:decoration,https://pokopiadex.com/images/items/item_ui/team-rocket-wall-hanging.png,pokopiadex_items,https://infipoke.com/img/pokopia/items/teamrocketwallhanging.webp,team-rocket-wall-hanging,Other,Decoration,teamrocketwallhanging,Other,Decoration,https://pokopiadex.com/items;https://infipoke.com/zh/game/pokopia/items
decorative_item,Television,电视机,Misc.,Toy,infipoke_tag:toy;pokopiadex_tag:toy,https://pokopiadex.com/images/items/item_ui/television.png,pokopiadex_items,https://infipoke.com/img/pokopia/items/television.webp,television,Misc.,Toy,television,Misc.,Toy,https://pokopiadex.com/items;https://infipoke.com/zh/game/pokopia/items
decorative_item,Tidal Bell,潮汐铃铛,Misc.,Toy,infipoke_tag:toy;pokopiadex_tag:toy,https://pokopiadex.com/images/items/item_ui/tidal-bell.png,pokopiadex_items,https://infipoke.com/img/pokopia/items/tidalbell.webp,tidal-bell,Misc.,Toy,tidalbell,Misc.,Toy,https://pokopiadex.com/items;https://infipoke.com/zh/game/pokopia/items
decorative_item,Tire toy,轮胎玩具,Outdoor,Toy,infipoke_tag:toy;pokopiadex_tag:toy,https://pokopiadex.com/images/items/shop_ui/tire-toy.png,pokopiadex_items,https://infipoke.com/img/pokopia/items/tiretoy.webp,tire-toy,Outdoor,Toy,tiretoy,Outdoor,Toy,https://pokopiadex.com/items;https://infipoke.com/zh/game/pokopia/items
decorative_item,Tires,轮胎,Outdoor,Decoration,infipoke_tag:decoration;pokopiadex_tag:toy,https://pokopiadex.com/images/items/item_ui/tires.png,pokopiadex_items,https://infipoke.com/img/pokopia/items/tires.webp,tires,Outdoor,Toy,tires,Outdoor,Decoration,https://pokopiadex.com/items;https://infipoke.com/zh/game/pokopia/items
decorative_item,Toilet,马桶,Misc.,Decoration,infipoke_tag:decoration;pokopiadex_tag:decoration,https://pokopiadex.com/images/items/item_ui/toilet.png,pokopiadex_items,https://infipoke.com/img/pokopia/items/toilet.webp,toilet,Misc.,Decoration,toilet,Misc.,Decoration,https://pokopiadex.com/items;https://infipoke.com/zh/game/pokopia/items
decorative_item,Torch,火把,Outdoor,Decoration,infipoke_tag:decoration,https://pokopiadex.com/images/items/crafting_ui/torch.png,pokopiadex_items,https://infipoke.com/img/pokopia/items/torch.webp,torch,Outdoor,Relaxation,torch,Outdoor,Decoration,https://pokopiadex.com/items;https://infipoke.com/zh/game/pokopia/items
decorative_item,Towel Rack,毛巾架,Misc.,Decoration,infipoke_tag:decoration;pokopiadex_tag:decoration,https://pokopiadex.com/images/items/item_ui/towel-rack.png,pokopiadex_items,https://infipoke.com/img/pokopia/items/towelrack.webp,towel-rack,Misc.,Decoration,towelrack,Misc.,Decoration,https://pokopiadex.com/items;https://infipoke.com/zh/game/pokopia/items
decorative_item,Town map,城镇地图,Other,Toy,pokopiadex_tag:toy,https://pokopiadex.com/images/items/item_ui/town-map.png,pokopiadex_items,https://infipoke.com/img/pokopia/items/townmap.webp,town-map,Other,Toy,townmap,Other,,https://pokopiadex.com/items;https://infipoke.com/zh/game/pokopia/items
decorative_item,Town streetlight,城镇路灯,Utilities,Decoration,infipoke_tag:decoration;pokopiadex_tag:decoration,https://pokopiadex.com/images/items/item_ui/town-streetlight.png,pokopiadex_items,https://infipoke.com/img/pokopia/items/townstreetlight.webp,town-streetlight,Utilities,Decoration,townstreetlight,Utilities,Decoration,https://pokopiadex.com/items;https://infipoke.com/zh/game/pokopia/items
decorative_item,Toy blocks,积木,Misc.,Toy,infipoke_tag:toy;pokopiadex_tag:toy,https://pokopiadex.com/images/items/crafting_ui/toy-blocks.png,pokopiadex_items,https://infipoke.com/img/pokopia/items/toyblocks.webp,toy-blocks,Misc.,Toy,toyblocks,Misc.,Toy,https://pokopiadex.com/items;https://infipoke.com/zh/game/pokopia/items
decorative_item,Treasure,,Outdoor,Toy,pokopiadex_tag:toy,https://pokopiadex.com/images/items/item_ui/treasure.png,pokopiadex_items,,treasure,Outdoor,Toy,,,,https://pokopiadex.com/items;https://infipoke.com/zh/game/pokopia/items
decorative_item,Triangle-design flooring,三角花纹地板,Blocks,Road,infipoke_category:blocks;pokopiadex_category:blocks,https://pokopiadex.com/images/items/item_ui/triangle-design-flooring.png,pokopiadex_items,https://infipoke.com/img/pokopia/items/triangle-designflooring.webp,triangle-design-flooring,Blocks,Road,triangle-designflooring,Blocks,Road,https://pokopiadex.com/items;https://infipoke.com/zh/game/pokopia/items
decorative_item,Tundra Fossil (body),冻土化石（身体）,Other,Decoration,infipoke_tag:decoration;pokopiadex_tag:decoration,https://pokopiadex.com/images/items/item_ui/tundra-fossil-body.png,pokopiadex_items,https://infipoke.com/img/pokopia/items/tundrafossil%28body%29.webp,tundra-fossil-body,Other,Decoration,tundrafossil(body),Other,Decoration,https://pokopiadex.com/items;https://infipoke.com/zh/game/pokopia/items
decorative_item,Tundra Fossil (head),冻土化石（头）,Other,Decoration,infipoke_tag:decoration;pokopiadex_tag:decoration,https://pokopiadex.com/images/items/item_ui/tundra-fossil-head.png,pokopiadex_items,https://infipoke.com/img/pokopia/items/tundrafossil%28head%29.webp,tundra-fossil-head,Other,Decoration,tundrafossil(head),Other,Decoration,https://pokopiadex.com/items;https://infipoke.com/zh/game/pokopia/items
decorative_item,Tundra Fossil (tail),冻土化石（尾）,Other,Decoration,infipoke_tag:decoration;pokopiadex_tag:decoration,https://pokopiadex.com/images/items/item_ui/tundra-fossil-tail.png,pokopiadex_items,https://infipoke.com/img/pokopia/items/tundrafossil%28tail%29.webp,tundra-fossil-tail,Other,Decoration,tundrafossil(tail),Other,Decoration,https://pokopiadex.com/items;https://infipoke.com/zh/game/pokopia/items
decorative_item,Twisted potted plant,扭曲盆栽,Misc.,Decoration,infipoke_tag:decoration;pokopiadex_tag:decoration,https://pokopiadex.com/images/items/shop_ui/twisted-potted-plant.png,pokopiadex_items,https://infipoke.com/img/pokopia/items/twistedpottedplant.webp,twisted-potted-plant,Misc.,Decoration,twistedpottedplant,Misc.,Decoration,https://pokopiadex.com/items;https://infipoke.com/zh/game/pokopia/items
decorative_item,Vending machine,自动贩卖机,Outdoor,Toy,infipoke_tag:toy;pokopiadex_tag:toy,https://pokopiadex.com/images/items/shop_ui/vending-machine.png,pokopiadex_items,https://infipoke.com/img/pokopia/items/vendingmachine.webp,vending-machine,Outdoor,Toy,vendingmachine,Outdoor,Toy,https://pokopiadex.com/items;https://infipoke.com/zh/game/pokopia/items
decorative_item,Vertical-stripe print,竖条纹花纹,Blocks,,infipoke_category:blocks;pokopiadex_category:blocks,https://pokopiadex.com/images/items/item_ui/vertical-stripe-print.png,pokopiadex_items,https://infipoke.com/img/pokopia/items/vertical-stripeprint.webp,vertical-stripe-print,Blocks,,vertical-stripeprint,Blocks,,https://pokopiadex.com/items;https://infipoke.com/zh/game/pokopia/items
decorative_item,Vine print,藤蔓花纹,Blocks,,infipoke_category:blocks;pokopiadex_category:blocks,https://pokopiadex.com/images/items/item_ui/vine-print.png,pokopiadex_items,https://infipoke.com/img/pokopia/items/vineprint.webp,vine-print,Blocks,,vineprint,Blocks,,https://pokopiadex.com/items;https://infipoke.com/zh/game/pokopia/items
decorative_item,Vine wall decoration,藤蔓墙饰,Misc.,Decoration,infipoke_tag:decoration;pokopiadex_tag:decoration,https://pokopiadex.com/images/items/crafting_ui/vine-wall-decoration.png,pokopiadex_items,https://infipoke.com/img/pokopia/items/vinewalldecoration.webp,vine-wall-decoration,Misc.,Decoration,vinewalldecoration,Misc.,Decoration,https://pokopiadex.com/items;https://infipoke.com/zh/game/pokopia/items
decorative_item,Violet meteor lamp,紫罗兰流星灯,Utilities,Decoration,infipoke_tag:decoration;pokopiadex_tag:decoration,https://pokopiadex.com/images/items/item_ui/violet-meteor-lamp.png,pokopiadex_items,https://infipoke.com/img/pokopia/items/violetmeteorlamp.webp,violet-meteor-lamp,Utilities,Decoration,violetmeteorlamp,Utilities,Decoration,https://pokopiadex.com/items;https://infipoke.com/zh/game/pokopia/items
decorative_item,Volcanic ash,火山灰,Blocks,,infipoke_category:blocks;pokopiadex_category:blocks,https://pokopiadex.com/images/items/item_ui/volcanic-ash.png,pokopiadex_items,https://infipoke.com/img/pokopia/items/volcanicash.webp,volcanic-ash,Blocks,,volcanicash,Blocks,,https://pokopiadex.com/items;https://infipoke.com/zh/game/pokopia/items
decorative_item,Volcanic rock,火山岩,Blocks,,infipoke_category:blocks;pokopiadex_category:blocks,https://pokopiadex.com/images/items/item_ui/volcanic-rock.png,pokopiadex_items,https://infipoke.com/img/pokopia/items/volcanicrock.webp,volcanic-rock,Blocks,,volcanicrock,Blocks,,https://pokopiadex.com/items;https://infipoke.com/zh/game/pokopia/items
decorative_item,Wall calendar,挂历,Misc.,Decoration,infipoke_tag:decoration;pokopiadex_tag:decoration,https://pokopiadex.com/images/items/item_ui/wall-calendar.png,pokopiadex_items,https://infipoke.com/img/pokopia/items/wallcalendar.webp,wall-calendar,Misc.,Decoration,wallcalendar,Misc.,Decoration,https://pokopiadex.com/items;https://infipoke.com/zh/game/pokopia/items
decorative_item,Wall light,壁灯,Utilities,Decoration,infipoke_tag:decoration;pokopiadex_tag:decoration,https://pokopiadex.com/images/items/item_ui/wall-light.png,pokopiadex_items,https://infipoke.com/img/pokopia/items/walllight.webp,wall-light,Utilities,Decoration,walllight,Utilities,Decoration,https://pokopiadex.com/items;https://infipoke.com/zh/game/pokopia/items
decorative_item,Wall mirror,壁挂镜,Furniture,Toy,infipoke_category:furniture;infipoke_tag:toy;pokopiadex_category:furniture;pokopiadex_tag:toy,https://pokopiadex.com/images/items/item_ui/wall-mirror.png,pokopiadex_items,https://infipoke.com/img/pokopia/items/wallmirror.webp,wall-mirror,Furniture,Toy,wallmirror,Furniture,Toy,https://pokopiadex.com/items;https://infipoke.com/zh/game/pokopia/items
decorative_item,Wall monitor,壁挂显示器,Misc.,Toy,infipoke_tag:toy;pokopiadex_tag:toy,https://pokopiadex.com/images/items/item_ui/wall-monitor.png,pokopiadex_items,https://infipoke.com/img/pokopia/items/wallmonitor.webp,wall-monitor,Misc.,Toy,wallmonitor,Misc.,Toy,https://pokopiadex.com/items;https://infipoke.com/zh/game/pokopia/items
decorative_item,Wall photo frame,壁挂相框,Misc.,Decoration,infipoke_tag:decoration;pokopiadex_tag:decoration,https://pokopiadex.com/images/items/item_ui/wall-photo-frame.png,pokopiadex_items,https://infipoke.com/img/pokopia/items/wallphotoframe.webp,wall-photo-frame,Misc.,Decoration,wallphotoframe,Misc.,Decoration,https://pokopiadex.com/items;https://infipoke.com/zh/game/pokopia/items
decorative_item,Wall storage box,壁挂收纳箱,Furniture,,infipoke_category:furniture;pokopiadex_category:furniture,https://pokopiadex.com/images/items/item_ui/wall-storage-box.png,pokopiadex_items,https://infipoke.com/img/pokopia/items/wallstoragebox.webp,wall-storage-box,Furniture,,wallstoragebox,Furniture,,https://pokopiadex.com/items;https://infipoke.com/zh/game/pokopia/items
decorative_item,Wall torch,壁挂火把,Outdoor,Decoration,infipoke_tag:decoration;pokopiadex_tag:decoration,https://pokopiadex.com/images/items/item_ui/wall-torch.png,pokopiadex_items,https://infipoke.com/img/pokopia/items/walltorch.webp,wall-torch,Outdoor,Decoration,walltorch,Outdoor,Decoration,https://pokopiadex.com/items;https://infipoke.com/zh/game/pokopia/items
decorative_item,Wall-mounted flowers,壁挂花卉,Outdoor,Decoration,pokopiadex_tag:decoration,https://pokopiadex.com/images/items/crafting_ui/wall-mounted-flowers.png,pokopiadex_items,https://infipoke.com/img/pokopia/items/wall-mountedflowers.webp,wall-mounted-flowers,Outdoor,Decoration,wall-mountedflowers,Outdoor,,https://pokopiadex.com/items;https://infipoke.com/zh/game/pokopia/items
decorative_item,Wall-mounted table,壁挂桌,Furniture,,infipoke_category:furniture;pokopiadex_category:furniture,https://pokopiadex.com/images/items/item_ui/wall-mounted-table.png,pokopiadex_items,https://infipoke.com/img/pokopia/items/wall-mountedtable.webp,wall-mounted-table,Furniture,,wall-mountedtable,Furniture,,https://pokopiadex.com/items;https://infipoke.com/zh/game/pokopia/items
decorative_item,Warning wall,警示墙,Blocks,,infipoke_category:blocks;pokopiadex_category:blocks,https://pokopiadex.com/images/items/item_ui/warning-wall.png,pokopiadex_items,https://infipoke.com/img/pokopia/items/warningwall.webp,warning-wall,Blocks,,warningwall,Blocks,,https://pokopiadex.com/items;https://infipoke.com/zh/game/pokopia/items
decorative_item,Washing machine,洗衣机,Misc.,Toy,infipoke_tag:toy;pokopiadex_tag:toy,https://pokopiadex.com/images/items/shop_ui/washing-machine.png,pokopiadex_items,https://infipoke.com/img/pokopia/items/washingmachine.webp,washing-machine,Misc.,Toy,washingmachine,Misc.,Toy,https://pokopiadex.com/items;https://infipoke.com/zh/game/pokopia/items
decorative_item,Water basin,水盆,Outdoor,Decoration,infipoke_tag:decoration;pokopiadex_tag:decoration,https://pokopiadex.com/images/items/shop_ui/water-basin.png,pokopiadex_items,https://infipoke.com/img/pokopia/items/waterbasin.webp,water-basin,Outdoor,Decoration,waterbasin,Outdoor,Decoration,https://pokopiadex.com/items;https://infipoke.com/zh/game/pokopia/items
decorative_item,Water pillar quarter,水纹四分之一柱,Buildings,Decoration,infipoke_tag:decoration;pokopiadex_tag:decoration,https://pokopiadex.com/images/items/item_ui/water-pillar-quarter.png,pokopiadex_items,https://infipoke.com/img/pokopia/items/waterpillarquarter.webp,water-pillar-quarter,Buildings,Decoration,waterpillarquarter,Buildings,Decoration,https://pokopiadex.com/items;https://infipoke.com/zh/game/pokopia/items
decorative_item,Waterproof seat,防水座椅,Furniture,Relaxation,infipoke_category:furniture;pokopiadex_category:furniture,https://pokopiadex.com/images/items/item_ui/waterproof-seat.png,pokopiadex_items,https://infipoke.com/img/pokopia/items/waterproofseat.webp,waterproof-seat,Furniture,Relaxation,waterproofseat,Furniture,Relaxation,https://pokopiadex.com/items;https://infipoke.com/zh/game/pokopia/items
decorative_item,Weather vane,风向标,Outdoor,Toy,infipoke_tag:toy;pokopiadex_tag:toy,https://pokopiadex.com/images/items/item_ui/weather-vane.png,pokopiadex_items,https://infipoke.com/img/pokopia/items/weathervane.webp,weather-vane,Outdoor,Toy,weathervane,Outdoor,Toy,https://pokopiadex.com/items;https://infipoke.com/zh/game/pokopia/items
decorative_item,Wheelbarrow,独轮车,Outdoor,Decoration,infipoke_tag:decoration;pokopiadex_tag:decoration,https://pokopiadex.com/images/items/item_ui/wheelbarrow.png,pokopiadex_items,https://infipoke.com/img/pokopia/items/wheelbarrow.webp,wheelbarrow,Outdoor,Decoration,wheelbarrow,Outdoor,Decoration,https://pokopiadex.com/items;https://infipoke.com/zh/game/pokopia/items
decorative_item,White rock,白色岩石,Blocks,,infipoke_category:blocks;pokopiadex_category:blocks,https://pokopiadex.com/images/items/item_ui/white-rock.png,pokopiadex_items,https://infipoke.com/img/pokopia/items/whiterock.webp,white-rock,Blocks,,whiterock,Blocks,,https://pokopiadex.com/items;https://infipoke.com/zh/game/pokopia/items
decorative_item,Whiteboard,白板,Misc.,Toy,infipoke_tag:toy;pokopiadex_tag:decoration,https://pokopiadex.com/images/items/crafting_ui/whiteboard.png,pokopiadex_items,https://infipoke.com/img/pokopia/items/whiteboard.webp,whiteboard,Misc.,Decoration,whiteboard,Misc.,Toy,https://pokopiadex.com/items;https://infipoke.com/zh/game/pokopia/items
decorative_item,Wiggly mirror,摆动镜子,Furniture,Toy,infipoke_category:furniture;infipoke_tag:toy;pokopiadex_category:furniture;pokopiadex_tag:toy,https://pokopiadex.com/images/items/item_ui/wiggly-mirror.png,pokopiadex_items,https://infipoke.com/img/pokopia/items/wigglymirror.webp,wiggly-mirror,Furniture,Toy,wigglymirror,Furniture,Toy,https://pokopiadex.com/items;https://infipoke.com/zh/game/pokopia/items
decorative_item,Wing Fossil (body),翅膀化石（身体）,Other,Decoration,infipoke_tag:decoration;pokopiadex_tag:decoration,https://pokopiadex.com/images/items/item_ui/wing-fossil-body.png,pokopiadex_items,https://infipoke.com/img/pokopia/items/wingfossil%28body%29.webp,wing-fossil-body,Other,Decoration,wingfossil(body),Other,Decoration,https://pokopiadex.com/items;https://infipoke.com/zh/game/pokopia/items
decorative_item,Wing Fossil (head),翅膀化石（头）,Other,Decoration,infipoke_tag:decoration;pokopiadex_tag:decoration,https://pokopiadex.com/images/items/item_ui/wing-fossil-head.png,pokopiadex_items,https://infipoke.com/img/pokopia/items/wingfossil%28head%29.webp,wing-fossil-head,Other,Decoration,wingfossil(head),Other,Decoration,https://pokopiadex.com/items;https://infipoke.com/zh/game/pokopia/items
decorative_item,Wing Fossil (left wing),翅膀化石（左翼）,Other,Decoration,infipoke_tag:decoration;pokopiadex_tag:decoration,https://pokopiadex.com/images/items/item_ui/wing-fossil-left-wing.png,pokopiadex_items,https://infipoke.com/img/pokopia/items/wingfossil%28leftwing%29.webp,wing-fossil-left-wing,Other,Decoration,wingfossil(leftwing),Other,Decoration,https://pokopiadex.com/items;https://infipoke.com/zh/game/pokopia/items
decorative_item,Wing Fossil (right wing),翅膀化石（右翼）,Other,Decoration,infipoke_tag:decoration;pokopiadex_tag:decoration,https://pokopiadex.com/images/items/item_ui/wing-fossil-right-wing.png,pokopiadex_items,https://infipoke.com/img/pokopia/items/wingfossil%28rightwing%29.webp,wing-fossil-right-wing,Other,Decoration,wingfossil(rightwing),Other,Decoration,https://pokopiadex.com/items;https://infipoke.com/zh/game/pokopia/items
decorative_item,Wing Fossil (tail),翅膀化石（尾）,Other,Decoration,infipoke_tag:decoration;pokopiadex_tag:decoration,https://pokopiadex.com/images/items/item_ui/wing-fossil-tail.png,pokopiadex_items,https://infipoke.com/img/pokopia/items/wingfossil%28tail%29.webp,wing-fossil-tail,Other,Decoration,wingfossil(tail),Other,Decoration,https://pokopiadex.com/items;https://infipoke.com/zh/game/pokopia/items
decorative_item,Winter print,冬季花纹,Blocks,,infipoke_category:blocks;pokopiadex_category:blocks,https://pokopiadex.com/images/items/crafting_ui/winter-print.png,pokopiadex_items,https://infipoke.com/img/pokopia/items/winterprint.webp,winter-print,Blocks,,winterprint,Blocks,,https://pokopiadex.com/items;https://infipoke.com/zh/game/pokopia/items
decorative_item,Wobbuffet wobbler,果然翁不倒翁,Misc.,Toy,infipoke_tag:toy;pokopiadex_tag:toy,https://pokopiadex.com/images/items/item_ui/wobbuffet-wobbler.png,pokopiadex_items,https://infipoke.com/img/pokopia/items/wobbuffetwobbler.webp,wobbuffet-wobbler,Misc.,Toy,wobbuffetwobbler,Misc.,Toy,https://pokopiadex.com/items;https://infipoke.com/zh/game/pokopia/items
decorative_item,Wooden bed,木制床,Furniture,Relaxation,infipoke_category:furniture;pokopiadex_category:furniture,https://pokopiadex.com/images/items/crafting_ui/wooden-bed.png,pokopiadex_items,https://infipoke.com/img/pokopia/items/woodenbed.webp,wooden-bed,Furniture,Relaxation,woodenbed,Furniture,Relaxation,https://pokopiadex.com/items;https://infipoke.com/zh/game/pokopia/items
decorative_item,Wooden bench,木长椅,Furniture,Relaxation,infipoke_category:furniture;pokopiadex_category:furniture,https://pokopiadex.com/images/items/crafting_ui/wooden-bench.png,pokopiadex_items,https://infipoke.com/img/pokopia/items/woodenbench.webp,wooden-bench,Furniture,Relaxation,woodenbench,Furniture,Relaxation,https://pokopiadex.com/items;https://infipoke.com/zh/game/pokopia/items
decorative_item,Wooden birdhouse,木制鸟屋,Outdoor,Decoration,infipoke_tag:decoration;pokopiadex_tag:decoration,https://pokopiadex.com/images/items/crafting_ui/wooden-birdhouse.png,pokopiadex_items,https://infipoke.com/img/pokopia/items/woodenbirdhouse.webp,wooden-birdhouse,Outdoor,Decoration,woodenbirdhouse,Outdoor,Decoration,https://pokopiadex.com/items;https://infipoke.com/zh/game/pokopia/items
decorative_item,Wooden crate,木箱,Outdoor,Decoration,infipoke_tag:decoration;pokopiadex_tag:decoration,https://pokopiadex.com/images/items/crafting_ui/wooden-crate.png,pokopiadex_items,https://infipoke.com/img/pokopia/items/woodencrate.webp,wooden-crate,Outdoor,Decoration,woodencrate,Outdoor,Decoration,https://pokopiadex.com/items;https://infipoke.com/zh/game/pokopia/items
decorative_item,Wooden flooring,木地板,Blocks,Road,infipoke_category:blocks;pokopiadex_category:blocks,https://pokopiadex.com/images/items/crafting_ui/wooden-flooring.png,pokopiadex_items,https://infipoke.com/img/pokopia/items/woodenflooring.webp,wooden-flooring,Blocks,Road,woodenflooring,Blocks,Road,https://pokopiadex.com/items;https://infipoke.com/zh/game/pokopia/items
decorative_item,Wooden pillar (lower),木柱（下）,Blocks,,infipoke_category:blocks;pokopiadex_category:blocks,https://pokopiadex.com/images/items/crafting_ui/wooden-pillar-lower.png,pokopiadex_items,https://infipoke.com/img/pokopia/items/woodenpillar%28lower%29.webp,wooden-pillar-lower,Blocks,,woodenpillar(lower),Blocks,,https://pokopiadex.com/items;https://infipoke.com/zh/game/pokopia/items
decorative_item,Wooden pillar (middle),木柱（中）,Blocks,,infipoke_category:blocks;pokopiadex_category:blocks,https://pokopiadex.com/images/items/crafting_ui/wooden-pillar-middle.png,pokopiadex_items,https://infipoke.com/img/pokopia/items/woodenpillar%28middle%29.webp,wooden-pillar-middle,Blocks,,woodenpillar(middle),Blocks,,https://pokopiadex.com/items;https://infipoke.com/zh/game/pokopia/items
decorative_item,Wooden pillar (upper),木柱（上）,Blocks,,infipoke_category:blocks;pokopiadex_category:blocks,https://pokopiadex.com/images/items/crafting_ui/wooden-pillar-upper.png,pokopiadex_items,https://infipoke.com/img/pokopia/items/woodenpillar%28upper%29.webp,wooden-pillar-upper,Blocks,,woodenpillar(upper),Blocks,,https://pokopiadex.com/items;https://infipoke.com/zh/game/pokopia/items
decorative_item,Wooden stool,木凳,Furniture,Relaxation,infipoke_category:furniture;pokopiadex_category:furniture,https://pokopiadex.com/images/items/crafting_ui/wooden-stool.png,pokopiadex_items,https://infipoke.com/img/pokopia/items/woodenstool.webp,wooden-stool,Furniture,Relaxation,woodenstool,Furniture,Relaxation,https://pokopiadex.com/items;https://infipoke.com/zh/game/pokopia/items
decorative_item,Wooden table,木桌,Furniture,,infipoke_category:furniture;pokopiadex_category:furniture,https://pokopiadex.com/images/items/shop_ui/wooden-table.png,pokopiadex_items,https://infipoke.com/img/pokopia/items/woodentable.webp,wooden-table,Furniture,,woodentable,Furniture,,https://pokopiadex.com/items;https://infipoke.com/zh/game/pokopia/items
decorative_item,Wooden wall,木墙,Blocks,,infipoke_category:blocks;pokopiadex_category:blocks,https://pokopiadex.com/images/items/crafting_ui/wooden-wall.png,pokopiadex_items,https://infipoke.com/img/pokopia/items/woodenwall.webp,wooden-wall,Blocks,,woodenwall,Blocks,,https://pokopiadex.com/items;https://infipoke.com/zh/game/pokopia/items
decorative_item,Worn wooden crate,破旧木箱,Outdoor,Decoration,infipoke_tag:decoration;pokopiadex_tag:decoration,https://pokopiadex.com/images/items/item_ui/worn-wooden-crate.png,pokopiadex_items,https://infipoke.com/img/pokopia/items/wornwoodencrate.webp,worn-wooden-crate,Outdoor,Decoration,wornwoodencrate,Outdoor,Decoration,https://pokopiadex.com/items;https://infipoke.com/zh/game/pokopia/items
decorative_item,Woven carpeting,编织地毯,Blocks,Road,infipoke_category:blocks;pokopiadex_category:blocks,https://pokopiadex.com/images/items/crafting_ui/woven-carpeting.png,pokopiadex_items,https://infipoke.com/img/pokopia/items/wovencarpeting.webp,woven-carpeting,Blocks,Road,wovencarpeting,Blocks,Road,https://pokopiadex.com/items;https://infipoke.com/zh/game/pokopia/items
decorative_item,Wreath,花环,Misc.,Decoration,infipoke_tag:decoration;pokopiadex_tag:decoration,https://pokopiadex.com/images/items/crafting_ui/wreath.png,pokopiadex_items,https://infipoke.com/img/pokopia/items/wreath.webp,wreath,Misc.,Decoration,wreath,Misc.,Decoration,https://pokopiadex.com/items;https://infipoke.com/zh/game/pokopia/items
decorative_item,Yellow meteor lamp,黄色流星灯,Utilities,Decoration,infipoke_tag:decoration;pokopiadex_tag:decoration,https://pokopiadex.com/images/items/item_ui/yellow-meteor-lamp.png,pokopiadex_items,https://infipoke.com/img/pokopia/items/yellowmeteorlamp.webp,yellow-meteor-lamp,Utilities,Decoration,yellowmeteorlamp,Utilities,Decoration,https://pokopiadex.com/items;https://infipoke.com/zh/game/pokopia/items
decorative_item,Yellow rock,黄色岩石,Blocks,,infipoke_category:blocks;pokopiadex_category:blocks,https://pokopiadex.com/images/items/item_ui/yellow-rock.png,pokopiadex_items,https://infipoke.com/img/pokopia/items/yellowrock.webp,yellow-rock,Blocks,,yellowrock,Blocks,,https://pokopiadex.com/items;https://infipoke.com/zh/game/pokopia/items
decorative_item,Zig-zag print,Z字形花纹,Blocks,,infipoke_category:blocks;pokopiadex_category:blocks,https://pokopiadex.com/images/items/item_ui/zig-zag-print.png,pokopiadex_items,https://infipoke.com/img/pokopia/items/zig-zagprint.webp,zig-zag-print,Blocks,,zig-zagprint,Blocks,,https://pokopiadex.com/items;https://infipoke.com/zh/game/pokopia/items
decorative_item,Armor fragment,铠甲碎片,Materials,,pokopiadex_placeable_food_or_material_favorite_category_ids,https://pokopiadex.com/images/items/item_ui/armor-fragment.png,pokopiadex_items,https://infipoke.com/img/pokopia/items/armorfragment.webp,armor-fragment,Materials,,armorfragment,Materials,,https://pokopiadex.com/items;https://infipoke.com/zh/game/pokopia/items
decorative_item,Aspear Berry,木子果,Food,Food,pokopiadex_placeable_food_or_material_favorite_category_ids,https://pokopiadex.com/images/items/item_ui/aspear-berry.png,pokopiadex_items,https://infipoke.com/img/pokopia/items/aspearberry.webp,aspear-berry,Food,Food,aspearberry,Food,Food,https://pokopiadex.com/items;https://infipoke.com/zh/game/pokopia/items
decorative_item,Bean,豆子,Food,Food,pokopiadex_placeable_food_or_material_favorite_category_ids,https://pokopiadex.com/images/items/item_ui/bean.png,pokopiadex_items,https://infipoke.com/img/pokopia/items/bean.webp,bean,Food,Food,bean,Food,Food,https://pokopiadex.com/items;https://infipoke.com/zh/game/pokopia/items
decorative_item,Bitter hamburger steak,成熟滋味汉堡排,Food,Food,pokopiadex_placeable_food_or_material_favorite_category_ids,https://pokopiadex.com/images/items/item_ui/bitter-hamburger-steak.png,pokopiadex_items,https://infipoke.com/img/pokopia/items/bitterhamburgersteak.webp,bitter-hamburger-steak,Food,Food,bitterhamburgersteak,Food,Food,https://pokopiadex.com/items;https://infipoke.com/zh/game/pokopia/items
decorative_item,Black paint,黑色颜料,Materials,,pokopiadex_placeable_food_or_material_favorite_category_ids,https://pokopiadex.com/images/items/item_ui/black-paint.png,pokopiadex_items,https://infipoke.com/img/pokopia/items/blackpaint.webp,black-paint,Materials,,blackpaint,Materials,,https://pokopiadex.com/items;https://infipoke.com/zh/game/pokopia/items
decorative_item,Blue paint,蓝色颜料,Materials,,pokopiadex_placeable_food_or_material_favorite_category_ids,https://pokopiadex.com/images/items/item_ui/blue-paint.png,pokopiadex_items,https://infipoke.com/img/pokopia/items/bluepaint.webp,blue-paint,Materials,,bluepaint,Materials,,https://pokopiadex.com/items;https://infipoke.com/zh/game/pokopia/items
decorative_item,Bread bowl,热腾腾的浓汤面包,Food,Food,pokopiadex_placeable_food_or_material_favorite_category_ids,https://pokopiadex.com/images/items/item_ui/bread-bowl.png,pokopiadex_items,https://infipoke.com/img/pokopia/items/breadbowl.webp,bread-bowl,Food,Food,breadbowl,Food,Food,https://pokopiadex.com/items;https://infipoke.com/zh/game/pokopia/items
decorative_item,Carrot bread,胡萝卜面包,Food,Food,pokopiadex_placeable_food_or_material_favorite_category_ids,https://pokopiadex.com/images/items/item_ui/carrot-bread.png,pokopiadex_items,https://infipoke.com/img/pokopia/items/carrotbread.webp,carrot-bread,Food,Food,carrotbread,Food,Food,https://pokopiadex.com/items;https://infipoke.com/zh/game/pokopia/items
decorative_item,Cave mushrooms,成熟的蘑菇,Food,Food,pokopiadex_placeable_food_or_material_favorite_category_ids,https://pokopiadex.com/images/items/dream_ui/cave-mushrooms.png,pokopiadex_items,https://infipoke.com/img/pokopia/items/cavemushrooms.webp,cave-mushrooms,Food,Food,cavemushrooms,Food,Food,https://pokopiadex.com/items;https://infipoke.com/zh/game/pokopia/items
decorative_item,Chesto Berry,零余果,Food,Food,pokopiadex_placeable_food_or_material_favorite_category_ids,https://pokopiadex.com/images/items/item_ui/chesto-berry.png,pokopiadex_items,https://infipoke.com/img/pokopia/items/chestoberry.webp,chesto-berry,Food,Food,chestoberry,Food,Food,https://pokopiadex.com/items;https://infipoke.com/zh/game/pokopia/items
decorative_item,Chili sauce,辣酱,Food,Food,pokopiadex_placeable_food_or_material_favorite_category_ids,https://pokopiadex.com/images/items/item_ui/chili-sauce.png,pokopiadex_items,https://infipoke.com/img/pokopia/items/chilisauce.webp,chili-sauce,Food,Food,chilisauce,Food,Food,https://pokopiadex.com/items;https://infipoke.com/zh/game/pokopia/items
decorative_item,Common candy,普通糖果,Food,Food,pokopiadex_placeable_food_or_material_favorite_category_ids,https://pokopiadex.com/images/items/item_ui/common-candy.png,pokopiadex_items,https://infipoke.com/img/pokopia/items/commoncandy.webp,common-candy,Food,Food,commoncandy,Food,Food,https://pokopiadex.com/items;https://infipoke.com/zh/game/pokopia/items
decorative_item,Copper ingot,铜锭,Materials,,pokopiadex_placeable_food_or_material_favorite_category_ids,https://pokopiadex.com/images/items/item_ui/copper-ingot.png,pokopiadex_items,https://infipoke.com/img/pokopia/items/copperingot.webp,copper-ingot,Materials,,copperingot,Materials,,https://pokopiadex.com/items;https://infipoke.com/zh/game/pokopia/items
decorative_item,Copper ore,铜矿石,Materials,,pokopiadex_placeable_food_or_material_favorite_category_ids,https://pokopiadex.com/images/items/dream_ui/copper-ore.png,pokopiadex_items,https://infipoke.com/img/pokopia/items/copperore.webp,copper-ore,Materials,,copperore,Materials,,https://pokopiadex.com/items;https://infipoke.com/zh/game/pokopia/items
decorative_item,Cotton spores,棉花孢子,Materials,,pokopiadex_placeable_food_or_material_favorite_category_ids,https://pokopiadex.com/images/items/item_ui/cotton-spores.png,pokopiadex_items,https://infipoke.com/img/pokopia/items/cottonspores.webp,cotton-spores,Materials,,cottonspores,Materials,,https://pokopiadex.com/items;https://infipoke.com/zh/game/pokopia/items
decorative_item,Crouton salad,面包丁沙拉,Food,Food,pokopiadex_placeable_food_or_material_favorite_category_ids,https://pokopiadex.com/images/items/item_ui/crouton-salad.png,pokopiadex_items,https://infipoke.com/img/pokopia/items/croutonsalad.webp,crouton-salad,Food,Food,croutonsalad,Food,Food,https://pokopiadex.com/items;https://infipoke.com/zh/game/pokopia/items
decorative_item,Crushed-berry salad,捣捣沙拉,Food,Food,pokopiadex_placeable_food_or_material_favorite_category_ids,https://pokopiadex.com/images/items/item_ui/crushed-berry-salad.png,pokopiadex_items,https://infipoke.com/img/pokopia/items/crushed-berrysalad.webp,crushed-berry-salad,Food,Food,crushed-berrysalad,Food,Food,https://pokopiadex.com/items;https://infipoke.com/zh/game/pokopia/items
decorative_item,Crystal fragment,水晶碎片,Materials,,pokopiadex_placeable_food_or_material_favorite_category_ids,https://pokopiadex.com/images/items/item_ui/crystal-fragment.png,pokopiadex_items,https://infipoke.com/img/pokopia/items/crystalfragment.webp,crystal-fragment,Materials,,crystalfragment,Materials,,https://pokopiadex.com/items;https://infipoke.com/zh/game/pokopia/items
decorative_item,Curry and rice,咖喱饭,Food,Food,pokopiadex_placeable_food_or_material_favorite_category_ids,https://pokopiadex.com/images/items/item_ui/curry-and-rice.png,pokopiadex_items,https://infipoke.com/img/pokopia/items/curryandrice.webp,curry-and-rice,Food,Food,curryandrice,Food,Food,https://pokopiadex.com/items;https://infipoke.com/zh/game/pokopia/items
decorative_item,Cyan paint,青色颜料,Materials,,pokopiadex_placeable_food_or_material_favorite_category_ids,https://pokopiadex.com/images/items/item_ui/cyan-paint.png,pokopiadex_items,https://infipoke.com/img/pokopia/items/cyanpaint.webp,cyan-paint,Materials,,cyanpaint,Materials,,https://pokopiadex.com/items;https://infipoke.com/zh/game/pokopia/items
decorative_item,Electrifying soup,电电汤,Food,Food,pokopiadex_placeable_food_or_material_favorite_category_ids,https://pokopiadex.com/images/items/item_ui/electrifying-soup.png,pokopiadex_items,https://infipoke.com/img/pokopia/items/electrifyingsoup.webp,electrifying-soup,Food,Food,electrifyingsoup,Food,Food,https://pokopiadex.com/items;https://infipoke.com/zh/game/pokopia/items
decorative_item,Flavorful soup,多滋汤,Food,Food,pokopiadex_placeable_food_or_material_favorite_category_ids,https://pokopiadex.com/images/items/item_ui/flavorful-soup.png,pokopiadex_items,https://infipoke.com/img/pokopia/items/flavorfulsoup.webp,flavorful-soup,Food,Food,flavorfulsoup,Food,Food,https://pokopiadex.com/items;https://infipoke.com/zh/game/pokopia/items
decorative_item,Fluff,绒毛,Materials,,pokopiadex_placeable_food_or_material_favorite_category_ids,https://pokopiadex.com/images/items/item_ui/fluff.png,pokopiadex_items,https://infipoke.com/img/pokopia/items/fluff.webp,fluff,Materials,,fluff,Materials,,https://pokopiadex.com/items;https://infipoke.com/zh/game/pokopia/items
decorative_item,Fluffy bread,松软面包,Food,Food,pokopiadex_placeable_food_or_material_favorite_category_ids,https://pokopiadex.com/images/items/item_ui/fluffy-bread.png,pokopiadex_items,https://infipoke.com/img/pokopia/items/fluffybread.webp,fluffy-bread,Food,Food,fluffybread,Food,Food,https://pokopiadex.com/items;https://infipoke.com/zh/game/pokopia/items
decorative_item,Fresh carrot,成熟的胡萝卜,Food,Food,pokopiadex_placeable_food_or_material_favorite_category_ids,https://pokopiadex.com/images/items/item_ui/fresh-carrot.png,pokopiadex_items,https://infipoke.com/img/pokopia/items/freshcarrot.webp,fresh-carrot,Food,Food,freshcarrot,Food,Food,https://pokopiadex.com/items;https://infipoke.com/zh/game/pokopia/items
decorative_item,Glass,玻璃,Materials,,pokopiadex_placeable_food_or_material_favorite_category_ids,https://pokopiadex.com/images/items/item_ui/glass.png,pokopiadex_items,https://infipoke.com/img/pokopia/items/glass.webp,glass,Materials,,glass,Materials,,https://pokopiadex.com/items;https://infipoke.com/zh/game/pokopia/items
decorative_item,Gold ingot,金锭,Materials,,pokopiadex_placeable_food_or_material_favorite_category_ids,https://pokopiadex.com/images/items/item_ui/gold-ingot.png,pokopiadex_items,https://infipoke.com/img/pokopia/items/goldingot.webp,gold-ingot,Materials,,goldingot,Materials,,https://pokopiadex.com/items;https://infipoke.com/zh/game/pokopia/items
decorative_item,Gold ore,金矿,Materials,,pokopiadex_placeable_food_or_material_favorite_category_ids,https://pokopiadex.com/images/items/dream_ui/gold-ore.png,pokopiadex_items,https://infipoke.com/img/pokopia/items/goldore.webp,gold-ore,Materials,,goldore,Materials,,https://pokopiadex.com/items;https://infipoke.com/zh/game/pokopia/items
decorative_item,Green paint,绿色颜料,Materials,,pokopiadex_placeable_food_or_material_favorite_category_ids,https://pokopiadex.com/images/items/item_ui/green-paint.png,pokopiadex_items,https://infipoke.com/img/pokopia/items/greenpaint.webp,green-paint,Materials,,greenpaint,Materials,,https://pokopiadex.com/items;https://infipoke.com/zh/game/pokopia/items
decorative_item,Healthy soup,药膳汤,Food,Food,pokopiadex_placeable_food_or_material_favorite_category_ids,https://pokopiadex.com/images/items/item_ui/healthy-soup.png,pokopiadex_items,https://infipoke.com/img/pokopia/items/healthysoup.webp,healthy-soup,Food,Food,healthysoup,Food,Food,https://pokopiadex.com/items;https://infipoke.com/zh/game/pokopia/items
decorative_item,Iron ingot,铁锭,Materials,,pokopiadex_placeable_food_or_material_favorite_category_ids,https://pokopiadex.com/images/items/item_ui/iron-ingot.png,pokopiadex_items,https://infipoke.com/img/pokopia/items/ironingot.webp,iron-ingot,Materials,,ironingot,Materials,,https://pokopiadex.com/items;https://infipoke.com/zh/game/pokopia/items
decorative_item,Iron ore,铁矿石,Materials,,pokopiadex_placeable_food_or_material_favorite_category_ids,https://pokopiadex.com/images/items/dream_ui/iron-ore.png,pokopiadex_items,https://infipoke.com/img/pokopia/items/ironore.webp,iron-ore,Materials,,ironore,Materials,,https://pokopiadex.com/items;https://infipoke.com/zh/game/pokopia/items
decorative_item,Leppa bread,苹野面包,Food,Food,pokopiadex_placeable_food_or_material_favorite_category_ids,https://pokopiadex.com/images/items/item_ui/leppa-bread.png,pokopiadex_items,https://infipoke.com/img/pokopia/items/leppabread.webp,leppa-bread,Food,Food,leppabread,Food,Food,https://pokopiadex.com/items;https://infipoke.com/zh/game/pokopia/items
decorative_item,Leppa salad,苹野沙拉,Food,Food,pokopiadex_placeable_food_or_material_favorite_category_ids,https://pokopiadex.com/images/items/item_ui/leppa-salad.png,pokopiadex_items,https://infipoke.com/img/pokopia/items/leppasalad.webp,leppa-salad,Food,Food,leppasalad,Food,Food,https://pokopiadex.com/items;https://infipoke.com/zh/game/pokopia/items
decorative_item,Moomoo Milk coffee,哞哞牛奶咖啡,Food,Food,pokopiadex_placeable_food_or_material_favorite_category_ids,https://pokopiadex.com/images/items/item_ui/moomoo-milk-coffee.png,pokopiadex_items,https://infipoke.com/img/pokopia/items/moomoomilkcoffee.webp,moomoo-milk-coffee,Food,Food,moomoomilkcoffee,Food,Food,https://pokopiadex.com/items;https://infipoke.com/zh/game/pokopia/items
decorative_item,Mushroom hamburger steak,蘑菇汉堡排,Food,Food,pokopiadex_placeable_food_or_material_favorite_category_ids,https://pokopiadex.com/images/items/item_ui/mushroom-hamburger-steak.png,pokopiadex_items,https://infipoke.com/img/pokopia/items/mushroomhamburgersteak.webp,mushroom-hamburger-steak,Food,Food,mushroomhamburgersteak,Food,Food,https://pokopiadex.com/items;https://infipoke.com/zh/game/pokopia/items
decorative_item,Mushroom soup,蘑菇汤,Food,Food,pokopiadex_placeable_food_or_material_favorite_category_ids,https://pokopiadex.com/images/items/item_ui/mushroom-soup.png,pokopiadex_items,https://infipoke.com/img/pokopia/items/mushroomsoup.webp,mushroom-soup,Food,Food,mushroomsoup,Food,Food,https://pokopiadex.com/items;https://infipoke.com/zh/game/pokopia/items
decorative_item,Nonburnable garbage,不可燃垃圾,Materials,,pokopiadex_placeable_food_or_material_favorite_category_ids,https://pokopiadex.com/images/items/item_ui/nonburnable-garbage.png,pokopiadex_items,https://infipoke.com/img/pokopia/items/nonburnablegarbage.webp,nonburnable-garbage,Materials,,nonburnablegarbage,Materials,,https://pokopiadex.com/items;https://infipoke.com/zh/game/pokopia/items
decorative_item,Pecha Berry,桃桃果,Food,Food,pokopiadex_placeable_food_or_material_favorite_category_ids,https://pokopiadex.com/images/items/item_ui/pecha-berry.png,pokopiadex_items,https://infipoke.com/img/pokopia/items/pechaberry.webp,pecha-berry,Food,Food,pechaberry,Food,Food,https://pokopiadex.com/items;https://infipoke.com/zh/game/pokopia/items
decorative_item,Pink paint,粉色颜料,Materials,,pokopiadex_placeable_food_or_material_favorite_category_ids,https://pokopiadex.com/images/items/item_ui/pink-paint.png,pokopiadex_items,https://infipoke.com/img/pokopia/items/pinkpaint.webp,pink-paint,Materials,,pinkpaint,Materials,,https://pokopiadex.com/items;https://infipoke.com/zh/game/pokopia/items
decorative_item,Pokémetal,宝可梦金属,Materials,,pokopiadex_placeable_food_or_material_favorite_category_ids,https://pokopiadex.com/images/items/item_ui/pokemetal.png,pokopiadex_items,https://infipoke.com/img/pokopia/items/pokemetal.webp,pokemetal,Materials,,pokemetal,Materials,,https://pokopiadex.com/items;https://infipoke.com/zh/game/pokopia/items
decorative_item,Pokémetal fragment,宝可金属碎片,Materials,,pokopiadex_placeable_food_or_material_favorite_category_ids,https://pokopiadex.com/images/items/item_ui/pokemetal-fragment.png,pokopiadex_items,https://infipoke.com/img/pokopia/items/pokemetalfragment.webp,pokemetal-fragment,Materials,,pokemetalfragment,Materials,,https://pokopiadex.com/items;https://infipoke.com/zh/game/pokopia/items
decorative_item,Potato,马铃薯,Food,Food,pokopiadex_placeable_food_or_material_favorite_category_ids,https://pokopiadex.com/images/items/item_ui/potato.png,pokopiadex_items,https://infipoke.com/img/pokopia/items/potato.webp,potato,Food,Food,potato,Food,Food,https://pokopiadex.com/items;https://infipoke.com/zh/game/pokopia/items
decorative_item,Potato Hamburger Steak,马铃薯汉堡排,Food,Food,pokopiadex_placeable_food_or_material_favorite_category_ids,https://pokopiadex.com/images/items/item_ui/potato-hamburger-steak.png,pokopiadex_items,https://infipoke.com/img/pokopia/items/potatohamburgersteak.webp,potato-hamburger-steak,Food,Food,potatohamburgersteak,Food,Food,https://pokopiadex.com/items;https://infipoke.com/zh/game/pokopia/items
decorative_item,Rare Candy,神奇糖果,Food,Food,pokopiadex_placeable_food_or_material_favorite_category_ids,https://pokopiadex.com/images/items/item_ui/rare-candy.png,pokopiadex_items,https://infipoke.com/img/pokopia/items/rarecandy.webp,rare-candy,Food,Food,rarecandy,Food,Food,https://pokopiadex.com/items;https://infipoke.com/zh/game/pokopia/items
decorative_item,Rare Pokémetal fragment,稀有宝可金属碎片,Materials,,pokopiadex_placeable_food_or_material_favorite_category_ids,https://pokopiadex.com/images/items/item_ui/rare-pokemetal-fragment.png,pokopiadex_items,https://infipoke.com/img/pokopia/items/rarepokemetalfragment.webp,rare-pokemetal-fragment,Materials,,rarepokemetalfragment,Materials,,https://pokopiadex.com/items;https://infipoke.com/zh/game/pokopia/items
decorative_item,Rawst Berry,莓莓果,Food,Food,pokopiadex_placeable_food_or_material_favorite_category_ids,https://pokopiadex.com/images/items/item_ui/rawst-berry.png,pokopiadex_items,https://infipoke.com/img/pokopia/items/rawstberry.webp,rawst-berry,Food,Food,rawstberry,Food,Food,https://pokopiadex.com/items;https://infipoke.com/zh/game/pokopia/items
decorative_item,Recycled bread,重制面包,Food,Food,pokopiadex_placeable_food_or_material_favorite_category_ids,https://pokopiadex.com/images/items/item_ui/recycled-bread.png,pokopiadex_items,https://infipoke.com/img/pokopia/items/recycledbread.webp,recycled-bread,Food,Food,recycledbread,Food,Food,https://pokopiadex.com/items;https://infipoke.com/zh/game/pokopia/items
decorative_item,Red paint,红色颜料,Materials,,pokopiadex_placeable_food_or_material_favorite_category_ids,https://pokopiadex.com/images/items/item_ui/red-paint.png,pokopiadex_items,https://infipoke.com/img/pokopia/items/redpaint.webp,red-paint,Materials,,redpaint,Materials,,https://pokopiadex.com/items;https://infipoke.com/zh/game/pokopia/items
decorative_item,Roserade Tea,罗丝雷朵茶,Food,Food,pokopiadex_placeable_food_or_material_favorite_category_ids,https://pokopiadex.com/images/items/item_ui/roserade-tea.png,pokopiadex_items,https://infipoke.com/img/pokopia/items/roseradetea.webp,roserade-tea,Food,Food,roseradetea,Food,Food,https://pokopiadex.com/items;https://infipoke.com/zh/game/pokopia/items
decorative_item,Sea glass fragments,海玻璃碎片,Materials,,pokopiadex_placeable_food_or_material_favorite_category_ids,https://pokopiadex.com/images/items/dream_ui/sea-glass-fragments.png,pokopiadex_items,https://infipoke.com/img/pokopia/items/seaglassfragments.webp,sea-glass-fragments,Materials,,seaglassfragments,Materials,,https://pokopiadex.com/items;https://infipoke.com/zh/game/pokopia/items
decorative_item,Seaweed salad,海藻沙拉,Food,Food,pokopiadex_placeable_food_or_material_favorite_category_ids,https://pokopiadex.com/images/items/item_ui/seaweed-salad.png,pokopiadex_items,https://infipoke.com/img/pokopia/items/seaweedsalad.webp,seaweed-salad,Food,Food,seaweedsalad,Food,Food,https://pokopiadex.com/items;https://infipoke.com/zh/game/pokopia/items
decorative_item,Seaweed soup,海藻汤,Food,Food,pokopiadex_placeable_food_or_material_favorite_category_ids,https://pokopiadex.com/images/items/item_ui/seaweed-soup.png,pokopiadex_items,https://infipoke.com/img/pokopia/items/seaweedsoup.webp,seaweed-soup,Food,Food,seaweedsoup,Food,Food,https://pokopiadex.com/items;https://infipoke.com/zh/game/pokopia/items
decorative_item,Shredded salad,丝丝沙拉,Food,Food,pokopiadex_placeable_food_or_material_favorite_category_ids,https://pokopiadex.com/images/items/item_ui/shredded-salad.png,pokopiadex_items,https://infipoke.com/img/pokopia/items/shreddedsalad.webp,shredded-salad,Food,Food,shreddedsalad,Food,Food,https://pokopiadex.com/items;https://infipoke.com/zh/game/pokopia/items
decorative_item,Soda Pop,苏打汽水,Food,Food,pokopiadex_placeable_food_or_material_favorite_category_ids,https://pokopiadex.com/images/items/item_ui/soda-pop.png,pokopiadex_items,https://infipoke.com/img/pokopia/items/sodapop.webp,soda-pop,Food,Food,sodapop,Food,Food,https://pokopiadex.com/items;https://infipoke.com/zh/game/pokopia/items
decorative_item,Squishy clay,柔软黏土,Materials,,pokopiadex_placeable_food_or_material_favorite_category_ids,https://pokopiadex.com/images/items/item_ui/squishy-clay.png,pokopiadex_items,https://infipoke.com/img/pokopia/items/squishyclay.webp,squishy-clay,Materials,,squishyclay,Materials,,https://pokopiadex.com/items;https://infipoke.com/zh/game/pokopia/items
decorative_item,Stardust,星星沙子,Materials,,pokopiadex_placeable_food_or_material_favorite_category_ids,https://pokopiadex.com/images/items/item_ui/stardust.png,pokopiadex_items,https://infipoke.com/img/pokopia/items/stardust.webp,stardust,Materials,,stardust,Materials,,https://pokopiadex.com/items;https://infipoke.com/zh/game/pokopia/items
decorative_item,Stone,石头,Materials,,pokopiadex_placeable_food_or_material_favorite_category_ids,https://pokopiadex.com/images/items/item_ui/stone.png,pokopiadex_items,https://infipoke.com/img/pokopia/items/stone.webp,stone,Materials,,stone,Materials,,https://pokopiadex.com/items;https://infipoke.com/zh/game/pokopia/items
decorative_item,Tomato,番茄,Food,Food,pokopiadex_placeable_food_or_material_favorite_category_ids,https://pokopiadex.com/images/items/item_ui/tomato.png,pokopiadex_items,https://infipoke.com/img/pokopia/items/tomato.webp,tomato,Food,Food,tomato,Food,Food,https://pokopiadex.com/items;https://infipoke.com/zh/game/pokopia/items
decorative_item,Tomato hamburger steak,番茄汉堡排,Food,Food,pokopiadex_placeable_food_or_material_favorite_category_ids,https://pokopiadex.com/images/items/item_ui/tomato-hamburger-steak.png,pokopiadex_items,https://infipoke.com/img/pokopia/items/tomatohamburgersteak.webp,tomato-hamburger-steak,Food,Food,tomatohamburgersteak,Food,Food,https://pokopiadex.com/items;https://infipoke.com/zh/game/pokopia/items
decorative_item,Twine,细绳,Materials,,pokopiadex_placeable_food_or_material_favorite_category_ids,https://pokopiadex.com/images/items/dream_ui/twine.png,pokopiadex_items,https://infipoke.com/img/pokopia/items/twine.webp,twine,Materials,,twine,Materials,,https://pokopiadex.com/items;https://infipoke.com/zh/game/pokopia/items
decorative_item,Vine rope,藤蔓绳,Materials,,pokopiadex_placeable_food_or_material_favorite_category_ids,https://pokopiadex.com/images/items/dream_ui/vine-rope.png,pokopiadex_items,https://infipoke.com/img/pokopia/items/vinerope.webp,vine-rope,Materials,,vinerope,Materials,,https://pokopiadex.com/items;https://infipoke.com/zh/game/pokopia/items
decorative_item,Wastepaper,废纸,Materials,,pokopiadex_placeable_food_or_material_favorite_category_ids,https://pokopiadex.com/images/items/item_ui/wastepaper.png,pokopiadex_items,https://infipoke.com/img/pokopia/items/wastepaper.webp,wastepaper,Materials,,wastepaper,Materials,,https://pokopiadex.com/items;https://infipoke.com/zh/game/pokopia/items
decorative_item,Wheat,小麦,Food,Food,pokopiadex_placeable_food_or_material_favorite_category_ids,https://pokopiadex.com/images/items/item_ui/wheat.png,pokopiadex_items,https://infipoke.com/img/pokopia/items/wheat.webp,wheat,Food,Food,wheat,Food,Food,https://pokopiadex.com/items;https://infipoke.com/zh/game/pokopia/items
decorative_item,White paint,白色颜料,Materials,,pokopiadex_placeable_food_or_material_favorite_category_ids,https://pokopiadex.com/images/items/item_ui/white-paint.png,pokopiadex_items,https://infipoke.com/img/pokopia/items/whitepaint.webp,white-paint,Materials,,whitepaint,Materials,,https://pokopiadex.com/items;https://infipoke.com/zh/game/pokopia/items
decorative_item,Yellow paint,黄色颜料,Materials,,pokopiadex_placeable_food_or_material_favorite_category_ids,https://pokopiadex.com/images/items/item_ui/yellow-paint.png,pokopiadex_items,https://infipoke.com/img/pokopia/items/yellowpaint.webp,yellow-paint,Materials,,yellowpaint,Materials,,https://pokopiadex.com/items;https://infipoke.com/zh/game/pokopia/items
