source,slug,name,name_zh_hans,category,source_page
infipoke_pokopia_items_zh_hans,honey,Honey,蜂蜜,Materials,https://infipoke.com/zh/game/pokopia/items
infipoke_pokopia_items_zh_hans,sturdystick,Sturdy stick,结实木棒,Materials,https://infipoke.com/zh/game/pokopia/items
infipoke_pokopia_items_zh_hans,stone,Stone,石头,Materials,https://infipoke.com/zh/game/pokopia/items
infipoke_pokopia_items_zh_hans,leaf,Leaf,叶子,Materials,https://infipoke.com/zh/game/pokopia/items
infipoke_pokopia_items_zh_hans,smalllog,Small log,小木材,Materials,https://infipoke.com/zh/game/pokopia/items
infipoke_pokopia_items_zh_hans,vinerope,Vine rope,藤蔓绳,Materials,https://infipoke.com/zh/game/pokopia/items
infipoke_pokopia_items_zh_hans,glowingmushrooms,Glowing mushrooms,发光蘑菇,Materials,https://infipoke.com/zh/game/pokopia/items
infipoke_pokopia_items_zh_hans,twine,Twine,细绳,Materials,https://infipoke.com/zh/game/pokopia/items
infipoke_pokopia_items_zh_hans,seaglassfragments,Sea glass fragments,海玻璃碎片,Materials,https://infipoke.com/zh/game/pokopia/items
infipoke_pokopia_items_zh_hans,seashell,Seashell,贝壳,Materials,https://infipoke.com/zh/game/pokopia/items
infipoke_pokopia_items_zh_hans,nonburnablegarbage,Nonburnable garbage,不可燃垃圾,Materials,https://infipoke.com/zh/game/pokopia/items
infipoke_pokopia_items_zh_hans,squishyclay,Squishy clay,柔软黏土,Materials,https://infipoke.com/zh/game/pokopia/items
infipoke_pokopia_items_zh_hans,fluff,Fluff,绒毛,Materials,https://infipoke.com/zh/game/pokopia/items
infipoke_pokopia_items_zh_hans,wastepaper,Wastepaper,废纸,Materials,https://infipoke.com/zh/game/pokopia/items
infipoke_pokopia_items_zh_hans,copperore,Copper ore,铜矿石,Materials,https://infipoke.com/zh/game/pokopia/items
infipoke_pokopia_items_zh_hans,ironore,Iron ore,铁矿石,Materials,https://infipoke.com/zh/game/pokopia/items
infipoke_pokopia_items_zh_hans,goldore,Gold ore,金矿,Materials,https://infipoke.com/zh/game/pokopia/items
infipoke_pokopia_items_zh_hans,pokemetalfragment,Pokémetal fragment,宝可金属碎片,Materials,https://infipoke.com/zh/game/pokopia/items
infipoke_pokopia_items_zh_hans,rarepokemetalfragment,Rare Pokémetal fragment,稀有宝可金属碎片,Materials,https://infipoke.com/zh/game/pokopia/items
infipoke_pokopia_items_zh_hans,crystalfragment,Crystal fragment,水晶碎片,Materials,https://infipoke.com/zh/game/pokopia/items
infipoke_pokopia_items_zh_hans,lumber,Lumber,木材,Materials,https://infipoke.com/zh/game/pokopia/items
infipoke_pokopia_items_zh_hans,brick,Brick,砖块,Materials,https://infipoke.com/zh/game/pokopia/items
infipoke_pokopia_items_zh_hans,copperingot,Copper ingot,铜锭,Materials,https://infipoke.com/zh/game/pokopia/items
infipoke_pokopia_items_zh_hans,ironingot,Iron ingot,铁锭,Materials,https://infipoke.com/zh/game/pokopia/items
infipoke_pokopia_items_zh_hans,goldingot,Gold ingot,金锭,Materials,https://infipoke.com/zh/game/pokopia/items
infipoke_pokopia_items_zh_hans,pokemetal,Pokémetal,宝可梦金属,Materials,https://infipoke.com/zh/game/pokopia/items
infipoke_pokopia_items_zh_hans,rarepokemetal,Rare Pokémetal,稀有宝可梦金属,Materials,https://infipoke.com/zh/game/pokopia/items
infipoke_pokopia_items_zh_hans,glass,Glass,玻璃,Materials,https://infipoke.com/zh/game/pokopia/items
infipoke_pokopia_items_zh_hans,concrete,Concrete,混凝土,Materials,https://infipoke.com/zh/game/pokopia/items
infipoke_pokopia_items_zh_hans,paper,Paper,纸,Materials,https://infipoke.com/zh/game/pokopia/items
infipoke_pokopia_items_zh_hans,tinkagear,Tinkagear,叮当齿轮,Materials,https://infipoke.com/zh/game/pokopia/items
infipoke_pokopia_items_zh_hans,strangestrings,Strange strings,奇异丝线,Materials,https://infipoke.com/zh/game/pokopia/items
infipoke_pokopia_items_zh_hans,armorfragment,Armor fragment,铠甲碎片,Materials,https://infipoke.com/zh/game/pokopia/items
infipoke_pokopia_items_zh_hans,stardust,Stardust,星星沙子,Materials,https://infipoke.com/zh/game/pokopia/items
infipoke_pokopia_items_zh_hans,redpaint,Red paint,红色颜料,Materials,https://infipoke.com/zh/game/pokopia/items
infipoke_pokopia_items_zh_hans,bluepaint,Blue paint,蓝色颜料,Materials,https://infipoke.com/zh/game/pokopia/items
infipoke_pokopia_items_zh_hans,greenpaint,Green paint,绿色颜料,Materials,https://infipoke.com/zh/game/pokopia/items
infipoke_pokopia_items_zh_hans,yellowpaint,Yellow paint,黄色颜料,Materials,https://infipoke.com/zh/game/pokopia/items
infipoke_pokopia_items_zh_hans,pinkpaint,Pink paint,粉色颜料,Materials,https://infipoke.com/zh/game/pokopia/items
infipoke_pokopia_items_zh_hans,cyanpaint,Cyan paint,青色颜料,Materials,https://infipoke.com/zh/game/pokopia/items
infipoke_pokopia_items_zh_hans,whitepaint,White paint,白色颜料,Materials,https://infipoke.com/zh/game/pokopia/items
infipoke_pokopia_items_zh_hans,blackpaint,Black paint,黑色颜料,Materials,https://infipoke.com/zh/game/pokopia/items
infipoke_pokopia_items_zh_hans,mossystone,Mossy Stone,苔藓石,Materials,https://infipoke.com/zh/game/pokopia/items
infipoke_pokopia_items_zh_hans,sturdystick(outdoor),Sturdy stick (outdoor),坚固树枝（户外）,Materials,https://infipoke.com/zh/game/pokopia/items
infipoke_pokopia_items_zh_hans,stone(outdoor),Stone (outdoor),石头（户外）,Materials,https://infipoke.com/zh/game/pokopia/items
infipoke_pokopia_items_zh_hans,glowingmushrooms(outdoor),Glowing mushrooms (outdoor),发光蘑菇（户外）,Materials,https://infipoke.com/zh/game/pokopia/items
infipoke_pokopia_items_zh_hans,seaweed(outdoor),Seaweed (outdoor),海藻（户外）,Materials,https://infipoke.com/zh/game/pokopia/items
infipoke_pokopia_items_zh_hans,seashell(outdoor),Seashell (outdoor),贝壳（户外）,Materials,https://infipoke.com/zh/game/pokopia/items
infipoke_pokopia_items_zh_hans,seaglassfragments(outdoor),Sea glass fragments (outdoor),海玻璃碎片（户外）,Materials,https://infipoke.com/zh/game/pokopia/items
infipoke_pokopia_items_zh_hans,cavemushrooms(outdoor),Cave mushrooms (outdoor),洞穴蘑菇（户外）,Materials,https://infipoke.com/zh/game/pokopia/items
infipoke_pokopia_items_zh_hans,wastepaper(outdoor),Wastepaper (outdoor),废纸（户外）,Materials,https://infipoke.com/zh/game/pokopia/items
infipoke_pokopia_items_zh_hans,cottonspores,Cotton Spores,棉花孢子,Materials,https://infipoke.com/zh/game/pokopia/items
infipoke_pokopia_items_zh_hans,leppaberry,Leppa Berry,苹野果,Food,https://infipoke.com/zh/game/pokopia/items
infipoke_pokopia_items_zh_hans,chestoberry,Chesto Berry,零余果,Food,https://infipoke.com/zh/game/pokopia/items
infipoke_pokopia_items_zh_hans,rawstberry,Rawst Berry,莓莓果,Food,https://infipoke.com/zh/game/pokopia/items
infipoke_pokopia_items_zh_hans,aspearberry,Aspear Berry,木子果,Food,https://infipoke.com/zh/game/pokopia/items
infipoke_pokopia_items_zh_hans,pechaberry,Pecha Berry,桃桃果,Food,https://infipoke.com/zh/game/pokopia/items
infipoke_pokopia_items_zh_hans,lumberry,Lum Berry,利木果,Food,https://infipoke.com/zh/game/pokopia/items
infipoke_pokopia_items_zh_hans,bean,Bean,豆子,Food,https://infipoke.com/zh/game/pokopia/items
infipoke_pokopia_items_zh_hans,tomato,Tomato,番茄,Food,https://infipoke.com/zh/game/pokopia/items
infipoke_pokopia_items_zh_hans,wheat,Wheat,小麦,Food,https://infipoke.com/zh/game/pokopia/items
infipoke_pokopia_items_zh_hans,potato,Potato,马铃薯,Food,https://infipoke.com/zh/game/pokopia/items
infipoke_pokopia_items_zh_hans,freshcarrot,Fresh carrot,成熟的胡萝卜,Food,https://infipoke.com/zh/game/pokopia/items
infipoke_pokopia_items_zh_hans,seaweed,Seaweed,海藻,Food,https://infipoke.com/zh/game/pokopia/items
infipoke_pokopia_items_zh_hans,cavemushrooms,Cave mushrooms,成熟的蘑菇,Food,https://infipoke.com/zh/game/pokopia/items
infipoke_pokopia_items_zh_hans,simplesalad,Simple salad,原味沙拉,Food,https://infipoke.com/zh/game/pokopia/items
infipoke_pokopia_items_zh_hans,leppasalad,Leppa salad,苹野沙拉,Food,https://infipoke.com/zh/game/pokopia/items
infipoke_pokopia_items_zh_hans,seaweedsalad,Seaweed salad,海藻沙拉,Food,https://infipoke.com/zh/game/pokopia/items
infipoke_pokopia_items_zh_hans,shreddedsalad,Shredded salad,丝丝沙拉,Food,https://infipoke.com/zh/game/pokopia/items
infipoke_pokopia_items_zh_hans,crushed-berrysalad,Crushed-berry salad,捣捣沙拉,Food,https://infipoke.com/zh/game/pokopia/items
infipoke_pokopia_items_zh_hans,croutonsalad,Crouton salad,面包丁沙拉,Food,https://infipoke.com/zh/game/pokopia/items
infipoke_pokopia_items_zh_hans,simplesoup,Simple soup,原味汤,Food,https://infipoke.com/zh/game/pokopia/items
infipoke_pokopia_items_zh_hans,seaweedsoup,Seaweed soup,海藻汤,Food,https://infipoke.com/zh/game/pokopia/items
infipoke_pokopia_items_zh_hans,mushroomsoup,Mushroom soup,蘑菇汤,Food,https://infipoke.com/zh/game/pokopia/items
infipoke_pokopia_items_zh_hans,electrifyingsoup,Electrifying soup,电电汤,Food,https://infipoke.com/zh/game/pokopia/items
infipoke_pokopia_items_zh_hans,healthysoup,Healthy soup,药膳汤,Food,https://infipoke.com/zh/game/pokopia/items
infipoke_pokopia_items_zh_hans,flavorfulsoup,Flavorful soup,多滋汤,Food,https://infipoke.com/zh/game/pokopia/items
infipoke_pokopia_items_zh_hans,simplebread,Simple bread,原味面包,Food,https://infipoke.com/zh/game/pokopia/items
infipoke_pokopia_items_zh_hans,leppabread,Leppa bread,苹野面包,Food,https://infipoke.com/zh/game/pokopia/items
infipoke_pokopia_items_zh_hans,carrotbread,Carrot bread,胡萝卜面包,Food,https://infipoke.com/zh/game/pokopia/items
infipoke_pokopia_items_zh_hans,recycledbread,Recycled bread,重制面包,Food,https://infipoke.com/zh/game/pokopia/items
infipoke_pokopia_items_zh_hans,fluffybread,Fluffy bread,松软面包,Food,https://infipoke.com/zh/game/pokopia/items
infipoke_pokopia_items_zh_hans,breadbowl,Bread bowl,热腾腾的浓汤面包,Food,https://infipoke.com/zh/game/pokopia/items
infipoke_pokopia_items_zh_hans,simplehamburgersteak,Simple hamburger steak,原味汉堡排,Food,https://infipoke.com/zh/game/pokopia/items
infipoke_pokopia_items_zh_hans,mushroomhamburgersteak,Mushroom hamburger steak,蘑菇汉堡排,Food,https://infipoke.com/zh/game/pokopia/items
infipoke_pokopia_items_zh_hans,tomatohamburgersteak,Tomato hamburger steak,番茄汉堡排,Food,https://infipoke.com/zh/game/pokopia/items
infipoke_pokopia_items_zh_hans,potatohamburgersteak,Potato hamburger steak,马铃薯汉堡排,Food,https://infipoke.com/zh/game/pokopia/items
infipoke_pokopia_items_zh_hans,bitterhamburgersteak,Bitter hamburger steak,成熟滋味汉堡排,Food,https://infipoke.com/zh/game/pokopia/items
infipoke_pokopia_items_zh_hans,vibranthamburgersteak,Vibrant hamburger steak,多彩汉堡排,Food,https://infipoke.com/zh/game/pokopia/items
infipoke_pokopia_items_zh_hans,bruisedberry,Bruised berry,受伤树果,Food,https://infipoke.com/zh/game/pokopia/items
infipoke_pokopia_items_zh_hans,commoncandy,Common candy,普通糖果,Food,https://infipoke.com/zh/game/pokopia/items
infipoke_pokopia_items_zh_hans,rarecandy,Rare Candy,神奇糖果,Food,https://infipoke.com/zh/game/pokopia/items
infipoke_pokopia_items_zh_hans,curryandrice,Curry and rice,咖喱饭,Food,https://infipoke.com/zh/game/pokopia/items
infipoke_pokopia_items_zh_hans,freshwater,Fresh Water,美味之水,Food,https://infipoke.com/zh/game/pokopia/items
infipoke_pokopia_items_zh_hans,sodapop,Soda Pop,苏打汽水,Food,https://infipoke.com/zh/game/pokopia/items
infipoke_pokopia_items_zh_hans,moomoomilkcoffee,Moomoo Milk Coffee,哞哞牛奶咖啡,Food,https://infipoke.com/zh/game/pokopia/items
infipoke_pokopia_items_zh_hans,roseradetea,Roserade Tea,罗丝雷朵茶,Food,https://infipoke.com/zh/game/pokopia/items
infipoke_pokopia_items_zh_hans,chilisauce,Chili sauce,辣酱,Food,https://infipoke.com/zh/game/pokopia/items
infipoke_pokopia_items_zh_hans,storagebox,Storage box,收纳箱,Furniture,https://infipoke.com/zh/game/pokopia/items
infipoke_pokopia_items_zh_hans,wallstoragebox,Wall storage box,壁挂收纳箱,Furniture,https://infipoke.com/zh/game/pokopia/items
infipoke_pokopia_items_zh_hans,bigstoragebox,Big storage box,大型收纳箱,Furniture,https://infipoke.com/zh/game/pokopia/items
infipoke_pokopia_items_zh_hans,plainchest,Plain chest,朴素木箱,Furniture,https://infipoke.com/zh/game/pokopia/items
infipoke_pokopia_items_zh_hans,officecabinet,Office cabinet,办公柜,Furniture,https://infipoke.com/zh/game/pokopia/items
infipoke_pokopia_items_zh_hans,gamingfridge,Gaming fridge,电竞冰箱,Furniture,https://infipoke.com/zh/game/pokopia/items
infipoke_pokopia_items_zh_hans,pokeballchest,Poké Ball Chest,精灵球宝箱,Furniture,https://infipoke.com/zh/game/pokopia/items
infipoke_pokopia_items_zh_hans,berrycase,Berry case,树果箱,Furniture,https://infipoke.com/zh/game/pokopia/items
infipoke_pokopia_items_zh_hans,antiquechest,Antique chest,古董宝箱,Furniture,https://infipoke.com/zh/game/pokopia/items
infipoke_pokopia_items_zh_hans,plaincloset,Plain closet,朴素衣柜,Furniture,https://infipoke.com/zh/game/pokopia/items
infipoke_pokopia_items_zh_hans,officelocker,Office locker,办公储物柜,Furniture,https://infipoke.com/zh/game/pokopia/items
infipoke_pokopia_items_zh_hans,antiquecloset,Antique closet,古董衣柜,Furniture,https://infipoke.com/zh/game/pokopia/items
infipoke_pokopia_items_zh_hans,officeshelf,Office shelf,办公置物架,Furniture,https://infipoke.com/zh/game/pokopia/items
infipoke_pokopia_items_zh_hans,polygonalshelf,Polygonal Shelf,多边形架子,Furniture,https://infipoke.com/zh/game/pokopia/items
infipoke_pokopia_items_zh_hans,strawtable,Straw table,草编桌,Furniture,https://infipoke.com/zh/game/pokopia/items
infipoke_pokopia_items_zh_hans,logtable,Log table,原木桌,Furniture,https://infipoke.com/zh/game/pokopia/items
infipoke_pokopia_items_zh_hans,sidetable,Side table,边桌,Furniture,https://infipoke.com/zh/game/pokopia/items
infipoke_pokopia_items_zh_hans,gardentable,Garden table,庭院桌,Furniture,https://infipoke.com/zh/game/pokopia/items
infipoke_pokopia_items_zh_hans,woodentable,Wooden table,木桌,Furniture,https://infipoke.com/zh/game/pokopia/items
infipoke_pokopia_items_zh_hans,counter,Counter,柜台,Furniture,https://infipoke.com/zh/game/pokopia/items
infipoke_pokopia_items_zh_hans,wall-mountedtable,Wall-mounted table,壁挂桌,Furniture,https://infipoke.com/zh/game/pokopia/items
infipoke_pokopia_items_zh_hans,pokemoncentercounter,Pokémon Center counter,宝可梦中心柜台,Furniture,https://infipoke.com/zh/game/pokopia/items
infipoke_pokopia_items_zh_hans,kitchentable,Kitchen table,厨房桌,Furniture,https://infipoke.com/zh/game/pokopia/items
infipoke_pokopia_items_zh_hans,pushcart,Push cart,推车,Furniture,https://infipoke.com/zh/game/pokopia/items
infipoke_pokopia_items_zh_hans,exhibitionstand,Exhibition stand,展示架,Furniture,https://infipoke.com/zh/game/pokopia/items
infipoke_pokopia_items_zh_hans,mysteriouspedestal,Mysterious pedestal,神秘台座,Furniture,https://infipoke.com/zh/game/pokopia/items
infipoke_pokopia_items_zh_hans,plainstand,Plain stand,朴素展架,Furniture,https://infipoke.com/zh/game/pokopia/items
infipoke_pokopia_items_zh_hans,ironstand,Iron stand,铁架,Furniture,https://infipoke.com/zh/game/pokopia/items
infipoke_pokopia_items_zh_hans,foodcounter,Food counter,餐点柜台,Furniture,https://infipoke.com/zh/game/pokopia/items
infipoke_pokopia_items_zh_hans,plaintable,Plain table,朴素桌,Furniture,https://infipoke.com/zh/game/pokopia/items
infipoke_pokopia_items_zh_hans,antiquetable,Antique table,古董桌,Furniture,https://infipoke.com/zh/game/pokopia/items
infipoke_pokopia_items_zh_hans,industrialdesk,Industrial desk,工业风书桌,Furniture,https://infipoke.com/zh/game/pokopia/items
infipoke_pokopia_items_zh_hans,irontable,Iron table,铁桌,Furniture,https://infipoke.com/zh/game/pokopia/items
infipoke_pokopia_items_zh_hans,officedesk,Office desk,办公桌,Furniture,https://infipoke.com/zh/game/pokopia/items
infipoke_pokopia_items_zh_hans,studydesk,Study desk,学习桌,Furniture,https://infipoke.com/zh/game/pokopia/items
infipoke_pokopia_items_zh_hans,cutetable,Cute table,可爱桌,Furniture,https://infipoke.com/zh/game/pokopia/items
infipoke_pokopia_items_zh_hans,ironrack,Iron rack,铁架,Furniture,https://infipoke.com/zh/game/pokopia/items
infipoke_pokopia_items_zh_hans,resorttable,Resort table,度假风桌,Furniture,https://infipoke.com/zh/game/pokopia/items
infipoke_pokopia_items_zh_hans,chictable,Chic table,时尚桌,Furniture,https://infipoke.com/zh/game/pokopia/items
infipoke_pokopia_items_zh_hans,poparttable,Pop art table,波普艺术桌,Furniture,https://infipoke.com/zh/game/pokopia/items
infipoke_pokopia_items_zh_hans,pokeballtable,Poké Ball table,精灵球桌,Furniture,https://infipoke.com/zh/game/pokopia/items
infipoke_pokopia_items_zh_hans,berrytable,Berry table,树果桌,Furniture,https://infipoke.com/zh/game/pokopia/items
infipoke_pokopia_items_zh_hans,stonetable,Stone table,石桌,Furniture,https://infipoke.com/zh/game/pokopia/items
infipoke_pokopia_items_zh_hans,luxurytable,Luxury table,豪华桌,Furniture,https://infipoke.com/zh/game/pokopia/items
infipoke_pokopia_items_zh_hans,officetable,Office table,办公室桌,Furniture,https://infipoke.com/zh/game/pokopia/items
infipoke_pokopia_items_zh_hans,avaluggtable,Avalugg Table,冰岩怪桌,Furniture,https://infipoke.com/zh/game/pokopia/items
infipoke_pokopia_items_zh_hans,strawstool,Straw stool,草编凳,Furniture,https://infipoke.com/zh/game/pokopia/items
infipoke_pokopia_items_zh_hans,berrychair,Berry chair,树果椅,Furniture,https://infipoke.com/zh/game/pokopia/items
infipoke_pokopia_items_zh_hans,simplecushion,Simple cushion,简易坐垫,Furniture,https://infipoke.com/zh/game/pokopia/items
infipoke_pokopia_items_zh_hans,logchair,Log chair,原木椅,Furniture,https://infipoke.com/zh/game/pokopia/items
infipoke_pokopia_items_zh_hans,plainstool,Plain stool,朴素凳,Furniture,https://infipoke.com/zh/game/pokopia/items
infipoke_pokopia_items_zh_hans,resortstool,Resort stool,度假风凳,Furniture,https://infipoke.com/zh/game/pokopia/items
infipoke_pokopia_items_zh_hans,stylishstool,Stylish stool,时尚凳,Furniture,https://infipoke.com/zh/game/pokopia/items
infipoke_pokopia_items_zh_hans,industrialchair,Industrial chair,工业风椅,Furniture,https://infipoke.com/zh/game/pokopia/items
infipoke_pokopia_items_zh_hans,waterproofseat,Waterproof seat,防水座椅,Furniture,https://infipoke.com/zh/game/pokopia/items
infipoke_pokopia_items_zh_hans,woodenstool,Wooden stool,木凳,Furniture,https://infipoke.com/zh/game/pokopia/items
infipoke_pokopia_items_zh_hans,ironchair,Iron chair,铁椅,Furniture,https://infipoke.com/zh/game/pokopia/items
infipoke_pokopia_items_zh_hans,publicseat,Public seat,公共座椅,Furniture,https://infipoke.com/zh/game/pokopia/items
infipoke_pokopia_items_zh_hans,softseat,Soft seat,柔软座椅,Furniture,https://infipoke.com/zh/game/pokopia/items
infipoke_pokopia_items_zh_hans,boxsofa,Box Sofa,箱型沙发,Furniture,https://infipoke.com/zh/game/pokopia/items
infipoke_pokopia_items_zh_hans,plainchair,Plain chair,朴素椅,Furniture,https://infipoke.com/zh/game/pokopia/items
infipoke_pokopia_items_zh_hans,resortchair,Resort chair,度假风椅,Furniture,https://infipoke.com/zh/game/pokopia/items
infipoke_pokopia_items_zh_hans,chicchair,Chic chair,时尚椅,Furniture,https://infipoke.com/zh/game/pokopia/items
infipoke_pokopia_items_zh_hans,fancychair,Fancy chair,华丽椅,Furniture,https://infipoke.com/zh/game/pokopia/items
infipoke_pokopia_items_zh_hans,antiquechair,Antique Chair,古董椅,Furniture,https://infipoke.com/zh/game/pokopia/items
infipoke_pokopia_items_zh_hans,spectatorchair,Spectator chair,观众椅,Furniture,https://infipoke.com/zh/game/pokopia/items
infipoke_pokopia_items_zh_hans,luxurychair,Luxury chair,豪华椅,Furniture,https://infipoke.com/zh/game/pokopia/items
infipoke_pokopia_items_zh_hans,gardenchair,Garden chair,庭院椅,Furniture,https://infipoke.com/zh/game/pokopia/items
infipoke_pokopia_items_zh_hans,foldingchair,Folding chair,折叠椅,Furniture,https://infipoke.com/zh/game/pokopia/items
infipoke_pokopia_items_zh_hans,officechair,Office chair,办公椅,Furniture,https://infipoke.com/zh/game/pokopia/items
infipoke_pokopia_items_zh_hans,cutechair,Cute chair,可爱椅,Furniture,https://infipoke.com/zh/game/pokopia/items
infipoke_pokopia_items_zh_hans,popartchair,Pop art chair,波普艺术椅,Furniture,https://infipoke.com/zh/game/pokopia/items
infipoke_pokopia_items_zh_hans,gamingchair,Gaming chair,电竞椅,Furniture,https://infipoke.com/zh/game/pokopia/items
infipoke_pokopia_items_zh_hans,woodenbench,Wooden bench,木长椅,Furniture,https://infipoke.com/zh/game/pokopia/items
infipoke_pokopia_items_zh_hans,stonebench,Stone bench,石长椅,Furniture,https://infipoke.com/zh/game/pokopia/items
infipoke_pokopia_items_zh_hans,plainsofa,Plain sofa,朴素沙发,Furniture,https://infipoke.com/zh/game/pokopia/items
infipoke_pokopia_items_zh_hans,resortsofa,Resort sofa,度假风沙发,Furniture,https://infipoke.com/zh/game/pokopia/items
infipoke_pokopia_items_zh_hans,chicsofa,Chic sofa,时尚沙发,Furniture,https://infipoke.com/zh/game/pokopia/items
infipoke_pokopia_items_zh_hans,antiquesofa,Antique sofa,古董沙发,Furniture,https://infipoke.com/zh/game/pokopia/items
infipoke_pokopia_items_zh_hans,ironbench,Iron bench,铁长椅,Furniture,https://infipoke.com/zh/game/pokopia/items
infipoke_pokopia_items_zh_hans,industrialbench,Industrial bench,工业风长椅,Furniture,https://infipoke.com/zh/game/pokopia/items
infipoke_pokopia_items_zh_hans,luxurysofa,Luxury sofa,豪华沙发,Furniture,https://infipoke.com/zh/game/pokopia/items
infipoke_pokopia_items_zh_hans,gardenbench,Garden bench,庭院长椅,Furniture,https://infipoke.com/zh/game/pokopia/items
infipoke_pokopia_items_zh_hans,cutesofa,Cute sofa,可爱沙发,Furniture,https://infipoke.com/zh/game/pokopia/items
infipoke_pokopia_items_zh_hans,popartsofa,Pop art sofa,波普艺术沙发,Furniture,https://infipoke.com/zh/game/pokopia/items
infipoke_pokopia_items_zh_hans,pokeballsofa,Poké Ball Sofa,精灵球沙发,Furniture,https://infipoke.com/zh/game/pokopia/items
infipoke_pokopia_items_zh_hans,pikachusofa,Pikachu sofa,皮卡丘沙发,Furniture,https://infipoke.com/zh/game/pokopia/items
infipoke_pokopia_items_zh_hans,logbed,Log Bed,原木床,Furniture,https://infipoke.com/zh/game/pokopia/items
infipoke_pokopia_items_zh_hans,miniplainbed,Mini plain bed,迷你简易床,Furniture,https://infipoke.com/zh/game/pokopia/items
infipoke_pokopia_items_zh_hans,resortbed,Resort bed,度假风床铺,Furniture,https://infipoke.com/zh/game/pokopia/items
infipoke_pokopia_items_zh_hans,ironbed,Iron bed,铁艺床,Furniture,https://infipoke.com/zh/game/pokopia/items
infipoke_pokopia_items_zh_hans,deckchair,Deck chair,躺椅,Furniture,https://infipoke.com/zh/game/pokopia/items
infipoke_pokopia_items_zh_hans,beachchair,Beach chair,沙滩椅,Furniture,https://infipoke.com/zh/game/pokopia/items
infipoke_pokopia_items_zh_hans,strawbed,Straw bed,稻草床,Furniture,https://infipoke.com/zh/game/pokopia/items
infipoke_pokopia_items_zh_hans,popartbed,Pop art bed,波普艺术床,Furniture,https://infipoke.com/zh/game/pokopia/items
infipoke_pokopia_items_zh_hans,pokeballbed,Poké Ball bed,精灵球床,Furniture,https://infipoke.com/zh/game/pokopia/items
infipoke_pokopia_items_zh_hans,berrybed,Berry bed,树果床,Furniture,https://infipoke.com/zh/game/pokopia/items
infipoke_pokopia_items_zh_hans,woodenbed,Wooden Bed,木制床,Furniture,https://infipoke.com/zh/game/pokopia/items
infipoke_pokopia_items_zh_hans,plainbed,Plain bed,简易床,Furniture,https://infipoke.com/zh/game/pokopia/items
infipoke_pokopia_items_zh_hans,resorthammock,Resort hammock,度假风吊床,Furniture,https://infipoke.com/zh/game/pokopia/items
infipoke_pokopia_items_zh_hans,guest-roombed,Guest-room bed,客房床,Furniture,https://infipoke.com/zh/game/pokopia/items
infipoke_pokopia_items_zh_hans,antiquebed,Antique bed,古董床,Furniture,https://infipoke.com/zh/game/pokopia/items
infipoke_pokopia_items_zh_hans,industrialbed,Industrial bed,工业风床,Furniture,https://infipoke.com/zh/game/pokopia/items
infipoke_pokopia_items_zh_hans,luxurybed,Luxury bed,豪华床,Furniture,https://infipoke.com/zh/game/pokopia/items
infipoke_pokopia_items_zh_hans,cutebed,Cute bed,可爱床,Furniture,https://infipoke.com/zh/game/pokopia/items
infipoke_pokopia_items_zh_hans,gamingbed,Gaming bed,电竞床,Furniture,https://infipoke.com/zh/game/pokopia/items
infipoke_pokopia_items_zh_hans,naptimebed,Naptime bed,午睡床,Furniture,https://infipoke.com/zh/game/pokopia/items
infipoke_pokopia_items_zh_hans,wallmirror,Wall mirror,壁挂镜,Furniture,https://infipoke.com/zh/game/pokopia/items
infipoke_pokopia_items_zh_hans,largemirror,Large mirror,大镜子,Furniture,https://infipoke.com/zh/game/pokopia/items
infipoke_pokopia_items_zh_hans,antiquedresser,Antique dresser,古董梳妆台,Furniture,https://infipoke.com/zh/game/pokopia/items
infipoke_pokopia_items_zh_hans,luxurydresser,Luxury dresser,豪华梳妆台,Furniture,https://infipoke.com/zh/game/pokopia/items
infipoke_pokopia_items_zh_hans,cutedresser,Cute dresser,可爱梳妆台,Furniture,https://infipoke.com/zh/game/pokopia/items
infipoke_pokopia_items_zh_hans,wigglymirror,Wiggly mirror,摆动镜子,Furniture,https://infipoke.com/zh/game/pokopia/items
infipoke_pokopia_items_zh_hans,flowertable,Flower table,花朵桌,Furniture,https://infipoke.com/zh/game/pokopia/items
infipoke_pokopia_items_zh_hans,flowercushion,Flower cushion,花朵坐垫,Furniture,https://infipoke.com/zh/game/pokopia/items
infipoke_pokopia_items_zh_hans,woodenplate,Wooden plate,木盘子,Misc.,https://infipoke.com/zh/game/pokopia/items
infipoke_pokopia_items_zh_hans,plate,Plate,盘子,Misc.,https://infipoke.com/zh/game/pokopia/items
infipoke_pokopia_items_zh_hans,offeringdish,Offering dish,供奉皿,Misc.,https://infipoke.com/zh/game/pokopia/items
infipoke_pokopia_items_zh_hans,partyplatter,Party platter,派对拼盘,Misc.,https://infipoke.com/zh/game/pokopia/items
infipoke_pokopia_items_zh_hans,picnicbasket,Picnic basket,野餐篮,Misc.,https://infipoke.com/zh/game/pokopia/items
infipoke_pokopia_items_zh_hans,mug,Mug,马克杯,Misc.,https://infipoke.com/zh/game/pokopia/items
infipoke_pokopia_items_zh_hans,teaset,Tea set,茶具,Misc.,https://infipoke.com/zh/game/pokopia/items
infipoke_pokopia_items_zh_hans,tablesetting,Table setting,餐桌摆设,Misc.,https://infipoke.com/zh/game/pokopia/items
infipoke_pokopia_items_zh_hans,paperpartycups,Paper Party cups,派对纸杯,Misc.,https://infipoke.com/zh/game/pokopia/items
infipoke_pokopia_items_zh_hans,pizza,Pizza,披萨,Misc.,https://infipoke.com/zh/game/pokopia/items
infipoke_pokopia_items_zh_hans,friedpotatoes,Fried potatoes,炸薯条,Misc.,https://infipoke.com/zh/game/pokopia/items
infipoke_pokopia_items_zh_hans,sodafloat,Soda float,漂浮汽水,Misc.,https://infipoke.com/zh/game/pokopia/items
infipoke_pokopia_items_zh_hans,afternoonteaset,Afternoon tea set,下午茶套餐,Misc.,https://infipoke.com/zh/game/pokopia/items
infipoke_pokopia_items_zh_hans,chocolatecookies,Chocolate cookies,巧克力曲奇,Misc.,https://infipoke.com/zh/game/pokopia/items
infipoke_pokopia_items_zh_hans,sandwiches,Sandwiches,三明治,Misc.,https://infipoke.com/zh/game/pokopia/items
infipoke_pokopia_items_zh_hans,shavedice,Shaved ice,刨冰,Misc.,https://infipoke.com/zh/game/pokopia/items
infipoke_pokopia_items_zh_hans,ribboncake,Ribbon cake,丝带蛋糕,Misc.,https://infipoke.com/zh/game/pokopia/items
infipoke_pokopia_items_zh_hans,berrybasket,Berry basket,树果篮,Misc.,https://infipoke.com/zh/game/pokopia/items
infipoke_pokopia_items_zh_hans,smallvase,Small vase,小花瓶,Misc.,https://infipoke.com/zh/game/pokopia/items
infipoke_pokopia_items_zh_hans,leafyplant,Leafy plant,绿叶植物,Misc.,https://infipoke.com/zh/game/pokopia/items
infipoke_pokopia_items_zh_hans,pitcher-plantpot,Pitcher-plant pot,猪笼草盆栽,Misc.,https://infipoke.com/zh/game/pokopia/items
infipoke_pokopia_items_zh_hans,extravagantflowers,Extravagant flowers,华丽花束,Misc.,https://infipoke.com/zh/game/pokopia/items
infipoke_pokopia_items_zh_hans,tallpottedplant,Tall potted plant,大型盆栽,Misc.,https://infipoke.com/zh/game/pokopia/items
infipoke_pokopia_items_zh_hans,flat-leafplant,Flat-leaf plant,扁叶植物,Misc.,https://infipoke.com/zh/game/pokopia/items
infipoke_pokopia_items_zh_hans,twistedpottedplant,Twisted potted plant,扭曲盆栽,Misc.,https://infipoke.com/zh/game/pokopia/items
infipoke_pokopia_items_zh_hans,munnabank,Munna bank,食梦梦存钱罐,Misc.,https://infipoke.com/zh/game/pokopia/items
infipoke_pokopia_items_zh_hans,smallgarbagecan,Small garbage can,小垃圾桶,Misc.,https://infipoke.com/zh/game/pokopia/items
infipoke_pokopia_items_zh_hans,pencilholder,Pencil holder,笔筒,Misc.,https://infipoke.com/zh/game/pokopia/items
infipoke_pokopia_items_zh_hans,fancypen,Fancy pen,华丽钢笔,Misc.,https://infipoke.com/zh/game/pokopia/items
infipoke_pokopia_items_zh_hans,letter,Letter,信件,Misc.,https://infipoke.com/zh/game/pokopia/items
infipoke_pokopia_items_zh_hans,notepad,Notepad,记事本,Misc.,https://infipoke.com/zh/game/pokopia/items
infipoke_pokopia_items_zh_hans,book,Book,书本,Misc.,https://infipoke.com/zh/game/pokopia/items
infipoke_pokopia_items_zh_hans,openbook,Open Book,翻开的书,Misc.,https://infipoke.com/zh/game/pokopia/items
infipoke_pokopia_items_zh_hans,bookpile,Book pile,书堆,Misc.,https://infipoke.com/zh/game/pokopia/items
infipoke_pokopia_items_zh_hans,papers,Papers,文件,Misc.,https://infipoke.com/zh/game/pokopia/items
infipoke_pokopia_items_zh_hans,newspaper,Newspaper,报纸,Misc.,https://infipoke.com/zh/game/pokopia/items
infipoke_pokopia_items_zh_hans,photoframe,Photo frame,相框,Misc.,https://infipoke.com/zh/game/pokopia/items
infipoke_pokopia_items_zh_hans,wallphotoframe,Wall photo frame,壁挂相框,Misc.,https://infipoke.com/zh/game/pokopia/items
infipoke_pokopia_items_zh_hans,corkboard,Corkboard,软木板,Misc.,https://infipoke.com/zh/game/pokopia/items
infipoke_pokopia_items_zh_hans,cdrack,CD rack,CD架,Misc.,https://infipoke.com/zh/game/pokopia/items
infipoke_pokopia_items_zh_hans,magazinerack,Magazine rack,杂志架,Misc.,https://infipoke.com/zh/game/pokopia/items
infipoke_pokopia_items_zh_hans,minibookcase,Mini bookcase,迷你书柜,Misc.,https://infipoke.com/zh/game/pokopia/items
infipoke_pokopia_items_zh_hans,bookcase,Bookcase,书柜,Misc.,https://infipoke.com/zh/game/pokopia/items
infipoke_pokopia_items_zh_hans,stonefireplace,Stone fireplace,石制壁炉,Misc.,https://infipoke.com/zh/game/pokopia/items
infipoke_pokopia_items_zh_hans,diningcabinet,Dining cabinet,餐边柜,Misc.,https://infipoke.com/zh/game/pokopia/items
infipoke_pokopia_items_zh_hans,modernsink,Modern sink,现代水槽,Misc.,https://infipoke.com/zh/game/pokopia/items
infipoke_pokopia_items_zh_hans,cookingstove,Cooking stove,炉灶,Misc.,https://infipoke.com/zh/game/pokopia/items
infipoke_pokopia_items_zh_hans,microwaveoven,Microwave oven,微波炉,Misc.,https://infipoke.com/zh/game/pokopia/items
infipoke_pokopia_items_zh_hans,refrigerator,Refrigerator,冰箱,Misc.,https://infipoke.com/zh/game/pokopia/items
infipoke_pokopia_items_zh_hans,fan,Fan,电风扇,Misc.,https://infipoke.com/zh/game/pokopia/items
infipoke_pokopia_items_zh_hans,airconditioner,Air conditioner,空调,Misc.,https://infipoke.com/zh/game/pokopia/items
infipoke_pokopia_items_zh_hans,printer,Printer,打印机,Misc.,https://infipoke.com/zh/game/pokopia/items
infipoke_pokopia_items_zh_hans,washingmachine,Washing machine,洗衣机,Misc.,https://infipoke.com/zh/game/pokopia/items
infipoke_pokopia_items_zh_hans,toilet,Toilet,马桶,Misc.,https://infipoke.com/zh/game/pokopia/items
infipoke_pokopia_items_zh_hans,sink,Sink,水槽,Misc.,https://infipoke.com/zh/game/pokopia/items
infipoke_pokopia_items_zh_hans,towelrack,Towel rack,毛巾架,Misc.,https://infipoke.com/zh/game/pokopia/items
infipoke_pokopia_items_zh_hans,bathtimeset,Bathtime set,沐浴套装,Misc.,https://infipoke.com/zh/game/pokopia/items
infipoke_pokopia_items_zh_hans,cleaningsupplies,Cleaning supplies,清洁用品,Misc.,https://infipoke.com/zh/game/pokopia/items
infipoke_pokopia_items_zh_hans,shower,Shower,淋浴器,Misc.,https://infipoke.com/zh/game/pokopia/items
infipoke_pokopia_items_zh_hans,bathtub,Bathtub,浴缸,Misc.,https://infipoke.com/zh/game/pokopia/items
infipoke_pokopia_items_zh_hans,bouncybluebathtub,Bouncy blue bathtub,弹弹蓝浴缸,Misc.,https://infipoke.com/zh/game/pokopia/items
infipoke_pokopia_items_zh_hans,tablet,Tablet,平板电脑,Misc.,https://infipoke.com/zh/game/pokopia/items
infipoke_pokopia_items_zh_hans,cellphone,Cell phone,手机,Misc.,https://infipoke.com/zh/game/pokopia/items
infipoke_pokopia_items_zh_hans,laptop,Laptop,笔记本电脑,Misc.,https://infipoke.com/zh/game/pokopia/items
infipoke_pokopia_items_zh_hans,computer,Computer,电脑,Misc.,https://infipoke.com/zh/game/pokopia/items
infipoke_pokopia_items_zh_hans,gamingpc,Gaming PC,游戏电脑,Misc.,https://infipoke.com/zh/game/pokopia/items
infipoke_pokopia_items_zh_hans,television,Television,电视机,Misc.,https://infipoke.com/zh/game/pokopia/items
infipoke_pokopia_items_zh_hans,wallmonitor,Wall monitor,壁挂显示器,Misc.,https://infipoke.com/zh/game/pokopia/items
infipoke_pokopia_items_zh_hans,arcademachine,Arcade machine,街机,Misc.,https://infipoke.com/zh/game/pokopia/items
infipoke_pokopia_items_zh_hans,alarmclock,Alarm Clock,闹钟,Misc.,https://infipoke.com/zh/game/pokopia/items
infipoke_pokopia_items_zh_hans,toyblocks,Toy blocks,积木,Misc.,https://infipoke.com/zh/game/pokopia/items
infipoke_pokopia_items_zh_hans,pinwheels,Pinwheels,风车,Misc.,https://infipoke.com/zh/game/pokopia/items
infipoke_pokopia_items_zh_hans,knittingsupplies,Knitting supplies,编织用品,Misc.,https://infipoke.com/zh/game/pokopia/items
infipoke_pokopia_items_zh_hans,gameboysystem,Game Boy system,Game Boy主机,Misc.,https://infipoke.com/zh/game/pokopia/items
infipoke_pokopia_items_zh_hans,humidifier,Humidifier,加湿器,Misc.,https://infipoke.com/zh/game/pokopia/items
infipoke_pokopia_items_zh_hans,funkydiffuser,Funky diffuser,时尚扩香器,Misc.,https://infipoke.com/zh/game/pokopia/items
infipoke_pokopia_items_zh_hans,firstaidkit,First aid kit,急救箱,Misc.,https://infipoke.com/zh/game/pokopia/items
infipoke_pokopia_items_zh_hans,crystalball,Crystal ball,水晶球,Misc.,https://infipoke.com/zh/game/pokopia/items
infipoke_pokopia_items_zh_hans,microscope,Microscope,显微镜,Misc.,https://infipoke.com/zh/game/pokopia/items
infipoke_pokopia_items_zh_hans,scienceexperiment,Science experiment,科学实验装置,Misc.,https://infipoke.com/zh/game/pokopia/items
infipoke_pokopia_items_zh_hans,jumbledcords,Jumbled cords,缠绕的电线,Misc.,https://infipoke.com/zh/game/pokopia/items
infipoke_pokopia_items_zh_hans,cdplayer,CD player,CD播放器,Misc.,https://infipoke.com/zh/game/pokopia/items
infipoke_pokopia_items_zh_hans,tabletopmic,Tabletop mic,桌面麦克风,Misc.,https://infipoke.com/zh/game/pokopia/items
infipoke_pokopia_items_zh_hans,standingmic,Standing mic,立式麦克风,Misc.,https://infipoke.com/zh/game/pokopia/items
infipoke_pokopia_items_zh_hans,bigdrum,Big drum,大鼓,Misc.,https://infipoke.com/zh/game/pokopia/items
infipoke_pokopia_items_zh_hans,coolelectricguitar,Cool electric guitar,酷炫电吉他,Misc.,https://infipoke.com/zh/game/pokopia/items
infipoke_pokopia_items_zh_hans,coolbassguitar,Cool bass guitar,酷炫贝斯吉他,Misc.,https://infipoke.com/zh/game/pokopia/items
infipoke_pokopia_items_zh_hans,audiomixer,Audio mixer,调音台,Misc.,https://infipoke.com/zh/game/pokopia/items
infipoke_pokopia_items_zh_hans,speaker,Speaker,音箱,Misc.,https://infipoke.com/zh/game/pokopia/items
infipoke_pokopia_items_zh_hans,goldteeth,Gold Teeth,金牙,Misc.,https://infipoke.com/zh/game/pokopia/items
infipoke_pokopia_items_zh_hans,repel,Repel,除虫喷雾,Misc.,https://infipoke.com/zh/game/pokopia/items
infipoke_pokopia_items_zh_hans,bignugget,Big Nugget,巨型金珠,Misc.,https://infipoke.com/zh/game/pokopia/items
infipoke_pokopia_items_zh_hans,balloons,Balloons,气球,Misc.,https://infipoke.com/zh/game/pokopia/items
infipoke_pokopia_items_zh_hans,punchinggame,Punching game,拳击游戏机,Misc.,https://infipoke.com/zh/game/pokopia/items
infipoke_pokopia_items_zh_hans,boo-in-the-box,Boo-in-the-box,惊吓盒,Misc.,https://infipoke.com/zh/game/pokopia/items
infipoke_pokopia_items_zh_hans,wobbuffetwobbler,Wobbuffet Wobbler,果然翁不倒翁,Misc.,https://infipoke.com/zh/game/pokopia/items
infipoke_pokopia_items_zh_hans,stepstool,Step stool,脚踏凳,Misc.,https://infipoke.com/zh/game/pokopia/items
infipoke_pokopia_items_zh_hans,cardboardboxes,Cardboard boxes,纸箱,Misc.,https://infipoke.com/zh/game/pokopia/items
infipoke_pokopia_items_zh_hans,whiteboard,Whiteboard,白板,Misc.,https://infipoke.com/zh/game/pokopia/items
infipoke_pokopia_items_zh_hans,controlunit,Control unit,控制单元,Misc.,https://infipoke.com/zh/game/pokopia/items
infipoke_pokopia_items_zh_hans,auspiciousarmor,Auspicious Armor,祝庆铠甲,Misc.,https://infipoke.com/zh/game/pokopia/items
infipoke_pokopia_items_zh_hans,maliciousarmor,Malicious Armor,诅咒铠甲,Misc.,https://infipoke.com/zh/game/pokopia/items
infipoke_pokopia_items_zh_hans,clearbell,Clear Bell,清澈铃铛,Misc.,https://infipoke.com/zh/game/pokopia/items
infipoke_pokopia_items_zh_hans,tidalbell,Tidal Bell,潮汐铃铛,Misc.,https://infipoke.com/zh/game/pokopia/items
infipoke_pokopia_items_zh_hans,ship'swheel,Ship's Wheel,船舵,Misc.,https://infipoke.com/zh/game/pokopia/items
infipoke_pokopia_items_zh_hans,mysteriousstatue,Mysterious statue,神秘雕像,Misc.,https://infipoke.com/zh/game/pokopia/items
infipoke_pokopia_items_zh_hans,fierymagbystatue,Fiery Magby statue,鸭嘴宝宝火焰雕像,Misc.,https://infipoke.com/zh/game/pokopia/items
infipoke_pokopia_items_zh_hans,gymemblemstatue,Gym emblem statue,道馆徽章雕像,Misc.,https://infipoke.com/zh/game/pokopia/items
infipoke_pokopia_items_zh_hans,spacesuit,Spacesuit,太空服,Misc.,https://infipoke.com/zh/game/pokopia/items
infipoke_pokopia_items_zh_hans,modelspaceshuttle,Model space shuttle,太空梭模型,Misc.,https://infipoke.com/zh/game/pokopia/items
infipoke_pokopia_items_zh_hans,spaceship,Spaceship,宇宙飞船,Misc.,https://infipoke.com/zh/game/pokopia/items
infipoke_pokopia_items_zh_hans,wallcalendar,Wall Calendar,挂历,Misc.,https://infipoke.com/zh/game/pokopia/items
infipoke_pokopia_items_zh_hans,wreath,Wreath,花环,Misc.,https://infipoke.com/zh/game/pokopia/items
infipoke_pokopia_items_zh_hans,decorativebookshelf,Decorative bookshelf,装饰书架,Misc.,https://infipoke.com/zh/game/pokopia/items
infipoke_pokopia_items_zh_hans,decorativestorageshelf,Decorative storage shelf,装饰置物架,Misc.,https://infipoke.com/zh/game/pokopia/items
infipoke_pokopia_items_zh_hans,decorativeplantshelf,Decorative plant shelf,装饰花架,Misc.,https://infipoke.com/zh/game/pokopia/items
infipoke_pokopia_items_zh_hans,antiqueclock,Antique clock,古董钟,Misc.,https://infipoke.com/zh/game/pokopia/items
infipoke_pokopia_items_zh_hans,berryclock,Berry clock,树果钟,Misc.,https://infipoke.com/zh/game/pokopia/items
infipoke_pokopia_items_zh_hans,rowletclock,Rowlet clock,木木枭钟,Misc.,https://infipoke.com/zh/game/pokopia/items
infipoke_pokopia_items_zh_hans,hangingbanner,Hanging banner,悬挂旗帜,Misc.,https://infipoke.com/zh/game/pokopia/items
infipoke_pokopia_items_zh_hans,partybunting,Party bunting,派对彩旗,Misc.,https://infipoke.com/zh/game/pokopia/items
infipoke_pokopia_items_zh_hans,vinewalldecoration,Vine wall decoration,藤蔓墙饰,Misc.,https://infipoke.com/zh/game/pokopia/items
infipoke_pokopia_items_zh_hans,berrywalldecoration,Berry wall decoration,树果墙饰,Misc.,https://infipoke.com/zh/game/pokopia/items
infipoke_pokopia_items_zh_hans,hangingscroll,Hanging scroll,挂轴,Misc.,https://infipoke.com/zh/game/pokopia/items
infipoke_pokopia_items_zh_hans,ceilingfan,Ceiling fan,吊扇,Misc.,https://infipoke.com/zh/game/pokopia/items
infipoke_pokopia_items_zh_hans,castformweathercharm,Castform weather charm,飘浮泡泡晴天娃娃,Misc.,https://infipoke.com/zh/game/pokopia/items
infipoke_pokopia_items_zh_hans,eeveedoll,Eevee doll,伊布玩偶,Misc.,https://infipoke.com/zh/game/pokopia/items
infipoke_pokopia_items_zh_hans,pikachudoll,Pikachu doll,皮卡丘玩偶,Misc.,https://infipoke.com/zh/game/pokopia/items
infipoke_pokopia_items_zh_hans,clefairydoll,Clefairy doll,皮皮玩偶,Misc.,https://infipoke.com/zh/game/pokopia/items
infipoke_pokopia_items_zh_hans,arcaninedoll,Arcanine doll,风速狗玩偶,Misc.,https://infipoke.com/zh/game/pokopia/items
infipoke_pokopia_items_zh_hans,dragonitedoll,Dragonite doll,快龙玩偶,Misc.,https://infipoke.com/zh/game/pokopia/items
infipoke_pokopia_items_zh_hans,dittodoll,Ditto doll,百变怪玩偶,Misc.,https://infipoke.com/zh/game/pokopia/items
infipoke_pokopia_items_zh_hans,substitutedoll,Substitute doll,替身玩偶,Misc.,https://infipoke.com/zh/game/pokopia/items
infipoke_pokopia_items_zh_hans,grubbyletter,Grubby letter,脏乱信件,Misc.,https://infipoke.com/zh/game/pokopia/items
infipoke_pokopia_items_zh_hans,grubbynotepad,Grubby notepad,脏乱记事本,Misc.,https://infipoke.com/zh/game/pokopia/items
infipoke_pokopia_items_zh_hans,grubbybook,Grubby book,脏乱书,Misc.,https://infipoke.com/zh/game/pokopia/items
infipoke_pokopia_items_zh_hans,grubbypapers,Grubby papers,脏乱文件,Misc.,https://infipoke.com/zh/game/pokopia/items
infipoke_pokopia_items_zh_hans,grubbynewspaper,Grubby newspaper,脏乱报纸,Misc.,https://infipoke.com/zh/game/pokopia/items
infipoke_pokopia_items_zh_hans,grubbytablet,Grubby tablet,脏乱平板,Misc.,https://infipoke.com/zh/game/pokopia/items
infipoke_pokopia_items_zh_hans,grubbycellphone,Grubby cell phone,脏乱手机,Misc.,https://infipoke.com/zh/game/pokopia/items
infipoke_pokopia_items_zh_hans,brokenbookcase,Broken bookcase,坏掉的书柜,Misc.,https://infipoke.com/zh/game/pokopia/items
infipoke_pokopia_items_zh_hans,flowerytablesetting,Flowery table setting,花朵餐桌布置,Misc.,https://infipoke.com/zh/game/pokopia/items
infipoke_pokopia_items_zh_hans,lunchbox,Lunch box,午餐盒,Misc.,https://infipoke.com/zh/game/pokopia/items
infipoke_pokopia_items_zh_hans,hoppipwaterbottle,Hoppip water bottle,毽子草水壶,Misc.,https://infipoke.com/zh/game/pokopia/items
infipoke_pokopia_items_zh_hans,juicetrio,Juice trio,果汁三件套,Misc.,https://infipoke.com/zh/game/pokopia/items
infipoke_pokopia_items_zh_hans,flowergarland,Flower garland,花环,Misc.,https://infipoke.com/zh/game/pokopia/items
infipoke_pokopia_items_zh_hans,flowerbackpack,Flower backpack,花朵背包,Misc.,https://infipoke.com/zh/game/pokopia/items
infipoke_pokopia_items_zh_hans,campfire,Campfire,篝火,Outdoor,https://infipoke.com/zh/game/pokopia/items
infipoke_pokopia_items_zh_hans,torch,Torch,火把,Outdoor,https://infipoke.com/zh/game/pokopia/items
infipoke_pokopia_items_zh_hans,slendercandle,Slender candle,细长蜡烛,Outdoor,https://infipoke.com/zh/game/pokopia/items
infipoke_pokopia_items_zh_hans,eeriecandle,Eerie candle,诡异蜡烛,Outdoor,https://infipoke.com/zh/game/pokopia/items
infipoke_pokopia_items_zh_hans,walltorch,Wall torch,壁挂火把,Outdoor,https://infipoke.com/zh/game/pokopia/items
infipoke_pokopia_items_zh_hans,firepit,Firepit,火坑,Outdoor,https://infipoke.com/zh/game/pokopia/items
infipoke_pokopia_items_zh_hans,bonfire,Bonfire,篝火,Outdoor,https://infipoke.com/zh/game/pokopia/items
infipoke_pokopia_items_zh_hans,sandbox,Sandbox,沙坑,Outdoor,https://infipoke.com/zh/game/pokopia/items
infipoke_pokopia_items_zh_hans,tiretoy,Tire toy,轮胎玩具,Outdoor,https://infipoke.com/zh/game/pokopia/items
infipoke_pokopia_items_zh_hans,concretepipe,Concrete pipe,水泥管,Outdoor,https://infipoke.com/zh/game/pokopia/items
infipoke_pokopia_items_zh_hans,punchingbag,Punching bag,沙袋,Outdoor,https://infipoke.com/zh/game/pokopia/items
infipoke_pokopia_items_zh_hans,slide,Slide,滑梯,Outdoor,https://infipoke.com/zh/game/pokopia/items
infipoke_pokopia_items_zh_hans,vendingmachine,Vending machine,自动贩卖机,Outdoor,https://infipoke.com/zh/game/pokopia/items
infipoke_pokopia_items_zh_hans,wall-mountedflowers,Wall-mounted flowers,壁挂花卉,Outdoor,https://infipoke.com/zh/game/pokopia/items
infipoke_pokopia_items_zh_hans,chanseyplant,Chansey plant,吉利蛋盆栽,Outdoor,https://infipoke.com/zh/game/pokopia/items
infipoke_pokopia_items_zh_hans,gardenornament,Garden ornament,庭院摆饰,Outdoor,https://infipoke.com/zh/game/pokopia/items
infipoke_pokopia_items_zh_hans,bike,Bike,自行车,Outdoor,https://infipoke.com/zh/game/pokopia/items
infipoke_pokopia_items_zh_hans,planter,Planter,花盆,Outdoor,https://infipoke.com/zh/game/pokopia/items
infipoke_pokopia_items_zh_hans,gardenflowers,Garden flowers,庭院花卉,Outdoor,https://infipoke.com/zh/game/pokopia/items
infipoke_pokopia_items_zh_hans,cart,Cart,推车,Outdoor,https://infipoke.com/zh/game/pokopia/items
infipoke_pokopia_items_zh_hans,perch,Perch,栖木,Outdoor,https://infipoke.com/zh/game/pokopia/items
infipoke_pokopia_items_zh_hans,woodenbirdhouse,Wooden birdhouse,木制鸟屋,Outdoor,https://infipoke.com/zh/game/pokopia/items
infipoke_pokopia_items_zh_hans,mailbox,Mailbox,邮箱,Outdoor,https://infipoke.com/zh/game/pokopia/items
infipoke_pokopia_items_zh_hans,weathervane,Weather vane,风向标,Outdoor,https://infipoke.com/zh/game/pokopia/items
infipoke_pokopia_items_zh_hans,gravestone,Gravestone,墓碑,Outdoor,https://infipoke.com/zh/game/pokopia/items
infipoke_pokopia_items_zh_hans,blankcanvas,Blank canvas,空白画布,Outdoor,https://infipoke.com/zh/game/pokopia/items
infipoke_pokopia_items_zh_hans,painting(landscape),Painting (landscape),画（风景）,Outdoor,https://infipoke.com/zh/game/pokopia/items
infipoke_pokopia_items_zh_hans,painting(portrait),Painting (portrait),画（肖像）,Outdoor,https://infipoke.com/zh/game/pokopia/items
infipoke_pokopia_items_zh_hans,painting(stilllife),Painting (still life),画（静物）,Outdoor,https://infipoke.com/zh/game/pokopia/items
infipoke_pokopia_items_zh_hans,cannon,Cannon,大炮,Outdoor,https://infipoke.com/zh/game/pokopia/items
infipoke_pokopia_items_zh_hans,bell,Bell,钟,Outdoor,https://infipoke.com/zh/game/pokopia/items
infipoke_pokopia_items_zh_hans,smallstage,Small stage,小型舞台,Outdoor,https://infipoke.com/zh/game/pokopia/items
infipoke_pokopia_items_zh_hans,hot-springspout,Hot-spring spout,温泉出水口,Outdoor,https://infipoke.com/zh/game/pokopia/items
infipoke_pokopia_items_zh_hans,waterbasin,Water basin,水盆,Outdoor,https://infipoke.com/zh/game/pokopia/items
infipoke_pokopia_items_zh_hans,canoe,Canoe,独木舟,Outdoor,https://infipoke.com/zh/game/pokopia/items
infipoke_pokopia_items_zh_hans,inflatableboat,Inflatable boat,充气船,Outdoor,https://infipoke.com/zh/game/pokopia/items
infipoke_pokopia_items_zh_hans,beachparasol,Beach parasol,沙滩遮阳伞,Outdoor,https://infipoke.com/zh/game/pokopia/items
infipoke_pokopia_items_zh_hans,horseafountain,Horsea fountain,墨海马喷泉,Outdoor,https://infipoke.com/zh/game/pokopia/items
infipoke_pokopia_items_zh_hans,fishingrod,Fishing rod,钓竿,Outdoor,https://infipoke.com/zh/game/pokopia/items
infipoke_pokopia_items_zh_hans,arrowsign,Arrow sign,箭头指示牌,Outdoor,https://infipoke.com/zh/game/pokopia/items
infipoke_pokopia_items_zh_hans,menuboard,Menu board,菜单板,Outdoor,https://infipoke.com/zh/game/pokopia/items
infipoke_pokopia_items_zh_hans,sign,Sign,招牌,Outdoor,https://infipoke.com/zh/game/pokopia/items
infipoke_pokopia_items_zh_hans,signpost,Signpost,路标,Outdoor,https://infipoke.com/zh/game/pokopia/items
infipoke_pokopia_items_zh_hans,informationboard,Information board,信息板,Outdoor,https://infipoke.com/zh/game/pokopia/items
infipoke_pokopia_items_zh_hans,raichusign,Raichu sign,雷丘看板,Outdoor,https://infipoke.com/zh/game/pokopia/items
infipoke_pokopia_items_zh_hans,photocutoutboard,Photo cutout board,脸洞看板,Outdoor,https://infipoke.com/zh/game/pokopia/items
infipoke_pokopia_items_zh_hans,wornwoodencrate,Worn wooden crate,破旧木箱,Outdoor,https://infipoke.com/zh/game/pokopia/items
infipoke_pokopia_items_zh_hans,woodencrate,Wooden crate,木箱,Outdoor,https://infipoke.com/zh/game/pokopia/items
infipoke_pokopia_items_zh_hans,barrel,Barrel,木桶,Outdoor,https://infipoke.com/zh/game/pokopia/items
infipoke_pokopia_items_zh_hans,garbagebags,Garbage bags,垃圾袋,Outdoor,https://infipoke.com/zh/game/pokopia/items
infipoke_pokopia_items_zh_hans,garbagebin,Garbage bin,垃圾桶,Outdoor,https://infipoke.com/zh/game/pokopia/items
infipoke_pokopia_items_zh_hans,recyclingbin,Recycling bin,回收箱,Outdoor,https://infipoke.com/zh/game/pokopia/items
infipoke_pokopia_items_zh_hans,grubbyrags,Grubby rags,脏乱破布,Outdoor,https://infipoke.com/zh/game/pokopia/items
infipoke_pokopia_items_zh_hans,nonburnablegarbage(outdoor),Nonburnable garbage (outdoor),不可燃垃圾（户外）,Outdoor,https://infipoke.com/zh/game/pokopia/items
infipoke_pokopia_items_zh_hans,trafficcone,Traffic cone,交通锥,Outdoor,https://infipoke.com/zh/game/pokopia/items
infipoke_pokopia_items_zh_hans,sewer-holecover,Sewer-hole cover,下水道盖,Outdoor,https://infipoke.com/zh/game/pokopia/items
infipoke_pokopia_items_zh_hans,firehydrant,Fire hydrant,消防栓,Outdoor,https://infipoke.com/zh/game/pokopia/items
infipoke_pokopia_items_zh_hans,sandbags,Sandbags,沙袋,Outdoor,https://infipoke.com/zh/game/pokopia/items
infipoke_pokopia_items_zh_hans,excavationtools,Excavation tools,挖掘工具,Outdoor,https://infipoke.com/zh/game/pokopia/items
infipoke_pokopia_items_zh_hans,tires,Tires,轮胎,Outdoor,https://infipoke.com/zh/game/pokopia/items
infipoke_pokopia_items_zh_hans,metaldrum,Metal drum,金属桶,Outdoor,https://infipoke.com/zh/game/pokopia/items
infipoke_pokopia_items_zh_hans,constructionsupplies,Construction supplies,建筑材料,Outdoor,https://infipoke.com/zh/game/pokopia/items
infipoke_pokopia_items_zh_hans,ironpipes,Iron pipes,铁管,Outdoor,https://infipoke.com/zh/game/pokopia/items
infipoke_pokopia_items_zh_hans,wheelbarrow,Wheelbarrow,独轮车,Outdoor,https://infipoke.com/zh/game/pokopia/items
infipoke_pokopia_items_zh_hans,largeventilationfan,Large ventilation fan,大型换气扇,Outdoor,https://infipoke.com/zh/game/pokopia/items
infipoke_pokopia_items_zh_hans,heatrock,Heat Rock,炽热岩,Outdoor,https://infipoke.com/zh/game/pokopia/items
infipoke_pokopia_items_zh_hans,icyrock,Icy Rock,冰冻岩,Outdoor,https://infipoke.com/zh/game/pokopia/items
infipoke_pokopia_items_zh_hans,smoothrock,Smooth Rock,光滑岩石,Outdoor,https://infipoke.com/zh/game/pokopia/items
infipoke_pokopia_items_zh_hans,damprock,Damp Rock,潮湿岩,Outdoor,https://infipoke.com/zh/game/pokopia/items
infipoke_pokopia_items_zh_hans,dittoflag,Ditto Flag,百变怪旗帜,Utilities,https://infipoke.com/zh/game/pokopia/items
infipoke_pokopia_items_zh_hans,workbench,Workbench,工作台,Utilities,https://infipoke.com/zh/game/pokopia/items
infipoke_pokopia_items_zh_hans,communitybox,Community Box,社区箱,Utilities,https://infipoke.com/zh/game/pokopia/items
infipoke_pokopia_items_zh_hans,frame,Frame,画框,Utilities,https://infipoke.com/zh/game/pokopia/items
infipoke_pokopia_items_zh_hans,cuttingboard,Cutting board,砧板,Utilities,https://infipoke.com/zh/game/pokopia/items
infipoke_pokopia_items_zh_hans,fryingpan,Frying pan,平底锅,Utilities,https://infipoke.com/zh/game/pokopia/items
infipoke_pokopia_items_zh_hans,stylishfryingpan,Stylish frying pan,时尚平底锅,Utilities,https://infipoke.com/zh/game/pokopia/items
infipoke_pokopia_items_zh_hans,cookingpot,Cooking pot,炖锅,Utilities,https://infipoke.com/zh/game/pokopia/items
infipoke_pokopia_items_zh_hans,stylishcookingpot,Stylish cooking pot,时尚炖锅,Utilities,https://infipoke.com/zh/game/pokopia/items
infipoke_pokopia_items_zh_hans,breadoven,Bread oven,面包烤箱,Utilities,https://infipoke.com/zh/game/pokopia/items
infipoke_pokopia_items_zh_hans,smeltingfurnace,Smelting furnace,熔炼炉,Utilities,https://infipoke.com/zh/game/pokopia/items
infipoke_pokopia_items_zh_hans,metallicsmeltingfurnace,Metallic smelting furnace,金属熔炼炉,Utilities,https://infipoke.com/zh/game/pokopia/items
infipoke_pokopia_items_zh_hans,concretemixer,Concrete mixer,混凝土搅拌机,Utilities,https://infipoke.com/zh/game/pokopia/items
infipoke_pokopia_items_zh_hans,railwaytrack,Railway track,铁轨,Utilities,https://infipoke.com/zh/game/pokopia/items
infipoke_pokopia_items_zh_hans,crossinggate,Crossing gate,平交道闸,Utilities,https://infipoke.com/zh/game/pokopia/items
infipoke_pokopia_items_zh_hans,handcar,Handcar,轨道手摇车,Utilities,https://infipoke.com/zh/game/pokopia/items
infipoke_pokopia_items_zh_hans,elevatorplatform,Elevator platform,升降平台,Utilities,https://infipoke.com/zh/game/pokopia/items
infipoke_pokopia_items_zh_hans,liftplatform,Lift platform,升降平台,Utilities,https://infipoke.com/zh/game/pokopia/items
infipoke_pokopia_items_zh_hans,cashregister,Cash register,收银机,Utilities,https://infipoke.com/zh/game/pokopia/items
infipoke_pokopia_items_zh_hans,sprinkler,Sprinkler,洒水器,Utilities,https://infipoke.com/zh/game/pokopia/items
infipoke_pokopia_items_zh_hans,minifloodgate,Mini floodgate,迷你水闸,Utilities,https://infipoke.com/zh/game/pokopia/items
infipoke_pokopia_items_zh_hans,utilitypole,Utility pole,电线杆,Utilities,https://infipoke.com/zh/game/pokopia/items
infipoke_pokopia_items_zh_hans,wirelesspower-transmitterswitch,Wireless power-transmitter switch,无线电力传输开关,Utilities,https://infipoke.com/zh/game/pokopia/items
infipoke_pokopia_items_zh_hans,wirelesspowertransmitter,Wireless power transmitter,无线电力传输器,Utilities,https://infipoke.com/zh/game/pokopia/items
infipoke_pokopia_items_zh_hans,minigenerator,Mini generator,迷你发电机,Utilities,https://infipoke.com/zh/game/pokopia/items
infipoke_pokopia_items_zh_hans,floorswitch,Floor switch,地面开关,Utilities,https://infipoke.com/zh/game/pokopia/items
infipoke_pokopia_items_zh_hans,wallswitch,Wall switch,墙面开关,Utilities,https://infipoke.com/zh/game/pokopia/items
infipoke_pokopia_items_zh_hans,cardreader,Card reader,读卡器,Utilities,https://infipoke.com/zh/game/pokopia/items
infipoke_pokopia_items_zh_hans,lasersensor,Laser sensor,激光传感器,Utilities,https://infipoke.com/zh/game/pokopia/items
infipoke_pokopia_items_zh_hans,securitycamera,Security camera,监控摄像头,Utilities,https://infipoke.com/zh/game/pokopia/items
infipoke_pokopia_items_zh_hans,mushroomstreetlight,Mushroom streetlight,蘑菇路灯,Utilities,https://infipoke.com/zh/game/pokopia/items
infipoke_pokopia_items_zh_hans,townstreetlight,Town streetlight,城镇路灯,Utilities,https://infipoke.com/zh/game/pokopia/items
infipoke_pokopia_items_zh_hans,harborstreetlight,Harbor streetlight,港口路灯,Utilities,https://infipoke.com/zh/game/pokopia/items
infipoke_pokopia_items_zh_hans,chicstreetlight,Chic streetlight,雅致路灯,Utilities,https://infipoke.com/zh/game/pokopia/items
infipoke_pokopia_items_zh_hans,doublestreetlight,Double streetlight,双头路灯,Utilities,https://infipoke.com/zh/game/pokopia/items
infipoke_pokopia_items_zh_hans,mushroomlamp,Mushroom lamp,蘑菇灯,Utilities,https://infipoke.com/zh/game/pokopia/items
infipoke_pokopia_items_zh_hans,plainlamp,Plain lamp,简约灯,Utilities,https://infipoke.com/zh/game/pokopia/items
infipoke_pokopia_items_zh_hans,desklight,Desk light,台灯,Utilities,https://infipoke.com/zh/game/pokopia/items
infipoke_pokopia_items_zh_hans,pokeballlight,Poké Ball light,精灵球灯,Utilities,https://infipoke.com/zh/game/pokopia/items
infipoke_pokopia_items_zh_hans,berrytablelamp,Berry table lamp,树果台灯,Utilities,https://infipoke.com/zh/game/pokopia/items
infipoke_pokopia_items_zh_hans,cutelamp,Cute lamp,可爱灯,Utilities,https://infipoke.com/zh/game/pokopia/items
infipoke_pokopia_items_zh_hans,pokeballlamp,Poké Ball lamp,精灵球灯,Utilities,https://infipoke.com/zh/game/pokopia/items
infipoke_pokopia_items_zh_hans,modelplanet,Model planet,行星模型,Utilities,https://infipoke.com/zh/game/pokopia/items
infipoke_pokopia_items_zh_hans,redmeteorlamp,Red meteor lamp,红色流星灯,Utilities,https://infipoke.com/zh/game/pokopia/items
infipoke_pokopia_items_zh_hans,orangemeteorlamp,Orange meteor lamp,橙色流星灯,Utilities,https://infipoke.com/zh/game/pokopia/items
infipoke_pokopia_items_zh_hans,yellowmeteorlamp,Yellow meteor lamp,黄色流星灯,Utilities,https://infipoke.com/zh/game/pokopia/items
infipoke_pokopia_items_zh_hans,greenmeteorlamp,Green meteor lamp,绿色流星灯,Utilities,https://infipoke.com/zh/game/pokopia/items
infipoke_pokopia_items_zh_hans,bluemeteorlamp,Blue meteor lamp,蓝色流星灯,Utilities,https://infipoke.com/zh/game/pokopia/items
infipoke_pokopia_items_zh_hans,indigometeorlamp,Indigo meteor lamp,靛色流星灯,Utilities,https://infipoke.com/zh/game/pokopia/items
infipoke_pokopia_items_zh_hans,violetmeteorlamp,Violet meteor lamp,紫罗兰流星灯,Utilities,https://infipoke.com/zh/game/pokopia/items
infipoke_pokopia_items_zh_hans,luxurylamp,Luxury lamp,豪华灯,Utilities,https://infipoke.com/zh/game/pokopia/items
infipoke_pokopia_items_zh_hans,gardenlight,Garden light,庭院灯,Utilities,https://infipoke.com/zh/game/pokopia/items
infipoke_pokopia_items_zh_hans,lantern,Lantern,灯笼,Utilities,https://infipoke.com/zh/game/pokopia/items
infipoke_pokopia_items_zh_hans,seedotlamp,Seedot Lamp,橡实果灯,Utilities,https://infipoke.com/zh/game/pokopia/items
infipoke_pokopia_items_zh_hans,mirrorball,Mirror ball,镜球,Utilities,https://infipoke.com/zh/game/pokopia/items
infipoke_pokopia_items_zh_hans,walllight,Wall light,壁灯,Utilities,https://infipoke.com/zh/game/pokopia/items
infipoke_pokopia_items_zh_hans,shelllamp,Shell lamp,贝壳灯,Utilities,https://infipoke.com/zh/game/pokopia/items
infipoke_pokopia_items_zh_hans,fluorescentlight,Fluorescent light,荧光灯,Utilities,https://infipoke.com/zh/game/pokopia/items
infipoke_pokopia_items_zh_hans,gaminglight,Gaming light,游戏灯,Utilities,https://infipoke.com/zh/game/pokopia/items
infipoke_pokopia_items_zh_hans,resortlight,Resort light,度假村灯,Utilities,https://infipoke.com/zh/game/pokopia/items
infipoke_pokopia_items_zh_hans,stringlights,String lights,串灯,Utilities,https://infipoke.com/zh/game/pokopia/items
infipoke_pokopia_items_zh_hans,popartlamp,Pop art lamp,波普艺术灯,Utilities,https://infipoke.com/zh/game/pokopia/items
infipoke_pokopia_items_zh_hans,berryhanginglamp,Berry hanging lamp,树果吊灯,Utilities,https://infipoke.com/zh/game/pokopia/items
infipoke_pokopia_items_zh_hans,surfacelight,Surface light,吸顶灯,Utilities,https://infipoke.com/zh/game/pokopia/items
infipoke_pokopia_items_zh_hans,spotlight,Spotlight,射灯,Utilities,https://infipoke.com/zh/game/pokopia/items
infipoke_pokopia_items_zh_hans,antiquechandelier,Antique chandelier,古董吊灯,Utilities,https://infipoke.com/zh/game/pokopia/items
infipoke_pokopia_items_zh_hans,musicmat(lowdo),Music mat (low do),音乐地垫（低Do）,Utilities,https://infipoke.com/zh/game/pokopia/items
infipoke_pokopia_items_zh_hans,musicmat(re),Music mat (Re),音乐地垫（Re）,Utilities,https://infipoke.com/zh/game/pokopia/items
infipoke_pokopia_items_zh_hans,musicmat(mi),Music mat (Mi),音乐地垫（Mi）,Utilities,https://infipoke.com/zh/game/pokopia/items
infipoke_pokopia_items_zh_hans,musicmat(fa),Music mat (Fa),音乐地垫（Fa）,Utilities,https://infipoke.com/zh/game/pokopia/items
infipoke_pokopia_items_zh_hans,musicmat(sol),Music mat (Sol),音乐地垫（Sol）,Utilities,https://infipoke.com/zh/game/pokopia/items
infipoke_pokopia_items_zh_hans,musicmat(la),Music mat (La),音乐地垫（La）,Utilities,https://infipoke.com/zh/game/pokopia/items
infipoke_pokopia_items_zh_hans,musicmat(ti),Music mat (Ti),音乐地垫（Ti）,Utilities,https://infipoke.com/zh/game/pokopia/items
infipoke_pokopia_items_zh_hans,musicmat(highdo),Music mat (High do),音乐地垫（高Do）,Utilities,https://infipoke.com/zh/game/pokopia/items
infipoke_pokopia_items_zh_hans,brokenstreetlight,Broken streetlight,坏掉的路灯,Utilities,https://infipoke.com/zh/game/pokopia/items
infipoke_pokopia_items_zh_hans,leppaseeds,Leppa Seeds,苹野果种子,Nature,https://infipoke.com/zh/game/pokopia/items
infipoke_pokopia_items_zh_hans,chestoseeds,Chesto Seeds,零余果种子,Nature,https://infipoke.com/zh/game/pokopia/items
infipoke_pokopia_items_zh_hans,rawstseeds,Rawst seeds,利木果种子,Nature,https://infipoke.com/zh/game/pokopia/items
infipoke_pokopia_items_zh_hans,aspearseeds,Aspear Seeds,柿仔果种子,Nature,https://infipoke.com/zh/game/pokopia/items
infipoke_pokopia_items_zh_hans,pechaseeds,Pecha Seeds,桃桃果种子,Nature,https://infipoke.com/zh/game/pokopia/items
infipoke_pokopia_items_zh_hans,lumseeds,Lum seeds,木子果种子,Nature,https://infipoke.com/zh/game/pokopia/items
infipoke_pokopia_items_zh_hans,palmseeds,Palm seeds,棕榈种子,Nature,https://infipoke.com/zh/game/pokopia/items
infipoke_pokopia_items_zh_hans,pointy-treeseeds,Pointy-tree seeds,三角树种子,Nature,https://infipoke.com/zh/game/pokopia/items
infipoke_pokopia_items_zh_hans,wildflowerseeds,Wildflower seeds,野花种子,Nature,https://infipoke.com/zh/game/pokopia/items
infipoke_pokopia_items_zh_hans,seashore-flowerseeds,Seashore-flower seeds,海边花种子,Nature,https://infipoke.com/zh/game/pokopia/items
infipoke_pokopia_items_zh_hans,mountain-flowerseeds,Mountain-flower seeds,岩场花种子,Nature,https://infipoke.com/zh/game/pokopia/items
infipoke_pokopia_items_zh_hans,skyland-flowerseeds,Skyland-flower seeds,浮岛花种子,Nature,https://infipoke.com/zh/game/pokopia/items
infipoke_pokopia_items_zh_hans,beautiful-flowerseeds,Beautiful-flower seeds,美丽花种子,Nature,https://infipoke.com/zh/game/pokopia/items
infipoke_pokopia_items_zh_hans,cute-flowerseeds,Cute-flower seeds,可爱花种子,Nature,https://infipoke.com/zh/game/pokopia/items
infipoke_pokopia_items_zh_hans,elegant-flowerseeds,Elegant-flower seeds,优雅花种子,Nature,https://infipoke.com/zh/game/pokopia/items
infipoke_pokopia_items_zh_hans,robust-flowerseeds,Robust-flower seeds,坚韧花种子,Nature,https://infipoke.com/zh/game/pokopia/items
infipoke_pokopia_items_zh_hans,adorable-hedgeseeds,Adorable-hedge seeds,可爱树篱种子,Nature,https://infipoke.com/zh/game/pokopia/items
infipoke_pokopia_items_zh_hans,healthy-hedgeseeds,Healthy-hedge seeds,健康树篱种子,Nature,https://infipoke.com/zh/game/pokopia/items
infipoke_pokopia_items_zh_hans,damp-hedgeseeds,Damp-hedge seeds,湿润树篱种子,Nature,https://infipoke.com/zh/game/pokopia/items
infipoke_pokopia_items_zh_hans,stylish-hedgeseeds,Stylish-hedge seeds,时尚树篱种子,Nature,https://infipoke.com/zh/game/pokopia/items
infipoke_pokopia_items_zh_hans,square-plantseeds,Square-plant seeds,方形植物种子,Nature,https://infipoke.com/zh/game/pokopia/items
infipoke_pokopia_items_zh_hans,beanseeds,Bean seeds,豆子种子,Nature,https://infipoke.com/zh/game/pokopia/items
infipoke_pokopia_items_zh_hans,tomatoseeds,Tomato seeds,番茄种子,Nature,https://infipoke.com/zh/game/pokopia/items
infipoke_pokopia_items_zh_hans,wheatseeds,Wheat seeds,小麦种子,Nature,https://infipoke.com/zh/game/pokopia/items
infipoke_pokopia_items_zh_hans,potatoseeds,Potato seeds,马铃薯种子,Nature,https://infipoke.com/zh/game/pokopia/items
infipoke_pokopia_items_zh_hans,tallgrass,Tall grass,草丛,Nature,https://infipoke.com/zh/game/pokopia/items
infipoke_pokopia_items_zh_hans,yellowtallgrass,Yellow tall grass,黄色草丛,Nature,https://infipoke.com/zh/game/pokopia/items
infipoke_pokopia_items_zh_hans,redtallgrass,Red tall grass,红色草丛,Nature,https://infipoke.com/zh/game/pokopia/items
infipoke_pokopia_items_zh_hans,pinktallgrass,Pink tall grass,粉红色草丛,Nature,https://infipoke.com/zh/game/pokopia/items
infipoke_pokopia_items_zh_hans,greenshoots,Green shoots,绿色嫩芽,Nature,https://infipoke.com/zh/game/pokopia/items
infipoke_pokopia_items_zh_hans,yellow-greenshoots,Yellow-green shoots,黄绿嫩芽,Nature,https://infipoke.com/zh/game/pokopia/items
infipoke_pokopia_items_zh_hans,verdantshoots,Verdant shoots,翠绿嫩芽,Nature,https://infipoke.com/zh/game/pokopia/items
infipoke_pokopia_items_zh_hans,blue-greenshoots,Blue-green shoots,蓝绿嫩芽,Nature,https://infipoke.com/zh/game/pokopia/items
infipoke_pokopia_items_zh_hans,duckweed,Duckweed,浮萍,Nature,https://infipoke.com/zh/game/pokopia/items
infipoke_pokopia_items_zh_hans,floweringduckweed,Flowering Duckweed,开花浮萍,Nature,https://infipoke.com/zh/game/pokopia/items
infipoke_pokopia_items_zh_hans,densevines,Dense vines,茂密藤蔓,Nature,https://infipoke.com/zh/game/pokopia/items
infipoke_pokopia_items_zh_hans,moss,Moss,苔藓,Nature,https://infipoke.com/zh/game/pokopia/items
infipoke_pokopia_items_zh_hans,fern,Fern,蕨类,Nature,https://infipoke.com/zh/game/pokopia/items
infipoke_pokopia_items_zh_hans,leppatree,Leppa tree,苹野果树,Nature,https://infipoke.com/zh/game/pokopia/items
infipoke_pokopia_items_zh_hans,largepalmtree,Large palm tree,大椰子树,Nature,https://infipoke.com/zh/game/pokopia/items
infipoke_pokopia_items_zh_hans,pointytree,Pointy tree,三角树,Nature,https://infipoke.com/zh/game/pokopia/items
infipoke_pokopia_items_zh_hans,wildflowers,Wildflowers,野花,Nature,https://infipoke.com/zh/game/pokopia/items
infipoke_pokopia_items_zh_hans,seashoreflowers,Seashore flowers,海边花,Nature,https://infipoke.com/zh/game/pokopia/items
infipoke_pokopia_items_zh_hans,mountainflowers,Mountain flowers,岩场花,Nature,https://infipoke.com/zh/game/pokopia/items
infipoke_pokopia_items_zh_hans,skylandflowers,Skyland flowers,浮岛花,Nature,https://infipoke.com/zh/game/pokopia/items
infipoke_pokopia_items_zh_hans,beautifulflower,Beautiful flower,美丽花,Nature,https://infipoke.com/zh/game/pokopia/items
infipoke_pokopia_items_zh_hans,cuteflower,Cute flower,可爱花,Nature,https://infipoke.com/zh/game/pokopia/items
infipoke_pokopia_items_zh_hans,elegantflower,Elegant flower,优雅花,Nature,https://infipoke.com/zh/game/pokopia/items
infipoke_pokopia_items_zh_hans,robustflower,Robust flower,坚韧花,Nature,https://infipoke.com/zh/game/pokopia/items
infipoke_pokopia_items_zh_hans,adorablehedge,Adorable hedge,可爱树篱,Nature,https://infipoke.com/zh/game/pokopia/items
infipoke_pokopia_items_zh_hans,healthyhedge,Healthy hedge,健康树篱,Nature,https://infipoke.com/zh/game/pokopia/items
infipoke_pokopia_items_zh_hans,damphedge,Damp hedge,湿润树篱,Nature,https://infipoke.com/zh/game/pokopia/items
infipoke_pokopia_items_zh_hans,stylishhedge,Stylish hedge,时尚树篱,Nature,https://infipoke.com/zh/game/pokopia/items
infipoke_pokopia_items_zh_hans,squareplant,Square plant,方形植物,Nature,https://infipoke.com/zh/game/pokopia/items
infipoke_pokopia_items_zh_hans,leppatreestump,Leppa tree stump,苹野果树桩,Nature,https://infipoke.com/zh/game/pokopia/items
infipoke_pokopia_items_zh_hans,palmtreestump,Palm tree stump,椰子树桩,Nature,https://infipoke.com/zh/game/pokopia/items
infipoke_pokopia_items_zh_hans,pointytreestump,Pointy tree stump,三角树桩,Nature,https://infipoke.com/zh/game/pokopia/items
infipoke_pokopia_items_zh_hans,driftwood,Driftwood,漂流木,Nature,https://infipoke.com/zh/game/pokopia/items
infipoke_pokopia_items_zh_hans,stickyweb,Sticky web,黏黏网,Nature,https://infipoke.com/zh/game/pokopia/items
infipoke_pokopia_items_zh_hans,largeboulder,Large boulder,大石头,Nature,https://infipoke.com/zh/game/pokopia/items
infipoke_pokopia_items_zh_hans,mossyboulder,Mossy boulder,长满苔藓的岩石,Nature,https://infipoke.com/zh/game/pokopia/items
infipoke_pokopia_items_zh_hans,moltenrock,Molten rock,熔岩,Nature,https://infipoke.com/zh/game/pokopia/items
infipoke_pokopia_items_zh_hans,cooledmoltenrock,Cooled molten rock,冷却熔岩,Nature,https://infipoke.com/zh/game/pokopia/items
infipoke_pokopia_items_zh_hans,stalagmites,Stalagmites,石笋,Nature,https://infipoke.com/zh/game/pokopia/items
infipoke_pokopia_items_zh_hans,stalactites,Stalactites,钟乳石,Nature,https://infipoke.com/zh/game/pokopia/items
infipoke_pokopia_items_zh_hans,icicle,Icicle,冰柱,Nature,https://infipoke.com/zh/game/pokopia/items
infipoke_pokopia_items_zh_hans,crystalcluster,Crystal cluster,水晶簇,Nature,https://infipoke.com/zh/game/pokopia/items
infipoke_pokopia_items_zh_hans,strengthrock,Strength rock,怪力岩,Nature,https://infipoke.com/zh/game/pokopia/items
infipoke_pokopia_items_zh_hans,stonedebris,Stone debris,石头碎片,Nature,https://infipoke.com/zh/game/pokopia/items
infipoke_pokopia_items_zh_hans,mud,Mud,泥巴,Nature,https://infipoke.com/zh/game/pokopia/items
infipoke_pokopia_items_zh_hans,metaldebris,Metal Debris,金属碎片,Nature,https://infipoke.com/zh/game/pokopia/items
infipoke_pokopia_items_zh_hans,woodfragments,Wood fragments,木头碎片,Nature,https://infipoke.com/zh/game/pokopia/items
infipoke_pokopia_items_zh_hans,stonefragments,Stone fragments,石头碎块,Nature,https://infipoke.com/zh/game/pokopia/items
infipoke_pokopia_items_zh_hans,wornlumber,Worn lumber,破旧木材,Nature,https://infipoke.com/zh/game/pokopia/items
infipoke_pokopia_items_zh_hans,arched-tilingfragments,Arched-tiling fragments,拱形地砖碎片,Nature,https://infipoke.com/zh/game/pokopia/items
infipoke_pokopia_items_zh_hans,metalfragments,Metal fragments,金属碎块,Nature,https://infipoke.com/zh/game/pokopia/items
infipoke_pokopia_items_zh_hans,chestotree,Chesto tree,零余果树,Nature,https://infipoke.com/zh/game/pokopia/items
infipoke_pokopia_items_zh_hans,rawsttree,Rawst tree,利木果树,Nature,https://infipoke.com/zh/game/pokopia/items
infipoke_pokopia_items_zh_hans,aspeartree,Aspear tree,柿仔果树,Nature,https://infipoke.com/zh/game/pokopia/items
infipoke_pokopia_items_zh_hans,pechatree,Pecha tree,桃桃果树,Nature,https://infipoke.com/zh/game/pokopia/items
infipoke_pokopia_items_zh_hans,lumtree,Lum tree,木子果树,Nature,https://infipoke.com/zh/game/pokopia/items
infipoke_pokopia_items_zh_hans,dryleppatree,Dry Leppa tree,枯萎苹野果树,Nature,https://infipoke.com/zh/game/pokopia/items
infipoke_pokopia_items_zh_hans,drychestotree,Dry Chesto tree,枯萎零余果树,Nature,https://infipoke.com/zh/game/pokopia/items
infipoke_pokopia_items_zh_hans,dryrawsttree,Dry Rawst tree,枯萎利木果树,Nature,https://infipoke.com/zh/game/pokopia/items
infipoke_pokopia_items_zh_hans,drypechatree,Dry Pecha tree,枯萎桃桃果树,Nature,https://infipoke.com/zh/game/pokopia/items
infipoke_pokopia_items_zh_hans,dryaspeartree,Dry Aspear tree,枯萎柿仔果树,Nature,https://infipoke.com/zh/game/pokopia/items
infipoke_pokopia_items_zh_hans,drylumtree,Dry Lum tree,枯萎木子果树,Nature,https://infipoke.com/zh/game/pokopia/items
infipoke_pokopia_items_zh_hans,leppatreesapling,Leppa tree sapling,苹野果树苗,Nature,https://infipoke.com/zh/game/pokopia/items
infipoke_pokopia_items_zh_hans,smallleppatree,Small Leppa tree,小苹野果树,Nature,https://infipoke.com/zh/game/pokopia/items
infipoke_pokopia_items_zh_hans,chestotreesapling,Chesto tree sapling,零余果树苗,Nature,https://infipoke.com/zh/game/pokopia/items
infipoke_pokopia_items_zh_hans,smallchestotree,Small Chesto tree,小零余果树,Nature,https://infipoke.com/zh/game/pokopia/items
infipoke_pokopia_items_zh_hans,rawsttreesapling,Rawst tree sapling,利木果树苗,Nature,https://infipoke.com/zh/game/pokopia/items
infipoke_pokopia_items_zh_hans,smallrawsttree,Small Rawst tree,小利木果树,Nature,https://infipoke.com/zh/game/pokopia/items
infipoke_pokopia_items_zh_hans,pechatreesapling,Pecha tree sapling,桃桃果树苗,Nature,https://infipoke.com/zh/game/pokopia/items
infipoke_pokopia_items_zh_hans,smallpechatree,Small Pecha tree,小桃桃果树,Nature,https://infipoke.com/zh/game/pokopia/items
infipoke_pokopia_items_zh_hans,aspeartreesapling,Aspear tree sapling,柿仔果树苗,Nature,https://infipoke.com/zh/game/pokopia/items
infipoke_pokopia_items_zh_hans,smallaspeartree,Small Aspear tree,小柿仔果树,Nature,https://infipoke.com/zh/game/pokopia/items
infipoke_pokopia_items_zh_hans,lumtreesapling,Lum tree sapling,木子果树苗,Nature,https://infipoke.com/zh/game/pokopia/items
infipoke_pokopia_items_zh_hans,smalllumtree,Small Lum tree,小木子果树,Nature,https://infipoke.com/zh/game/pokopia/items
infipoke_pokopia_items_zh_hans,leppatreesapling(grow),Leppa tree sapling (Grow),苹野果树苗（栽培）,Nature,https://infipoke.com/zh/game/pokopia/items
infipoke_pokopia_items_zh_hans,smallleppatree(grow),Small Leppa tree (Grow),小苹野果树（栽培）,Nature,https://infipoke.com/zh/game/pokopia/items
infipoke_pokopia_items_zh_hans,chestotreesapling(grow),Chesto tree sapling (Grow),零余果树苗（栽培）,Nature,https://infipoke.com/zh/game/pokopia/items
infipoke_pokopia_items_zh_hans,smallchestotree(grow),Small Chesto tree (Grow),小零余果树（栽培）,Nature,https://infipoke.com/zh/game/pokopia/items
infipoke_pokopia_items_zh_hans,rawsttreesapling(grow),Rawst tree sapling (Grow),利木果树苗（栽培）,Nature,https://infipoke.com/zh/game/pokopia/items
infipoke_pokopia_items_zh_hans,smallrawsttree(grow),Small Rawst tree (Grow),小利木果树（栽培）,Nature,https://infipoke.com/zh/game/pokopia/items
infipoke_pokopia_items_zh_hans,pechatreesapling(grow),Pecha tree sapling (Grow),桃桃果树苗（栽培）,Nature,https://infipoke.com/zh/game/pokopia/items
infipoke_pokopia_items_zh_hans,smallpechatree(grow),Small Pecha tree (Grow),小桃桃果树（栽培）,Nature,https://infipoke.com/zh/game/pokopia/items
infipoke_pokopia_items_zh_hans,aspeartreesapling(grow),Aspear tree sapling (Grow),柿仔果树苗（栽培）,Nature,https://infipoke.com/zh/game/pokopia/items
infipoke_pokopia_items_zh_hans,smallaspeartree(grow),Small Aspear tree (Grow),小柿仔果树（栽培）,Nature,https://infipoke.com/zh/game/pokopia/items
infipoke_pokopia_items_zh_hans,lumtreesapling(grow),Lum tree sapling (Grow),木子果树苗（栽培）,Nature,https://infipoke.com/zh/game/pokopia/items
infipoke_pokopia_items_zh_hans,smalllumtree(grow),Small Lum tree (Grow),小木子果树（栽培）,Nature,https://infipoke.com/zh/game/pokopia/items
infipoke_pokopia_items_zh_hans,chestotreestump,Chesto tree stump,零余果树桩,Nature,https://infipoke.com/zh/game/pokopia/items
infipoke_pokopia_items_zh_hans,rawsttreestump,Rawst tree stump,利木果树桩,Nature,https://infipoke.com/zh/game/pokopia/items
infipoke_pokopia_items_zh_hans,aspeartreestump,Aspear tree stump,柿仔果树桩,Nature,https://infipoke.com/zh/game/pokopia/items
infipoke_pokopia_items_zh_hans,pechatreestump,Pecha tree stump,桃桃果树桩,Nature,https://infipoke.com/zh/game/pokopia/items
infipoke_pokopia_items_zh_hans,lumtreestump,Lum tree stump,木子果树桩,Nature,https://infipoke.com/zh/game/pokopia/items
infipoke_pokopia_items_zh_hans,palmtreesapling,Palm tree sapling,椰子树苗,Nature,https://infipoke.com/zh/game/pokopia/items
infipoke_pokopia_items_zh_hans,smallpalmtree,Small palm tree,小椰子树,Nature,https://infipoke.com/zh/game/pokopia/items
infipoke_pokopia_items_zh_hans,pointytreesapling,Pointy tree sapling,三角树苗,Nature,https://infipoke.com/zh/game/pokopia/items
infipoke_pokopia_items_zh_hans,smallpointytree,Small pointy tree,小三角树,Nature,https://infipoke.com/zh/game/pokopia/items
infipoke_pokopia_items_zh_hans,palmtreesapling(grow),Palm tree sapling (Grow),椰子树苗（栽培）,Nature,https://infipoke.com/zh/game/pokopia/items
infipoke_pokopia_items_zh_hans,smallpalmtree(grow),Small palm tree (Grow),小椰子树（栽培）,Nature,https://infipoke.com/zh/game/pokopia/items
infipoke_pokopia_items_zh_hans,pointytreesapling(grow),Pointy tree sapling (Grow),三角树苗（栽培）,Nature,https://infipoke.com/zh/game/pokopia/items
infipoke_pokopia_items_zh_hans,smallpointytree(grow),Small pointy tree (Grow),小三角树（栽培）,Nature,https://infipoke.com/zh/game/pokopia/items
infipoke_pokopia_items_zh_hans,drytallgrass,Dry tall grass,枯萎草丛,Nature,https://infipoke.com/zh/game/pokopia/items
infipoke_pokopia_items_zh_hans,dryyellowtallgrass,Dry yellow tall grass,枯萎黄色草丛,Nature,https://infipoke.com/zh/game/pokopia/items
infipoke_pokopia_items_zh_hans,dryredtallgrass,Dry red tall grass,枯萎红色草丛,Nature,https://infipoke.com/zh/game/pokopia/items
infipoke_pokopia_items_zh_hans,drypinktallgrass,Dry pink tall grass,枯萎粉红色草丛,Nature,https://infipoke.com/zh/game/pokopia/items
infipoke_pokopia_items_zh_hans,drypointytree,Dry pointy tree,枯萎三角树,Nature,https://infipoke.com/zh/game/pokopia/items
infipoke_pokopia_items_zh_hans,vine,Vine,藤蔓,Nature,https://infipoke.com/zh/game/pokopia/items
infipoke_pokopia_items_zh_hans,dryvine,Dry vine,枯萎藤蔓,Nature,https://infipoke.com/zh/game/pokopia/items
infipoke_pokopia_items_zh_hans,potatosprout,Potato sprout,马铃薯芽,Nature,https://infipoke.com/zh/game/pokopia/items
infipoke_pokopia_items_zh_hans,bloomingpotatoplant,Blooming potato plant,开花马铃薯,Nature,https://infipoke.com/zh/game/pokopia/items
infipoke_pokopia_items_zh_hans,ripepotatoplant,Ripe potato plant,成熟马铃薯,Nature,https://infipoke.com/zh/game/pokopia/items
infipoke_pokopia_items_zh_hans,drypotatoplant,Dry potato plant,枯萎马铃薯,Nature,https://infipoke.com/zh/game/pokopia/items
infipoke_pokopia_items_zh_hans,tomatosprout,Tomato sprout,番茄芽,Nature,https://infipoke.com/zh/game/pokopia/items
infipoke_pokopia_items_zh_hans,bloomingtomatoplant,Blooming Tomato plant,开花番茄,Nature,https://infipoke.com/zh/game/pokopia/items
infipoke_pokopia_items_zh_hans,ripetomatoplant,Ripe Tomato plant,成熟番茄,Nature,https://infipoke.com/zh/game/pokopia/items
infipoke_pokopia_items_zh_hans,drytomatoplant,Dry tomato plant,枯萎番茄,Nature,https://infipoke.com/zh/game/pokopia/items
infipoke_pokopia_items_zh_hans,wheatsprout,Wheat sprout,小麦芽,Nature,https://infipoke.com/zh/game/pokopia/items
infipoke_pokopia_items_zh_hans,smallwheatplant,Small wheat plant,小麦苗,Nature,https://infipoke.com/zh/game/pokopia/items
infipoke_pokopia_items_zh_hans,ripewheat,Ripe wheat,成熟小麦,Nature,https://infipoke.com/zh/game/pokopia/items
infipoke_pokopia_items_zh_hans,drywheat,Dry wheat,枯萎小麦,Nature,https://infipoke.com/zh/game/pokopia/items
infipoke_pokopia_items_zh_hans,beansprout,Bean sprout,豆子芽,Nature,https://infipoke.com/zh/game/pokopia/items
infipoke_pokopia_items_zh_hans,bloomingbeanplant,Blooming bean plant,开花豆子,Nature,https://infipoke.com/zh/game/pokopia/items
infipoke_pokopia_items_zh_hans,ripebeanplant,Ripe bean plant,成熟豆子,Nature,https://infipoke.com/zh/game/pokopia/items
infipoke_pokopia_items_zh_hans,drybeanplant,Dry bean plant,枯萎豆子,Nature,https://infipoke.com/zh/game/pokopia/items
infipoke_pokopia_items_zh_hans,potatosprout(grow),Potato sprout (Grow),马铃薯芽（栽培）,Nature,https://infipoke.com/zh/game/pokopia/items
infipoke_pokopia_items_zh_hans,bloomingpotatoplant(grow),Blooming potato plant (Grow),开花马铃薯（栽培）,Nature,https://infipoke.com/zh/game/pokopia/items
infipoke_pokopia_items_zh_hans,ripepotatoplant(grow),Ripe potato plant (Grow),成熟马铃薯（栽培）,Nature,https://infipoke.com/zh/game/pokopia/items
infipoke_pokopia_items_zh_hans,tomatosprout(grow),Tomato sprout (Grow),番茄芽（栽培）,Nature,https://infipoke.com/zh/game/pokopia/items
infipoke_pokopia_items_zh_hans,bloomingtomatoplant(grow),Blooming Tomato plant (Grow),开花番茄（栽培）,Nature,https://infipoke.com/zh/game/pokopia/items
infipoke_pokopia_items_zh_hans,ripetomatoplant(grow),Ripe Tomato plant (Grow),成熟番茄（栽培）,Nature,https://infipoke.com/zh/game/pokopia/items
infipoke_pokopia_items_zh_hans,wheatsprout(grow),Wheat sprout (Grow),小麦芽（栽培）,Nature,https://infipoke.com/zh/game/pokopia/items
infipoke_pokopia_items_zh_hans,smallwheatplant(grow),Small wheat plant (Grow),小麦苗（栽培）,Nature,https://infipoke.com/zh/game/pokopia/items
infipoke_pokopia_items_zh_hans,ripewheat(grow),Ripe wheat (Grow),成熟小麦（栽培）,Nature,https://infipoke.com/zh/game/pokopia/items
infipoke_pokopia_items_zh_hans,beansprout(grow),Bean sprout (Grow),豆子芽（栽培）,Nature,https://infipoke.com/zh/game/pokopia/items
infipoke_pokopia_items_zh_hans,bloomingbeanplant(grow),Blooming bean plant (Grow),开花豆子（栽培）,Nature,https://infipoke.com/zh/game/pokopia/items
infipoke_pokopia_items_zh_hans,ripebeanplant(grow),Ripe bean plant (Grow),成熟豆子（栽培）,Nature,https://infipoke.com/zh/game/pokopia/items
infipoke_pokopia_items_zh_hans,wildflowers(orange),Wildflowers (orange),野花（橙色）,Nature,https://infipoke.com/zh/game/pokopia/items
infipoke_pokopia_items_zh_hans,wildflowers(purple),Wildflowers (purple),野花（紫色）,Nature,https://infipoke.com/zh/game/pokopia/items
infipoke_pokopia_items_zh_hans,wildflowers(red),Wildflowers (red),野花（红色）,Nature,https://infipoke.com/zh/game/pokopia/items
infipoke_pokopia_items_zh_hans,wildflowers(blue),Wildflowers (blue),野花（蓝色）,Nature,https://infipoke.com/zh/game/pokopia/items
infipoke_pokopia_items_zh_hans,seashoreflowers(blue),Seashore flowers (blue),海边花（蓝色）,Nature,https://infipoke.com/zh/game/pokopia/items
infipoke_pokopia_items_zh_hans,seashoreflowers(orange),Seashore flowers (orange),海边花（橙色）,Nature,https://infipoke.com/zh/game/pokopia/items
infipoke_pokopia_items_zh_hans,seashoreflowers(white),Seashore flowers (white),海边花（白色）,Nature,https://infipoke.com/zh/game/pokopia/items
infipoke_pokopia_items_zh_hans,seashoreflowers(yellow),Seashore flowers (yellow),海边花（黄色）,Nature,https://infipoke.com/zh/game/pokopia/items
infipoke_pokopia_items_zh_hans,mountainflowers(pink),Mountain flowers (pink),岩场花（粉红色）,Nature,https://infipoke.com/zh/game/pokopia/items
infipoke_pokopia_items_zh_hans,mountainflowers(purple),Mountain flowers (purple),岩场花（紫色）,Nature,https://infipoke.com/zh/game/pokopia/items
infipoke_pokopia_items_zh_hans,mountainflowers(red),Mountain flowers (red),岩场花（红色）,Nature,https://infipoke.com/zh/game/pokopia/items
infipoke_pokopia_items_zh_hans,mountainflowers(white),Mountain flowers (white),岩场花（白色）,Nature,https://infipoke.com/zh/game/pokopia/items
infipoke_pokopia_items_zh_hans,skylandflowers(blue),Skyland flowers (blue),浮岛花（蓝色）,Nature,https://infipoke.com/zh/game/pokopia/items
infipoke_pokopia_items_zh_hans,skylandflowers(orange),Skyland flowers (orange),浮岛花（橙色）,Nature,https://infipoke.com/zh/game/pokopia/items
infipoke_pokopia_items_zh_hans,skylandflowers(pink),Skyland flowers (pink),浮岛花（粉红色）,Nature,https://infipoke.com/zh/game/pokopia/items
infipoke_pokopia_items_zh_hans,skylandflowers(yellow),Skyland flowers (yellow),浮岛花（黄色）,Nature,https://infipoke.com/zh/game/pokopia/items
infipoke_pokopia_items_zh_hans,beautifulflower(pink),Beautiful flower (pink),美丽花（粉红色）,Nature,https://infipoke.com/zh/game/pokopia/items
infipoke_pokopia_items_zh_hans,beautifulflower(purple),Beautiful flower (purple),美丽花（紫色）,Nature,https://infipoke.com/zh/game/pokopia/items
infipoke_pokopia_items_zh_hans,beautifulflower(white),Beautiful flower (white),美丽花（白色）,Nature,https://infipoke.com/zh/game/pokopia/items
infipoke_pokopia_items_zh_hans,beautifulflower(yellow),Beautiful flower (yellow),美丽花（黄色）,Nature,https://infipoke.com/zh/game/pokopia/items
infipoke_pokopia_items_zh_hans,cuteflower(blue),Cute flower (blue),可爱花（蓝色）,Nature,https://infipoke.com/zh/game/pokopia/items
infipoke_pokopia_items_zh_hans,cuteflower(pink),Cute flower (pink),可爱花（粉红色）,Nature,https://infipoke.com/zh/game/pokopia/items
infipoke_pokopia_items_zh_hans,cuteflower(white),Cute flower (white),可爱花（白色）,Nature,https://infipoke.com/zh/game/pokopia/items
infipoke_pokopia_items_zh_hans,cuteflower(yellow),Cute flower (yellow),可爱花（黄色）,Nature,https://infipoke.com/zh/game/pokopia/items
infipoke_pokopia_items_zh_hans,elegantflower(orange),Elegant flower (orange),优雅花（橙色）,Nature,https://infipoke.com/zh/game/pokopia/items
infipoke_pokopia_items_zh_hans,elegantflower(pink),Elegant flower (pink),优雅花（粉红色）,Nature,https://infipoke.com/zh/game/pokopia/items
infipoke_pokopia_items_zh_hans,elegantflower(red),Elegant flower (red),优雅花（红色）,Nature,https://infipoke.com/zh/game/pokopia/items
infipoke_pokopia_items_zh_hans,elegantflower(yellow),Elegant flower (yellow),优雅花（黄色）,Nature,https://infipoke.com/zh/game/pokopia/items
infipoke_pokopia_items_zh_hans,robustflower(blue),Robust flower (blue),坚韧花（蓝色）,Nature,https://infipoke.com/zh/game/pokopia/items
infipoke_pokopia_items_zh_hans,robustflower(orange),Robust flower (orange),坚韧花（橙色）,Nature,https://infipoke.com/zh/game/pokopia/items
infipoke_pokopia_items_zh_hans,robustflower(purple),Robust flower (purple),坚韧花（紫色）,Nature,https://infipoke.com/zh/game/pokopia/items
infipoke_pokopia_items_zh_hans,robustflower(white),Robust flower (white),坚韧花（白色）,Nature,https://infipoke.com/zh/game/pokopia/items
infipoke_pokopia_items_zh_hans,adorablehedge(blue),Adorable hedge (blue),可爱树篱（蓝色）,Nature,https://infipoke.com/zh/game/pokopia/items
infipoke_pokopia_items_zh_hans,adorablehedge(orange),Adorable hedge (orange),可爱树篱（橙色）,Nature,https://infipoke.com/zh/game/pokopia/items
infipoke_pokopia_items_zh_hans,adorablehedge(purple),Adorable hedge (purple),可爱树篱（紫色）,Nature,https://infipoke.com/zh/game/pokopia/items
infipoke_pokopia_items_zh_hans,adorablehedge(red),Adorable hedge (red),可爱树篱（红色）,Nature,https://infipoke.com/zh/game/pokopia/items
infipoke_pokopia_items_zh_hans,healthyhedge(orange),Healthy hedge (orange),健康树篱（橙色）,Nature,https://infipoke.com/zh/game/pokopia/items
infipoke_pokopia_items_zh_hans,healthyhedge(pink),Healthy hedge (pink),健康树篱（粉红色）,Nature,https://infipoke.com/zh/game/pokopia/items
infipoke_pokopia_items_zh_hans,healthyhedge(purple),Healthy hedge (purple),健康树篱（紫色）,Nature,https://infipoke.com/zh/game/pokopia/items
infipoke_pokopia_items_zh_hans,healthyhedge(red),Healthy hedge (red),健康树篱（红色）,Nature,https://infipoke.com/zh/game/pokopia/items
infipoke_pokopia_items_zh_hans,damphedge(blue),Damp hedge (blue),湿润树篱（蓝色）,Nature,https://infipoke.com/zh/game/pokopia/items
infipoke_pokopia_items_zh_hans,damphedge(pink),Damp hedge (pink),湿润树篱（粉红色）,Nature,https://infipoke.com/zh/game/pokopia/items
infipoke_pokopia_items_zh_hans,damphedge(red),Damp hedge (red),湿润树篱（红色）,Nature,https://infipoke.com/zh/game/pokopia/items
infipoke_pokopia_items_zh_hans,stylishhedge(orange),Stylish hedge (orange),时尚树篱（橙色）,Nature,https://infipoke.com/zh/game/pokopia/items
infipoke_pokopia_items_zh_hans,stylishhedge(purple),Stylish hedge (purple),时尚树篱（紫色）,Nature,https://infipoke.com/zh/game/pokopia/items
infipoke_pokopia_items_zh_hans,stylishhedge(white),Stylish hedge (white),时尚树篱（白色）,Nature,https://infipoke.com/zh/game/pokopia/items
infipoke_pokopia_items_zh_hans,adorablehedgesapling,Adorable hedge sapling,可爱树篱树苗,Nature,https://infipoke.com/zh/game/pokopia/items
infipoke_pokopia_items_zh_hans,healthyhedgesapling,Healthy hedge sapling,健康树篱树苗,Nature,https://infipoke.com/zh/game/pokopia/items
infipoke_pokopia_items_zh_hans,damphedgesapling,Damp hedge sapling,湿润树篱树苗,Nature,https://infipoke.com/zh/game/pokopia/items
infipoke_pokopia_items_zh_hans,stylishhedgesapling,Stylish hedge sapling,时尚树篱树苗,Nature,https://infipoke.com/zh/game/pokopia/items
infipoke_pokopia_items_zh_hans,adorablehedgesapling(grow),Adorable hedge sapling (Grow),可爱树篱树苗（栽培）,Nature,https://infipoke.com/zh/game/pokopia/items
infipoke_pokopia_items_zh_hans,healthyhedgesapling(grow),Healthy hedge sapling (Grow),健康树篱树苗（栽培）,Nature,https://infipoke.com/zh/game/pokopia/items
infipoke_pokopia_items_zh_hans,damphedgesapling(grow),Damp hedge sapling (Grow),湿润树篱树苗（栽培）,Nature,https://infipoke.com/zh/game/pokopia/items
infipoke_pokopia_items_zh_hans,stylishhedgesapling(grow),Stylish hedge sapling (Grow),时尚树篱树苗（栽培）,Nature,https://infipoke.com/zh/game/pokopia/items
infipoke_pokopia_items_zh_hans,drywildflowers,Dry wildflowers,枯萎野花,Nature,https://infipoke.com/zh/game/pokopia/items
infipoke_pokopia_items_zh_hans,dryadorablehedge,Dry adorable hedge,枯萎可爱树篱,Nature,https://infipoke.com/zh/game/pokopia/items
infipoke_pokopia_items_zh_hans,dryhealthyhedge,Dry healthy hedge,枯萎健康树篱,Nature,https://infipoke.com/zh/game/pokopia/items
infipoke_pokopia_items_zh_hans,drydamphedge,Dry damp hedge,枯萎湿润树篱,Nature,https://infipoke.com/zh/game/pokopia/items
infipoke_pokopia_items_zh_hans,drystylishhedge,Dry stylish hedge,枯萎时尚树篱,Nature,https://infipoke.com/zh/game/pokopia/items
infipoke_pokopia_items_zh_hans,drygreenshoots,Dry green shoots,枯萎绿色嫩芽,Nature,https://infipoke.com/zh/game/pokopia/items
infipoke_pokopia_items_zh_hans,dryyellow-greenshoots,Dry yellow-green shoots,枯萎黄绿嫩芽,Nature,https://infipoke.com/zh/game/pokopia/items
infipoke_pokopia_items_zh_hans,dryverdantshoots,Dry verdant shoots,枯萎翠绿嫩芽,Nature,https://infipoke.com/zh/game/pokopia/items
infipoke_pokopia_items_zh_hans,dryblue-greenshoots,Dry blue-green shoots,枯萎蓝绿嫩芽,Nature,https://infipoke.com/zh/game/pokopia/items
infipoke_pokopia_items_zh_hans,dandyflowerseeds,Dandy flower seeds,蒲公英花种子,Nature,https://infipoke.com/zh/game/pokopia/items
infipoke_pokopia_items_zh_hans,dandyflowers,Dandy flowers,蒲公英花,Nature,https://infipoke.com/zh/game/pokopia/items
infipoke_pokopia_items_zh_hans,woodensteps,Wooden steps,木制台阶,Buildings,https://infipoke.com/zh/game/pokopia/items
infipoke_pokopia_items_zh_hans,stylishsteps,Stylish steps,时尚台阶,Buildings,https://infipoke.com/zh/game/pokopia/items
infipoke_pokopia_items_zh_hans,stonesteps,Stone steps,石制台阶,Buildings,https://infipoke.com/zh/game/pokopia/items
infipoke_pokopia_items_zh_hans,concretesteps,Concrete steps,混凝土台阶,Buildings,https://infipoke.com/zh/game/pokopia/items
infipoke_pokopia_items_zh_hans,bricksteps,Brick steps,砖制台阶,Buildings,https://infipoke.com/zh/game/pokopia/items
infipoke_pokopia_items_zh_hans,ironsteps,Iron steps,铁制台阶,Buildings,https://infipoke.com/zh/game/pokopia/items
infipoke_pokopia_items_zh_hans,woodenladder,Wooden ladder,木制梯子,Buildings,https://infipoke.com/zh/game/pokopia/items
infipoke_pokopia_items_zh_hans,ironladder,Iron ladder,铁制梯子,Buildings,https://infipoke.com/zh/game/pokopia/items
infipoke_pokopia_items_zh_hans,wire,Wire,钢索,Buildings,https://infipoke.com/zh/game/pokopia/items
infipoke_pokopia_items_zh_hans,metalchain,Metal chain,金属链,Buildings,https://infipoke.com/zh/game/pokopia/items
infipoke_pokopia_items_zh_hans,rope,Rope,绳索,Buildings,https://infipoke.com/zh/game/pokopia/items
infipoke_pokopia_items_zh_hans,pulley,Pulley,滑轮,Buildings,https://infipoke.com/zh/game/pokopia/items
infipoke_pokopia_items_zh_hans,rusticdoor,Rustic door,质朴木门,Buildings,https://infipoke.com/zh/game/pokopia/items
infipoke_pokopia_items_zh_hans,simpledoor,Simple door,简约木门,Buildings,https://infipoke.com/zh/game/pokopia/items
infipoke_pokopia_items_zh_hans,boatdoor,Boat door,船舱门,Buildings,https://infipoke.com/zh/game/pokopia/items
infipoke_pokopia_items_zh_hans,moderndoor,Modern door,现代门,Buildings,https://infipoke.com/zh/game/pokopia/items
infipoke_pokopia_items_zh_hans,stylishdoor,Stylish door,时尚门,Buildings,https://infipoke.com/zh/game/pokopia/items
infipoke_pokopia_items_zh_hans,brainydoor,Brainy door,科技门,Buildings,https://infipoke.com/zh/game/pokopia/items
infipoke_pokopia_items_zh_hans,irondoor,Iron door,铁门,Buildings,https://infipoke.com/zh/game/pokopia/items
infipoke_pokopia_items_zh_hans,largewoodendoor,Large wooden door,大型木门,Buildings,https://infipoke.com/zh/game/pokopia/items
infipoke_pokopia_items_zh_hans,automaticdoors,Automatic doors,自动门,Buildings,https://infipoke.com/zh/game/pokopia/items
infipoke_pokopia_items_zh_hans,shutter,Shutter,卷帘门,Buildings,https://infipoke.com/zh/game/pokopia/items
infipoke_pokopia_items_zh_hans,woodengate,Wooden gate,木制大门,Buildings,https://infipoke.com/zh/game/pokopia/items
infipoke_pokopia_items_zh_hans,swingingdoors,Swinging doors,弹簧门,Buildings,https://infipoke.com/zh/game/pokopia/items
infipoke_pokopia_items_zh_hans,irongate,Iron gate,铁制大门,Buildings,https://infipoke.com/zh/game/pokopia/items
infipoke_pokopia_items_zh_hans,simplecurtain(left),Simple curtain (left),简约窗帘（左）,Buildings,https://infipoke.com/zh/game/pokopia/items
infipoke_pokopia_items_zh_hans,simplecurtain(right),Simple curtain (right),简约窗帘（右）,Buildings,https://infipoke.com/zh/game/pokopia/items
infipoke_pokopia_items_zh_hans,hatchwindow,Hatch window,舱口窗,Buildings,https://infipoke.com/zh/game/pokopia/items
infipoke_pokopia_items_zh_hans,undergroundhatch,Underground hatch,地下舱口,Buildings,https://infipoke.com/zh/game/pokopia/items
infipoke_pokopia_items_zh_hans,glasswindow,Glass window,玻璃窗,Buildings,https://infipoke.com/zh/game/pokopia/items
infipoke_pokopia_items_zh_hans,windowpane,Window pane,窗玻璃,Buildings,https://infipoke.com/zh/game/pokopia/items
infipoke_pokopia_items_zh_hans,stained-glasswindow(upper),Stained-glass window (upper),彩绘玻璃窗（上）,Buildings,https://infipoke.com/zh/game/pokopia/items
infipoke_pokopia_items_zh_hans,stained-glasswindow(middle),Stained-glass window (middle),彩绘玻璃窗（中）,Buildings,https://infipoke.com/zh/game/pokopia/items
infipoke_pokopia_items_zh_hans,stained-glasswindow(lower),Stained-glass window (lower),彩绘玻璃窗（下）,Buildings,https://infipoke.com/zh/game/pokopia/items
infipoke_pokopia_items_zh_hans,sashwindow,Sash window,推拉窗,Buildings,https://infipoke.com/zh/game/pokopia/items
infipoke_pokopia_items_zh_hans,slopedtiledroof,Sloped tiled roof,斜坡瓦片屋顶,Buildings,https://infipoke.com/zh/game/pokopia/items
infipoke_pokopia_items_zh_hans,tiledhippedroof,Tiled hipped roof,瓦片四坡屋顶,Buildings,https://infipoke.com/zh/game/pokopia/items
infipoke_pokopia_items_zh_hans,tiledroofvalley,Tiled roof valley,瓦片屋顶谷,Buildings,https://infipoke.com/zh/game/pokopia/items
infipoke_pokopia_items_zh_hans,flattiledroof,Flat tiled roof,平坦瓦片屋顶,Buildings,https://infipoke.com/zh/game/pokopia/items
infipoke_pokopia_items_zh_hans,tiledroofdecoration,Tiled roof decoration,瓦片屋顶装饰,Buildings,https://infipoke.com/zh/game/pokopia/items
infipoke_pokopia_items_zh_hans,magikarpdecoration,Magikarp decoration,鲤鱼王装饰,Buildings,https://infipoke.com/zh/game/pokopia/items
infipoke_pokopia_items_zh_hans,stonehippedroof,Stone hipped roof,石材四坡屋顶,Buildings,https://infipoke.com/zh/game/pokopia/items
infipoke_pokopia_items_zh_hans,slopedstoneroof,Sloped stone roof,斜坡石材屋顶,Buildings,https://infipoke.com/zh/game/pokopia/items
infipoke_pokopia_items_zh_hans,skylight,Skylight,天窗,Buildings,https://infipoke.com/zh/game/pokopia/items
infipoke_pokopia_items_zh_hans,stoneroofvalley,Stone roof valley,石材屋顶谷,Buildings,https://infipoke.com/zh/game/pokopia/items
infipoke_pokopia_items_zh_hans,flatstoneroof,Flat stone roof,平坦石材屋顶,Buildings,https://infipoke.com/zh/game/pokopia/items
infipoke_pokopia_items_zh_hans,stoneroofdecoration,Stone roof decoration,石材屋顶装饰,Buildings,https://infipoke.com/zh/game/pokopia/items
infipoke_pokopia_items_zh_hans,pitchedbrickroof,Pitched brick roof,斜坡砖瓦屋顶,Buildings,https://infipoke.com/zh/game/pokopia/items
infipoke_pokopia_items_zh_hans,dormeredbrickroof,Dormered brick roof,老虎窗砖瓦屋顶,Buildings,https://infipoke.com/zh/game/pokopia/items
infipoke_pokopia_items_zh_hans,brickhippedroof,Brick hipped roof,砖瓦四坡屋顶,Buildings,https://infipoke.com/zh/game/pokopia/items
infipoke_pokopia_items_zh_hans,brickroofvalley,Brick roof valley,砖瓦屋顶谷,Buildings,https://infipoke.com/zh/game/pokopia/items
infipoke_pokopia_items_zh_hans,flatbrickroof,Flat brick roof,平坦砖瓦屋顶,Buildings,https://infipoke.com/zh/game/pokopia/items
infipoke_pokopia_items_zh_hans,brickroofdecoration,Brick roof decoration,砖瓦屋顶装饰,Buildings,https://infipoke.com/zh/game/pokopia/items
infipoke_pokopia_items_zh_hans,slopedtentroof,Sloped tent roof,斜坡帐篷屋顶,Buildings,https://infipoke.com/zh/game/pokopia/items
infipoke_pokopia_items_zh_hans,tenthippedroof,Tent hipped roof,帐篷四坡屋顶,Buildings,https://infipoke.com/zh/game/pokopia/items
infipoke_pokopia_items_zh_hans,tentroofvalley,Tent roof valley,帐篷屋顶谷,Buildings,https://infipoke.com/zh/game/pokopia/items
infipoke_pokopia_items_zh_hans,flattentroof,Flat tent roof,平坦帐篷屋顶,Buildings,https://infipoke.com/zh/game/pokopia/items
infipoke_pokopia_items_zh_hans,glossyawning,Glossy awning,光泽遮阳篷,Buildings,https://infipoke.com/zh/game/pokopia/items
infipoke_pokopia_items_zh_hans,corrugatedmetal,Corrugated metal,波纹金属板,Buildings,https://infipoke.com/zh/game/pokopia/items
infipoke_pokopia_items_zh_hans,protrudingwall,Protruding wall,突出墙壁,Buildings,https://infipoke.com/zh/game/pokopia/items
infipoke_pokopia_items_zh_hans,curvedeave,Curved eave,弧形屋檐,Buildings,https://infipoke.com/zh/game/pokopia/items
infipoke_pokopia_items_zh_hans,woodenfencing,Wooden fencing,木制栅栏,Buildings,https://infipoke.com/zh/game/pokopia/items
infipoke_pokopia_items_zh_hans,woodenenclosure,Wooden enclosure,木制围栏,Buildings,https://infipoke.com/zh/game/pokopia/items
infipoke_pokopia_items_zh_hans,ironenclosure,Iron enclosure,铁制围栏,Buildings,https://infipoke.com/zh/game/pokopia/items
infipoke_pokopia_items_zh_hans,metalfencing,Metal fencing,金属栅栏,Buildings,https://infipoke.com/zh/game/pokopia/items
infipoke_pokopia_items_zh_hans,stonefencing,Stone fencing,石制栅栏,Buildings,https://infipoke.com/zh/game/pokopia/items
infipoke_pokopia_items_zh_hans,boatrailing,Boat railing,船用扶手,Buildings,https://infipoke.com/zh/game/pokopia/items
infipoke_pokopia_items_zh_hans,woodenhandrail,Wooden handrail,木制扶手,Buildings,https://infipoke.com/zh/game/pokopia/items
infipoke_pokopia_items_zh_hans,handrail,Handrail,扶手,Buildings,https://infipoke.com/zh/game/pokopia/items
infipoke_pokopia_items_zh_hans,harborpole,Harbor pole,港口桩,Buildings,https://infipoke.com/zh/game/pokopia/items
infipoke_pokopia_items_zh_hans,archedbarrier,Arched barrier,拱形屏障,Buildings,https://infipoke.com/zh/game/pokopia/items
infipoke_pokopia_items_zh_hans,archedbarrier(leafpattern),Arched barrier (leaf pattern),拱形围栏（叶子图案）,Buildings,https://infipoke.com/zh/game/pokopia/items
infipoke_pokopia_items_zh_hans,woodensiding(panel),Wooden siding (panel),木制壁板（板材）,Buildings,https://infipoke.com/zh/game/pokopia/items
infipoke_pokopia_items_zh_hans,woodensiding(corner),Wooden siding (corner),木壁板（转角）,Buildings,https://infipoke.com/zh/game/pokopia/items
infipoke_pokopia_items_zh_hans,woodenposts,Wooden posts,木制立柱,Buildings,https://infipoke.com/zh/game/pokopia/items
infipoke_pokopia_items_zh_hans,woodenpartition,Wooden partition,木制隔断,Buildings,https://infipoke.com/zh/game/pokopia/items
infipoke_pokopia_items_zh_hans,gratefencing,Grate fencing,格栅栅栏,Buildings,https://infipoke.com/zh/game/pokopia/items
infipoke_pokopia_items_zh_hans,woodenpath,Wooden path,木制小径,Buildings,https://infipoke.com/zh/game/pokopia/items
infipoke_pokopia_items_zh_hans,steppingstones,Stepping stones,汀步石,Buildings,https://infipoke.com/zh/game/pokopia/items
infipoke_pokopia_items_zh_hans,walkway,Walkway,走道,Buildings,https://infipoke.com/zh/game/pokopia/items
infipoke_pokopia_items_zh_hans,bridgeplanks,Bridge planks,桥板,Buildings,https://infipoke.com/zh/game/pokopia/items
infipoke_pokopia_items_zh_hans,grateflooring,Grate flooring,格栅地板,Buildings,https://infipoke.com/zh/game/pokopia/items
infipoke_pokopia_items_zh_hans,concreteslab,Concrete slab,混凝土板,Buildings,https://infipoke.com/zh/game/pokopia/items
infipoke_pokopia_items_zh_hans,iron-scaffoldplank,Iron-scaffold plank,铁架木板,Buildings,https://infipoke.com/zh/game/pokopia/items
infipoke_pokopia_items_zh_hans,ironscaffold,Iron scaffold,铁制脚手架,Buildings,https://infipoke.com/zh/game/pokopia/items
infipoke_pokopia_items_zh_hans,archbridge,Arch bridge,拱桥,Buildings,https://infipoke.com/zh/game/pokopia/items
infipoke_pokopia_items_zh_hans,woodenborder(line),Wooden border (line),木制边界（直线）,Buildings,https://infipoke.com/zh/game/pokopia/items
infipoke_pokopia_items_zh_hans,woodenborder(single),Wooden border (single),木制边界（单块）,Buildings,https://infipoke.com/zh/game/pokopia/items
infipoke_pokopia_items_zh_hans,woodenborder(corner),Wooden border (corner),木制边界（转角）,Buildings,https://infipoke.com/zh/game/pokopia/items
infipoke_pokopia_items_zh_hans,concreteborder(line),Concrete border (line),混凝土边界（直线）,Buildings,https://infipoke.com/zh/game/pokopia/items
infipoke_pokopia_items_zh_hans,concreteborder(single),Concrete border (single),混凝土边界（单块）,Buildings,https://infipoke.com/zh/game/pokopia/items
infipoke_pokopia_items_zh_hans,concreteborder(corner),Concrete border (corner),混凝土边界（转角）,Buildings,https://infipoke.com/zh/game/pokopia/items
infipoke_pokopia_items_zh_hans,brickborder(line),Brick border (line),砖制边界（直线）,Buildings,https://infipoke.com/zh/game/pokopia/items
infipoke_pokopia_items_zh_hans,brickborder(single),Brick border (single),砖制边界（单块）,Buildings,https://infipoke.com/zh/game/pokopia/items
infipoke_pokopia_items_zh_hans,brickborder(corner),Brick border (corner),砖制边界（转角）,Buildings,https://infipoke.com/zh/game/pokopia/items
infipoke_pokopia_items_zh_hans,sidewayslog,Sideways log,横向原木,Buildings,https://infipoke.com/zh/game/pokopia/items
infipoke_pokopia_items_zh_hans,uprightlog,Upright log,竖向原木,Buildings,https://infipoke.com/zh/game/pokopia/items
infipoke_pokopia_items_zh_hans,ironbeam,Iron beam,铁制横梁,Buildings,https://infipoke.com/zh/game/pokopia/items
infipoke_pokopia_items_zh_hans,ironcolumn,Iron column,铁制立柱,Buildings,https://infipoke.com/zh/game/pokopia/items
infipoke_pokopia_items_zh_hans,ironpillar,Iron pillar,铁制支柱,Buildings,https://infipoke.com/zh/game/pokopia/items
infipoke_pokopia_items_zh_hans,extravagantpillar(upper),Extravagant pillar (upper),华丽支柱（上部）,Buildings,https://infipoke.com/zh/game/pokopia/items
infipoke_pokopia_items_zh_hans,extravagantpillar(middle),Extravagant pillar (middle),华丽支柱（中部）,Buildings,https://infipoke.com/zh/game/pokopia/items
infipoke_pokopia_items_zh_hans,extravagantpillar(lower),Extravagant pillar (lower),华丽支柱（下部）,Buildings,https://infipoke.com/zh/game/pokopia/items
infipoke_pokopia_items_zh_hans,roundpillar(upper),Round pillar (upper),圆形支柱（上部）,Buildings,https://infipoke.com/zh/game/pokopia/items
infipoke_pokopia_items_zh_hans,roundpillar(middle),Round pillar (middle),圆形支柱（中部）,Buildings,https://infipoke.com/zh/game/pokopia/items
infipoke_pokopia_items_zh_hans,roundpillar(lower),Round pillar (lower),圆形支柱（下部）,Buildings,https://infipoke.com/zh/game/pokopia/items
infipoke_pokopia_items_zh_hans,housepartition,House partition,房屋隔断,Buildings,https://infipoke.com/zh/game/pokopia/items
infipoke_pokopia_items_zh_hans,simplepillarquarter,Simple pillar quarter,简易四分之一柱,Buildings,https://infipoke.com/zh/game/pokopia/items
infipoke_pokopia_items_zh_hans,waterpillarquarter,Water pillar quarter,水纹四分之一柱,Buildings,https://infipoke.com/zh/game/pokopia/items
infipoke_pokopia_items_zh_hans,roofsupport,Roof support,屋顶支撑,Buildings,https://infipoke.com/zh/game/pokopia/items
infipoke_pokopia_items_zh_hans,ironpipe(horizontal),Iron pipe (horizontal),铁制管道（水平）,Buildings,https://infipoke.com/zh/game/pokopia/items
infipoke_pokopia_items_zh_hans,ironpipe(downwardcurve),Iron pipe (downward curve),铁制管道（向下弯曲）,Buildings,https://infipoke.com/zh/game/pokopia/items
infipoke_pokopia_items_zh_hans,ironpipe(verticalcross),Iron pipe (vertical cross),铁制管道（垂直交叉）,Buildings,https://infipoke.com/zh/game/pokopia/items
infipoke_pokopia_items_zh_hans,ironpipe(verticalt),Iron pipe (vertical T),铁制管道（垂直T形）,Buildings,https://infipoke.com/zh/game/pokopia/items
infipoke_pokopia_items_zh_hans,ironpipe(vertical),Iron pipe (vertical),铁制管道（垂直）,Buildings,https://infipoke.com/zh/game/pokopia/items
infipoke_pokopia_items_zh_hans,ironpipe(upwardcurve),Iron pipe (upward curve),铁管（上弯）,Buildings,https://infipoke.com/zh/game/pokopia/items
infipoke_pokopia_items_zh_hans,ironpipe(upwardt),Iron pipe (upward T),铁管（上T）,Buildings,https://infipoke.com/zh/game/pokopia/items
infipoke_pokopia_items_zh_hans,ironpipe(downwardt),Iron pipe (downward T),铁管（下T）,Buildings,https://infipoke.com/zh/game/pokopia/items
infipoke_pokopia_items_zh_hans,ironpipe(horizontalcurve),Iron pipe (horizontal curve),铁管（横弯）,Buildings,https://infipoke.com/zh/game/pokopia/items
infipoke_pokopia_items_zh_hans,ironpipe(horizontalt),Iron pipe (horizontal T),铁管（横T）,Buildings,https://infipoke.com/zh/game/pokopia/items
infipoke_pokopia_items_zh_hans,ironpipe(horizontalcross),Iron pipe (horizontal cross),铁管（横十字）,Buildings,https://infipoke.com/zh/game/pokopia/items
infipoke_pokopia_items_zh_hans,brokenwindowpane,Broken Window Pane,破碎窗玻璃,Buildings,https://infipoke.com/zh/game/pokopia/items
infipoke_pokopia_items_zh_hans,brokenironsteps,Broken iron steps,破损铁阶梯,Buildings,https://infipoke.com/zh/game/pokopia/items
infipoke_pokopia_items_zh_hans,woodenwall,Wooden Wall,木墙,Blocks,https://infipoke.com/zh/game/pokopia/items
infipoke_pokopia_items_zh_hans,lightwoodenwall,Light wooden wall,浅色木墙,Blocks,https://infipoke.com/zh/game/pokopia/items
infipoke_pokopia_items_zh_hans,paintedwall,Painted wall,彩绘墙,Blocks,https://infipoke.com/zh/game/pokopia/items
infipoke_pokopia_items_zh_hans,plasterwall,Plaster wall,灰泥墙,Blocks,https://infipoke.com/zh/game/pokopia/items
infipoke_pokopia_items_zh_hans,clothwall,Cloth wall,布艺墙,Blocks,https://infipoke.com/zh/game/pokopia/items
infipoke_pokopia_items_zh_hans,guest-roomwall,Guest-room wall,客房墙,Blocks,https://infipoke.com/zh/game/pokopia/items
infipoke_pokopia_items_zh_hans,starry-skywall,Starry-sky wall,星空墙,Blocks,https://infipoke.com/zh/game/pokopia/items
infipoke_pokopia_items_zh_hans,cushywall,Cushy wall,软垫墙,Blocks,https://infipoke.com/zh/game/pokopia/items
infipoke_pokopia_items_zh_hans,modernwall,Modern wall,现代墙,Blocks,https://infipoke.com/zh/game/pokopia/items
infipoke_pokopia_items_zh_hans,broken-tilingwall,Broken-tiling wall,碎瓷砖墙,Blocks,https://infipoke.com/zh/game/pokopia/items
infipoke_pokopia_items_zh_hans,cobblestonewall,Cobblestone wall,鹅卵石墙,Blocks,https://infipoke.com/zh/game/pokopia/items
infipoke_pokopia_items_zh_hans,brickwall,Brick wall,砖墙,Blocks,https://infipoke.com/zh/game/pokopia/items
infipoke_pokopia_items_zh_hans,stonebrickwall,Stone brick wall,石砖墙,Blocks,https://infipoke.com/zh/game/pokopia/items
infipoke_pokopia_items_zh_hans,aged-stonewall,Aged-stone wall,风化石墙,Blocks,https://infipoke.com/zh/game/pokopia/items
infipoke_pokopia_items_zh_hans,patternedaged-stonewall,Patterned aged-stone wall,花纹风化石墙,Blocks,https://infipoke.com/zh/game/pokopia/items
infipoke_pokopia_items_zh_hans,concretewall,Concrete wall,混凝土墙,Blocks,https://infipoke.com/zh/game/pokopia/items
infipoke_pokopia_items_zh_hans,roughwall,Rough wall,粗糙墙,Blocks,https://infipoke.com/zh/game/pokopia/items
infipoke_pokopia_items_zh_hans,stripedwall,Striped wall,条纹墙,Blocks,https://infipoke.com/zh/game/pokopia/items
infipoke_pokopia_items_zh_hans,bronzewall,Bronze wall,青铜墙,Blocks,https://infipoke.com/zh/game/pokopia/items
infipoke_pokopia_items_zh_hans,stylishbronzewall,Stylish Bronze wall,时尚青铜墙,Blocks,https://infipoke.com/zh/game/pokopia/items
infipoke_pokopia_items_zh_hans,ironwall,Iron wall,铁墙,Blocks,https://infipoke.com/zh/game/pokopia/items
infipoke_pokopia_items_zh_hans,stylishironwall,Stylish iron wall,时尚铁墙,Blocks,https://infipoke.com/zh/game/pokopia/items
infipoke_pokopia_items_zh_hans,goldwall,Gold wall,金色墙壁,Blocks,https://infipoke.com/zh/game/pokopia/items
infipoke_pokopia_items_zh_hans,stylishgoldwall,Stylish gold wall,时尚金墙,Blocks,https://infipoke.com/zh/game/pokopia/items
infipoke_pokopia_items_zh_hans,crystalwall,Crystal wall,水晶墙,Blocks,https://infipoke.com/zh/game/pokopia/items
infipoke_pokopia_items_zh_hans,pokeballwall,Poké Ball Wall,精灵球墙,Blocks,https://infipoke.com/zh/game/pokopia/items
infipoke_pokopia_items_zh_hans,warningwall,Warning wall,警示墙,Blocks,https://infipoke.com/zh/game/pokopia/items
infipoke_pokopia_items_zh_hans,stylishwall(upper),Stylish wall (upper),时尚墙（上）,Blocks,https://infipoke.com/zh/game/pokopia/items
infipoke_pokopia_items_zh_hans,stylishwall(middle),Stylish wall (middle),时尚墙（中）,Blocks,https://infipoke.com/zh/game/pokopia/items
infipoke_pokopia_items_zh_hans,stylishwall(lower),Stylish wall (lower),时尚墙（下）,Blocks,https://infipoke.com/zh/game/pokopia/items
infipoke_pokopia_items_zh_hans,antiquewall(upper),Antique wall (upper),古董墙（上）,Blocks,https://infipoke.com/zh/game/pokopia/items
infipoke_pokopia_items_zh_hans,antiquewall(middle),Antique wall (middle),古董墙（中）,Blocks,https://infipoke.com/zh/game/pokopia/items
infipoke_pokopia_items_zh_hans,antiquewall(lower),Antique wall (lower),古董墙（下）,Blocks,https://infipoke.com/zh/game/pokopia/items
infipoke_pokopia_items_zh_hans,lightantiquewall(upper),Light antique wall (upper),浅色古董墙（上）,Blocks,https://infipoke.com/zh/game/pokopia/items
infipoke_pokopia_items_zh_hans,lightantiquewall(middle),Light antique wall (middle),浅色古董墙（中）,Blocks,https://infipoke.com/zh/game/pokopia/items
infipoke_pokopia_items_zh_hans,lightantiquewall(lower),Light antique wall (lower),浅色古董墙（下）,Blocks,https://infipoke.com/zh/game/pokopia/items
infipoke_pokopia_items_zh_hans,woodenpillar(upper),Wooden pillar (upper),木柱（上）,Blocks,https://infipoke.com/zh/game/pokopia/items
infipoke_pokopia_items_zh_hans,woodenpillar(middle),Wooden pillar (middle),木柱（中）,Blocks,https://infipoke.com/zh/game/pokopia/items
infipoke_pokopia_items_zh_hans,woodenpillar(lower),Wooden pillar (lower),木柱（下）,Blocks,https://infipoke.com/zh/game/pokopia/items
infipoke_pokopia_items_zh_hans,stylishbrickwall(upper),Stylish brick wall (upper),时尚砖墙（上）,Blocks,https://infipoke.com/zh/game/pokopia/items
infipoke_pokopia_items_zh_hans,stylishbrickwall(middle),Stylish brick wall (middle),时尚砖墙（中）,Blocks,https://infipoke.com/zh/game/pokopia/items
infipoke_pokopia_items_zh_hans,stylishbrickwall(lower),Stylish brick wall (lower),时尚砖墙（下）,Blocks,https://infipoke.com/zh/game/pokopia/items
infipoke_pokopia_items_zh_hans,stonepillar(upper),Stone pillar (upper),石柱（上）,Blocks,https://infipoke.com/zh/game/pokopia/items
infipoke_pokopia_items_zh_hans,stonepillar(middle),Stone pillar (middle),石柱（中）,Blocks,https://infipoke.com/zh/game/pokopia/items
infipoke_pokopia_items_zh_hans,stonepillar(lower),Stone pillar (lower),石柱（下）,Blocks,https://infipoke.com/zh/game/pokopia/items
infipoke_pokopia_items_zh_hans,popartwall(upper),Pop art wall (upper),波普艺术墙（上）,Blocks,https://infipoke.com/zh/game/pokopia/items
infipoke_pokopia_items_zh_hans,popartwall(middle),Pop art wall (middle),波普艺术墙（中）,Blocks,https://infipoke.com/zh/game/pokopia/items
infipoke_pokopia_items_zh_hans,popartwall(lower),Pop art wall (lower),波普艺术墙（下）,Blocks,https://infipoke.com/zh/game/pokopia/items
infipoke_pokopia_items_zh_hans,confectionerywall(upper),Confectionery wall (upper),糖果墙（上）,Blocks,https://infipoke.com/zh/game/pokopia/items
infipoke_pokopia_items_zh_hans,confectionerywall(middle),Confectionery wall (middle),糖果墙（中）,Blocks,https://infipoke.com/zh/game/pokopia/items
infipoke_pokopia_items_zh_hans,confectionerywall(lower),Confectionery wall (lower),糖果墙（下）,Blocks,https://infipoke.com/zh/game/pokopia/items
infipoke_pokopia_items_zh_hans,pokemoncenterwall(upper),Pokémon Center wall (upper),宝可梦中心墙（上）,Blocks,https://infipoke.com/zh/game/pokopia/items
infipoke_pokopia_items_zh_hans,pokemoncenterwall(middle),Pokémon Center wall (middle),宝可梦中心墙（中）,Blocks,https://infipoke.com/zh/game/pokopia/items
infipoke_pokopia_items_zh_hans,pokemoncenterwall(lower),Pokémon Center wall (lower),宝可梦中心墙（下）,Blocks,https://infipoke.com/zh/game/pokopia/items
infipoke_pokopia_items_zh_hans,pokemoncenterwall(trim),Pokémon Center wall (trim),宝可梦中心墙（边饰）,Blocks,https://infipoke.com/zh/game/pokopia/items
infipoke_pokopia_items_zh_hans,woodenflooring,Wooden flooring,木地板,Blocks,https://infipoke.com/zh/game/pokopia/items
infipoke_pokopia_items_zh_hans,diagonalwoodenflooring,Diagonal wooden flooring,斜纹木地板,Blocks,https://infipoke.com/zh/game/pokopia/items
infipoke_pokopia_items_zh_hans,crisscrosswoodenflooring,Crisscross wooden flooring,交错木地板,Blocks,https://infipoke.com/zh/game/pokopia/items
infipoke_pokopia_items_zh_hans,hardwoodflooring,Hardwood flooring,硬木地板,Blocks,https://infipoke.com/zh/game/pokopia/items
infipoke_pokopia_items_zh_hans,moderncarpeting,Modern carpeting,现代地毯,Blocks,https://infipoke.com/zh/game/pokopia/items
infipoke_pokopia_items_zh_hans,wovencarpeting,Woven carpeting,编织地毯,Blocks,https://infipoke.com/zh/game/pokopia/items
infipoke_pokopia_items_zh_hans,fluffyflooring,Fluffy flooring,毛绒地板,Blocks,https://infipoke.com/zh/game/pokopia/items
infipoke_pokopia_items_zh_hans,softcarpeting,Soft carpeting,柔软地毯,Blocks,https://infipoke.com/zh/game/pokopia/items
infipoke_pokopia_items_zh_hans,extravagantcarpeting,Extravagant carpeting,奢华地毯,Blocks,https://infipoke.com/zh/game/pokopia/items
infipoke_pokopia_items_zh_hans,tatamimat,Tatami mat,榻榻米,Blocks,https://infipoke.com/zh/game/pokopia/items
infipoke_pokopia_items_zh_hans,feltmat,Felt mat,毛毡垫,Blocks,https://infipoke.com/zh/game/pokopia/items
infipoke_pokopia_items_zh_hans,puffy-treepillar,Puffy-tree Pillar,蓬松树柱,Blocks,https://infipoke.com/zh/game/pokopia/items
infipoke_pokopia_items_zh_hans,grassflooring,Grass flooring,草地地板,Blocks,https://infipoke.com/zh/game/pokopia/items
infipoke_pokopia_items_zh_hans,simpleflooring,Simple flooring,简约地板,Blocks,https://infipoke.com/zh/game/pokopia/items
infipoke_pokopia_items_zh_hans,marble,Marble,大理石,Blocks,https://infipoke.com/zh/game/pokopia/items
infipoke_pokopia_items_zh_hans,stoneflooring,Stone flooring,石地板,Blocks,https://infipoke.com/zh/game/pokopia/items
infipoke_pokopia_items_zh_hans,lined-stoneflooring,Lined-stone flooring,纹理石地板,Blocks,https://infipoke.com/zh/game/pokopia/items
infipoke_pokopia_items_zh_hans,darkmarbleflooring,Dark marble flooring,深色大理石地板,Blocks,https://infipoke.com/zh/game/pokopia/items
infipoke_pokopia_items_zh_hans,lightmarbleflooring,Light marble flooring,浅色大理石地板,Blocks,https://infipoke.com/zh/game/pokopia/items
infipoke_pokopia_items_zh_hans,aged-stoneflooring,Aged-stone flooring,风化石地板,Blocks,https://infipoke.com/zh/game/pokopia/items
infipoke_pokopia_items_zh_hans,simplesquaretiling,Simple square tiling,简约方砖,Blocks,https://infipoke.com/zh/game/pokopia/items
infipoke_pokopia_items_zh_hans,stylishtiling,Stylish tiling,时尚瓷砖,Blocks,https://infipoke.com/zh/game/pokopia/items
infipoke_pokopia_items_zh_hans,hexagonalflooring,Hexagonal flooring,六边形地板,Blocks,https://infipoke.com/zh/game/pokopia/items
infipoke_pokopia_items_zh_hans,shopflooring,Shop flooring,商店地板,Blocks,https://infipoke.com/zh/game/pokopia/items
infipoke_pokopia_items_zh_hans,triangle-designflooring,Triangle-design flooring,三角花纹地板,Blocks,https://infipoke.com/zh/game/pokopia/items
infipoke_pokopia_items_zh_hans,iron-plateflooring,Iron-plate flooring,铁板地板,Blocks,https://infipoke.com/zh/game/pokopia/items
infipoke_pokopia_items_zh_hans,irontiling,Iron tiling,铁砖,Blocks,https://infipoke.com/zh/game/pokopia/items
infipoke_pokopia_items_zh_hans,neonflooring,Neon flooring,霓虹地板,Blocks,https://infipoke.com/zh/game/pokopia/items
infipoke_pokopia_items_zh_hans,cyberflooring,Cyber flooring,赛博地板,Blocks,https://infipoke.com/zh/game/pokopia/items
infipoke_pokopia_items_zh_hans,archedtiling,Arched tiling,拱形砖,Blocks,https://infipoke.com/zh/game/pokopia/items
infipoke_pokopia_items_zh_hans,stonetiling,Stone tiling,石砖,Blocks,https://infipoke.com/zh/game/pokopia/items
infipoke_pokopia_items_zh_hans,squaretiling,Square tiling,方格砖,Blocks,https://infipoke.com/zh/game/pokopia/items
infipoke_pokopia_items_zh_hans,mosaictiling,Mosaic tiling,马赛克砖,Blocks,https://infipoke.com/zh/game/pokopia/items
infipoke_pokopia_items_zh_hans,brickflooring,Brick flooring,砖块地板,Blocks,https://infipoke.com/zh/game/pokopia/items
infipoke_pokopia_items_zh_hans,stylishstoneflooring,Stylish stone flooring,时尚石地板,Blocks,https://infipoke.com/zh/game/pokopia/items
infipoke_pokopia_items_zh_hans,fish-scaletiling,Fish-scale tiling,鱼鳞砖,Blocks,https://infipoke.com/zh/game/pokopia/items
infipoke_pokopia_items_zh_hans,asphaltroad,Asphalt road,柏油路,Blocks,https://infipoke.com/zh/game/pokopia/items
infipoke_pokopia_items_zh_hans,markedroad(horizontal),Marked road (horizontal),标线道路（横）,Blocks,https://infipoke.com/zh/game/pokopia/items
infipoke_pokopia_items_zh_hans,markedroad(vertical),Marked road (vertical),标线道路（竖）,Blocks,https://infipoke.com/zh/game/pokopia/items
infipoke_pokopia_items_zh_hans,graycircleflooring,Gray circle flooring,灰色圆圈地板,Blocks,https://infipoke.com/zh/game/pokopia/items
infipoke_pokopia_items_zh_hans,haypile,Hay pile,干草堆,Blocks,https://infipoke.com/zh/game/pokopia/items
infipoke_pokopia_items_zh_hans,ironplating,Iron plating,铁板,Blocks,https://infipoke.com/zh/game/pokopia/items
infipoke_pokopia_items_zh_hans,cubelight,Cube light,方块灯,Blocks,https://infipoke.com/zh/game/pokopia/items
infipoke_pokopia_items_zh_hans,foundation,Foundation,地基,Blocks,https://infipoke.com/zh/game/pokopia/items
infipoke_pokopia_items_zh_hans,levee,Levee,堤坝,Blocks,https://infipoke.com/zh/game/pokopia/items
infipoke_pokopia_items_zh_hans,scrapcube,Scrap cube,废料方块,Blocks,https://infipoke.com/zh/game/pokopia/items
infipoke_pokopia_items_zh_hans,polka-dotprint,Polka-dot print,波点花纹,Blocks,https://infipoke.com/zh/game/pokopia/items
infipoke_pokopia_items_zh_hans,bubbleprint,Bubble print,气泡花纹,Blocks,https://infipoke.com/zh/game/pokopia/items
infipoke_pokopia_items_zh_hans,vertical-stripeprint,Vertical-stripe print,竖条纹花纹,Blocks,https://infipoke.com/zh/game/pokopia/items
infipoke_pokopia_items_zh_hans,horizontal-stripeprint,Horizontal-stripe print,横条纹花纹,Blocks,https://infipoke.com/zh/game/pokopia/items
infipoke_pokopia_items_zh_hans,ginghamprint,Gingham print,格纹花纹,Blocks,https://infipoke.com/zh/game/pokopia/items
infipoke_pokopia_items_zh_hans,tartanprint,Tartan print,苏格兰格纹花纹,Blocks,https://infipoke.com/zh/game/pokopia/items
infipoke_pokopia_items_zh_hans,argyleprint,Argyle print,菱格纹花纹,Blocks,https://infipoke.com/zh/game/pokopia/items
infipoke_pokopia_items_zh_hans,houndstoothprint,Houndstooth print,千鸟格纹花纹,Blocks,https://infipoke.com/zh/game/pokopia/items
infipoke_pokopia_items_zh_hans,vineprint,Vine print,藤蔓花纹,Blocks,https://infipoke.com/zh/game/pokopia/items
infipoke_pokopia_items_zh_hans,swirlprint,Swirl print,漩涡花纹,Blocks,https://infipoke.com/zh/game/pokopia/items
infipoke_pokopia_items_zh_hans,winterprint,Winter print,冬季花纹,Blocks,https://infipoke.com/zh/game/pokopia/items
infipoke_pokopia_items_zh_hans,zig-zagprint,Zig-zag print,Z字形花纹,Blocks,https://infipoke.com/zh/game/pokopia/items
infipoke_pokopia_items_zh_hans,leafprint,Leaf print,叶子花纹,Blocks,https://infipoke.com/zh/game/pokopia/items
infipoke_pokopia_items_zh_hans,flowerprint,Flower print,花朵花纹,Blocks,https://infipoke.com/zh/game/pokopia/items
infipoke_pokopia_items_zh_hans,starprint,Star print,星星花纹,Blocks,https://infipoke.com/zh/game/pokopia/items
infipoke_pokopia_items_zh_hans,curryprint,Curry print,咖喱花纹,Blocks,https://infipoke.com/zh/game/pokopia/items
infipoke_pokopia_items_zh_hans,berryprint,Berry print,树果花纹,Blocks,https://infipoke.com/zh/game/pokopia/items
infipoke_pokopia_items_zh_hans,pokeballprint,Poké Ball print,精灵球花纹,Blocks,https://infipoke.com/zh/game/pokopia/items
infipoke_pokopia_items_zh_hans,stylishpokeballprint,Stylish Poké Ball print,时尚精灵球花纹,Blocks,https://infipoke.com/zh/game/pokopia/items
infipoke_pokopia_items_zh_hans,fieldgrass,Field grass,田野草,Blocks,https://infipoke.com/zh/game/pokopia/items
infipoke_pokopia_items_zh_hans,seashoregrass,Seashore grass,海边草,Blocks,https://infipoke.com/zh/game/pokopia/items
infipoke_pokopia_items_zh_hans,alpinegrass,Alpine grass,高山草,Blocks,https://infipoke.com/zh/game/pokopia/items
infipoke_pokopia_items_zh_hans,sky-highgrass,Sky-high grass,高空草,Blocks,https://infipoke.com/zh/game/pokopia/items
infipoke_pokopia_items_zh_hans,ordinarysoil,Ordinary soil,普通泥土,Blocks,https://infipoke.com/zh/game/pokopia/items
infipoke_pokopia_items_zh_hans,seashellsoil,Seashell soil,贝壳泥土,Blocks,https://infipoke.com/zh/game/pokopia/items
infipoke_pokopia_items_zh_hans,stripedsoil,Striped soil,条纹土壤,Blocks,https://infipoke.com/zh/game/pokopia/items
infipoke_pokopia_items_zh_hans,pure-whitesoil,Pure-white soil,纯白泥土,Blocks,https://infipoke.com/zh/game/pokopia/items
infipoke_pokopia_items_zh_hans,clay,Clay,黏土,Blocks,https://infipoke.com/zh/game/pokopia/items
infipoke_pokopia_items_zh_hans,ordinarysand,Ordinary sand,普通沙,Blocks,https://infipoke.com/zh/game/pokopia/items
infipoke_pokopia_items_zh_hans,beachsand,Beach sand,海滩沙子,Blocks,https://infipoke.com/zh/game/pokopia/items
infipoke_pokopia_items_zh_hans,skylandsand,Skyland sand,浮岛沙,Blocks,https://infipoke.com/zh/game/pokopia/items
infipoke_pokopia_items_zh_hans,bumpybeachsand,Bumpy beach sand,凹凸海沙,Blocks,https://infipoke.com/zh/game/pokopia/items
infipoke_pokopia_items_zh_hans,volcanicash,Volcanic ash,火山灰,Blocks,https://infipoke.com/zh/game/pokopia/items
infipoke_pokopia_items_zh_hans,sandstone,Sandstone,砂岩,Blocks,https://infipoke.com/zh/game/pokopia/items
infipoke_pokopia_items_zh_hans,skylandsandstone,Skyland sandstone,浮岛砂岩,Blocks,https://infipoke.com/zh/game/pokopia/items
infipoke_pokopia_items_zh_hans,cliffrock,Cliff rock,悬崖岩石,Blocks,https://infipoke.com/zh/game/pokopia/items
infipoke_pokopia_items_zh_hans,spottedcliffrock,Spotted cliff rock,斑纹悬崖岩石,Blocks,https://infipoke.com/zh/game/pokopia/items
infipoke_pokopia_items_zh_hans,redcliffrock,Red cliff rock,红色悬崖岩石,Blocks,https://infipoke.com/zh/game/pokopia/items
infipoke_pokopia_items_zh_hans,redspottedcliffrock,Red spotted cliff rock,红色斑纹悬崖岩石,Blocks,https://infipoke.com/zh/game/pokopia/items
infipoke_pokopia_items_zh_hans,blackcliffrock,Black cliff rock,黑色悬崖岩石,Blocks,https://infipoke.com/zh/game/pokopia/items
infipoke_pokopia_items_zh_hans,blackspottedcliffrock,Black spotted cliff rock,黑色斑纹悬崖岩石,Blocks,https://infipoke.com/zh/game/pokopia/items
infipoke_pokopia_items_zh_hans,skylandcliffrock,Skyland cliff rock,浮岛悬崖岩石,Blocks,https://infipoke.com/zh/game/pokopia/items
infipoke_pokopia_items_zh_hans,skylandspottedcliffrock,Skyland spotted cliff rock,浮岛斑纹悬崖岩石,Blocks,https://infipoke.com/zh/game/pokopia/items
infipoke_pokopia_items_zh_hans,whiterock,White rock,白色岩石,Blocks,https://infipoke.com/zh/game/pokopia/items
infipoke_pokopia_items_zh_hans,coarserock,Coarse rock,粗糙岩石,Blocks,https://infipoke.com/zh/game/pokopia/items
infipoke_pokopia_items_zh_hans,lightbrownrock,Light brown rock,浅棕色岩石,Blocks,https://infipoke.com/zh/game/pokopia/items
infipoke_pokopia_items_zh_hans,redrock,Red rock,红色岩石,Blocks,https://infipoke.com/zh/game/pokopia/items
infipoke_pokopia_items_zh_hans,yellowrock,Yellow rock,黄色岩石,Blocks,https://infipoke.com/zh/game/pokopia/items
infipoke_pokopia_items_zh_hans,blackrock,Black rock,黑色岩石,Blocks,https://infipoke.com/zh/game/pokopia/items
infipoke_pokopia_items_zh_hans,lavarock,Lava rock,岩浆岩石,Blocks,https://infipoke.com/zh/game/pokopia/items
infipoke_pokopia_items_zh_hans,caverock,Cave rock,洞穴岩石,Blocks,https://infipoke.com/zh/game/pokopia/items
infipoke_pokopia_items_zh_hans,oceanrock,Ocean rock,海洋岩石,Blocks,https://infipoke.com/zh/game/pokopia/items
infipoke_pokopia_items_zh_hans,reddish-browncaverock,Reddish-brown cave rock,红棕色洞穴岩石,Blocks,https://infipoke.com/zh/game/pokopia/items
infipoke_pokopia_items_zh_hans,volcanicrock,Volcanic rock,火山岩,Blocks,https://infipoke.com/zh/game/pokopia/items
infipoke_pokopia_items_zh_hans,carvedwhiterock,Carved white rock,雕刻白岩,Blocks,https://infipoke.com/zh/game/pokopia/items
infipoke_pokopia_items_zh_hans,carvedcoarserock,Carved coarse rock,雕刻粗岩,Blocks,https://infipoke.com/zh/game/pokopia/items
infipoke_pokopia_items_zh_hans,carvedlight-brownrock,Carved light-brown rock,雕刻浅棕岩,Blocks,https://infipoke.com/zh/game/pokopia/items
infipoke_pokopia_items_zh_hans,carvedredrock,Carved red rock,雕刻红岩,Blocks,https://infipoke.com/zh/game/pokopia/items
infipoke_pokopia_items_zh_hans,carvedyellowrock,Carved yellow rock,雕刻黄岩,Blocks,https://infipoke.com/zh/game/pokopia/items
infipoke_pokopia_items_zh_hans,copperdeposit(wasteland),Copper deposit (Wasteland),铜矿石（荒野）,Blocks,https://infipoke.com/zh/game/pokopia/items
infipoke_pokopia_items_zh_hans,copperdeposit(beach),Copper deposit (Beach),铜矿石（海边）,Blocks,https://infipoke.com/zh/game/pokopia/items
infipoke_pokopia_items_zh_hans,copperdeposit(ridge),Copper deposit (Ridge),铜矿石（山地）,Blocks,https://infipoke.com/zh/game/pokopia/items
infipoke_pokopia_items_zh_hans,copperdeposit(skyland),Copper deposit (Skyland),铜矿石（浮岛）,Blocks,https://infipoke.com/zh/game/pokopia/items
infipoke_pokopia_items_zh_hans,irondeposit,Iron deposit,铁矿石,Blocks,https://infipoke.com/zh/game/pokopia/items
infipoke_pokopia_items_zh_hans,golddeposit,Gold deposit,金矿石,Blocks,https://infipoke.com/zh/game/pokopia/items
infipoke_pokopia_items_zh_hans,pokemetaldeposit,Pokémetal deposit,宝可金属矿石,Blocks,https://infipoke.com/zh/game/pokopia/items
infipoke_pokopia_items_zh_hans,mossysoil,Mossy soil,苔藓泥土,Blocks,https://infipoke.com/zh/game/pokopia/items
infipoke_pokopia_items_zh_hans,gravel,Gravel,砂砾,Blocks,https://infipoke.com/zh/game/pokopia/items
infipoke_pokopia_items_zh_hans,limestone,Limestone,石灰石,Blocks,https://infipoke.com/zh/game/pokopia/items
infipoke_pokopia_items_zh_hans,glowingstone,Glowing stone,发光石,Blocks,https://infipoke.com/zh/game/pokopia/items
infipoke_pokopia_items_zh_hans,mysteriousstone,Mysterious stone,神秘石头,Blocks,https://infipoke.com/zh/game/pokopia/items
infipoke_pokopia_items_zh_hans,ice,Ice,冰块,Blocks,https://infipoke.com/zh/game/pokopia/items
infipoke_pokopia_items_zh_hans,crackedsandstone,Cracked sandstone,裂纹砂岩,Blocks,https://infipoke.com/zh/game/pokopia/items
infipoke_pokopia_items_zh_hans,rustedwall,Rusted Wall,生锈墙壁,Blocks,https://infipoke.com/zh/game/pokopia/items
infipoke_pokopia_items_zh_hans,damagedsquaretiling,Damaged square tiling,破损方砖,Blocks,https://infipoke.com/zh/game/pokopia/items
infipoke_pokopia_items_zh_hans,muddytiling,Muddy tiling,泥泞地砖,Blocks,https://infipoke.com/zh/game/pokopia/items
infipoke_pokopia_items_zh_hans,muddysand,Muddy sand,泥泞沙地,Blocks,https://infipoke.com/zh/game/pokopia/items
infipoke_pokopia_items_zh_hans,muddyseashellsoil,Muddy seashell soil,泥泞贝壳泥土,Blocks,https://infipoke.com/zh/game/pokopia/items
infipoke_pokopia_items_zh_hans,muddypure-whitesoil,Muddy pure-white soil,泥泞纯白泥土,Blocks,https://infipoke.com/zh/game/pokopia/items
infipoke_pokopia_items_zh_hans,rustediron-plateflooring,Rusted iron-plate flooring,生锈铁板地板,Blocks,https://infipoke.com/zh/game/pokopia/items
infipoke_pokopia_items_zh_hans,damagedstoneflooring,Damaged stone flooring,破损石地板,Blocks,https://infipoke.com/zh/game/pokopia/items
infipoke_pokopia_items_zh_hans,damagedmosaictiling,Damaged mosaic tiling,破损马赛克地砖,Blocks,https://infipoke.com/zh/game/pokopia/items
infipoke_pokopia_items_zh_hans,damagedwoodenflooring,Damaged wooden flooring,破损木地板,Blocks,https://infipoke.com/zh/game/pokopia/items
infipoke_pokopia_items_zh_hans,damagedarchedtiling,Damaged arched tiling,破损拱形地砖,Blocks,https://infipoke.com/zh/game/pokopia/items
infipoke_pokopia_items_zh_hans,damagedasphaltroad,Damaged asphalt road,破损沥青路,Blocks,https://infipoke.com/zh/game/pokopia/items
infipoke_pokopia_items_zh_hans,dryfieldgrass,Dry field grass,枯萎田野草,Blocks,https://infipoke.com/zh/game/pokopia/items
infipoke_pokopia_items_zh_hans,dryseashoregrass,Dry seashore grass,枯萎海边草,Blocks,https://infipoke.com/zh/game/pokopia/items
infipoke_pokopia_items_zh_hans,dryalpinegrass,Dry alpine grass,枯萎高山草,Blocks,https://infipoke.com/zh/game/pokopia/items
infipoke_pokopia_items_zh_hans,drysky-highgrass,Dry sky-high grass,枯萎高空草,Blocks,https://infipoke.com/zh/game/pokopia/items
infipoke_pokopia_items_zh_hans,barrenordinarysoil,Barren ordinary soil,荒芜普通泥土,Blocks,https://infipoke.com/zh/game/pokopia/items
infipoke_pokopia_items_zh_hans,barrenstripedsoil,Barren striped soil,荒芜条纹泥土,Blocks,https://infipoke.com/zh/game/pokopia/items
infipoke_pokopia_items_zh_hans,barrenpure-whitesoil,Barren pure-white soil,荒芜纯白泥土,Blocks,https://infipoke.com/zh/game/pokopia/items
infipoke_pokopia_items_zh_hans,farmsoil(wastelands),Farm soil (Wastelands),农田土（荒野）,Blocks,https://infipoke.com/zh/game/pokopia/items
infipoke_pokopia_items_zh_hans,farmsoil(beach),Farm soil (Beach),农田土（海边）,Blocks,https://infipoke.com/zh/game/pokopia/items
infipoke_pokopia_items_zh_hans,farmsoil(ridge),Farm soil (Ridge),农田土（山地）,Blocks,https://infipoke.com/zh/game/pokopia/items
infipoke_pokopia_items_zh_hans,farmsoil(skyland),Farm soil (Skyland),农田土（浮岛）,Blocks,https://infipoke.com/zh/game/pokopia/items
infipoke_pokopia_items_zh_hans,leafdenkit,Leaf den kit,叶之房间套件,Kits,https://infipoke.com/zh/game/pokopia/items
infipoke_pokopia_items_zh_hans,leafhutkit,Leaf hut kit,叶之小屋套件,Kits,https://infipoke.com/zh/game/pokopia/items
infipoke_pokopia_items_zh_hans,leafcottagekit,Leaf cottage kit,叶之屋套件,Kits,https://infipoke.com/zh/game/pokopia/items
infipoke_pokopia_items_zh_hans,leafhousekit,Leaf house kit,豪华叶之屋套件,Kits,https://infipoke.com/zh/game/pokopia/items
infipoke_pokopia_items_zh_hans,sanddenkit,Sand den kit,沙房间套件,Kits,https://infipoke.com/zh/game/pokopia/items
infipoke_pokopia_items_zh_hans,sandhutkit,Sand hut kit,沙小屋套件,Kits,https://infipoke.com/zh/game/pokopia/items
infipoke_pokopia_items_zh_hans,sandcottagekit,Sand cottage kit,沙屋套件,Kits,https://infipoke.com/zh/game/pokopia/items
infipoke_pokopia_items_zh_hans,sandhousekit,Sand house kit,豪华沙屋套件,Kits,https://infipoke.com/zh/game/pokopia/items
infipoke_pokopia_items_zh_hans,stonedenkit,Stone den kit,石房间套件,Kits,https://infipoke.com/zh/game/pokopia/items
infipoke_pokopia_items_zh_hans,stonehutkit,Stone hut kit,石小屋套件,Kits,https://infipoke.com/zh/game/pokopia/items
infipoke_pokopia_items_zh_hans,stonecottagekit,Stone cottage kit,石屋套件,Kits,https://infipoke.com/zh/game/pokopia/items
infipoke_pokopia_items_zh_hans,stonehousekit,Stone house kit,豪华石屋套件,Kits,https://infipoke.com/zh/game/pokopia/items
infipoke_pokopia_items_zh_hans,citydenkit,City den kit,都市房间套件,Kits,https://infipoke.com/zh/game/pokopia/items
infipoke_pokopia_items_zh_hans,cityhutkit,City hut kit,都市小屋套件,Kits,https://infipoke.com/zh/game/pokopia/items
infipoke_pokopia_items_zh_hans,citycottagekit,City cottage kit,都市房屋套件,Kits,https://infipoke.com/zh/game/pokopia/items
infipoke_pokopia_items_zh_hans,cityhousekit,City house kit,豪华都市房屋套件,Kits,https://infipoke.com/zh/game/pokopia/items
infipoke_pokopia_items_zh_hans,pokeballhousekit,Poké Ball house kit,精灵球房屋套件,Kits,https://infipoke.com/zh/game/pokopia/items
infipoke_pokopia_items_zh_hans,pokemartkit,Poké Mart kit,友好商店套件,Kits,https://infipoke.com/zh/game/pokopia/items
infipoke_pokopia_items_zh_hans,wastelandpokemoncenterkit,Wasteland Pokémon Center kit,荒野宝可梦中心套件,Kits,https://infipoke.com/zh/game/pokopia/items
infipoke_pokopia_items_zh_hans,beachpokemoncenterkit,Beach Pokémon Center kit,海边宝可梦中心套件,Kits,https://infipoke.com/zh/game/pokopia/items
infipoke_pokopia_items_zh_hans,ridgepokemoncenterkit,Ridge Pokémon Center kit,山地宝可梦中心套件,Kits,https://infipoke.com/zh/game/pokopia/items
infipoke_pokopia_items_zh_hans,skylandpokemoncenterkit,Skyland Pokémon Center kit,浮岛宝可梦中心套件,Kits,https://infipoke.com/zh/game/pokopia/items
infipoke_pokopia_items_zh_hans,windmillkit,Windmill kit,风力发电套件,Kits,https://infipoke.com/zh/game/pokopia/items
infipoke_pokopia_items_zh_hans,waterwheelkit,Waterwheel kit,水力发电套件,Kits,https://infipoke.com/zh/game/pokopia/items
infipoke_pokopia_items_zh_hans,furnacekit,Furnace kit,火力发电套件,Kits,https://infipoke.com/zh/game/pokopia/items
infipoke_pokopia_items_zh_hans,chargingstationkit,Charging station kit,充电站套件,Kits,https://infipoke.com/zh/game/pokopia/items
infipoke_pokopia_items_zh_hans,pikachufountainkit,Pikachu fountain kit,皮卡丘喷泉套件,Kits,https://infipoke.com/zh/game/pokopia/items
infipoke_pokopia_items_zh_hans,moonlightdancestatuekit,Moonlight dance statue kit,月夜舞蹈像套件,Kits,https://infipoke.com/zh/game/pokopia/items
infipoke_pokopia_items_zh_hans,pinkhutkit,Pink hut kit,粉红小屋套件,Kits,https://infipoke.com/zh/game/pokopia/items
infipoke_pokopia_items_zh_hans,pinkcottagekit,Pink cottage kit,粉红房屋套件,Kits,https://infipoke.com/zh/game/pokopia/items
infipoke_pokopia_items_zh_hans,orangehutkit,Orange hut kit,橙色小屋套件,Kits,https://infipoke.com/zh/game/pokopia/items
infipoke_pokopia_items_zh_hans,orangecottagekit,Orange cottage kit,橙色房屋套件,Kits,https://infipoke.com/zh/game/pokopia/items
infipoke_pokopia_items_zh_hans,grayhutkit,Gray hut kit,灰色小屋套件,Kits,https://infipoke.com/zh/game/pokopia/items
infipoke_pokopia_items_zh_hans,graycottagekit,Gray cottage kit,灰色房屋套件,Kits,https://infipoke.com/zh/game/pokopia/items
infipoke_pokopia_items_zh_hans,yellowhutkit,Yellow hut kit,黄色小屋套件,Kits,https://infipoke.com/zh/game/pokopia/items
infipoke_pokopia_items_zh_hans,yellowcottagekit,Yellow cottage kit,黄色房屋套件,Kits,https://infipoke.com/zh/game/pokopia/items
infipoke_pokopia_items_zh_hans,logcabinkit,Log cabin kit,原木小屋套件,Kits,https://infipoke.com/zh/game/pokopia/items
infipoke_pokopia_items_zh_hans,smallofficekit,Small office kit,小型办公室套件,Kits,https://infipoke.com/zh/game/pokopia/items
infipoke_pokopia_items_zh_hans,relaxingparkkit,Relaxing park kit,疗愈公园套件,Kits,https://infipoke.com/zh/game/pokopia/items
infipoke_pokopia_items_zh_hans,stylishcafekit,Stylish Café kit,时尚咖啡馆套件,Kits,https://infipoke.com/zh/game/pokopia/items
infipoke_pokopia_items_zh_hans,concertstagekit,Concert stage kit,演奏会舞台套件,Kits,https://infipoke.com/zh/game/pokopia/items
infipoke_pokopia_items_zh_hans,fountainplazakit,Fountain plaza kit,喷泉广场套件,Kits,https://infipoke.com/zh/game/pokopia/items
infipoke_pokopia_items_zh_hans,altarofflamekit,Altar of Flame kit,灯火祭坛套件,Kits,https://infipoke.com/zh/game/pokopia/items
infipoke_pokopia_items_zh_hans,abandonedpowerplantkit,Abandoned Power Plant kit,废弃发电厂套件,Kits,https://infipoke.com/zh/game/pokopia/items
infipoke_pokopia_items_zh_hans,freezingchamberskit,Freezing Chambers kit,双子冰室套件,Kits,https://infipoke.com/zh/game/pokopia/items
infipoke_pokopia_items_zh_hans,relocationkit(prepare),Relocation kit (prepare),搬家套件（准备）,Kits,https://infipoke.com/zh/game/pokopia/items
infipoke_pokopia_items_zh_hans,demolitionkit,Demolition kit,拆除套件,Kits,https://infipoke.com/zh/game/pokopia/items
infipoke_pokopia_items_zh_hans,pokemoncenterrebuildkit,Pokémon Center rebuild kit,宝可梦中心重建套件,Kits,https://infipoke.com/zh/game/pokopia/items
infipoke_pokopia_items_zh_hans,mysteriousmuralkit,Mysterious mural kit,神秘壁画套件,Kits,https://infipoke.com/zh/game/pokopia/items
infipoke_pokopia_items_zh_hans,boulderybadge,Bouldery Badge,岩石徽章,Key Items,https://infipoke.com/zh/game/pokopia/items
infipoke_pokopia_items_zh_hans,cascade-likebadge,Cascade-like Badge,瀑布徽章,Key Items,https://infipoke.com/zh/game/pokopia/items
infipoke_pokopia_items_zh_hans,thunderishbadge,Thunderish Badge,雷电徽章,Key Items,https://infipoke.com/zh/game/pokopia/items
infipoke_pokopia_items_zh_hans,rainbowishbadge,Rainbowish Badge,彩虹徽章,Key Items,https://infipoke.com/zh/game/pokopia/items
infipoke_pokopia_items_zh_hans,soul-likebadge,Soul-like Badge,灵魂徽章,Key Items,https://infipoke.com/zh/game/pokopia/items
infipoke_pokopia_items_zh_hans,marshybadge,Marshy Badge,沼泽徽章,Key Items,https://infipoke.com/zh/game/pokopia/items
infipoke_pokopia_items_zh_hans,volcanoeybadge,Volcanoey Badge,火山徽章,Key Items,https://infipoke.com/zh/game/pokopia/items
infipoke_pokopia_items_zh_hans,earthbadge,Earth Badge,大地徽章,Key Items,https://infipoke.com/zh/game/pokopia/items
infipoke_pokopia_items_zh_hans,mysteriousgoggles,Mysterious Goggles,神秘护目镜,Key Items,https://infipoke.com/zh/game/pokopia/items
infipoke_pokopia_items_zh_hans,dowsingmachine,Dowsing Machine,探宝器,Other,https://infipoke.com/zh/game/pokopia/items
infipoke_pokopia_items_zh_hans,neodowsingmachine,Neo Dowsing Machine,新型探宝器,Other,https://infipoke.com/zh/game/pokopia/items
infipoke_pokopia_items_zh_hans,partypopper,Party Popper,派对拉炮,Other,https://infipoke.com/zh/game/pokopia/items
infipoke_pokopia_items_zh_hans,starpiece,Star Piece,星星碎片,Other,https://infipoke.com/zh/game/pokopia/items
infipoke_pokopia_items_zh_hans,paintballoon(white),Paint balloon (white),颜料气球（白）,Other,https://infipoke.com/zh/game/pokopia/items
infipoke_pokopia_items_zh_hans,paintballoon(red),Paint balloon (red),颜料气球（红）,Other,https://infipoke.com/zh/game/pokopia/items
infipoke_pokopia_items_zh_hans,paintballoon(yellow),Paint balloon (yellow),颜料气球（黄）,Other,https://infipoke.com/zh/game/pokopia/items
infipoke_pokopia_items_zh_hans,paintballoon(green),Paint balloon (green),颜料气球（绿）,Other,https://infipoke.com/zh/game/pokopia/items
infipoke_pokopia_items_zh_hans,paintballoon(rose),Paint balloon (rose),颜料气球（玫瑰红）,Other,https://infipoke.com/zh/game/pokopia/items
infipoke_pokopia_items_zh_hans,paintballoon(pink),Paint balloon (pink),颜料气球（粉）,Other,https://infipoke.com/zh/game/pokopia/items
infipoke_pokopia_items_zh_hans,paintballoon(orange),Paint balloon (orange),颜料气球（橙）,Other,https://infipoke.com/zh/game/pokopia/items
infipoke_pokopia_items_zh_hans,paintballoon(purple),Paint balloon (purple),颜料气球（紫）,Other,https://infipoke.com/zh/game/pokopia/items
infipoke_pokopia_items_zh_hans,paintballoon(brown),Paint balloon (brown),颜料气球（棕）,Other,https://infipoke.com/zh/game/pokopia/items
infipoke_pokopia_items_zh_hans,paintballoon(beige),Paint balloon (beige),颜料气球（米色）,Other,https://infipoke.com/zh/game/pokopia/items
infipoke_pokopia_items_zh_hans,paintballoon(black),Paint balloon (black),颜料气球（黑）,Other,https://infipoke.com/zh/game/pokopia/items
infipoke_pokopia_items_zh_hans,paintballoon(lime),Paint balloon (lime),颜料气球（青柠）,Other,https://infipoke.com/zh/game/pokopia/items
infipoke_pokopia_items_zh_hans,paintballoon(plum),Paint balloon (plum),颜料气球（梅子色）,Other,https://infipoke.com/zh/game/pokopia/items
infipoke_pokopia_items_zh_hans,paintballoon(navy),Paint balloon (navy),颜料气球（海军蓝）,Other,https://infipoke.com/zh/game/pokopia/items
infipoke_pokopia_items_zh_hans,paintballoon(blue),Paint balloon (blue),颜料气球（蓝）,Other,https://infipoke.com/zh/game/pokopia/items
infipoke_pokopia_items_zh_hans,paintballoon(cyan),Paint balloon (cyan),颜料气球（青）,Other,https://infipoke.com/zh/game/pokopia/items
infipoke_pokopia_items_zh_hans,paintballoon(gray),Paint balloon (gray),颜料气球（灰）,Other,https://infipoke.com/zh/game/pokopia/items
infipoke_pokopia_items_zh_hans,paintballoon(aquamarine),Paint balloon (aquamarine),颜料气球（海蓝）,Other,https://infipoke.com/zh/game/pokopia/items
infipoke_pokopia_items_zh_hans,firework(white),Firework (white),烟花（白）,Other,https://infipoke.com/zh/game/pokopia/items
infipoke_pokopia_items_zh_hans,firework(red),Firework (red),烟花（红）,Other,https://infipoke.com/zh/game/pokopia/items
infipoke_pokopia_items_zh_hans,firework(green),Firework (green),烟花（绿）,Other,https://infipoke.com/zh/game/pokopia/items
infipoke_pokopia_items_zh_hans,firework(yellow),Firework (yellow),烟花（黄）,Other,https://infipoke.com/zh/game/pokopia/items
infipoke_pokopia_items_zh_hans,firework(blue),Firework (blue),烟花（蓝）,Other,https://infipoke.com/zh/game/pokopia/items
infipoke_pokopia_items_zh_hans,stonetiling(wallpaper),Stone tiling (wallpaper),石砖（壁纸）,Other,https://infipoke.com/zh/game/pokopia/items
infipoke_pokopia_items_zh_hans,woodenwall(wallpaper),Wooden wall (wallpaper),木墙（壁纸）,Other,https://infipoke.com/zh/game/pokopia/items
infipoke_pokopia_items_zh_hans,stylishstoneflooring(wallpaper),Stylish stone flooring (wallpaper),时尚石地板（壁纸）,Other,https://infipoke.com/zh/game/pokopia/items
infipoke_pokopia_items_zh_hans,woodenflooring(wallpaper),Wooden flooring (wallpaper),木地板（壁纸）,Other,https://infipoke.com/zh/game/pokopia/items
infipoke_pokopia_items_zh_hans,fluffyflooring(wallpaper),Fluffy flooring (wallpaper),蓬松地板 (墙纸),Other,https://infipoke.com/zh/game/pokopia/items
infipoke_pokopia_items_zh_hans,archedtiling(wallpaper),Arched tiling (wallpaper),拱形瓷砖 (墙纸),Other,https://infipoke.com/zh/game/pokopia/items
infipoke_pokopia_items_zh_hans,mosaictiling(wallpaper),Mosaic tiling (wallpaper),马赛克瓷砖 (墙纸),Other,https://infipoke.com/zh/game/pokopia/items
infipoke_pokopia_items_zh_hans,starry-skywall(wallpaper),Starry-sky wall (wallpaper),星空墙（壁纸）,Other,https://infipoke.com/zh/game/pokopia/items
infipoke_pokopia_items_zh_hans,wovencarpeting(wallpaper),Woven carpeting (wallpaper),编织地毯 (墙纸),Other,https://infipoke.com/zh/game/pokopia/items
infipoke_pokopia_items_zh_hans,goldwall(wallpaper),Gold wall (wallpaper),金色墙壁 (墙纸),Other,https://infipoke.com/zh/game/pokopia/items
infipoke_pokopia_items_zh_hans,stylishgoldwall(wallpaper),Stylish gold wall (wallpaper),时尚金色墙壁 (墙纸),Other,https://infipoke.com/zh/game/pokopia/items
infipoke_pokopia_items_zh_hans,patternedaged-stonewall(wallpaper),Patterned aged-stone wall (wallpaper),花纹旧石墙（壁纸）,Other,https://infipoke.com/zh/game/pokopia/items
infipoke_pokopia_items_zh_hans,aged-stonewall(wallpaper),Aged-stone wall (wallpaper),旧石墙 (墙纸),Other,https://infipoke.com/zh/game/pokopia/items
infipoke_pokopia_items_zh_hans,aged-stoneflooring(wallpaper),Aged-stone flooring (wallpaper),旧石地板 (墙纸),Other,https://infipoke.com/zh/game/pokopia/items
infipoke_pokopia_items_zh_hans,warningwall(wallpaper),Warning wall (wallpaper),警示墙 (墙纸),Other,https://infipoke.com/zh/game/pokopia/items
infipoke_pokopia_items_zh_hans,crystalwall(wallpaper),Crystal wall (wallpaper),水晶墙 (墙纸),Other,https://infipoke.com/zh/game/pokopia/items
infipoke_pokopia_items_zh_hans,moderncarpeting(wallpaper),Modern carpeting (wallpaper),现代地毯 (墙纸),Other,https://infipoke.com/zh/game/pokopia/items
infipoke_pokopia_items_zh_hans,iron-plateflooring(wallpaper),Iron-plate flooring (wallpaper),铁板地板 (墙纸),Other,https://infipoke.com/zh/game/pokopia/items
infipoke_pokopia_items_zh_hans,shoptiling(wallpaper),Shop tiling (wallpaper),商店瓷砖 (墙纸),Other,https://infipoke.com/zh/game/pokopia/items
infipoke_pokopia_items_zh_hans,brickwall(wallpaper),Brick wall (wallpaper),砖墙 (墙纸),Other,https://infipoke.com/zh/game/pokopia/items
infipoke_pokopia_items_zh_hans,concretewall(wallpaper),Concrete wall (wallpaper),混凝土墙 (墙纸),Other,https://infipoke.com/zh/game/pokopia/items
infipoke_pokopia_items_zh_hans,stoneflooring(wallpaper),Stone flooring (wallpaper),石头地板 (墙纸),Other,https://infipoke.com/zh/game/pokopia/items
infipoke_pokopia_items_zh_hans,lined-stoneflooring(wallpaper),Lined-stone flooring (wallpaper),条纹石地板 (墙纸),Other,https://infipoke.com/zh/game/pokopia/items
infipoke_pokopia_items_zh_hans,plasterwall(wallpaper),Plaster wall (wallpaper),灰泥墙 (墙纸),Other,https://infipoke.com/zh/game/pokopia/items
infipoke_pokopia_items_zh_hans,stonebrickwall(wallpaper),Stone brick wall (wallpaper),石砖墙 (墙纸),Other,https://infipoke.com/zh/game/pokopia/items
infipoke_pokopia_items_zh_hans,diagonalwoodenflooring(wallpaper),Diagonal wooden flooring (wallpaper),斜纹木地板 (墙纸),Other,https://infipoke.com/zh/game/pokopia/items
infipoke_pokopia_items_zh_hans,stylishtiling(wallpaper),Stylish tiling (wallpaper),时尚瓷砖 (墙纸),Other,https://infipoke.com/zh/game/pokopia/items
infipoke_pokopia_items_zh_hans,brickflooring(wallpaper),Brick flooring (wallpaper),砖块地板 (墙纸),Other,https://infipoke.com/zh/game/pokopia/items
infipoke_pokopia_items_zh_hans,clothwall(wallpaper),Cloth wall (wallpaper),布艺墙 (墙纸),Other,https://infipoke.com/zh/game/pokopia/items
infipoke_pokopia_items_zh_hans,squaretiling(wallpaper),Square tiling (wallpaper),方格瓷砖 (墙纸),Other,https://infipoke.com/zh/game/pokopia/items
infipoke_pokopia_items_zh_hans,levee(wallpaper),Levee (wallpaper),堤坝 (墙纸),Other,https://infipoke.com/zh/game/pokopia/items
infipoke_pokopia_items_zh_hans,cubelight(wallpaper),Cube light (wallpaper),方块灯 (墙纸),Other,https://infipoke.com/zh/game/pokopia/items
infipoke_pokopia_items_zh_hans,irontiling(wallpaper),Iron tiling (wallpaper),铁质瓷砖 (墙纸),Other,https://infipoke.com/zh/game/pokopia/items
infipoke_pokopia_items_zh_hans,darkmarbleflooring(wallpaper),Dark marble flooring (wallpaper),深色大理石地板 (墙纸),Other,https://infipoke.com/zh/game/pokopia/items
infipoke_pokopia_items_zh_hans,simpleflooring(wallpaper),Simple flooring (wallpaper),简约地板 (墙纸),Other,https://infipoke.com/zh/game/pokopia/items
infipoke_pokopia_items_zh_hans,hardwoodflooring(wallpaper),Hardwood flooring (wallpaper),硬木地板 (墙纸),Other,https://infipoke.com/zh/game/pokopia/items
infipoke_pokopia_items_zh_hans,fish-scaletiling(wallpaper),Fish-scale tiling (wallpaper),鱼鳞瓷砖 (墙纸),Other,https://infipoke.com/zh/game/pokopia/items
infipoke_pokopia_items_zh_hans,cobblestonewall(wallpaper),Cobblestone wall (wallpaper),鹅卵石墙 (墙纸),Other,https://infipoke.com/zh/game/pokopia/items
infipoke_pokopia_items_zh_hans,haypile(wallpaper),Hay pile (wallpaper),干草堆 (墙纸),Other,https://infipoke.com/zh/game/pokopia/items
infipoke_pokopia_items_zh_hans,broken-tilingwall(wallpaper),Broken-tiling wall (wallpaper),破损瓷砖墙 (墙纸),Other,https://infipoke.com/zh/game/pokopia/items
infipoke_pokopia_items_zh_hans,paintedwall(wallpaper),Painted wall (wallpaper),彩绘墙 (墙纸),Other,https://infipoke.com/zh/game/pokopia/items
infipoke_pokopia_items_zh_hans,stripedwall(wallpaper),Striped wall (wallpaper),条纹墙 (墙纸),Other,https://infipoke.com/zh/game/pokopia/items
infipoke_pokopia_items_zh_hans,cyberflooring(wallpaper),Cyber flooring (wallpaper),赛博地板 (墙纸),Other,https://infipoke.com/zh/game/pokopia/items
infipoke_pokopia_items_zh_hans,neonflooring(wallpaper),Neon flooring (wallpaper),霓虹地板 (墙纸),Other,https://infipoke.com/zh/game/pokopia/items
infipoke_pokopia_items_zh_hans,roughwall(wallpaper),Rough wall (wallpaper),粗糙墙 (墙纸),Other,https://infipoke.com/zh/game/pokopia/items
infipoke_pokopia_items_zh_hans,modernwall(wallpaper),Modern wall (wallpaper),现代墙 (墙纸),Other,https://infipoke.com/zh/game/pokopia/items
infipoke_pokopia_items_zh_hans,ironplating(wallpaper),Iron plating (wallpaper),铁板 (墙纸),Other,https://infipoke.com/zh/game/pokopia/items
infipoke_pokopia_items_zh_hans,hexagonalflooring(wallpaper),Hexagonal flooring (wallpaper),六边形地板 (墙纸),Other,https://infipoke.com/zh/game/pokopia/items
infipoke_pokopia_items_zh_hans,scrapcube(wallpaper),Scrap cube (wallpaper),废料方块 (墙纸),Other,https://infipoke.com/zh/game/pokopia/items
infipoke_pokopia_items_zh_hans,simplesquaretiling(wallpaper),Simple square tiling (wallpaper),简约方格瓷砖 (墙纸),Other,https://infipoke.com/zh/game/pokopia/items
infipoke_pokopia_items_zh_hans,puffy-treepillar(wallpaper),Puffy-tree pillar (wallpaper),蓬松树柱 (墙纸),Other,https://infipoke.com/zh/game/pokopia/items
infipoke_pokopia_items_zh_hans,feltmat(wallpaper),Felt mat (wallpaper),毛毡垫 (墙纸),Other,https://infipoke.com/zh/game/pokopia/items
infipoke_pokopia_items_zh_hans,triangle-designflooring(wallpaper),Triangle-design flooring (wallpaper),三角纹地板 (墙纸),Other,https://infipoke.com/zh/game/pokopia/items
infipoke_pokopia_items_zh_hans,crisscrosswoodenflooring(wallpaper),Crisscross wooden flooring (wallpaper),交错木地板 (墙纸),Other,https://infipoke.com/zh/game/pokopia/items
infipoke_pokopia_items_zh_hans,lightwoodenwall(wallpaper),Light wooden wall (wallpaper),浅色木墙 (墙纸),Other,https://infipoke.com/zh/game/pokopia/items
infipoke_pokopia_items_zh_hans,lightmarbleflooring(wallpaper),Light marble flooring (wallpaper),浅色大理石地板 (墙纸),Other,https://infipoke.com/zh/game/pokopia/items
infipoke_pokopia_items_zh_hans,bronzewall(wallpaper),Bronze wall (wallpaper),青铜墙 (墙纸),Other,https://infipoke.com/zh/game/pokopia/items
infipoke_pokopia_items_zh_hans,stylishbronzewall(wallpaper),Stylish bronze wall (wallpaper),时尚青铜墙 (墙纸),Other,https://infipoke.com/zh/game/pokopia/items
infipoke_pokopia_items_zh_hans,ironwall(wallpaper),Iron wall (wallpaper),铁墙 (墙纸),Other,https://infipoke.com/zh/game/pokopia/items
infipoke_pokopia_items_zh_hans,stylishironwall(wallpaper),Stylish iron wall (wallpaper),时尚铁墙 (墙纸),Other,https://infipoke.com/zh/game/pokopia/items
infipoke_pokopia_items_zh_hans,grassflooring(wallpaper),Grass flooring (wallpaper),草地地板 (墙纸),Other,https://infipoke.com/zh/game/pokopia/items
infipoke_pokopia_items_zh_hans,pokeballwall(wallpaper),Poké Ball wall (wallpaper),精灵球墙 (墙纸),Other,https://infipoke.com/zh/game/pokopia/items
infipoke_pokopia_items_zh_hans,polka-dotprint(wallpaper),Polka-dot Print (wallpaper),波点印花 (墙纸),Other,https://infipoke.com/zh/game/pokopia/items
infipoke_pokopia_items_zh_hans,vertical-stripeprint(wallpaper),Vertical-stripe print (wallpaper),竖条纹印花 (墙纸),Other,https://infipoke.com/zh/game/pokopia/items
infipoke_pokopia_items_zh_hans,horizontal-stripeprint(wallpaper),Horizontal-stripe print (wallpaper),横条纹印花 (墙纸),Other,https://infipoke.com/zh/game/pokopia/items
infipoke_pokopia_items_zh_hans,ginghamprint(wallpaper),Gingham print (wallpaper),格纹印花 (墙纸),Other,https://infipoke.com/zh/game/pokopia/items
infipoke_pokopia_items_zh_hans,tartanprint(wallpaper),Tartan print (wallpaper),苏格兰格纹印花 (墙纸),Other,https://infipoke.com/zh/game/pokopia/items
infipoke_pokopia_items_zh_hans,argyleprint(wallpaper),Argyle print (wallpaper),菱格纹印花 (墙纸),Other,https://infipoke.com/zh/game/pokopia/items
infipoke_pokopia_items_zh_hans,berryprint(wallpaper),Berry print (wallpaper),树果印花 (墙纸),Other,https://infipoke.com/zh/game/pokopia/items
infipoke_pokopia_items_zh_hans,pokeballprint(wallpaper),Poké Ball print (wallpaper),精灵球印花 (墙纸),Other,https://infipoke.com/zh/game/pokopia/items
infipoke_pokopia_items_zh_hans,stylishpokeballprint(wallpaper),Stylish Poké Ball print (wallpaper),时尚精灵球印花 (墙纸),Other,https://infipoke.com/zh/game/pokopia/items
infipoke_pokopia_items_zh_hans,marble(wallpaper),Marble (wallpaper),大理石 (墙纸),Other,https://infipoke.com/zh/game/pokopia/items
infipoke_pokopia_items_zh_hans,bubbleprint(wallpaper),Bubble print (wallpaper),气泡印花 (墙纸),Other,https://infipoke.com/zh/game/pokopia/items
infipoke_pokopia_items_zh_hans,houndstoothprint(wallpaper),Houndstooth print (wallpaper),千鸟格印花 (墙纸),Other,https://infipoke.com/zh/game/pokopia/items
infipoke_pokopia_items_zh_hans,vineprint(wallpaper),Vine print (wallpaper),藤蔓印花 (墙纸),Other,https://infipoke.com/zh/game/pokopia/items
infipoke_pokopia_items_zh_hans,swirlprint(wallpaper),Swirl print (wallpaper),漩涡印花 (墙纸),Other,https://infipoke.com/zh/game/pokopia/items
infipoke_pokopia_items_zh_hans,winterprint(wallpaper),Winter print (wallpaper),冬季印花 (墙纸),Other,https://infipoke.com/zh/game/pokopia/items
infipoke_pokopia_items_zh_hans,zig-zagprint(wallpaper),Zig-zag print (wallpaper),锯齿花纹（壁纸）,Other,https://infipoke.com/zh/game/pokopia/items
infipoke_pokopia_items_zh_hans,leafprint(wallpaper),Leaf print (wallpaper),叶子印花 (墙纸),Other,https://infipoke.com/zh/game/pokopia/items
infipoke_pokopia_items_zh_hans,flowerprint(wallpaper),Flower print (wallpaper),花朵印花 (墙纸),Other,https://infipoke.com/zh/game/pokopia/items
infipoke_pokopia_items_zh_hans,starprint(wallpaper),Star print (wallpaper),星星印花 (墙纸),Other,https://infipoke.com/zh/game/pokopia/items
infipoke_pokopia_items_zh_hans,curryprint(wallpaper),Curry print (wallpaper),咖喱印花 (墙纸),Other,https://infipoke.com/zh/game/pokopia/items
infipoke_pokopia_items_zh_hans,largelostrelic,Large Lost Relic,大型遗失物,Other,https://infipoke.com/zh/game/pokopia/items
infipoke_pokopia_items_zh_hans,smalllostrelic,Small Lost Relic,小型遗失物,Other,https://infipoke.com/zh/game/pokopia/items
infipoke_pokopia_items_zh_hans,titlescreen,Title Screen,标题画面,Other,https://infipoke.com/zh/game/pokopia/items
infipoke_pokopia_items_zh_hans,pallettown,Pallet Town,真新镇,Other,https://infipoke.com/zh/game/pokopia/items
infipoke_pokopia_items_zh_hans,oak'slab,Oak's Lab,大木博士的研究所,Other,https://infipoke.com/zh/game/pokopia/items
infipoke_pokopia_items_zh_hans,roadtoviridiancity,Road to Viridian City,通往常磐市之路,Other,https://infipoke.com/zh/game/pokopia/items
infipoke_pokopia_items_zh_hans,pewtercitytheme,Pewter City Theme,尼比市,Other,https://infipoke.com/zh/game/pokopia/items
infipoke_pokopia_items_zh_hans,pokemoncenter,Pokémon Center,宝可梦中心,Other,https://infipoke.com/zh/game/pokopia/items
infipoke_pokopia_items_zh_hans,cavesofmt.moon,Caves of Mt. Moon,月见山的洞穴,Other,https://infipoke.com/zh/game/pokopia/items
infipoke_pokopia_items_zh_hans,roadtoceruleancity,Road to Cerulean City,通往华蓝市之路,Other,https://infipoke.com/zh/game/pokopia/items
infipoke_pokopia_items_zh_hans,fuchsiacitytheme,Fuchsia City Theme,浅红市,Other,https://infipoke.com/zh/game/pokopia/items
infipoke_pokopia_items_zh_hans,pokemongym,Pokémon Gym,宝可梦道馆,Other,https://infipoke.com/zh/game/pokopia/items
infipoke_pokopia_items_zh_hans,roadtobill,Road to Bill,通往正辉之路,Other,https://infipoke.com/zh/game/pokopia/items
infipoke_pokopia_items_zh_hans,vermilioncitytheme,Vermilion City Theme,枯叶市,Other,https://infipoke.com/zh/game/pokopia/items
infipoke_pokopia_items_zh_hans,thes.s.anne,The S.S. Anne,圣安奴号,Other,https://infipoke.com/zh/game/pokopia/items
infipoke_pokopia_items_zh_hans,rockethideout,Rocket Hideout,火箭队秘密基地,Other,https://infipoke.com/zh/game/pokopia/items
infipoke_pokopia_items_zh_hans,silphco.,Silph Co.,西尔佛公司,Other,https://infipoke.com/zh/game/pokopia/items
infipoke_pokopia_items_zh_hans,battle!(gymleaderbattle),Battle! (Gym Leader Battle),对战！（馆主战）,Other,https://infipoke.com/zh/game/pokopia/items
infipoke_pokopia_items_zh_hans,unioncave,Union Cave,联合洞穴,Other,https://infipoke.com/zh/game/pokopia/items
infipoke_pokopia_items_zh_hans,ecruteakcity,Ecruteak City,圆朱市,Other,https://infipoke.com/zh/game/pokopia/items
infipoke_pokopia_items_zh_hans,belltower,Bell Tower,铃铛塔,Other,https://infipoke.com/zh/game/pokopia/items
infipoke_pokopia_items_zh_hans,fortreecity,Fortree City,茵郁市,Other,https://infipoke.com/zh/game/pokopia/items
infipoke_pokopia_items_zh_hans,sootopoliscity,Sootopolis City,琉璃市,Other,https://infipoke.com/zh/game/pokopia/items
infipoke_pokopia_items_zh_hans,route209(day),Route 209 (Day),209号道路（日间）,Other,https://infipoke.com/zh/game/pokopia/items
infipoke_pokopia_items_zh_hans,mt.coronet,Mt. Coronet,天冠山,Other,https://infipoke.com/zh/game/pokopia/items
infipoke_pokopia_items_zh_hans,gamecorner,Game Corner,游戏角,Other,https://infipoke.com/zh/game/pokopia/items
infipoke_pokopia_items_zh_hans,driftveilcity,Driftveil City,帆巴市,Other,https://infipoke.com/zh/game/pokopia/items
infipoke_pokopia_items_zh_hans,route10(unova),Route 10 (Unova),10号道路（合众）,Other,https://infipoke.com/zh/game/pokopia/items
infipoke_pokopia_items_zh_hans,dressupwithprops,Dress Up With Props,使用道具装扮,Other,https://infipoke.com/zh/game/pokopia/items
infipoke_pokopia_items_zh_hans,snowbellecity,Snowbelle City,映雪市,Other,https://infipoke.com/zh/game/pokopia/items
infipoke_pokopia_items_zh_hans,boutique,Boutique,精品店,Other,https://infipoke.com/zh/game/pokopia/items
infipoke_pokopia_items_zh_hans,supertraining!,Super Training!,超级特训！,Other,https://infipoke.com/zh/game/pokopia/items
infipoke_pokopia_items_zh_hans,contestspectacular,Contest Spectacular,华丽大型表演,Other,https://infipoke.com/zh/game/pokopia/items
infipoke_pokopia_items_zh_hans,hau'olicity(day),Hau'oli City (Day),好奥乐市（日间）,Other,https://infipoke.com/zh/game/pokopia/items
infipoke_pokopia_items_zh_hans,aetherparadise,Aether Paradise,以太乐园,Other,https://infipoke.com/zh/game/pokopia/items
infipoke_pokopia_items_zh_hans,ultraruin,Ultra Ruin,究极城市废墟,Other,https://infipoke.com/zh/game/pokopia/items
infipoke_pokopia_items_zh_hans,wildarea(north),Wild Area (North),旷野地带（北）,Other,https://infipoke.com/zh/game/pokopia/items
infipoke_pokopia_items_zh_hans,wyndon,Wyndon,宫门市,Other,https://infipoke.com/zh/game/pokopia/items
infipoke_pokopia_items_zh_hans,rosetower,Rose Tower,洛兹塔,Other,https://infipoke.com/zh/game/pokopia/items
infipoke_pokopia_items_zh_hans,battle!(gymleader)1,Battle! (Gym Leader) 1,对战！（馆主）1,Other,https://infipoke.com/zh/game/pokopia/items
infipoke_pokopia_items_zh_hans,jubilifevillage,Jubilife Village,祝庆村,Other,https://infipoke.com/zh/game/pokopia/items
infipoke_pokopia_items_zh_hans,southprovince,South Province,南部地区,Other,https://infipoke.com/zh/game/pokopia/items
infipoke_pokopia_items_zh_hans,theacademy,The Academy,学园,Other,https://infipoke.com/zh/game/pokopia/items
infipoke_pokopia_items_zh_hans,areazero,Area Zero,零区,Other,https://infipoke.com/zh/game/pokopia/items
infipoke_pokopia_items_zh_hans,battle!(gymleader)2,Battle! (Gym Leader) 2,对战！（馆主）2,Other,https://infipoke.com/zh/game/pokopia/items
infipoke_pokopia_items_zh_hans,nugget,Nugget,金珠,Other,https://infipoke.com/zh/game/pokopia/items
infipoke_pokopia_items_zh_hans,silverbottlecap,Silver Bottle Cap,银色王冠,Other,https://infipoke.com/zh/game/pokopia/items
infipoke_pokopia_items_zh_hans,goldbottlecap,Gold Bottle Cap,金色王冠,Other,https://infipoke.com/zh/game/pokopia/items
infipoke_pokopia_items_zh_hans,rarebone,Rare Bone,贵重骨头,Other,https://infipoke.com/zh/game/pokopia/items
infipoke_pokopia_items_zh_hans,heartscale,Heart Scale,心之鳞片,Other,https://infipoke.com/zh/game/pokopia/items
infipoke_pokopia_items_zh_hans,miracleseed,Miracle Seed,奇迹种子,Other,https://infipoke.com/zh/game/pokopia/items
infipoke_pokopia_items_zh_hans,hardstone,Hard Stone,硬石头,Other,https://infipoke.com/zh/game/pokopia/items
infipoke_pokopia_items_zh_hans,mysticwater,Mystic Water,神秘水滴,Other,https://infipoke.com/zh/game/pokopia/items
infipoke_pokopia_items_zh_hans,metalcoat,Metal Coat,金属膜,Other,https://infipoke.com/zh/game/pokopia/items
infipoke_pokopia_items_zh_hans,twistedspoon,Twisted Spoon,弯曲的汤匙,Other,https://infipoke.com/zh/game/pokopia/items
infipoke_pokopia_items_zh_hans,silverpowder,Silver Powder,银粉,Other,https://infipoke.com/zh/game/pokopia/items
infipoke_pokopia_items_zh_hans,blackglasses,Black Glasses,黑色眼镜,Other,https://infipoke.com/zh/game/pokopia/items
infipoke_pokopia_items_zh_hans,blackbelt,Black Belt,黑带,Other,https://infipoke.com/zh/game/pokopia/items
infipoke_pokopia_items_zh_hans,silkscarf,Silk Scarf,丝绸围巾,Other,https://infipoke.com/zh/game/pokopia/items
infipoke_pokopia_items_zh_hans,sharpbeak,Sharp Beak,锐利之喙,Other,https://infipoke.com/zh/game/pokopia/items
infipoke_pokopia_items_zh_hans,poisonbarb,Poison Barb,毒针,Other,https://infipoke.com/zh/game/pokopia/items
infipoke_pokopia_items_zh_hans,never-meltice,Never-Melt Ice,不融冰,Other,https://infipoke.com/zh/game/pokopia/items
infipoke_pokopia_items_zh_hans,spelltag,Spell Tag,诅咒之符,Other,https://infipoke.com/zh/game/pokopia/items
infipoke_pokopia_items_zh_hans,charcoal,Charcoal,木炭,Other,https://infipoke.com/zh/game/pokopia/items
infipoke_pokopia_items_zh_hans,softsand,Soft Sand,柔软沙子,Other,https://infipoke.com/zh/game/pokopia/items
infipoke_pokopia_items_zh_hans,fairyfeather,Fairy Feather,妖精之羽,Other,https://infipoke.com/zh/game/pokopia/items
infipoke_pokopia_items_zh_hans,dragonfang,Dragon Fang,龙之牙,Other,https://infipoke.com/zh/game/pokopia/items
infipoke_pokopia_items_zh_hans,leftovers,Leftovers,吃剩的东西,Other,https://infipoke.com/zh/game/pokopia/items
infipoke_pokopia_items_zh_hans,blacksludge,Black Sludge,黑色污泥,Other,https://infipoke.com/zh/game/pokopia/items
infipoke_pokopia_items_zh_hans,luckyegg,Lucky Egg,幸运蛋,Other,https://infipoke.com/zh/game/pokopia/items
infipoke_pokopia_items_zh_hans,destinyknot,Destiny Knot,红线,Other,https://infipoke.com/zh/game/pokopia/items
infipoke_pokopia_items_zh_hans,lifeorb,Life Orb,生命宝珠,Other,https://infipoke.com/zh/game/pokopia/items
infipoke_pokopia_items_zh_hans,ironball,Iron Ball,黑铁球,Other,https://infipoke.com/zh/game/pokopia/items
infipoke_pokopia_items_zh_hans,metalpowder,Metal Powder,金属粉,Other,https://infipoke.com/zh/game/pokopia/items
infipoke_pokopia_items_zh_hans,bigroot,Big Root,大根茎,Other,https://infipoke.com/zh/game/pokopia/items
infipoke_pokopia_items_zh_hans,adrenalineorb,Adrenaline Orb,胆怯球,Other,https://infipoke.com/zh/game/pokopia/items
infipoke_pokopia_items_zh_hans,weaknesspolicy,Weakness Policy,弱点保险,Other,https://infipoke.com/zh/game/pokopia/items
infipoke_pokopia_items_zh_hans,terrainextender,Terrain Extender,增幅土地,Other,https://infipoke.com/zh/game/pokopia/items
infipoke_pokopia_items_zh_hans,widelens,Wide Lens,广角镜,Other,https://infipoke.com/zh/game/pokopia/items
infipoke_pokopia_items_zh_hans,throatspray,Throat Spray,喉咙喷雾,Other,https://infipoke.com/zh/game/pokopia/items
infipoke_pokopia_items_zh_hans,lightclay,Light Clay,光之黏土,Other,https://infipoke.com/zh/game/pokopia/items
infipoke_pokopia_items_zh_hans,loadeddice,Loaded Dice,偷工骰子,Other,https://infipoke.com/zh/game/pokopia/items
infipoke_pokopia_items_zh_hans,stickybarb,Sticky Barb,附着针,Other,https://infipoke.com/zh/game/pokopia/items
infipoke_pokopia_items_zh_hans,quickclaw,Quick Claw,先制之爪,Other,https://infipoke.com/zh/game/pokopia/items
infipoke_pokopia_items_zh_hans,laggingtail,Lagging Tail,后攻之尾,Other,https://infipoke.com/zh/game/pokopia/items
infipoke_pokopia_items_zh_hans,flameorb,Flame Orb,火焰宝珠,Other,https://infipoke.com/zh/game/pokopia/items
infipoke_pokopia_items_zh_hans,abilityshield,Ability Shield,特性护具,Other,https://infipoke.com/zh/game/pokopia/items
infipoke_pokopia_items_zh_hans,roomservice,Room Service,客房服务,Other,https://infipoke.com/zh/game/pokopia/items
infipoke_pokopia_items_zh_hans,ringtarget,Ring Target,标靶,Other,https://infipoke.com/zh/game/pokopia/items
infipoke_pokopia_items_zh_hans,clearamulet,Clear Amulet,净化之符,Other,https://infipoke.com/zh/game/pokopia/items
infipoke_pokopia_items_zh_hans,zoomlens,Zoom Lens,对焦镜,Other,https://infipoke.com/zh/game/pokopia/items
infipoke_pokopia_items_zh_hans,rainbowfeather,Rainbow Feather,彩虹羽毛,Other,https://infipoke.com/zh/game/pokopia/items
infipoke_pokopia_items_zh_hans,silverfeather,Silver Feather,银色羽毛,Other,https://infipoke.com/zh/game/pokopia/items
infipoke_pokopia_items_zh_hans,partycookingpot,Party cooking pot,派对锅,Other,https://infipoke.com/zh/game/pokopia/items
infipoke_pokopia_items_zh_hans,smallnarrowrug,Small narrow rug,小型窄地毯,Other,https://infipoke.com/zh/game/pokopia/items
infipoke_pokopia_items_zh_hans,pokeballdoormat,Poké Ball Doormat,精灵球门垫,Other,https://infipoke.com/zh/game/pokopia/items
infipoke_pokopia_items_zh_hans,smallroundrug,Small round rug,小圆地毯,Other,https://infipoke.com/zh/game/pokopia/items
infipoke_pokopia_items_zh_hans,smallsquarerug,Small square rug,小方地毯,Other,https://infipoke.com/zh/game/pokopia/items
infipoke_pokopia_items_zh_hans,dittorug,Ditto rug,百变怪地毯,Other,https://infipoke.com/zh/game/pokopia/items
infipoke_pokopia_items_zh_hans,slowpokerug,Slowpoke rug,呆呆兽地毯,Other,https://infipoke.com/zh/game/pokopia/items
infipoke_pokopia_items_zh_hans,charizardrug,Charizard rug,喷火龙地毯,Other,https://infipoke.com/zh/game/pokopia/items
infipoke_pokopia_items_zh_hans,oblongrug,Oblong rug,长椭圆地毯,Other,https://infipoke.com/zh/game/pokopia/items
infipoke_pokopia_items_zh_hans,ratanrug,Ratan rug,藤编地毯,Other,https://infipoke.com/zh/game/pokopia/items
infipoke_pokopia_items_zh_hans,largeroundrug,Large round rug,大圆地毯,Other,https://infipoke.com/zh/game/pokopia/items
infipoke_pokopia_items_zh_hans,lacerug,Lace rug,蕾丝地毯,Other,https://infipoke.com/zh/game/pokopia/items
infipoke_pokopia_items_zh_hans,pokeballmat,Poké Ball Mat,精灵球地垫,Other,https://infipoke.com/zh/game/pokopia/items
infipoke_pokopia_items_zh_hans,largenarrowrug,Large narrow rug,大长地毯,Other,https://infipoke.com/zh/game/pokopia/items
infipoke_pokopia_items_zh_hans,largesquarerug,Large square rug,大方地毯,Other,https://infipoke.com/zh/game/pokopia/items
infipoke_pokopia_items_zh_hans,softmat,Soft mat,柔软地垫,Other,https://infipoke.com/zh/game/pokopia/items
infipoke_pokopia_items_zh_hans,balloonposter,Balloon Poster,海报・气球,Other,https://infipoke.com/zh/game/pokopia/items
infipoke_pokopia_items_zh_hans,moonlightposter,Moonlight Poster,月光海报,Other,https://infipoke.com/zh/game/pokopia/items
infipoke_pokopia_items_zh_hans,danceposter,Dance poster,舞蹈海报,Other,https://infipoke.com/zh/game/pokopia/items
infipoke_pokopia_items_zh_hans,oilpaintingposter,Oil painting poster,油画海报,Other,https://infipoke.com/zh/game/pokopia/items
infipoke_pokopia_items_zh_hans,sunnyposter,Sunny Poster,阳光海报,Other,https://infipoke.com/zh/game/pokopia/items
infipoke_pokopia_items_zh_hans,icecreamposter,Ice cream poster,冰淇淋海报,Other,https://infipoke.com/zh/game/pokopia/items
infipoke_pokopia_items_zh_hans,windmillposter,Windmill poster,风车海报,Other,https://infipoke.com/zh/game/pokopia/items
infipoke_pokopia_items_zh_hans,townscapeposter,Townscape poster,城镇风光海报,Other,https://infipoke.com/zh/game/pokopia/items
infipoke_pokopia_items_zh_hans,mountainposter,Mountain poster,山岳海报,Other,https://infipoke.com/zh/game/pokopia/items
infipoke_pokopia_items_zh_hans,acrylicposter,Acrylic poster,亚克力海报,Other,https://infipoke.com/zh/game/pokopia/items
infipoke_pokopia_items_zh_hans,watercolorposter,Watercolor poster,水彩海报,Other,https://infipoke.com/zh/game/pokopia/items
infipoke_pokopia_items_zh_hans,passionateposter,Passionate poster,热情海报,Other,https://infipoke.com/zh/game/pokopia/items
infipoke_pokopia_items_zh_hans,speedposter,Speed poster,速度海报,Other,https://infipoke.com/zh/game/pokopia/items
infipoke_pokopia_items_zh_hans,growthposter,Growth poster,成长海报,Other,https://infipoke.com/zh/game/pokopia/items
infipoke_pokopia_items_zh_hans,drinkposter,Drink poster,饮品海报,Other,https://infipoke.com/zh/game/pokopia/items
infipoke_pokopia_items_zh_hans,foodposter,Food poster,美食海报,Other,https://infipoke.com/zh/game/pokopia/items
infipoke_pokopia_items_zh_hans,technologyposter,Technology poster,科技海报,Other,https://infipoke.com/zh/game/pokopia/items
infipoke_pokopia_items_zh_hans,goldenposter,Golden poster,黄金海报,Other,https://infipoke.com/zh/game/pokopia/items
infipoke_pokopia_items_zh_hans,oceanposter,Ocean poster,海洋海报,Other,https://infipoke.com/zh/game/pokopia/items
infipoke_pokopia_items_zh_hans,meadowposter,Meadow poster,草原海报,Other,https://infipoke.com/zh/game/pokopia/items
infipoke_pokopia_items_zh_hans,ninjaposter,Ninja poster,忍者海报,Other,https://infipoke.com/zh/game/pokopia/items
infipoke_pokopia_items_zh_hans,townmap,Town map,城镇地图,Other,https://infipoke.com/zh/game/pokopia/items
infipoke_pokopia_items_zh_hans,teamrocketwallhanging,Team Rocket Wall Hanging,火箭队挂饰,Other,https://infipoke.com/zh/game/pokopia/items
infipoke_pokopia_items_zh_hans,skullfossil,Skull Fossil,头盖化石,Other,https://infipoke.com/zh/game/pokopia/items
infipoke_pokopia_items_zh_hans,armorfossil,Armor Fossil,盾甲化石,Other,https://infipoke.com/zh/game/pokopia/items
infipoke_pokopia_items_zh_hans,jawfossil,Jaw Fossil,颚化石,Other,https://infipoke.com/zh/game/pokopia/items
infipoke_pokopia_items_zh_hans,sailfossil,Sail Fossil,帆化石,Other,https://infipoke.com/zh/game/pokopia/items
infipoke_pokopia_items_zh_hans,wingfossil(head),Wing Fossil (head),翅膀化石（头）,Other,https://infipoke.com/zh/game/pokopia/items
infipoke_pokopia_items_zh_hans,wingfossil(rightwing),Wing Fossil (right wing),翅膀化石（右翼）,Other,https://infipoke.com/zh/game/pokopia/items
infipoke_pokopia_items_zh_hans,wingfossil(leftwing),Wing Fossil (left wing),翅膀化石（左翼）,Other,https://infipoke.com/zh/game/pokopia/items
infipoke_pokopia_items_zh_hans,wingfossil(body),Wing fossil (body),翅膀化石（身体）,Other,https://infipoke.com/zh/game/pokopia/items
infipoke_pokopia_items_zh_hans,wingfossil(tail),Wing Fossil (tail),翅膀化石（尾）,Other,https://infipoke.com/zh/game/pokopia/items
infipoke_pokopia_items_zh_hans,headbuttfossil(head),Headbutt Fossil (head),头突化石（头）,Other,https://infipoke.com/zh/game/pokopia/items
infipoke_pokopia_items_zh_hans,headbuttfossil(body),Headbutt Fossil (body),头突化石（身体）,Other,https://infipoke.com/zh/game/pokopia/items
infipoke_pokopia_items_zh_hans,headbuttfossil(tail),Headbutt Fossil (tail),头突化石（尾）,Other,https://infipoke.com/zh/game/pokopia/items
infipoke_pokopia_items_zh_hans,shieldfossil(head),Shield Fossil (Head),盾化石（头）,Other,https://infipoke.com/zh/game/pokopia/items
infipoke_pokopia_items_zh_hans,shieldfossil(body),Shield Fossil (body),盾化石（身体）,Other,https://infipoke.com/zh/game/pokopia/items
infipoke_pokopia_items_zh_hans,shieldfossil(tail),Shield Fossil (tail),盾化石（尾）,Other,https://infipoke.com/zh/game/pokopia/items
infipoke_pokopia_items_zh_hans,despotfossil(head),Despot Fossil (head),暴君化石（头）,Other,https://infipoke.com/zh/game/pokopia/items
infipoke_pokopia_items_zh_hans,despotfossil(body),Despot Fossil (body),暴君化石（身体）,Other,https://infipoke.com/zh/game/pokopia/items
infipoke_pokopia_items_zh_hans,despotfossil(legs),Despot Fossil (legs),暴君化石（腿）,Other,https://infipoke.com/zh/game/pokopia/items
infipoke_pokopia_items_zh_hans,despotfossil(tail),Despot Fossil (tail),暴君化石（尾）,Other,https://infipoke.com/zh/game/pokopia/items
infipoke_pokopia_items_zh_hans,tundrafossil(head),Tundra Fossil (head),冻土化石（头）,Other,https://infipoke.com/zh/game/pokopia/items
infipoke_pokopia_items_zh_hans,tundrafossil(body),Tundra Fossil (body),冻土化石（身体）,Other,https://infipoke.com/zh/game/pokopia/items
infipoke_pokopia_items_zh_hans,tundrafossil(tail),Tundra Fossil (tail),冻土化石（尾）,Other,https://infipoke.com/zh/game/pokopia/items
infipoke_pokopia_items_zh_hans,mysteriousslatea,Mysterious Slate A,神秘石板 A,Other,https://infipoke.com/zh/game/pokopia/items
infipoke_pokopia_items_zh_hans,mysteriousslateb,Mysterious Slate B,神秘石板 B,Other,https://infipoke.com/zh/game/pokopia/items
infipoke_pokopia_items_zh_hans,mysteriousslatec,Mysterious Slate C,神秘石板 C,Other,https://infipoke.com/zh/game/pokopia/items
infipoke_pokopia_items_zh_hans,mysteriousslated,Mysterious Slate D,神秘石板 D,Other,https://infipoke.com/zh/game/pokopia/items
infipoke_pokopia_items_zh_hans,mysteriousslatee,Mysterious Slate E,神秘石板 E,Other,https://infipoke.com/zh/game/pokopia/items
infipoke_pokopia_items_zh_hans,mysteriousslatef,Mysterious Slate F,神秘石板 F,Other,https://infipoke.com/zh/game/pokopia/items
infipoke_pokopia_items_zh_hans,mysteriousslateg,Mysterious Slate G,神秘石板 G,Other,https://infipoke.com/zh/game/pokopia/items
infipoke_pokopia_items_zh_hans,mysteriousslateh,Mysterious Slate H,神秘石板 H,Other,https://infipoke.com/zh/game/pokopia/items
infipoke_pokopia_items_zh_hans,mysteriousslatei,Mysterious Slate I,神秘石板 I,Other,https://infipoke.com/zh/game/pokopia/items
infipoke_pokopia_items_zh_hans,mysteriousslatej,Mysterious Slate J,神秘石板 J,Other,https://infipoke.com/zh/game/pokopia/items
infipoke_pokopia_items_zh_hans,mysteriousslatek,Mysterious Slate K,神秘石板 K,Other,https://infipoke.com/zh/game/pokopia/items
infipoke_pokopia_items_zh_hans,mysteriousslatel,Mysterious Slate L,神秘石板 L,Other,https://infipoke.com/zh/game/pokopia/items
infipoke_pokopia_items_zh_hans,mysteriousslatem,Mysterious Slate M,神秘石板 M,Other,https://infipoke.com/zh/game/pokopia/items
infipoke_pokopia_items_zh_hans,mysteriousslaten,Mysterious Slate N,神秘石板 N,Other,https://infipoke.com/zh/game/pokopia/items
infipoke_pokopia_items_zh_hans,mysteriousslateo,Mysterious Slate O,神秘石板 O,Other,https://infipoke.com/zh/game/pokopia/items
infipoke_pokopia_items_zh_hans,mysteriousslatep,Mysterious Slate P,神秘石板 P,Other,https://infipoke.com/zh/game/pokopia/items
infipoke_pokopia_items_zh_hans,mysteriousslateq,Mysterious Slate Q,神秘石板 Q,Other,https://infipoke.com/zh/game/pokopia/items
infipoke_pokopia_items_zh_hans,mysteriousslater,Mysterious Slate R,神秘石板 R,Other,https://infipoke.com/zh/game/pokopia/items
infipoke_pokopia_items_zh_hans,mysteriousslates,Mysterious Slate S,神秘石板 S,Other,https://infipoke.com/zh/game/pokopia/items
infipoke_pokopia_items_zh_hans,mysteriousslatet,Mysterious Slate T,神秘石板 T,Other,https://infipoke.com/zh/game/pokopia/items
infipoke_pokopia_items_zh_hans,mysteriousslateu,Mysterious Slate U,神秘石板 U,Other,https://infipoke.com/zh/game/pokopia/items
infipoke_pokopia_items_zh_hans,mysteriousslatev,Mysterious Slate V,神秘石板 V,Other,https://infipoke.com/zh/game/pokopia/items
infipoke_pokopia_items_zh_hans,mysteriousslatew,Mysterious Slate W,神秘石板 W,Other,https://infipoke.com/zh/game/pokopia/items
infipoke_pokopia_items_zh_hans,mysteriousslatex,Mysterious Slate X,神秘石板 X,Other,https://infipoke.com/zh/game/pokopia/items
infipoke_pokopia_items_zh_hans,mysteriousslatey,Mysterious Slate Y,神秘石板 Y,Other,https://infipoke.com/zh/game/pokopia/items
infipoke_pokopia_items_zh_hans,mysteriousslatez,Mysterious Slate Z,神秘石板 Z,Other,https://infipoke.com/zh/game/pokopia/items
infipoke_pokopia_items_zh_hans,mysteriousslate,Mysterious Slate,神秘石板,Other,https://infipoke.com/zh/game/pokopia/items
infipoke_pokopia_items_zh_hans,professor'streasuretrove,Professor's treasure trove,博士的宝物,Other,https://infipoke.com/zh/game/pokopia/items
infipoke_pokopia_items_zh_hans,diploma,Diploma,完成证书,Other,https://infipoke.com/zh/game/pokopia/items
infipoke_pokopia_items_zh_hans,picnicblanket,Picnic blanket,野餐垫,Other,https://infipoke.com/zh/game/pokopia/items
infipoke_pokopia_items_zh_hans,picnicblanket,Picnic blanket,野餐垫,Other,https://infipoke.com/zh/game/pokopia/items
infipoke_pokopia_items_zh_hans,polygonalshelf,Polygonal Shelf,多边形架子,Lost Relics (L),https://infipoke.com/zh/game/pokopia/items
infipoke_pokopia_items_zh_hans,mysteriouspedestal,Mysterious pedestal,神秘台座,Lost Relics (L),https://infipoke.com/zh/game/pokopia/items
infipoke_pokopia_items_zh_hans,avaluggtable,Avalugg Table,冰岩怪桌,Lost Relics (L),https://infipoke.com/zh/game/pokopia/items
infipoke_pokopia_items_zh_hans,pikachusofa,Pikachu sofa,皮卡丘沙发,Lost Relics (L),https://infipoke.com/zh/game/pokopia/items
infipoke_pokopia_items_zh_hans,naptimebed,Naptime bed,午睡床,Lost Relics (L),https://infipoke.com/zh/game/pokopia/items
infipoke_pokopia_items_zh_hans,wigglymirror,Wiggly mirror,摆动镜子,Lost Relics (L),https://infipoke.com/zh/game/pokopia/items
infipoke_pokopia_items_zh_hans,pitcher-plantpot,Pitcher-plant pot,猪笼草盆栽,Lost Relics (L),https://infipoke.com/zh/game/pokopia/items
infipoke_pokopia_items_zh_hans,munnabank,Munna bank,食梦梦存钱罐,Lost Relics (L),https://infipoke.com/zh/game/pokopia/items
infipoke_pokopia_items_zh_hans,bouncybluebathtub,Bouncy blue bathtub,弹弹蓝浴缸,Lost Relics (L),https://infipoke.com/zh/game/pokopia/items
infipoke_pokopia_items_zh_hans,arcademachine,Arcade machine,街机,Lost Relics (L),https://infipoke.com/zh/game/pokopia/items
infipoke_pokopia_items_zh_hans,funkydiffuser,Funky diffuser,时尚扩香器,Lost Relics (L),https://infipoke.com/zh/game/pokopia/items
infipoke_pokopia_items_zh_hans,goldteeth,Gold Teeth,金牙,Lost Relics (L),https://infipoke.com/zh/game/pokopia/items
infipoke_pokopia_items_zh_hans,repel,Repel,除虫喷雾,Lost Relics (L),https://infipoke.com/zh/game/pokopia/items
infipoke_pokopia_items_zh_hans,bignugget,Big Nugget,巨型金珠,Lost Relics (L),https://infipoke.com/zh/game/pokopia/items
infipoke_pokopia_items_zh_hans,boo-in-the-box,Boo-in-the-box,惊吓盒,Lost Relics (L),https://infipoke.com/zh/game/pokopia/items
infipoke_pokopia_items_zh_hans,wobbuffetwobbler,Wobbuffet Wobbler,果然翁不倒翁,Lost Relics (L),https://infipoke.com/zh/game/pokopia/items
infipoke_pokopia_items_zh_hans,mysteriousstatue,Mysterious statue,神秘雕像,Lost Relics (L),https://infipoke.com/zh/game/pokopia/items
infipoke_pokopia_items_zh_hans,fierymagbystatue,Fiery Magby statue,鸭嘴宝宝火焰雕像,Lost Relics (L),https://infipoke.com/zh/game/pokopia/items
infipoke_pokopia_items_zh_hans,gymemblemstatue,Gym emblem statue,道馆徽章雕像,Lost Relics (L),https://infipoke.com/zh/game/pokopia/items
infipoke_pokopia_items_zh_hans,spacesuit,Spacesuit,太空服,Lost Relics (L),https://infipoke.com/zh/game/pokopia/items
infipoke_pokopia_items_zh_hans,modelspaceshuttle,Model space shuttle,太空梭模型,Lost Relics (L),https://infipoke.com/zh/game/pokopia/items
infipoke_pokopia_items_zh_hans,spaceship,Spaceship,宇宙飞船,Lost Relics (L),https://infipoke.com/zh/game/pokopia/items
infipoke_pokopia_items_zh_hans,rowletclock,Rowlet clock,木木枭钟,Lost Relics (L),https://infipoke.com/zh/game/pokopia/items
infipoke_pokopia_items_zh_hans,castformweathercharm,Castform weather charm,飘浮泡泡晴天娃娃,Lost Relics (L),https://infipoke.com/zh/game/pokopia/items
infipoke_pokopia_items_zh_hans,eeriecandle,Eerie candle,诡异蜡烛,Lost Relics (L),https://infipoke.com/zh/game/pokopia/items
infipoke_pokopia_items_zh_hans,gardenornament,Garden ornament,庭院摆饰,Lost Relics (L),https://infipoke.com/zh/game/pokopia/items
infipoke_pokopia_items_zh_hans,bike,Bike,自行车,Lost Relics (L),https://infipoke.com/zh/game/pokopia/items
infipoke_pokopia_items_zh_hans,horseafountain,Horsea fountain,墨海马喷泉,Lost Relics (L),https://infipoke.com/zh/game/pokopia/items
infipoke_pokopia_items_zh_hans,fishingrod,Fishing rod,钓竿,Lost Relics (L),https://infipoke.com/zh/game/pokopia/items
infipoke_pokopia_items_zh_hans,raichusign,Raichu sign,雷丘看板,Lost Relics (L),https://infipoke.com/zh/game/pokopia/items
infipoke_pokopia_items_zh_hans,photocutoutboard,Photo cutout board,脸洞看板,Lost Relics (L),https://infipoke.com/zh/game/pokopia/items
infipoke_pokopia_items_zh_hans,redmeteorlamp,Red meteor lamp,红色流星灯,Lost Relics (L),https://infipoke.com/zh/game/pokopia/items
infipoke_pokopia_items_zh_hans,orangemeteorlamp,Orange meteor lamp,橙色流星灯,Lost Relics (L),https://infipoke.com/zh/game/pokopia/items
infipoke_pokopia_items_zh_hans,yellowmeteorlamp,Yellow meteor lamp,黄色流星灯,Lost Relics (L),https://infipoke.com/zh/game/pokopia/items
infipoke_pokopia_items_zh_hans,greenmeteorlamp,Green meteor lamp,绿色流星灯,Lost Relics (L),https://infipoke.com/zh/game/pokopia/items
infipoke_pokopia_items_zh_hans,bluemeteorlamp,Blue meteor lamp,蓝色流星灯,Lost Relics (L),https://infipoke.com/zh/game/pokopia/items
infipoke_pokopia_items_zh_hans,indigometeorlamp,Indigo meteor lamp,靛色流星灯,Lost Relics (L),https://infipoke.com/zh/game/pokopia/items
infipoke_pokopia_items_zh_hans,violetmeteorlamp,Violet meteor lamp,紫罗兰流星灯,Lost Relics (L),https://infipoke.com/zh/game/pokopia/items
infipoke_pokopia_items_zh_hans,seedotlamp,Seedot Lamp,橡实果灯,Lost Relics (L),https://infipoke.com/zh/game/pokopia/items
infipoke_pokopia_items_zh_hans,slowpokerug,Slowpoke rug,呆呆兽地毯,Lost Relics (L),https://infipoke.com/zh/game/pokopia/items
infipoke_pokopia_items_zh_hans,charizardrug,Charizard rug,喷火龙地毯,Lost Relics (L),https://infipoke.com/zh/game/pokopia/items
infipoke_pokopia_items_zh_hans,townmap,Town map,城镇地图,Lost Relics (L),https://infipoke.com/zh/game/pokopia/items
infipoke_pokopia_items_zh_hans,teamrocketwallhanging,Team Rocket Wall Hanging,火箭队挂饰,Lost Relics (L),https://infipoke.com/zh/game/pokopia/items
infipoke_pokopia_items_zh_hans,nugget,Nugget,金珠,Lost Relics (S),https://infipoke.com/zh/game/pokopia/items
infipoke_pokopia_items_zh_hans,silverbottlecap,Silver Bottle Cap,银色王冠,Lost Relics (S),https://infipoke.com/zh/game/pokopia/items
infipoke_pokopia_items_zh_hans,goldbottlecap,Gold Bottle Cap,金色王冠,Lost Relics (S),https://infipoke.com/zh/game/pokopia/items
infipoke_pokopia_items_zh_hans,rarebone,Rare Bone,贵重骨头,Lost Relics (S),https://infipoke.com/zh/game/pokopia/items
infipoke_pokopia_items_zh_hans,heartscale,Heart Scale,心之鳞片,Lost Relics (S),https://infipoke.com/zh/game/pokopia/items
infipoke_pokopia_items_zh_hans,miracleseed,Miracle Seed,奇迹种子,Lost Relics (S),https://infipoke.com/zh/game/pokopia/items
infipoke_pokopia_items_zh_hans,hardstone,Hard Stone,硬石头,Lost Relics (S),https://infipoke.com/zh/game/pokopia/items
infipoke_pokopia_items_zh_hans,mysticwater,Mystic Water,神秘水滴,Lost Relics (S),https://infipoke.com/zh/game/pokopia/items
infipoke_pokopia_items_zh_hans,metalcoat,Metal Coat,金属膜,Lost Relics (S),https://infipoke.com/zh/game/pokopia/items
infipoke_pokopia_items_zh_hans,twistedspoon,Twisted Spoon,弯曲的汤匙,Lost Relics (S),https://infipoke.com/zh/game/pokopia/items
infipoke_pokopia_items_zh_hans,silverpowder,Silver Powder,银粉,Lost Relics (S),https://infipoke.com/zh/game/pokopia/items
infipoke_pokopia_items_zh_hans,blackglasses,Black Glasses,黑色眼镜,Lost Relics (S),https://infipoke.com/zh/game/pokopia/items
infipoke_pokopia_items_zh_hans,blackbelt,Black Belt,黑带,Lost Relics (S),https://infipoke.com/zh/game/pokopia/items
infipoke_pokopia_items_zh_hans,silkscarf,Silk Scarf,丝绸围巾,Lost Relics (S),https://infipoke.com/zh/game/pokopia/items
infipoke_pokopia_items_zh_hans,sharpbeak,Sharp Beak,锐利之喙,Lost Relics (S),https://infipoke.com/zh/game/pokopia/items
infipoke_pokopia_items_zh_hans,poisonbarb,Poison Barb,毒针,Lost Relics (S),https://infipoke.com/zh/game/pokopia/items
infipoke_pokopia_items_zh_hans,never-meltice,Never-Melt Ice,不融冰,Lost Relics (S),https://infipoke.com/zh/game/pokopia/items
infipoke_pokopia_items_zh_hans,spelltag,Spell Tag,诅咒之符,Lost Relics (S),https://infipoke.com/zh/game/pokopia/items
infipoke_pokopia_items_zh_hans,charcoal,Charcoal,木炭,Lost Relics (S),https://infipoke.com/zh/game/pokopia/items
infipoke_pokopia_items_zh_hans,softsand,Soft Sand,柔软沙子,Lost Relics (S),https://infipoke.com/zh/game/pokopia/items
infipoke_pokopia_items_zh_hans,fairyfeather,Fairy Feather,妖精之羽,Lost Relics (S),https://infipoke.com/zh/game/pokopia/items
infipoke_pokopia_items_zh_hans,dragonfang,Dragon Fang,龙之牙,Lost Relics (S),https://infipoke.com/zh/game/pokopia/items
infipoke_pokopia_items_zh_hans,leftovers,Leftovers,吃剩的东西,Lost Relics (S),https://infipoke.com/zh/game/pokopia/items
infipoke_pokopia_items_zh_hans,blacksludge,Black Sludge,黑色污泥,Lost Relics (S),https://infipoke.com/zh/game/pokopia/items
infipoke_pokopia_items_zh_hans,luckyegg,Lucky Egg,幸运蛋,Lost Relics (S),https://infipoke.com/zh/game/pokopia/items
infipoke_pokopia_items_zh_hans,destinyknot,Destiny Knot,红线,Lost Relics (S),https://infipoke.com/zh/game/pokopia/items
infipoke_pokopia_items_zh_hans,lifeorb,Life Orb,生命宝珠,Lost Relics (S),https://infipoke.com/zh/game/pokopia/items
infipoke_pokopia_items_zh_hans,ironball,Iron Ball,黑铁球,Lost Relics (S),https://infipoke.com/zh/game/pokopia/items
infipoke_pokopia_items_zh_hans,metalpowder,Metal Powder,金属粉,Lost Relics (S),https://infipoke.com/zh/game/pokopia/items
infipoke_pokopia_items_zh_hans,bigroot,Big Root,大根茎,Lost Relics (S),https://infipoke.com/zh/game/pokopia/items
infipoke_pokopia_items_zh_hans,adrenalineorb,Adrenaline Orb,胆怯球,Lost Relics (S),https://infipoke.com/zh/game/pokopia/items
infipoke_pokopia_items_zh_hans,weaknesspolicy,Weakness Policy,弱点保险,Lost Relics (S),https://infipoke.com/zh/game/pokopia/items
infipoke_pokopia_items_zh_hans,terrainextender,Terrain Extender,增幅土地,Lost Relics (S),https://infipoke.com/zh/game/pokopia/items
infipoke_pokopia_items_zh_hans,widelens,Wide Lens,广角镜,Lost Relics (S),https://infipoke.com/zh/game/pokopia/items
infipoke_pokopia_items_zh_hans,throatspray,Throat Spray,喉咙喷雾,Lost Relics (S),https://infipoke.com/zh/game/pokopia/items
infipoke_pokopia_items_zh_hans,lightclay,Light Clay,光之黏土,Lost Relics (S),https://infipoke.com/zh/game/pokopia/items
infipoke_pokopia_items_zh_hans,loadeddice,Loaded Dice,偷工骰子,Lost Relics (S),https://infipoke.com/zh/game/pokopia/items
infipoke_pokopia_items_zh_hans,stickybarb,Sticky Barb,附着针,Lost Relics (S),https://infipoke.com/zh/game/pokopia/items
infipoke_pokopia_items_zh_hans,quickclaw,Quick Claw,先制之爪,Lost Relics (S),https://infipoke.com/zh/game/pokopia/items
infipoke_pokopia_items_zh_hans,laggingtail,Lagging Tail,后攻之尾,Lost Relics (S),https://infipoke.com/zh/game/pokopia/items
infipoke_pokopia_items_zh_hans,flameorb,Flame Orb,火焰宝珠,Lost Relics (S),https://infipoke.com/zh/game/pokopia/items
infipoke_pokopia_items_zh_hans,abilityshield,Ability Shield,特性护具,Lost Relics (S),https://infipoke.com/zh/game/pokopia/items
infipoke_pokopia_items_zh_hans,roomservice,Room Service,客房服务,Lost Relics (S),https://infipoke.com/zh/game/pokopia/items
infipoke_pokopia_items_zh_hans,ringtarget,Ring Target,标靶,Lost Relics (S),https://infipoke.com/zh/game/pokopia/items
infipoke_pokopia_items_zh_hans,clearamulet,Clear Amulet,净化之符,Lost Relics (S),https://infipoke.com/zh/game/pokopia/items
infipoke_pokopia_items_zh_hans,zoomlens,Zoom Lens,对焦镜,Lost Relics (S),https://infipoke.com/zh/game/pokopia/items
infipoke_pokopia_items_zh_hans,skullfossil,Skull Fossil,头盖化石,Fossils,https://infipoke.com/zh/game/pokopia/items
infipoke_pokopia_items_zh_hans,armorfossil,Armor Fossil,盾甲化石,Fossils,https://infipoke.com/zh/game/pokopia/items
infipoke_pokopia_items_zh_hans,jawfossil,Jaw Fossil,颚化石,Fossils,https://infipoke.com/zh/game/pokopia/items
infipoke_pokopia_items_zh_hans,sailfossil,Sail Fossil,帆化石,Fossils,https://infipoke.com/zh/game/pokopia/items
infipoke_pokopia_items_zh_hans,wingfossil(head),Wing Fossil (head),翅膀化石（头）,Fossils,https://infipoke.com/zh/game/pokopia/items
infipoke_pokopia_items_zh_hans,wingfossil(rightwing),Wing Fossil (right wing),翅膀化石（右翼）,Fossils,https://infipoke.com/zh/game/pokopia/items
infipoke_pokopia_items_zh_hans,wingfossil(leftwing),Wing Fossil (left wing),翅膀化石（左翼）,Fossils,https://infipoke.com/zh/game/pokopia/items
infipoke_pokopia_items_zh_hans,wingfossil(body),Wing fossil (body),翅膀化石（身体）,Fossils,https://infipoke.com/zh/game/pokopia/items
infipoke_pokopia_items_zh_hans,wingfossil(tail),Wing Fossil (tail),翅膀化石（尾）,Fossils,https://infipoke.com/zh/game/pokopia/items
infipoke_pokopia_items_zh_hans,headbuttfossil(head),Headbutt Fossil (head),头突化石（头）,Fossils,https://infipoke.com/zh/game/pokopia/items
infipoke_pokopia_items_zh_hans,headbuttfossil(body),Headbutt Fossil (body),头突化石（身体）,Fossils,https://infipoke.com/zh/game/pokopia/items
infipoke_pokopia_items_zh_hans,headbuttfossil(tail),Headbutt Fossil (tail),头突化石（尾）,Fossils,https://infipoke.com/zh/game/pokopia/items
infipoke_pokopia_items_zh_hans,shieldfossil(head),Shield Fossil (Head),盾化石（头）,Fossils,https://infipoke.com/zh/game/pokopia/items
infipoke_pokopia_items_zh_hans,shieldfossil(body),Shield Fossil (body),盾化石（身体）,Fossils,https://infipoke.com/zh/game/pokopia/items
infipoke_pokopia_items_zh_hans,shieldfossil(tail),Shield Fossil (tail),盾化石（尾）,Fossils,https://infipoke.com/zh/game/pokopia/items
infipoke_pokopia_items_zh_hans,despotfossil(head),Despot Fossil (head),暴君化石（头）,Fossils,https://infipoke.com/zh/game/pokopia/items
infipoke_pokopia_items_zh_hans,despotfossil(body),Despot Fossil (body),暴君化石（身体）,Fossils,https://infipoke.com/zh/game/pokopia/items
infipoke_pokopia_items_zh_hans,despotfossil(legs),Despot Fossil (legs),暴君化石（腿）,Fossils,https://infipoke.com/zh/game/pokopia/items
infipoke_pokopia_items_zh_hans,despotfossil(tail),Despot Fossil (tail),暴君化石（尾）,Fossils,https://infipoke.com/zh/game/pokopia/items
infipoke_pokopia_items_zh_hans,tundrafossil(head),Tundra Fossil (head),冻土化石（头）,Fossils,https://infipoke.com/zh/game/pokopia/items
infipoke_pokopia_items_zh_hans,tundrafossil(body),Tundra Fossil (body),冻土化石（身体）,Fossils,https://infipoke.com/zh/game/pokopia/items
infipoke_pokopia_items_zh_hans,tundrafossil(tail),Tundra Fossil (tail),冻土化石（尾）,Fossils,https://infipoke.com/zh/game/pokopia/items
