kind,id,name,slug,description,category,tags,sources,event,inventory_status,collectible,order_key,order_value,trade_sell_value,trade_buy_value,trade_buy_quantity,life_coins,shop_level,mosslax,storage_capacity,habitat_item_category_ids,favorite_category_ids,image_url,variant_image_urls,source_page,source
placeable_item,197,Leppa Berry,leppa-berry,A berry with rather unremarkable flavor. Restores some PP when eaten.,Food,"[""Food""]","[""Gifts from Pokemon"",""Headbutt berry trees""]",,in-collection,,food_order,1,13,,,,,Increase Pokemon Friendship (Weak),,[],[],https://pokopiadex.com/images/items/dream_ui/leppa-berry.png,[],https://pokopiadex.com/items/leppa-berry,pokopiadex_items_in_collection
placeable_item,414,Chesto Berry,chesto-berry,A rock-hard berry with a dry flavor. Restores some PP when eaten.,Food,"[""Food""]",[],,in-collection,,food_order,2,,,,,,Increase Feather Drops (Weak),,[],[2205],https://pokopiadex.com/images/items/item_ui/chesto-berry.png,[],https://pokopiadex.com/items/chesto-berry,pokopiadex_items_in_collection
placeable_item,415,Rawst Berry,rawst-berry,"The longer and more curled the leaves are, the more bitter this berry tastes. Restores some PP when eaten.",Food,"[""Food""]",[],,in-collection,,food_order,3,,,,,,Increase Rare Items (Weak),,[],[2197],https://pokopiadex.com/images/items/item_ui/rawst-berry.png,[],https://pokopiadex.com/items/rawst-berry,pokopiadex_items_in_collection
placeable_item,416,Aspear Berry,aspear-berry,This berry has a distinctively sharp sour taste. Restores some PP when eaten.,Food,"[""Food""]","[""Trade at PC""]",,in-collection,,food_order,4,,500,10,,,Increase Shop Quality & Discounts (Weak),,[],[2234],https://pokopiadex.com/images/items/item_ui/aspear-berry.png,[],https://pokopiadex.com/items/aspear-berry,pokopiadex_items_in_collection
placeable_item,28,Pecha Berry,pecha-berry,"A sweet, delicious berry. Restores some PP when eaten.",Food,"[""Food""]","[""Headbutt berry trees""]",,in-collection,,food_order,5,,,,,,Increase Artifact Spawns (Weak),,[],[2240],https://pokopiadex.com/images/items/item_ui/pecha-berry.png,[],https://pokopiadex.com/items/pecha-berry,pokopiadex_items_in_collection
placeable_item,417,Lum Berry,lum-berry,A berry that has a well-balanced flavor. Restores some PP when eaten.,Food,"[""Food""]",[],,in-collection,,food_order,6,,,,,,Increase Pokemon Friendship (Weak),,[],[],https://pokopiadex.com/images/items/item_ui/lum-berry.png,[],https://pokopiadex.com/items/lum-berry,pokopiadex_items_in_collection
placeable_item,671,Bean,bean,Small beans that are jam-packed with nutrients. Restores some PP when eaten.,Food,"[""Food""]","[""Harvest from ripe bean plant""]",,in-collection,,food_order,7,,,,,,Increase Artifact Spawns (Weak),,[],[2240],https://pokopiadex.com/images/items/item_ui/bean.png,[],https://pokopiadex.com/items/bean,pokopiadex_items_in_collection
placeable_item,1577,Tomato,tomato,"A round, tasty-looking tomato. Restores some PP when eaten.",Food,"[""Food""]","[""inspect shiny water ripples""]",,in-collection,,food_order,8,,,,,,Increase Shop Quality & Discounts (Weak),,[],[2234],https://pokopiadex.com/images/items/item_ui/tomato.png,[],https://pokopiadex.com/items/tomato,pokopiadex_items_in_collection
placeable_item,753,Wheat,wheat,They're actually edible raw! Restore some PP when eaten.,Food,"[""Food""]","[""inspect shiny water ripples""]",,in-collection,,food_order,9,,,,,,Increase Feather Drops (Weak),,[],[2205],https://pokopiadex.com/images/items/item_ui/wheat.png,[],https://pokopiadex.com/items/wheat,pokopiadex_items_in_collection
placeable_item,1578,Potato,potato,A delicious potato-even with the skin still on! Restores some PP when eaten.,Food,"[""Food""]",[],,in-collection,,food_order,10,,,,,,Increase Rare Items (Weak),,[],[2197],https://pokopiadex.com/images/items/item_ui/potato.png,[],https://pokopiadex.com/items/potato,pokopiadex_items_in_collection
placeable_item,198,Fresh carrot,fresh-carrot,You can harvest these spicy carrots by pulling up on their leaves. Restores some PP when eaten.,Food,"[""Food""]","[""Pull carrot leaves""]",,in-collection,,food_order,11,20,,,,,Increase Pokemon Spawns (Weak),,[],[2235],https://pokopiadex.com/images/items/item_ui/fresh-carrot.png,[],https://pokopiadex.com/items/fresh-carrot,pokopiadex_items_in_collection
placeable_item,56,Seaweed,seaweed,Seaweed that has washed ashore. Restores some PP when eaten.,Food,"[""Food""]","[""Beach"",""Area gate between Withered Wasteland and Bleak Beach""]",,in-collection,,food_order,12,,,,,,Increase Pokemon Friendship (Weak),,[],[],https://pokopiadex.com/images/items/item_ui/seaweed.png,[],https://pokopiadex.com/items/seaweed,pokopiadex_items_in_collection
placeable_item,574,Cave mushrooms,cave-mushrooms,"Mushrooms that grow in damp places, such as caves or under shady trees. Restores some PP when eaten.",Food,"[""Food""]","[""Gifts from Pokemon""]",,in-collection,,food_order,13,,,,,,Increase Feather Drops (Weak),,[],[2205],https://pokopiadex.com/images/items/dream_ui/cave-mushrooms.png,[],https://pokopiadex.com/items/cave-mushrooms,pokopiadex_items_in_collection
placeable_item,729,Simple salad,simple-salad,An ordinary salad made with leaves. Powers up Leafage when eaten.,Food,"[""Food""]",[],,in-collection,,food_order,14,,,,,,Increase Pokemon Friendship (Regular),,[],[],https://pokopiadex.com/images/items/item_ui/simple-salad.png,[],https://pokopiadex.com/items/simple-salad,pokopiadex_items_in_collection
placeable_item,1076,Leppa salad,leppa-salad,A sweet salad made with Leppa Berries. Powers up Leafage when eaten.,Food,"[""Food""]",[],,in-collection,,food_order,15,,,,,,Increase Artifact Spawns (Strong),,[],[2240],https://pokopiadex.com/images/items/item_ui/leppa-salad.png,[],https://pokopiadex.com/items/leppa-salad,pokopiadex_items_in_collection
placeable_item,1093,Seaweed salad,seaweed-salad,A bitter-tasting salad made with seaweed. Powers up Leafage when eaten.,Food,"[""Food""]",[],,in-collection,,food_order,16,,,,,,Increase Rare Items (Strong),,[],[2197],https://pokopiadex.com/images/items/item_ui/seaweed-salad.png,[],https://pokopiadex.com/items/seaweed-salad,pokopiadex_items_in_collection
placeable_item,1094,Shredded salad,shredded-salad,A sour salad made with finely chopped leaves. Powers up Leafage when eaten.,Food,"[""Food""]",[],,in-collection,,food_order,17,,,,,,Increase Shop Quality & Discounts (Strong),,[],[2234],https://pokopiadex.com/images/items/item_ui/shredded-salad.png,[],https://pokopiadex.com/items/shredded-salad,pokopiadex_items_in_collection
placeable_item,1095,Crushed-berry salad,crushed-berry-salad,"A salad with a dry flavor, made with crushed Chesto Berries. Powers up Leafage when eaten.",Food,"[""Food""]",[],,in-collection,,food_order,18,,,,,,Increase Feather Drops (Strong),,[],[2205],https://pokopiadex.com/images/items/item_ui/crushed-berry-salad.png,[],https://pokopiadex.com/items/crushed-berry-salad,pokopiadex_items_in_collection
placeable_item,1077,Crouton salad,crouton-salad,A spicy salad with a delightfully crunchy texture. Powers up Leafage when eaten.,Food,"[""Food""]",[],,in-collection,,food_order,19,,,,,,Increase Pokemon Spawns (Strong),,[],[2235],https://pokopiadex.com/images/items/item_ui/crouton-salad.png,[],https://pokopiadex.com/items/crouton-salad,pokopiadex_items_in_collection
placeable_item,1078,Simple soup,simple-soup,An ordinary soup made with Fresh Water. Powers up Water Gun when eaten.,Food,"[""Food""]",[],,in-collection,,food_order,20,,,,,,Increase Pokemon Friendship (Regular),,[],[],https://pokopiadex.com/images/items/item_ui/simple-soup.png,[],https://pokopiadex.com/items/simple-soup,pokopiadex_items_in_collection
placeable_item,858,Seaweed soup,seaweed-soup,A bitter-tasting soup made with seaweed. Powers up Water Gun when eaten.,Food,"[""Food""]",[],,in-collection,,food_order,21,,,,,,Increase Rare Items (Strong),,[],[2197],https://pokopiadex.com/images/items/item_ui/seaweed-soup.png,[],https://pokopiadex.com/items/seaweed-soup,pokopiadex_items_in_collection
placeable_item,1079,Mushroom soup,mushroom-soup,A soup with a dry flavor made with mushroom broth.,Food,"[""Food""]",[],,in-collection,,food_order,22,,,,,,Increase Feather Drops (Strong),,[],[2205],https://pokopiadex.com/images/items/item_ui/mushroom-soup.png,[],https://pokopiadex.com/items/mushroom-soup,pokopiadex_items_in_collection
placeable_item,1091,Electrifying soup,electrifying-soup,A shockingly spicy soup.. Powers up Water Gun when eaten.,Food,"[""Food""]",[],,in-collection,,food_order,23,,,,,,Increase Pokemon Spawns (Strong),,[],[2235],https://pokopiadex.com/images/items/item_ui/electrifying-soup.png,[],https://pokopiadex.com/items/electrifying-soup,pokopiadex_items_in_collection
placeable_item,859,Healthy soup,healthy-soup,A spicy soup with an aromantic bean flavor. Powers up Water Gun when eaten!,Food,"[""Food""]",[],,in-collection,,food_order,24,,,,,,Increase Pokemon Spawns (Strong),,[],[2235],https://pokopiadex.com/images/items/item_ui/healthy-soup.png,[],https://pokopiadex.com/items/healthy-soup,pokopiadex_items_in_collection
placeable_item,1092,Flavorful soup,flavorful-soup,A sour soup bursting with flavor. Powers up Water Gun when eaten.,Food,"[""Food""]",[],,in-collection,,food_order,25,,,,,,Increase Shop Quality & Discounts (Strong),,[],[2234],https://pokopiadex.com/images/items/item_ui/flavorful-soup.png,[],https://pokopiadex.com/items/flavorful-soup,pokopiadex_items_in_collection
placeable_item,748,Simple bread,simple-bread,Ordinary wheat bread. Powers up Cut when eaten.,Food,"[""Food""]",[],,in-collection,,food_order,26,,,,,,Increase Pokemon Friendship (Regular),,[],[],https://pokopiadex.com/images/items/item_ui/simple-bread.png,[],https://pokopiadex.com/items/simple-bread,pokopiadex_items_in_collection
placeable_item,1080,Leppa bread,leppa-bread,Sour-tasting bread made with Leppa Berry jam. Powers up Cut when eaten.,Food,"[""Food""]",[],,in-collection,,food_order,27,,,,,,Increase Shop Quality & Discounts (Strong),,[],[2234],https://pokopiadex.com/images/items/item_ui/leppa-bread.png,[],https://pokopiadex.com/items/leppa-bread,pokopiadex_items_in_collection
placeable_item,1081,Carrot bread,carrot-bread,Spicy bread with an intense carrot flavor. Powers up Cut when eaten.,Food,"[""Food""]",[],,in-collection,,food_order,28,,,,,,Increase Pokemon Spawns (Strong),,[],[2235],https://pokopiadex.com/images/items/item_ui/carrot-bread.png,[],https://pokopiadex.com/items/carrot-bread,pokopiadex_items_in_collection
placeable_item,1088,Recycled bread,recycled-bread,Bitter-tasting bread made by reusing other bread. Powers up Cut when eaten.,Food,"[""Food""]",[],,in-collection,,food_order,29,,,,,,Increase Rare Items (Strong),,[],[2197],https://pokopiadex.com/images/items/item_ui/recycled-bread.png,[],https://pokopiadex.com/items/recycled-bread,pokopiadex_items_in_collection
placeable_item,1089,Fluffy bread,fluffy-bread,Sweet bread made with Pecha Berries. Powers up cut when eaten.,Food,"[""Food""]",[],,in-collection,,food_order,30,,,,,,Increase Artifact Spawns (Strong),,[],[2240],https://pokopiadex.com/images/items/item_ui/fluffy-bread.png,[],https://pokopiadex.com/items/fluffy-bread,pokopiadex_items_in_collection
placeable_item,1090,Bread bowl,bread-bowl,Spicy bread that's delicious even when burnt. Powers up Cut when eaten.,Food,"[""Food""]",[],,in-collection,,food_order,31,,,,,,Increase Pokemon Spawns (Strong),,[],[2235],https://pokopiadex.com/images/items/item_ui/bread-bowl.png,[],https://pokopiadex.com/items/bread-bowl,pokopiadex_items_in_collection
placeable_item,1082,Simple hamburger steak,simple-hamburger-steak,"An ordinary hamburger steak, made with beans. Powers up Rock Smash when eaten.",Food,"[""Food""]",[],,in-collection,,food_order,32,,,,,,Increase Pokemon Friendship (Regular),,[],[],https://pokopiadex.com/images/items/item_ui/simple-hamburger-steak.png,[],https://pokopiadex.com/items/simple-hamburger-steak,pokopiadex_items_in_collection
placeable_item,1084,Mushroom hamburger steak,mushroom-hamburger-steak,"A hamburger steak with an intensely dry, mushroomy flavor. Powers up Rock Smash when eaten.",Food,"[""Food""]",[],,in-collection,,food_order,33,,,,,,Increase Feather Drops (Strong),,[],[2205],https://pokopiadex.com/images/items/item_ui/mushroom-hamburger-steak.png,[],https://pokopiadex.com/items/mushroom-hamburger-steak,pokopiadex_items_in_collection
placeable_item,1085,Tomato hamburger steak,tomato-hamburger-steak,A hamburger steak that brings out the sour flavor of its ingredients.. Powers up Rock Smash when eaten.,Food,"[""Food""]",[],,in-collection,,food_order,34,,,,,,Increase Shop Quality & Discounts (Strong),,[],[2234],https://pokopiadex.com/images/items/item_ui/tomato-hamburger-steak.png,[],https://pokopiadex.com/items/tomato-hamburger-steak,pokopiadex_items_in_collection
placeable_item,1086,Potato Hamburger Steak,potato-hamburger-steak,A satisfyingly sweet hamburger steak. Powers up Rock Smash a lot when eaten.,Food,"[""Food""]",[],,in-collection,,food_order,35,,,,,,Increase Artifact Spawns (Strong),,[],[2240],https://pokopiadex.com/images/items/item_ui/potato-hamburger-steak.png,[],https://pokopiadex.com/items/potato-hamburger-steak,pokopiadex_items_in_collection
placeable_item,1083,Bitter hamburger steak,bitter-hamburger-steak,A bitter-tasting hamburger steak topped with leaves.,Food,"[""Food""]",[],,in-collection,,food_order,36,,,,,,Increase Rare Items (Strong),,[],[2197],https://pokopiadex.com/images/items/item_ui/bitter-hamburger-steak.png,[],https://pokopiadex.com/items/bitter-hamburger-steak,pokopiadex_items_in_collection
placeable_item,1087,Vibrant hamburger steak,vibrant-hamburger-steak,A hamburger steak made with lots of ingredients. Powers up Rock Smash a lot when eaten.,Food,"[""Food""]",[],,in-collection,,food_order,37,,,,,,Increase Pokemon Friendship (Strong),,[],[],https://pokopiadex.com/images/items/item_ui/vibrant-hamburger-steak.png,[],https://pokopiadex.com/items/vibrant-hamburger-steak,pokopiadex_items_in_collection
placeable_item,1579,Bruised berry,bruised-berry,A bruised berry you got from Chef Dente. Restores a bit of PP when eaten.,Food,"[""Food""]",[],,in-collection,,food_order,38,,,,,,Increase Pokemon Friendship (Weak),,[],[],https://pokopiadex.com/images/items/item_ui/bruised-berry.png,[],https://pokopiadex.com/items/bruised-berry,pokopiadex_items_in_collection
placeable_item,2043,Common candy,common-candy,A piece of candy you got from Chef Dente. Restores some PP when eaten.,Food,"[""Food""]",[],,in-collection,,food_order,39,,,,,,,,[],[2240],https://pokopiadex.com/images/items/item_ui/common-candy.png,[],https://pokopiadex.com/items/common-candy,pokopiadex_items_in_collection
placeable_item,2044,Rare Candy,rare-candy,A Rare Candy you got from Chef Dente. Restores a lot of PP when eaten.,Food,"[""Food""]",[],,in-collection,,food_order,40,,,,,,,,[],[2240],https://pokopiadex.com/images/items/item_ui/rare-candy.png,[],https://pokopiadex.com/items/rare-candy,pokopiadex_items_in_collection
placeable_item,1581,Curry and rice,curry-and-rice,An absolutely essential meal for any party. Enjoy some tasty food alongside other Pokémon!,Food,"[""Food""]",[],,in-collection,,food_order,41,,,,,,Increase Pokemon Spawns (Strong),,[],[2235],https://pokopiadex.com/images/items/item_ui/curry-and-rice.png,[],https://pokopiadex.com/items/curry-and-rice,pokopiadex_items_in_collection
placeable_item,770,Fresh Water,fresh-water,Delicious water that's perfect for making soup. Drink some and spit it out to make things wet.,Food,"[""Food""]","[""Red Pokeball near mine entrance in Rocky Ridges""]",,in-collection,,food_order,42,,,,50-300,,Increase Pokemon Friendship (Weak),,[],[],https://pokopiadex.com/images/items/item_ui/fresh-water.png,[],https://pokopiadex.com/items/fresh-water,pokopiadex_items_in_collection
placeable_item,1582,Soda Pop,soda-pop,"Fizzy, sparkling soda. If you take a sip and spit it out, it becomes seawater.",Food,"[""Food""]",[],,in-collection,,food_order,43,,,,,,Increase Feather Drops (Weak),,[],[2205],https://pokopiadex.com/images/items/item_ui/soda-pop.png,[],https://pokopiadex.com/items/soda-pop,pokopiadex_items_in_collection
placeable_item,243,Moomoo Milk coffee,moomoo-milk-coffee,"Milky coffee with a comfortingly sweet taste. If you take a sip and spit it out, it becomes muddy water!",Food,"[""Food""]","[""Vending machine""]",,in-collection,,food_order,44,,,,,,Increase Artifact Spawns (Weak),,[],[2240],https://pokopiadex.com/images/items/item_ui/moomoo-milk-coffee.png,[],https://pokopiadex.com/items/moomoo-milk-coffee,pokopiadex_items_in_collection
placeable_item,1111,Roserade Tea,roserade-tea,"Tea with a delicate, elegant aroma. If you take a sip and spit it out, it becomes a hot spring!",Food,"[""Food""]",[],,in-collection,,food_order,45,,,,,,Increase Rare Items (Weak),,[],[2197],https://pokopiadex.com/images/items/item_ui/roserade-tea.png,[],https://pokopiadex.com/items/roserade-tea,pokopiadex_items_in_collection
placeable_item,1583,Chili sauce,chili-sauce,"Sauce with an enticingly spicy flavor. If you take a sip and spit it out, it becomes lava!",Food,"[""Food""]",[],,in-collection,,food_order,46,,,,,,Increase Pokemon Spawns (Weak),,[],[2235],https://pokopiadex.com/images/items/item_ui/chili-sauce.png,[],https://pokopiadex.com/items/chili-sauce,pokopiadex_items_in_collection
placeable_item,26,Honey,honey,"Sweet-smelling honey. If you spread some where a Pokémon lives, that Pokémon will return home.",Materials,[],"[""Inspect shiny flowers""]",,in-collection,,materials_order,1,100,,,,,,,[],[],https://pokopiadex.com/images/items/item_ui/honey.png,[],https://pokopiadex.com/items/honey,pokopiadex_items_in_collection
placeable_item,18,Sturdy stick,sturdy-stick,A branch that fell off a tree somewhere. Perfect for making various toys and everyday items.,Materials,[],"[""Headbutt trees"",""Near withered trees""]",,in-collection,,materials_order,2,10,,,,,,,[],[],https://pokopiadex.com/images/items/item_ui/sturdy-stick.png,[],https://pokopiadex.com/items/sturdy-stick,pokopiadex_items_in_collection
placeable_item,32,Stone,stone,Just a normal stone you can find anywhere. It can be used as a material for a lot of different things.,Materials,[],"[""Use Rock Smash on stone blocks"",""inspect shiny water ripples""]",,in-collection,,materials_order,3,15,,,,,,,[],"[2213,2238]",https://pokopiadex.com/images/items/item_ui/stone.png,[],https://pokopiadex.com/items/stone,pokopiadex_items_in_collection
placeable_item,45,Leaf,leaf,"A lush, vivid green leaf that you can obtain by cutting trees and grass.",Materials,[],"[""Cut grass with Cut ability"",""Inspect shiny water spot""]",,in-collection,,materials_order,4,10,,,,,,,[],[],https://pokopiadex.com/images/items/item_ui/leaf.png,[],https://pokopiadex.com/items/leaf,pokopiadex_items_in_collection
placeable_item,22,Small log,small-log,"These can be processed into lumber, but they can also be used as is for certain crafting projects.",Materials,[],"[""Use Cut on wooden objects"",""Gifts from Pokemon""]",,in-collection,,materials_order,5,10,,,,,,,[],[],https://pokopiadex.com/images/items/item_ui/small-log.png,[],https://pokopiadex.com/items/small-log,pokopiadex_items_in_collection
placeable_item,265,Vine rope,vine-rope,"Obtained by cutting vines, which grow in caves and high-altitude areas.",Materials,[],"[""Gifts from Pokemon"",""Red Pokeball"",""Use Cut on vines""]",,in-collection,,materials_order,6,10,,,,,,,[],[2232],https://pokopiadex.com/images/items/dream_ui/vine-rope.png,[],https://pokopiadex.com/items/vine-rope,pokopiadex_items_in_collection
placeable_item,33,Glowing mushrooms,glowing-mushrooms,"Bioluminescent mushrooms. You can't eat them, but they'd probably make great lights!",Materials,[],"[""Inspect water near fountains"",""Caves"",""Gifts from Pokemon""]",,in-collection,,materials_order,7,20,,,,,,,[],[],https://pokopiadex.com/images/items/dream_ui/glowing-mushrooms.png,[],https://pokopiadex.com/items/glowing-mushrooms,pokopiadex_items_in_collection
placeable_item,39,Twine,twine,Obtained by destroying textile garbage. Bug-type Pokémon can also produce it.,Materials,[],"[""Use Cut on cloth objects""]",,in-collection,,materials_order,8,,,,50,,,,[],[2232],https://pokopiadex.com/images/items/dream_ui/twine.png,[],https://pokopiadex.com/items/twine,pokopiadex_items_in_collection
placeable_item,1105,Sea glass fragments,sea-glass-fragments,Pieces of glass that have been polished and buffed by ocean waves. They're used to make glass objects.,Materials,[],"[""Wash away mud with Water speciality Pokemon and Water Gun""]",,in-collection,,materials_order,9,,,,,,,,[],[2211],https://pokopiadex.com/images/items/dream_ui/sea-glass-fragments.png,[],https://pokopiadex.com/items/sea-glass-fragments,pokopiadex_items_in_collection
placeable_item,62,Seashell,seashell,A common seashell found on sandy beaches. This is useful material for building houses.,Materials,[],"[""Beach"",""Area gate between Withered Wasteland and Bleak Beach"",""inspect shiny water ripples""]",,in-collection,,materials_order,10,,,,,,,,[],[],https://pokopiadex.com/images/items/dream_ui/seashell.png,[],https://pokopiadex.com/items/seashell,pokopiadex_items_in_collection
placeable_item,678,Nonburnable garbage,nonburnable-garbage,Trash discarded here and there. Apparently some Pokémon are big fans of garbage.,Materials,[],"[""Area gate between Withered Wasteland and Bleak Beach""]",,in-collection,,materials_order,11,,,,,,,,[],[2209],https://pokopiadex.com/images/items/item_ui/nonburnable-garbage.png,[],https://pokopiadex.com/items/nonburnable-garbage,pokopiadex_items_in_collection
placeable_item,377,Squishy clay,squishy-clay,"A soft, malleable crafting material used for all sorts of things. It can also be fired and hardened into bricks!",Materials,[],"[""Use Rock Smash on clay blocks""]",,in-collection,,materials_order,12,10,200,10,,,,,[],[2233],https://pokopiadex.com/images/items/item_ui/squishy-clay.png,[],https://pokopiadex.com/items/squishy-clay,pokopiadex_items_in_collection
placeable_item,241,Fluff,fluff,An irresistibly soft tuft of fluff. Pokémon with the Litter specialty might scatter this.,Materials,[],[],,in-collection,,materials_order,13,,,,50,,,,[],"[2208,2229,2233]",https://pokopiadex.com/images/items/item_ui/fluff.png,[],https://pokopiadex.com/items/fluff,pokopiadex_items_in_collection
placeable_item,1110,Wastepaper,wastepaper,These look tough to craft in their current state. Try recycling them into regular paper.,Materials,[],[],,in-collection,,materials_order,14,,,,,,,,[],[2209],https://pokopiadex.com/images/items/item_ui/wastepaper.png,[],https://pokopiadex.com/items/wastepaper,pokopiadex_items_in_collection
placeable_item,81,Copper ore,copper-ore,"Raw mineral copper. When processed into ingots, it can be used as a crafting material.",Materials,[],"[""Use Rock Smash on copper ore"",""inspect shiny water ripples"",""Gifts from Pokemon""]",,in-collection,,materials_order,15,,,,,,,,[],[2222],https://pokopiadex.com/images/items/dream_ui/copper-ore.png,[],https://pokopiadex.com/items/copper-ore,pokopiadex_items_in_collection
placeable_item,981,Iron ore,iron-ore,Metal that can be obtained from iron deposits. It can also be found among metal debris.,Materials,[],"[""inspect shiny water ripples"",""Transform 1 unburnable garbage to 2 iron ore with Recycle specialty Pokemon""]",,in-collection,,materials_order,16,,,,,,,,[],[2222],https://pokopiadex.com/images/items/dream_ui/iron-ore.png,[],https://pokopiadex.com/items/iron-ore,pokopiadex_items_in_collection
placeable_item,702,Gold ore,gold-ore,Metal extracted from gold deposits. It glitters with a luxurious sheen.,Materials,[],"[""inspect shiny water ripples""]",,in-collection,,materials_order,17,,,,,,,,[],[2222],https://pokopiadex.com/images/items/dream_ui/gold-ore.png,[],https://pokopiadex.com/items/gold-ore,pokopiadex_items_in_collection
placeable_item,1069,Pokémetal fragment,pokemetal-fragment,"Colorful, sparkling metal extracted from Pokémetal deposits.",Materials,[],"[""Golden Pokeball hidden in mines above ladders going down""]",,in-collection,,materials_order,18,,,,,,,,[],[2222],https://pokopiadex.com/images/items/item_ui/pokemetal-fragment.png,[],https://pokopiadex.com/items/pokemetal-fragment,pokopiadex_items_in_collection
placeable_item,1353,Rare Pokémetal fragment,rare-pokemetal-fragment,"This can sometimes be found in Pokémetal deposits. If you find one, consider yourself extremely lucky!",Materials,[],[],,in-collection,,materials_order,19,,,,,,,,[],[2222],https://pokopiadex.com/images/items/item_ui/rare-pokemetal-fragment.png,[],https://pokopiadex.com/items/rare-pokemetal-fragment,pokopiadex_items_in_collection
placeable_item,986,Crystal fragment,crystal-fragment,"A piece of broken crystal. It's transparent, so you can see right through it.",Materials,[],"[""Use Rock Smash on blue crystals""]",,in-collection,,materials_order,20,,,,,,,,[],"[2211,2231]",https://pokopiadex.com/images/items/item_ui/crystal-fragment.png,[],https://pokopiadex.com/items/crystal-fragment,pokopiadex_items_in_collection
placeable_item,37,Lumber,lumber,"Wood that's been cut so it's easy to use. If you're making something out of wood, this is for you!",Materials,[],"[""Transform 1 small log to 5 lumber with Chop speciality Pokemon""]",,in-collection,,materials_order,21,20,,,,,,,[],[],https://pokopiadex.com/images/items/item_ui/lumber.png,[],https://pokopiadex.com/items/lumber,pokopiadex_items_in_collection
placeable_item,1104,Brick,brick,"Bricks made by baking clay. They're perfect for making buildings, roads and other structures.",Materials,[],"[""Transform 1 squishy clay to 2 bricks with Burn speciality Pokemon""]",,in-collection,,materials_order,22,,,,,,,,[],[],https://pokopiadex.com/images/items/item_ui/brick.png,[],https://pokopiadex.com/items/brick,pokopiadex_items_in_collection
placeable_item,751,Copper ingot,copper-ingot,Copper that has been processed in a smelting furnace. It kinda looks like chocolate...,Materials,[],"[""Smelt Copper ore""]",,in-collection,,materials_order,23,,,,,,,,[],[2222],https://pokopiadex.com/images/items/item_ui/copper-ingot.png,[],https://pokopiadex.com/items/copper-ingot,pokopiadex_items_in_collection
placeable_item,755,Iron ingot,iron-ingot,Iron that has been processed in a smelting furnace. It's really hard and super heavy.,Materials,[],"[""Smelt iron ore""]",,in-collection,,materials_order,24,,,,,,,,[],[2222],https://pokopiadex.com/images/items/item_ui/iron-ingot.png,[],https://pokopiadex.com/items/iron-ingot,pokopiadex_items_in_collection
placeable_item,895,Gold ingot,gold-ingot,Gold that has been processed in a smelting furnace. Just looking at it makes you feel fancy.,Materials,[],[],,in-collection,,materials_order,25,,,,,,,,[],[2222],https://pokopiadex.com/images/items/item_ui/gold-ingot.png,[],https://pokopiadex.com/items/gold-ingot,pokopiadex_items_in_collection
placeable_item,380,Pokémetal,pokemetal,"Made from smelted Pokemetal fragments, these can be used to make various items.",Materials,[],"[""Golden Pokeball hidden in cave in hill in front of Team Initiation building in Withered Wasteland"",""Golden Pokeball hidden in cave made for path to Team Initiation in Withered Wasteland"",""Golden Pokeball next to Rocky Ridges / Withered Wasteland area gate"",""Golden Pokeball on Museum second floor in Rocky Ridges"",""Smelt Pokemetal fragment"",""Golden Pokeball in Bleak Beach""]",,in-collection,,materials_order,26,200,,,80,,,,[],"[2200,2222]",https://pokopiadex.com/images/items/item_ui/pokemetal.png,[],https://pokopiadex.com/items/pokemetal,pokopiadex_items_in_collection
placeable_item,663,Rare Pokémetal,rare-pokemetal,"Made with smelted rare Pokemetal fragments, these can be used to make various items.",Materials,[],"[""Trade at PC""]",,in-collection,,materials_order,27,2000,2000,,40,,,,[],[],https://pokopiadex.com/images/items/item_ui/rare-pokemetal.png,[],https://pokopiadex.com/items/rare-pokemetal,pokopiadex_items_in_collection
placeable_item,1103,Glass,glass,"You can make glass by melting sand or sandstone in a furnace, or obtain it by smashing broken windows.",Materials,[],[],,in-collection,,materials_order,28,,,,,,,,[],[2211],https://pokopiadex.com/images/items/item_ui/glass.png,[],https://pokopiadex.com/items/glass,pokopiadex_items_in_collection
placeable_item,1102,Concrete,concrete,Made from a thick liquid that has hardened. This stuff is solid and super sturdy.,Materials,[],[],,in-collection,,materials_order,29,,,,,,,,[],[],https://pokopiadex.com/images/items/item_ui/concrete.png,[],https://pokopiadex.com/items/concrete,pokopiadex_items_in_collection
placeable_item,1027,Paper,paper,Pristine white paper made from recycled wastepaper.,Materials,[],[],,in-collection,,materials_order,30,,,,,,,,[],[],https://pokopiadex.com/images/items/item_ui/paper.png,[],https://pokopiadex.com/items/paper,pokopiadex_items_in_collection
placeable_item,1106,Tinkagear,tinkagear,A cool gear produced by Tinkaton. You can sense their dedication to the craft contained within it.,Materials,[],[],,in-collection,,materials_order,31,,,,,,,,[],[],https://pokopiadex.com/images/items/item_ui/tinkagear.png,[],https://pokopiadex.com/items/tinkagear,pokopiadex_items_in_collection
placeable_item,1072,Strange strings,strange-strings,These strings make a cool sound when plucked. Use them to make guitars and bass guitars.,Materials,[],[],,in-collection,,materials_order,32,,,,,,,,[],[],https://pokopiadex.com/images/items/item_ui/strange-strings.png,[],https://pokopiadex.com/items/strange-strings,pokopiadex_items_in_collection
placeable_item,1354,Armor fragment,armor-fragment,A piece of shattered armor. Gather all the shards to create armor brimming with emotions.,Materials,[],[],,in-collection,,materials_order,33,,,,,,,,[],[2239],https://pokopiadex.com/images/items/item_ui/armor-fragment.png,[],https://pokopiadex.com/items/armor-fragment,pokopiadex_items_in_collection
placeable_item,581,Stardust,stardust,Sand that can be processed into Star Pieces. It can be found on Dream Islands.,Materials,[],"[""Dream Island""]",,in-collection,,materials_order,34,12,,,,,,,[],[2231],https://pokopiadex.com/images/items/item_ui/stardust.png,[],https://pokopiadex.com/items/stardust,pokopiadex_items_in_collection
placeable_item,1011,Red paint,red-paint,Colorful paint made from crushed berries. A must-have when painting.,Materials,[],[],,in-collection,,materials_order,35,,,,,,,,[],"[2200,2217]",https://pokopiadex.com/images/items/item_ui/red-paint.png,[],https://pokopiadex.com/items/red-paint,pokopiadex_items_in_collection
placeable_item,1005,Blue paint,blue-paint,Colorful paint made from crushed berries. A must-have when painting.,Materials,[],[],,in-collection,,materials_order,36,,,,,,,,[],"[2200,2217]",https://pokopiadex.com/images/items/item_ui/blue-paint.png,[],https://pokopiadex.com/items/blue-paint,pokopiadex_items_in_collection
placeable_item,1010,Green paint,green-paint,Colorful paint made from crushed berries. A must-have when painting.,Materials,[],[],,in-collection,,materials_order,37,,,,,,,,[],"[2200,2217]",https://pokopiadex.com/images/items/item_ui/green-paint.png,[],https://pokopiadex.com/items/green-paint,pokopiadex_items_in_collection
placeable_item,1013,Yellow paint,yellow-paint,Colorful paint made from crushed berries. A must-have when painting.,Materials,[],[],,in-collection,,materials_order,38,,,,,,,,[],"[2200,2217]",https://pokopiadex.com/images/items/item_ui/yellow-paint.png,[],https://pokopiadex.com/items/yellow-paint,pokopiadex_items_in_collection
placeable_item,1109,Pink paint,pink-paint,Colorful paint made from crushed berries. A must-have when painting.,Materials,[],[],,in-collection,,materials_order,39,,,,,,,,[],"[2200,2217]",https://pokopiadex.com/images/items/item_ui/pink-paint.png,[],https://pokopiadex.com/items/pink-paint,pokopiadex_items_in_collection
placeable_item,1107,Cyan paint,cyan-paint,Colorful paint made from crushed berries. A must-have when painting.,Materials,[],[],,in-collection,,materials_order,40,,,,,,,,[],"[2200,2217]",https://pokopiadex.com/images/items/item_ui/cyan-paint.png,[],https://pokopiadex.com/items/cyan-paint,pokopiadex_items_in_collection
placeable_item,1012,White paint,white-paint,Colorful paint made from crushed berries. A must-have when painting.,Materials,[],[],,in-collection,,materials_order,41,,,,,,,,[],"[2200,2217]",https://pokopiadex.com/images/items/item_ui/white-paint.png,[],https://pokopiadex.com/items/white-paint,pokopiadex_items_in_collection
placeable_item,1108,Black paint,black-paint,Colorful paint made from crushed berries. A must-have when painting.,Materials,[],[],,in-collection,,materials_order,42,,,,,,,,[],"[2200,2217]",https://pokopiadex.com/images/items/item_ui/black-paint.png,[],https://pokopiadex.com/items/black-paint,pokopiadex_items_in_collection
placeable_item,1045,Cotton spores,cotton-spores,"Small, white tufts of cotton. Bring them to Hoppip!",Materials,[],"[""Dream Island during More Spores for Hoppip event (March 10th to 25th)""]",More Spores for Hoppip,in-collection,,materials_order,1,,,,,0,,,[],[2233],https://pokopiadex.com/images/items/item_ui/cotton-spores.png,[],https://pokopiadex.com/items/cotton-spores,pokopiadex_items_in_collection
placeable_item,2373,Red crystal fragment,red-crystal-fragment,A piece of broken red crystal. Bring it to Sableye!,Materials,[],"[""Smash Red crystal clusters on Dream Islands during Sableye's Gem Hunt Event""]",Sableye's Gem Hunt,in-collection,,materials_order,2,,,,,,,,[],[],https://pokopiadex.com/images/items/item_ui/red-crystal-fragment.png,[],https://pokopiadex.com/items/red-crystal-fragment,pokopiadex_items_in_collection
placeable_item,1274,Leppa seeds,leppa-seeds,Seeds that grow into Leppa trees. Try planting them in some soil!,Nature,[],[],,in-collection,,nature_order,1,,,,,,,,[],[],https://pokopiadex.com/images/items/item_ui/leppa-seeds.png,[],https://pokopiadex.com/items/leppa-seeds,pokopiadex_items_in_collection
placeable_item,1356,Chesto seeds,chesto-seeds,Seeds that grow into Chesto trees. Try planting them in some soil!,Nature,[],"[""Red Pokeball in Bleak Beach near Smearguru""]",,in-collection,,nature_order,2,,,,,,,,[],[],https://pokopiadex.com/images/items/item_ui/chesto-seeds.png,[],https://pokopiadex.com/items/chesto-seeds,pokopiadex_items_in_collection
placeable_item,1357,Rawst seeds,rawst-seeds,Seeds that grow into Rawst trees. Try planting them in some soil!,Nature,[],[],,in-collection,,nature_order,3,,,,,,,,[],[],https://pokopiadex.com/images/items/item_ui/rawst-seeds.png,[],https://pokopiadex.com/items/rawst-seeds,pokopiadex_items_in_collection
placeable_item,1358,Aspear Seeds,aspear-seeds,Seeds that grow into Aspear trees. Try planting them in some soil.,Nature,[],[],,in-collection,,nature_order,4,,,,,,,,[],[],https://pokopiadex.com/images/items/item_ui/aspear-seeds.png,[],https://pokopiadex.com/items/aspear-seeds,pokopiadex_items_in_collection
placeable_item,242,Pecha seeds,pecha-seeds,Seeds that grow into Pecha trees. Try planting them in some soil!,Nature,[],"[""In blue crystal room in mines behind grate in Rocky Ridges""]",,in-collection,,nature_order,5,,,,,,,,[],[],https://pokopiadex.com/images/items/item_ui/pecha-seeds.png,[],https://pokopiadex.com/items/pecha-seeds,pokopiadex_items_in_collection
placeable_item,1067,Lum seeds,lum-seeds,Seeds that grow into Lum trees. Try planting them in some soil!,Nature,[],"[""Red Pokeball in mines behind where DJ Rotem was found""]",,in-collection,,nature_order,6,,,,,,,,[],[],https://pokopiadex.com/images/items/item_ui/lum-seeds.png,[],https://pokopiadex.com/items/lum-seeds,pokopiadex_items_in_collection
placeable_item,1359,Palm seeds,palm-seeds,Seeds that grow into palm trees. Try planting them in some soil!,Nature,[],[],,in-collection,,nature_order,7,,,,,,,,[],[],https://pokopiadex.com/images/items/item_ui/palm-seeds.png,[],https://pokopiadex.com/items/palm-seeds,pokopiadex_items_in_collection
placeable_item,1360,Pointy-tree seeds,pointy-tree-seeds,Seeds that blossom into pointy trees once grown. Try planting them in some soil!,Nature,[],[],,in-collection,,nature_order,8,,,,,,,,[],[],https://pokopiadex.com/images/items/item_ui/pointy-tree-seeds.png,[],https://pokopiadex.com/items/pointy-tree-seeds,pokopiadex_items_in_collection
placeable_item,264,Wildflower seeds,wildflower-seeds,Seeds that blossom into wildflowers once grown. Try planting them in some soil!,Nature,[],"[""Use Cut on wildflowers"",""Inspect shiny water spot""]",,in-collection,,nature_order,9,,,,,,,,[],[],https://pokopiadex.com/images/items/item_ui/wildflower-seeds.png,"[""https://pokopiadex.com/[object%20Object]"",""https://pokopiadex.com/[object%20Object]"",""https://pokopiadex.com/[object%20Object]"",""https://pokopiadex.com/[object%20Object]""]",https://pokopiadex.com/items/wildflower-seeds,pokopiadex_items_in_collection
placeable_item,1361,Seashore-flower seeds,seashore-flower-seeds,Seeds that blossom into beach flowers once grown. Try planting them in some soil!,Nature,[],[],,in-collection,,nature_order,10,,,,50,,,,[],[],https://pokopiadex.com/images/items/item_ui/seashore-flower-seeds.png,"[""https://pokopiadex.com/[object%20Object]"",""https://pokopiadex.com/[object%20Object]"",""https://pokopiadex.com/[object%20Object]"",""https://pokopiadex.com/[object%20Object]""]",https://pokopiadex.com/items/seashore-flower-seeds,pokopiadex_items_in_collection
placeable_item,1273,Mountain-flower seeds,mountain-flower-seeds,Seeds that blossom into mountain flowers when grown. Try planting them in some soil!,Nature,[],[],,in-collection,,nature_order,11,,,,50,,,,[],[],https://pokopiadex.com/images/items/item_ui/mountain-flower-seeds.png,"[""https://pokopiadex.com/[object%20Object]"",""https://pokopiadex.com/[object%20Object]"",""https://pokopiadex.com/[object%20Object]"",""https://pokopiadex.com/[object%20Object]""]",https://pokopiadex.com/items/mountain-flower-seeds,pokopiadex_items_in_collection
placeable_item,1362,Skyland-flower seeds,skyland-flower-seeds,Seeds that blossom into skyland flowers when grown. Try planting them in some soil!,Nature,[],[],,in-collection,,nature_order,12,,,,,,,,[],[],https://pokopiadex.com/images/items/item_ui/skyland-flower-seeds.png,"[""https://pokopiadex.com/[object%20Object]"",""https://pokopiadex.com/[object%20Object]"",""https://pokopiadex.com/[object%20Object]"",""https://pokopiadex.com/[object%20Object]""]",https://pokopiadex.com/items/skyland-flower-seeds,pokopiadex_items_in_collection
placeable_item,649,Beautiful-flower seeds,beautiful-flower-seeds,Seeds that blossom into beautiful flowers once grown. Try planting them in some soil!,Nature,[],"[""Gifts from Pokemon""]",,in-collection,,nature_order,13,50,,,,,,,[],[],https://pokopiadex.com/images/items/item_ui/beautiful-flower-seeds.png,"[""https://pokopiadex.com/[object%20Object]"",""https://pokopiadex.com/[object%20Object]"",""https://pokopiadex.com/[object%20Object]"",""https://pokopiadex.com/[object%20Object]""]",https://pokopiadex.com/items/beautiful-flower-seeds,pokopiadex_items_in_collection
placeable_item,1363,Cute-flower seeds,cute-flower-seeds,Seeds that blossom into cute flowers once grown. Try planting them in some soil!,Nature,[],"[""inspect shiny water ripples""]",,in-collection,,nature_order,14,,,,50,,,,[],[],https://pokopiadex.com/images/items/item_ui/cute-flower-seeds.png,"[""https://pokopiadex.com/[object%20Object]"",""https://pokopiadex.com/[object%20Object]"",""https://pokopiadex.com/[object%20Object]"",""https://pokopiadex.com/[object%20Object]""]",https://pokopiadex.com/items/cute-flower-seeds,pokopiadex_items_in_collection
placeable_item,851,Elegant-flower seeds,elegant-flower-seeds,Seeds that blossom into elegant flowers once grown. Try planting them in some soil!,Nature,[],"[""Red Pokeball right of mine entrance in Rocky Ridges"",""inspect shiny water ripples""]",,in-collection,,nature_order,15,,,,,,,,[],[],https://pokopiadex.com/images/items/item_ui/elegant-flower-seeds.png,"[""https://pokopiadex.com/[object%20Object]"",""https://pokopiadex.com/[object%20Object]"",""https://pokopiadex.com/[object%20Object]"",""https://pokopiadex.com/[object%20Object]""]",https://pokopiadex.com/items/elegant-flower-seeds,pokopiadex_items_in_collection
placeable_item,1364,Robust-flower seeds,robust-flower-seeds,Seeds that blossom into robust flowers when grown. Try planting them in some soil!,Nature,[],[],,in-collection,,nature_order,16,,,,,,,,[],[],https://pokopiadex.com/images/items/item_ui/robust-flower-seeds.png,"[""https://pokopiadex.com/[object%20Object]"",""https://pokopiadex.com/[object%20Object]"",""https://pokopiadex.com/[object%20Object]"",""https://pokopiadex.com/[object%20Object]""]",https://pokopiadex.com/items/robust-flower-seeds,pokopiadex_items_in_collection
placeable_item,636,Adorable-hedge seeds,adorable-hedge-seeds,Seeds that blossom into adorable hedges once grown. Try planting them in some soil!,Nature,[],"[""Red Pokeball north of Pokemon Center in Withered Wasteland"",""Gifts from Pokemon""]",,in-collection,,nature_order,17,50,,,50,,,,[],[],https://pokopiadex.com/images/items/item_ui/adorable-hedge-seeds.png,"[""https://pokopiadex.com/[object%20Object]"",""https://pokopiadex.com/[object%20Object]"",""https://pokopiadex.com/[object%20Object]"",""https://pokopiadex.com/[object%20Object]""]",https://pokopiadex.com/items/adorable-hedge-seeds,pokopiadex_items_in_collection
placeable_item,1365,Healthy-hedge seeds,healthy-hedge-seeds,Seeds that blossom into healthy hedges once grown. Try planting them in some soil!,Nature,[],"[""Red Pokeball in Bleak Beach""]",,in-collection,,nature_order,18,,,,,,,,[],[],https://pokopiadex.com/images/items/item_ui/healthy-hedge-seeds.png,"[""https://pokopiadex.com/[object%20Object]"",""https://pokopiadex.com/[object%20Object]"",""https://pokopiadex.com/[object%20Object]"",""https://pokopiadex.com/[object%20Object]""]",https://pokopiadex.com/items/healthy-hedge-seeds,pokopiadex_items_in_collection
placeable_item,1366,Damp-hedge seeds,damp-hedge-seeds,Seeds that blossom into damp hedges once grown. Try planting them in some soil!,Nature,[],[],,in-collection,,nature_order,19,,,,,,,,[],[],https://pokopiadex.com/images/items/item_ui/damp-hedge-seeds.png,"[""https://pokopiadex.com/[object%20Object]"",""https://pokopiadex.com/[object%20Object]"",""https://pokopiadex.com/[object%20Object]"",""https://pokopiadex.com/[object%20Object]""]",https://pokopiadex.com/items/damp-hedge-seeds,pokopiadex_items_in_collection
placeable_item,1367,Stylish-hedge seeds,stylish-hedge-seeds,Seeds that blossom into stylish hedges. Try planting them in some soil!,Nature,[],[],,in-collection,,nature_order,20,,,,,,,,[],[],https://pokopiadex.com/images/items/item_ui/stylish-hedge-seeds.png,"[""https://pokopiadex.com/[object%20Object]"",""https://pokopiadex.com/[object%20Object]"",""https://pokopiadex.com/[object%20Object]"",""https://pokopiadex.com/[object%20Object]""]",https://pokopiadex.com/items/stylish-hedge-seeds,pokopiadex_items_in_collection
placeable_item,2041,Square-plant seeds,square-plant-seeds,Seeds that grow into square plants. Try planting them in some soil!,Nature,[],[],,in-collection,,nature_order,21,,,,,,,,[],[],https://pokopiadex.com/images/items/item_ui/square-plant-seeds.png,[],https://pokopiadex.com/items/square-plant-seeds,pokopiadex_items_in_collection
placeable_item,57,Bean seeds,bean-seeds,Seeds that grow into beans. Try planting them in a field!,Nature,[],"[""Gifts from Pokemon"",""inspect shiny water ripples"",""Red Pokeball on cliff looking over Rocky Ridges farm""]",,in-collection,,nature_order,22,50,,,,,,,[],[],https://pokopiadex.com/images/items/item_ui/bean-seeds.png,[],https://pokopiadex.com/items/bean-seeds,pokopiadex_items_in_collection
placeable_item,1368,Tomato seeds,tomato-seeds,Seeds that grow into tomatoes. Try planting them in a field!,Nature,[],[],,in-collection,,nature_order,23,,,,50,,,,[],[],https://pokopiadex.com/images/items/item_ui/tomato-seeds.png,[],https://pokopiadex.com/items/tomato-seeds,pokopiadex_items_in_collection
placeable_item,845,Wheat seeds,wheat-seeds,Seeds that grow into wheat. Try planting them in a field!,Nature,[],"[""Gifts from Pokemon"",""inspect shiny water ripples""]",,in-collection,,nature_order,24,,,,50,,,,[],[],https://pokopiadex.com/images/items/item_ui/wheat-seeds.png,[],https://pokopiadex.com/items/wheat-seeds,pokopiadex_items_in_collection
placeable_item,1369,Potato seeds,potato-seeds,Seeds that grow into potatoes. Try planting them in a field!,Nature,[],[],,in-collection,,nature_order,25,,,,,,,,[],[],https://pokopiadex.com/images/items/item_ui/potato-seeds.png,[],https://pokopiadex.com/items/potato-seeds,pokopiadex_items_in_collection
placeable_item,1275,Tall grass,tall-grass,Grass that smells faintly of soil. It looks perfect for Pokémon to hide in.,Nature,[],[],,in-collection,,nature_order,26,,,,,,,,[],[],https://pokopiadex.com/images/items/item_ui/tall-grass.png,[],https://pokopiadex.com/items/tall-grass,pokopiadex_items_in_collection
placeable_item,1309,Yellow tall grass,yellow-tall-grass,"Grass that often grows by the seaside. It has a bright, tropical color.",Nature,[],[],,in-collection,,nature_order,27,,,,,,,,[],[],https://pokopiadex.com/images/items/item_ui/yellow-tall-grass.png,[],https://pokopiadex.com/items/yellow-tall-grass,pokopiadex_items_in_collection
placeable_item,1304,Red tall grass,red-tall-grass,"Grass that grows far and wide, even on volcanoes or tall mountains. Its tips are as red as lava.",Nature,[],[],,in-collection,,nature_order,28,,,,,,,,[],[],https://pokopiadex.com/images/items/item_ui/red-tall-grass.png,[],https://pokopiadex.com/items/red-tall-grass,pokopiadex_items_in_collection
placeable_item,1308,Pink tall grass,pink-tall-grass,Grass that paints the surface of the skylands pink with its floral hue.,Nature,[],[],,in-collection,,nature_order,29,,,,,,,,[],[],https://pokopiadex.com/images/items/item_ui/pink-tall-grass.png,[],https://pokopiadex.com/items/pink-tall-grass,pokopiadex_items_in_collection
placeable_item,1370,Green shoots,green-shoots,"Small, sparsely grown plants that stand strong no matter how much you walk on them.",Nature,[],[],,in-collection,,nature_order,30,,,,,,,,[],[],https://pokopiadex.com/images/items/item_ui/green-shoots.png,[],https://pokopiadex.com/items/green-shoots,pokopiadex_items_in_collection
placeable_item,1371,Yellow-green shoots,yellow-green-shoots,"Small, sparsely grown plants that stand strong no matter how much you walk on them.",Nature,[],[],,in-collection,,nature_order,31,,,,,,,,[],[],https://pokopiadex.com/images/items/item_ui/yellow-green-shoots.png,[],https://pokopiadex.com/items/yellow-green-shoots,pokopiadex_items_in_collection
placeable_item,1372,Verdant shoots,verdant-shoots,"Small, sparsely grown plants that stand strong no matter how much you walk on them.",Nature,[],[],,in-collection,,nature_order,32,,,,,,,,[],[],https://pokopiadex.com/images/items/item_ui/verdant-shoots.png,[],https://pokopiadex.com/items/verdant-shoots,pokopiadex_items_in_collection
placeable_item,1373,Blue-green shoots,blue-green-shoots,"Small, sparsely grown plants that stand strong no matter how much you walk on them.",Nature,[],[],,in-collection,,nature_order,33,,,,,,,,[],[],https://pokopiadex.com/images/items/item_ui/blue-green-shoots.png,[],https://pokopiadex.com/items/blue-green-shoots,pokopiadex_items_in_collection
placeable_item,746,Duckweed,duckweed,It floats gently on the water's surface. Some Pokémon probably love sitting on this.,Nature,[],[],,in-collection,,nature_order,34,,,,,,,,[],[],https://pokopiadex.com/images/items/item_ui/duckweed.png,[],https://pokopiadex.com/items/duckweed,pokopiadex_items_in_collection
placeable_item,2042,Flowering Duckweed,flowering-duckweed,Duckweed leaves floati n the water and support the blooming flowers that are larger than them.,Nature,[],[],,in-collection,,nature_order,35,,,,,,,,[],[],https://pokopiadex.com/images/items/item_ui/flowering-duckweed.png,[],https://pokopiadex.com/items/flowering-duckweed,pokopiadex_items_in_collection
placeable_item,1374,Dense vines,dense-vines,"Hardy, creeping vines that cling securely to things that plants can't grow in, like bricks and boulders.",Nature,[],[],,in-collection,,nature_order,36,,,,,,,,[],[],https://pokopiadex.com/images/items/item_ui/dense-vines.png,[],https://pokopiadex.com/items/dense-vines,pokopiadex_items_in_collection
placeable_item,1303,Moss,moss,This plant can grow anywhere dim and damp—even on boulders!,Nature,[],[],,in-collection,,nature_order,37,,,,,,,,[],[],https://pokopiadex.com/images/items/item_ui/moss.png,[],https://pokopiadex.com/items/moss,pokopiadex_items_in_collection
placeable_item,1375,Fern,fern,An unusual plant that can grow in coarse volcanic ash or bumpy igneous boulders.,Nature,[],[],,in-collection,,nature_order,38,,,,,,,,[],[],https://pokopiadex.com/images/items/item_ui/fern.png,[],https://pokopiadex.com/items/fern,pokopiadex_items_in_collection
placeable_item,1376,Leppa tree,leppa-tree,A tree that grows Leppa Berries. Berries that fall from its branches are sure to grow back after a while.,Nature,[],[],,in-collection,,nature_order,39,,,,,,,,[],[],https://pokopiadex.com/images/items/item_ui/leppa-tree.png,[],https://pokopiadex.com/items/leppa-tree,pokopiadex_items_in_collection
placeable_item,1313,Large palm tree,large-palm-tree,A large tree that grows by the seaside. Its shape looks just like an Exeggutor.,Nature,[],[],,in-collection,,nature_order,40,,,,,,,,[],[],https://pokopiadex.com/images/items/item_ui/large-palm-tree.png,[],https://pokopiadex.com/items/large-palm-tree,pokopiadex_items_in_collection
placeable_item,1312,Pointy tree,pointy-tree,These pointy trees grow in all sorts of different places. They look pretty prickly.,Nature,[],[],,in-collection,,nature_order,41,,,,,,,,[],[],https://pokopiadex.com/images/items/item_ui/pointy-tree.png,[],https://pokopiadex.com/items/pointy-tree,pokopiadex_items_in_collection
placeable_item,59,Wildflowers,wildflowers,Beautiful flowers blooming on fresh dirt. Looking at them seems to soothe the mind.,Nature,[],[],,in-collection,,nature_order,42,,,,,,,,[],[2227],https://pokopiadex.com/images/items/habitat_ui/wildflowers.png,"[""https://pokopiadex.com/[object%20Object]"",""https://pokopiadex.com/[object%20Object]"",""https://pokopiadex.com/[object%20Object]"",""https://pokopiadex.com/[object%20Object]""]",https://pokopiadex.com/items/wildflowers,pokopiadex_items_in_collection
placeable_item,1310,Seashore flowers,seashore-flowers,The symbol of a port town. Looking at these seems to refresh you.,Nature,[],[],,in-collection,,nature_order,43,,,,,,,,[],[2227],https://pokopiadex.com/images/items/item_ui/seashore-flowers.png,"[""https://pokopiadex.com/[object%20Object]"",""https://pokopiadex.com/[object%20Object]"",""https://pokopiadex.com/[object%20Object]"",""https://pokopiadex.com/[object%20Object]""]",https://pokopiadex.com/items/seashore-flowers,pokopiadex_items_in_collection
placeable_item,1302,Mountain flowers,mountain-flowers,"Flowers that bloom elegantly, even in rugged, rocky environments. They are always sublimely beautiful.",Nature,[],[],,in-collection,,nature_order,44,,,,,,,,[],[2227],https://pokopiadex.com/images/items/item_ui/mountain-flowers.png,"[""https://pokopiadex.com/[object%20Object]"",""https://pokopiadex.com/[object%20Object]"",""https://pokopiadex.com/[object%20Object]"",""https://pokopiadex.com/[object%20Object]""]",https://pokopiadex.com/items/mountain-flowers,pokopiadex_items_in_collection
placeable_item,1311,Skyland flowers,skyland-flowers,Puffy flowers often found at the skylands. Their blossoms are cute and ethereal.,Nature,[],[],,in-collection,,nature_order,45,,,,,,,,[],[2227],https://pokopiadex.com/images/items/item_ui/skyland-flowers.png,"[""https://pokopiadex.com/[object%20Object]"",""https://pokopiadex.com/[object%20Object]"",""https://pokopiadex.com/[object%20Object]"",""https://pokopiadex.com/[object%20Object]""]",https://pokopiadex.com/items/skyland-flowers,pokopiadex_items_in_collection
placeable_item,1377,Beautiful flower,beautiful-flower,Gorgeous and extravagant flowers in full bloom. Be wary of the thorns on their stems.,Nature,[],[],,in-collection,,nature_order,46,,,,,,,,[],[2227],https://pokopiadex.com/images/items/item_ui/beautiful-flower.png,"[""https://pokopiadex.com/[object%20Object]"",""https://pokopiadex.com/[object%20Object]"",""https://pokopiadex.com/[object%20Object]"",""https://pokopiadex.com/[object%20Object]""]",https://pokopiadex.com/items/beautiful-flower,pokopiadex_items_in_collection
placeable_item,1378,Cute flower,cute-flower,Cute flowers that bloom in port towns. They would surely be a delightful gift to any Pokémon.,Nature,[],[],,in-collection,,nature_order,47,,,,,,,,[],"[2204,2227]",https://pokopiadex.com/images/items/item_ui/cute-flower.png,"[""https://pokopiadex.com/[object%20Object]"",""https://pokopiadex.com/[object%20Object]"",""https://pokopiadex.com/[object%20Object]"",""https://pokopiadex.com/[object%20Object]""]",https://pokopiadex.com/items/cute-flower,pokopiadex_items_in_collection
placeable_item,1379,Elegant flower,elegant-flower,"Flowers that stand tall, even in rugged mountains. Their majestic elegance fills your heart with resolve.",Nature,[],[],,in-collection,,nature_order,48,,,,,,,,[],[2227],https://pokopiadex.com/images/items/item_ui/elegant-flower.png,"[""https://pokopiadex.com/[object%20Object]"",""https://pokopiadex.com/[object%20Object]"",""https://pokopiadex.com/[object%20Object]"",""https://pokopiadex.com/[object%20Object]""]",https://pokopiadex.com/items/elegant-flower,pokopiadex_items_in_collection
placeable_item,1380,Robust flower,robust-flower,Flowers resolutely blooming toward the sky. Looking at them seems to fill you with energy.,Nature,[],[],,in-collection,,nature_order,49,,,,,,,,[],[2227],https://pokopiadex.com/images/items/item_ui/robust-flower.png,"[""https://pokopiadex.com/[object%20Object]"",""https://pokopiadex.com/[object%20Object]"",""https://pokopiadex.com/[object%20Object]"",""https://pokopiadex.com/[object%20Object]""]",https://pokopiadex.com/items/robust-flower,pokopiadex_items_in_collection
placeable_item,1300,Adorable hedge,adorable-hedge,A round hedge often seen in wide-open fields. Cute flowers are blooming on it.,Nature,[],[],,in-collection,,nature_order,50,,,,,,,,[],[],https://pokopiadex.com/images/items/item_ui/adorable-hedge.png,"[""https://pokopiadex.com/[object%20Object]"",""https://pokopiadex.com/[object%20Object]"",""https://pokopiadex.com/[object%20Object]"",""https://pokopiadex.com/[object%20Object]""]",https://pokopiadex.com/items/adorable-hedge,pokopiadex_items_in_collection
placeable_item,1381,Healthy hedge,healthy-hedge,A hedge that has grown tall in the sunshine. Looking at it seems to fill you with vigor.,Nature,[],[],,in-collection,,nature_order,51,,,,,,,,[],[],https://pokopiadex.com/images/items/item_ui/healthy-hedge.png,"[""https://pokopiadex.com/[object%20Object]"",""https://pokopiadex.com/[object%20Object]"",""https://pokopiadex.com/[object%20Object]"",""https://pokopiadex.com/[object%20Object]""]",https://pokopiadex.com/items/healthy-hedge,pokopiadex_items_in_collection
placeable_item,1301,Damp hedge,damp-hedge,A hedge with lustrous flowers blooming on it. It might be even more beautiful on a rainy day.,Nature,[],[],,in-collection,,nature_order,52,,,,,,,,[],[],https://pokopiadex.com/images/items/item_ui/damp-hedge.png,"[""https://pokopiadex.com/[object%20Object]"",""https://pokopiadex.com/[object%20Object]"",""https://pokopiadex.com/[object%20Object]"",""https://pokopiadex.com/[object%20Object]""]",https://pokopiadex.com/items/damp-hedge,pokopiadex_items_in_collection
placeable_item,1382,Stylish hedge,stylish-hedge,"With petals blooming one atop the other, this fluffy hedge looks just like Mareep's wool.",Nature,[],[],,in-collection,,nature_order,53,,,,,,,,[],[],https://pokopiadex.com/images/items/item_ui/stylish-hedge.png,"[""https://pokopiadex.com/[object%20Object]"",""https://pokopiadex.com/[object%20Object]"",""https://pokopiadex.com/[object%20Object]"",""https://pokopiadex.com/[object%20Object]""]",https://pokopiadex.com/items/stylish-hedge,pokopiadex_items_in_collection
placeable_item,1383,Square plant,square-plant,"A bush that has grown thick, dense leaves. You can make a hedge by joining a few of these together.",Nature,[],[],,in-collection,,nature_order,54,,,,,,,,[],[],https://pokopiadex.com/images/items/item_ui/square-plant.png,[],https://pokopiadex.com/items/square-plant,pokopiadex_items_in_collection
placeable_item,1384,Leppa tree stump,leppa-tree-stump,A stump left behind after cutting down a Leppa tree. It looks like it would make a great seat.,Nature,[],[],,in-collection,,nature_order,55,,,,,,,,[],[],https://pokopiadex.com/images/items/item_ui/leppa-tree-stump.png,[],https://pokopiadex.com/items/leppa-tree-stump,pokopiadex_items_in_collection
placeable_item,1385,Palm tree stump,palm-tree-stump,"Sit on this stump, gaze out at the sea, and enjoy total relaxation.",Nature,[],[],,in-collection,,nature_order,56,,,,,,,,[],[],https://pokopiadex.com/images/items/item_ui/palm-tree-stump.png,[],https://pokopiadex.com/items/palm-tree-stump,pokopiadex_items_in_collection
placeable_item,1386,Pointy tree stump,pointy-tree-stump,The remains of a felled pointy tree. The stump itself is round and not pointy at all.,Nature,[],[],,in-collection,,nature_order,57,,,,,,,,[],[],https://pokopiadex.com/images/items/item_ui/pointy-tree-stump.png,[],https://pokopiadex.com/items/pointy-tree-stump,pokopiadex_items_in_collection
placeable_item,1387,Driftwood,driftwood,The remains of a tree that washed ashore. It would look great as a piece of interior décor.,Nature,[],[],,in-collection,,nature_order,58,,,,,,,,[],[],https://pokopiadex.com/images/items/item_ui/driftwood.png,[],https://pokopiadex.com/items/driftwood,pokopiadex_items_in_collection
placeable_item,1388,Sticky web,sticky-web,"A web that clings to walls or rocks. If you get tangled in it, you might have a hard time moving.",Nature,[],[],,in-collection,,nature_order,59,,,,,,,,[],[],https://pokopiadex.com/images/items/item_ui/sticky-web.png,[],https://pokopiadex.com/items/sticky-web,pokopiadex_items_in_collection
placeable_item,1314,Large boulder,large-boulder,"A large, heavy boulder. Looks like even hardened fists couldn't break this.",Nature,[],[],,in-collection,,nature_order,60,,,,,,,,[],[],https://pokopiadex.com/images/items/item_ui/large-boulder.png,[],https://pokopiadex.com/items/large-boulder,pokopiadex_items_in_collection
placeable_item,1315,Mossy boulder,mossy-boulder,The dense moss clinging to it can't be peeled off.,Nature,[],[],,in-collection,,nature_order,61,,,,,,,,[],[],https://pokopiadex.com/images/items/item_ui/mossy-boulder.png,[],https://pokopiadex.com/items/mossy-boulder,pokopiadex_items_in_collection
placeable_item,1348,Molten rock,molten-rock,Lava that's cooling and hardening. Pour water on it to instantly harden it.,Nature,[],[],,in-collection,,nature_order,62,,,,,,,,[],[],https://pokopiadex.com/images/items/item_ui/molten-rock.png,[],https://pokopiadex.com/items/molten-rock,pokopiadex_items_in_collection
placeable_item,1389,Cooled molten rock,cooled-molten-rock,Molten rock that has been cooled with water. Heat it up again by placing it near lava!,Nature,[],[],,in-collection,,nature_order,63,,,,,,,,[],[],https://pokopiadex.com/images/items/item_ui/cooled-molten-rock.png,[],https://pokopiadex.com/items/cooled-molten-rock,pokopiadex_items_in_collection
placeable_item,761,Stalagmites,stalagmites,Mineral formations that jut from the ground in limestone caverns. They look like big Pokémon fangs!,Nature,[],[],,in-collection,,nature_order,64,,,,,,,,[],[],https://pokopiadex.com/images/items/item_ui/stalagmites.png,[],https://pokopiadex.com/items/stalagmites,pokopiadex_items_in_collection
placeable_item,1390,Stalactites,stalactites,Dissolved limestone that has rehardened. These hang from the ceilings of limestone caverns.,Nature,[],[],,in-collection,,nature_order,65,,,,,,,,[],[],https://pokopiadex.com/images/items/item_ui/stalactites.png,[],https://pokopiadex.com/items/stalactites,pokopiadex_items_in_collection
placeable_item,1391,Icicle,icicle,Formed when moisture on the ceiling freezes into ice. Place these to cool the surrounding area.,Nature,[],[],,in-collection,,nature_order,66,,,,,,,,[],[],https://pokopiadex.com/images/items/item_ui/icicle.png,[],https://pokopiadex.com/items/icicle,pokopiadex_items_in_collection
placeable_item,1392,Crystal cluster,crystal-cluster,Gemstones that brightly sparkle in caves. Shatter one and use the pieces to make something!,Nature,[],[],,in-collection,,nature_order,67,,,,,,,,[],[],https://pokopiadex.com/images/items/item_ui/crystal-cluster.png,[],https://pokopiadex.com/items/crystal-cluster,pokopiadex_items_in_collection
placeable_item,1393,Strength rock,strength-rock,"Though this boulder is incredibly big, it looks like you could use Strength to push it.",Nature,[],[],,in-collection,,nature_order,68,,,,,,,,[],[2213],https://pokopiadex.com/images/items/item_ui/strength-rock.png,[],https://pokopiadex.com/items/strength-rock,pokopiadex_items_in_collection
placeable_item,1044,Dandy flower seeds,dandy-flower-seeds,Seeds that blossom into dandy flowers once grown. Try planting them in some soil!,Nature,[],"[""Trade 5 Cotton spores to Hoppip""]",More Spores for Hoppip,in-collection,,nature_order,1,,,,,0,,,[],[],https://pokopiadex.com/images/items/item_ui/dandy-flower-seeds.png,[],https://pokopiadex.com/items/dandy-flower-seeds,pokopiadex_items_in_collection
placeable_item,1043,Dandy flowers,dandy-flowers,Fluffy yellow flowers that seem fine and dandy. They bloom in the sunlight.,Nature,[],"[""Grows from dandy flower seeds""]",More Spores for Hoppip,in-collection,,nature_order,2,,,,,0,,,[],[],https://pokopiadex.com/images/items/item_ui/dandy-flowers.png,[],https://pokopiadex.com/items/dandy-flowers,pokopiadex_items_in_collection
placeable_item,207,Leaf den kit,leaf-den-kit,Gather some Pokémon and build away! This makes a den for medium-sized Pokémon or smaller.,Kits,[],"[""Inspect shiny water spot""]",,in-collection,,kits_order,1,,,,100,,,,[],[],https://pokopiadex.com/images/items/shop_ui/leaf-den-kit.png,[],https://pokopiadex.com/items/leaf-den-kit,pokopiadex_items_in_collection
placeable_item,439,Leaf hut kit,leaf-hut-kit,Gather some Pokémon and build away! This makes a hut that any Pokémon could easily live in.,Kits,[],"[""inspect shiny water ripples""]",,in-collection,,kits_order,2,,,,200,,,,[],[],https://pokopiadex.com/images/items/shop_ui/leaf-hut-kit.png,[],https://pokopiadex.com/items/leaf-hut-kit,pokopiadex_items_in_collection
placeable_item,403,Leaf cottage kit,leaf-cottage-kit,Gather some Pokémon and build away! This makes a place where two Pokémon can relax.,Kits,[],"[""Inspect shiny water spot""]",,in-collection,,kits_order,3,,,,500,,,,[],[],https://pokopiadex.com/images/items/shop_ui/leaf-cottage-kit.png,[],https://pokopiadex.com/items/leaf-cottage-kit,pokopiadex_items_in_collection
placeable_item,645,Leaf house kit,leaf-house-kit,Gather some Pokémon and build away! Let's make a ginormous house where everyone can live together!,Kits,[],"[""inspect shiny water ripples""]",,in-collection,,kits_order,4,,,,1000,,,,[],[],https://pokopiadex.com/images/items/shop_ui/leaf-house-kit.png,[],https://pokopiadex.com/items/leaf-house-kit,pokopiadex_items_in_collection
placeable_item,1200,Sand den kit,sand-den-kit,Gather some Pokémon and build away! This makes a den for medium-sized Pokémon or smaller.,Kits,[],[],,in-collection,,kits_order,5,,,,100,,,,[],[],https://pokopiadex.com/images/items/shop_ui/sand-den-kit.png,[],https://pokopiadex.com/items/sand-den-kit,pokopiadex_items_in_collection
placeable_item,1202,Sand hut kit,sand-hut-kit,Gather some Pokémon and build away! This makes a hut that any Pokémon could easily live in.,Kits,[],[],,in-collection,,kits_order,6,,,,200,,,,[],[],https://pokopiadex.com/images/items/shop_ui/sand-hut-kit.png,[],https://pokopiadex.com/items/sand-hut-kit,pokopiadex_items_in_collection
placeable_item,1199,Sand cottage kit,sand-cottage-kit,Gather some Pokémon and build away! This makes a place where two Pokémon can relax.,Kits,[],"[""inspect shiny water ripples""]",,in-collection,,kits_order,7,,,,500,,,,[],[],https://pokopiadex.com/images/items/shop_ui/sand-cottage-kit.png,[],https://pokopiadex.com/items/sand-cottage-kit,pokopiadex_items_in_collection
placeable_item,1201,Sand house kit,sand-house-kit,Gather some Pokémon and build away! Let's make a ginormous house where everyone can live together.,Kits,[],[],,in-collection,,kits_order,8,,,,1000,,,,[],[],https://pokopiadex.com/images/items/shop_ui/sand-house-kit.png,[],https://pokopiadex.com/items/sand-house-kit,pokopiadex_items_in_collection
placeable_item,726,Stone den kit,stone-den-kit,Gather some Pokémon and build away! This makes a den for medium-sized Pokémon or smaller.,Kits,[],"[""inspect shiny water ripples""]",,in-collection,,kits_order,9,,,,100,,,,[],[],https://pokopiadex.com/images/items/shop_ui/stone-den-kit.png,[],https://pokopiadex.com/items/stone-den-kit,pokopiadex_items_in_collection
placeable_item,864,Stone hut kit,stone-hut-kit,Gather some Pokémon and build away! This makes a hut that any Pokémon could easily live in.,Kits,[],"[""inspect shiny water ripples""]",,in-collection,,kits_order,10,,,,200,,,,[],[],https://pokopiadex.com/images/items/shop_ui/stone-hut-kit.png,[],https://pokopiadex.com/items/stone-hut-kit,pokopiadex_items_in_collection
placeable_item,1204,Stone cottage kit,stone-cottage-kit,Gather some Pokémon and build away! This makes a place where two Pokémon can relax.,Kits,[],[],,in-collection,,kits_order,11,,,,500,,,,[],[],https://pokopiadex.com/images/items/shop_ui/stone-cottage-kit.png,[],https://pokopiadex.com/items/stone-cottage-kit,pokopiadex_items_in_collection
placeable_item,843,Stone house kit,stone-house-kit,Gather some Pokémon and build away! Let's make a ginormous house where everyone can live together.,Kits,[],"[""inspect shiny water ripples""]",,in-collection,,kits_order,12,,,,100,,,,[],[],https://pokopiadex.com/images/items/shop_ui/stone-house-kit.png,[],https://pokopiadex.com/items/stone-house-kit,pokopiadex_items_in_collection
placeable_item,1184,City den kit,city-den-kit,Gather some Pokémon and build away! This makes a den for medium-sized Pokémon or smaller.,Kits,[],[],,in-collection,,kits_order,13,,,,,,,,[],[],https://pokopiadex.com/images/items/shop_ui/city-den-kit.png,[],https://pokopiadex.com/items/city-den-kit,pokopiadex_items_in_collection
placeable_item,1186,City hut kit,city-hut-kit,Gather some Pokémon and build away! This makes a hut that any Pokémon could easily live in.,Kits,[],[],,in-collection,,kits_order,14,,,,,,,,[],[],https://pokopiadex.com/images/items/shop_ui/city-hut-kit.png,[],https://pokopiadex.com/items/city-hut-kit,pokopiadex_items_in_collection
placeable_item,1183,City cottage kit,city-cottage-kit,Gather some Pokémon and build away! This makes a place where two Pokémon can relax.,Kits,[],[],,in-collection,,kits_order,15,,,,,,,,[],[],https://pokopiadex.com/images/items/shop_ui/city-cottage-kit.png,[],https://pokopiadex.com/items/city-cottage-kit,pokopiadex_items_in_collection
placeable_item,1185,City house kit,city-house-kit,Gather some Pokémon and build away! Let's make a ginormous house where everyone can live together.,Kits,[],[],,in-collection,,kits_order,16,,,,,,,,[],[],https://pokopiadex.com/images/items/shop_ui/city-house-kit.png,[],https://pokopiadex.com/items/city-house-kit,pokopiadex_items_in_collection
placeable_item,1196,Poké Ball house kit,poke-ball-house-kit,Gather some Pokémon and build away! This makes a house that looks like a giant Poké Ball.,Kits,[],[],,in-collection,,kits_order,17,,,,,,,,[],[],https://pokopiadex.com/images/items/shop_ui/poke-ball-house-kit.png,[],https://pokopiadex.com/items/poke-ball-house-kit,pokopiadex_items_in_collection
placeable_item,1197,Poké Mart kit,poke-mart-kit,Gather some Pokémon and build away! This makes a store that somehow always feels a little exciting.,Kits,[],[],,in-collection,,kits_order,18,,,,,,,,[],[],https://pokopiadex.com/images/items/shop_ui/poke-mart-kit.png,[],https://pokopiadex.com/items/poke-mart-kit,pokopiadex_items_in_collection
placeable_item,2035,Wasteland Pokémon Center kit,wasteland-pokemon-center-kit,Use this to remodel a Pokémon Center to make it look just like the Wasteland Pokémon Center.,Kits,[],[],,in-collection,,kits_order,19,,,,,,,,[],[],https://pokopiadex.com/images/items/item_ui/wasteland-pokemon-center-kit.png,[],https://pokopiadex.com/items/wasteland-pokemon-center-kit,pokopiadex_items_in_collection
placeable_item,2036,Beach Pokémon Center kit,beach-pokemon-center-kit,Use this to remodel a Pokémon Center to make it look just like the Beach Pokémon Center.,Kits,[],[],,in-collection,,kits_order,20,,,,,,,,[],[],https://pokopiadex.com/images/items/item_ui/beach-pokemon-center-kit.png,[],https://pokopiadex.com/items/beach-pokemon-center-kit,pokopiadex_items_in_collection
placeable_item,2037,Ridge Pokémon Center kit,ridge-pokemon-center-kit,Use this to remodel a Pokémon Center to make it look just like the Ridge Pokémon Center.,Kits,[],[],,in-collection,,kits_order,21,,,,,,,,[],[],https://pokopiadex.com/images/items/item_ui/ridge-pokemon-center-kit.png,[],https://pokopiadex.com/items/ridge-pokemon-center-kit,pokopiadex_items_in_collection
placeable_item,2038,Skyland Pokémon Center kit,skyland-pokemon-center-kit,Use this to remodel a Pokémon Center to make it look just like the Skyland Pokémon Center.,Kits,[],[],,in-collection,,kits_order,22,,,,,,,,[],[],https://pokopiadex.com/images/items/item_ui/skyland-pokemon-center-kit.png,[],https://pokopiadex.com/items/skyland-pokemon-center-kit,pokopiadex_items_in_collection
placeable_item,1207,Windmill kit,windmill-kit,Gather some Pokémon and build away! This makes a generator that turns wind energy into loads of power.,Kits,[],[],,in-collection,,kits_order,23,,,,,,,,[],[],https://pokopiadex.com/images/items/shop_ui/windmill-kit.png,[],https://pokopiadex.com/items/windmill-kit,pokopiadex_items_in_collection
placeable_item,1206,Waterwheel kit,waterwheel-kit,Gather some Pokémon and build away! This makes a generator that uses water to produce tons of power.,Kits,[],[],,in-collection,,kits_order,24,,,,,,,,[],[],https://pokopiadex.com/images/items/shop_ui/waterwheel-kit.png,[],https://pokopiadex.com/items/waterwheel-kit,pokopiadex_items_in_collection
placeable_item,1190,Furnace kit,furnace-kit,Gather some Pokémon and build away! This makes a generator that burns stuff to produce heaps of power.,Kits,[],[],,in-collection,,kits_order,25,,,,,,,,[],[],https://pokopiadex.com/images/items/shop_ui/furnace-kit.png,[],https://pokopiadex.com/items/furnace-kit,pokopiadex_items_in_collection
placeable_item,1182,Charging station kit,charging-station-kit,Gather some Pokémon and build away! This makes a device that's perfect for charging things up.,Kits,[],[],,in-collection,,kits_order,26,,,,,,,,[],[],https://pokopiadex.com/images/items/shop_ui/charging-station-kit.png,[],https://pokopiadex.com/items/charging-station-kit,pokopiadex_items_in_collection
placeable_item,1195,Pikachu fountain kit,pikachu-fountain-kit,Gather some Pokémon and build away! This makes a fountain that would look great all lit up.,Kits,[],[],,in-collection,,kits_order,27,,,,500,,,,[],[],https://pokopiadex.com/images/items/shop_ui/pikachu-fountain-kit.png,[],https://pokopiadex.com/items/pikachu-fountain-kit,pokopiadex_items_in_collection
placeable_item,865,Moonlight dance statue kit,moonlight-dance-statue-kit,Gather some Pokémon and build away! This will make you want to dance as you're building it!,Kits,[],[],,in-collection,,kits_order,28,,,,500,,,,[],[],https://pokopiadex.com/images/items/shop_ui/moonlight-dance-statue-kit.png,[],https://pokopiadex.com/items/moonlight-dance-statue-kit,pokopiadex_items_in_collection
placeable_item,643,Pink hut kit,pink-hut-kit,Gather some Pokémon and build away! This makes a cute plaster house.,Kits,[],"[""Golden Pokeball near water wheel in Withered Wasteland""]",,in-collection,,kits_order,29,,,,300,,,,[],[],https://pokopiadex.com/images/items/shop_ui/pink-hut-kit.png,[],https://pokopiadex.com/items/pink-hut-kit,pokopiadex_items_in_collection
placeable_item,969,Pink cottage kit,pink-cottage-kit,,Kits,[],"[""inspect shiny water ripples""]",,in-collection,,kits_order,30,,,,,,,,[],[],https://pokopiadex.com/images/items/item_ui/pink-cottage-kit.png,[],https://pokopiadex.com/items/pink-cottage-kit,pokopiadex_items_in_collection
placeable_item,1194,Orange hut kit,orange-hut-kit,Gather some Pokémon and build away! This makes a fancy brick house.,Kits,[],[],,in-collection,,kits_order,31,,,,300,,,,[],[],https://pokopiadex.com/images/items/shop_ui/orange-hut-kit.png,[],https://pokopiadex.com/items/orange-hut-kit,pokopiadex_items_in_collection
placeable_item,2039,Orange cottage kit,orange-cottage-kit,Gather some Pokémon and build away! This makes a vibrant house where you can enjoy resort vibes.,Kits,[],[],,in-collection,,kits_order,32,,,,,,,,[],[],https://pokopiadex.com/images/items/item_ui/orange-cottage-kit.png,[],https://pokopiadex.com/items/orange-cottage-kit,pokopiadex_items_in_collection
placeable_item,1192,Gray hut kit,gray-hut-kit,Gather some Pokémon and build away! This makes a cool stone house.,Kits,[],[],,in-collection,,kits_order,33,,,,,,,,[],[],https://pokopiadex.com/images/items/shop_ui/gray-hut-kit.png,[],https://pokopiadex.com/items/gray-hut-kit,pokopiadex_items_in_collection
placeable_item,1191,Gray cottage kit,gray-cottage-kit,A high-class house with a serene atmosphere. It's full of luxurious furniture.,Kits,[],"[""inspect shiny water ripples""]",,in-collection,,kits_order,34,,,,,,,,[],[],https://pokopiadex.com/images/items/item_ui/gray-cottage-kit.png,[],https://pokopiadex.com/items/gray-cottage-kit,pokopiadex_items_in_collection
placeable_item,1208,Yellow hut kit,yellow-hut-kit,Gather some Pokémon and build away! This makes a flashy concrete house.,Kits,[],[],,in-collection,,kits_order,35,,,,,,,,[],[],https://pokopiadex.com/images/items/shop_ui/yellow-hut-kit.png,[],https://pokopiadex.com/items/yellow-hut-kit,pokopiadex_items_in_collection
placeable_item,2040,Yellow cottage kit,yellow-cottage-kit,,Kits,[],[],,in-collection,,kits_order,36,,,,,,,,[],[],https://pokopiadex.com/images/items/item_ui/yellow-cottage-kit.png,[],https://pokopiadex.com/items/yellow-cottage-kit,pokopiadex_items_in_collection
placeable_item,1193,Log cabin kit,log-cabin-kit,Gather some Pokémon and build away! This makes a house that has a pleasing woodsy aroma.,Kits,[],[],,in-collection,,kits_order,37,,,,,,,,[],[],https://pokopiadex.com/images/items/shop_ui/log-cabin-kit.png,[],https://pokopiadex.com/items/log-cabin-kit,pokopiadex_items_in_collection
placeable_item,1203,Small office kit,small-office-kit,Gather some Pokémon and build away! This makes a place where you can really focus on your work.,Kits,[],[],,in-collection,,kits_order,38,,,,,,,,[],[],https://pokopiadex.com/images/items/shop_ui/small-office-kit.png,[],https://pokopiadex.com/items/small-office-kit,pokopiadex_items_in_collection
placeable_item,1198,Relaxing park kit,relaxing-park-kit,Gather some Pokémon and build away! This makes a park with an iconic Chansey tree.,Kits,[],[],,in-collection,,kits_order,39,,,,,,,,[],[],https://pokopiadex.com/images/items/shop_ui/relaxing-park-kit.png,[],https://pokopiadex.com/items/relaxing-park-kit,pokopiadex_items_in_collection
placeable_item,1205,Stylish Café kit,stylish-cafe-kit,Gather some Pokémon and build away! This makes a lovely café where you can take a little breather.,Kits,[],[],,in-collection,,kits_order,40,,,,,,,,[],[],https://pokopiadex.com/images/items/shop_ui/stylish-cafe-kit.png,[],https://pokopiadex.com/items/stylish-cafe-kit,pokopiadex_items_in_collection
placeable_item,1187,Concert stage kit,concert-stage-kit,Gather some Pokémon and build away! This makes a stage big enough to hold all your friends.,Kits,[],[],,in-collection,,kits_order,41,,,,,,,,[],[],https://pokopiadex.com/images/items/shop_ui/concert-stage-kit.png,[],https://pokopiadex.com/items/concert-stage-kit,pokopiadex_items_in_collection
placeable_item,1188,Fountain plaza kit,fountain-plaza-kit,Gather some Pokémon and build away! This makes a plaza that's perfect for meetups.,Kits,[],[],,in-collection,,kits_order,42,,,,,,,,[],[],https://pokopiadex.com/images/items/shop_ui/fountain-plaza-kit.png,[],https://pokopiadex.com/items/fountain-plaza-kit,pokopiadex_items_in_collection
placeable_item,1181,Altar of Flame kit,altar-of-flame-kit,Gather some Pokémon and build away! This makes an altar accompanied by roaring flames.,Kits,[],[],,in-collection,,kits_order,43,,,,,,,,[],[],https://pokopiadex.com/images/items/item_ui/altar-of-flame-kit.png,[],https://pokopiadex.com/items/altar-of-flame-kit,pokopiadex_items_in_collection
placeable_item,1180,Abandoned Power Plant kit,abandoned-power-plant-kit,Gather some Pokémon and build away! This makes an abandoned power plant teeming with electricity.,Kits,[],[],,in-collection,,kits_order,44,,,,,,,,[],[],https://pokopiadex.com/images/items/item_ui/abandoned-power-plant-kit.png,[],https://pokopiadex.com/items/abandoned-power-plant-kit,pokopiadex_items_in_collection
placeable_item,1189,Freezing Chambers kit,freezing-chambers-kit,Gather some Pokémon and build away! This makes frozen mountains with a mystical atmosphere.,Kits,[],"[""Golden Pokeball on hill in Palette Town""]",,in-collection,,kits_order,45,,,,,,,,[],[],https://pokopiadex.com/images/items/item_ui/freezing-chambers-kit.png,[],https://pokopiadex.com/items/freezing-chambers-kit,pokopiadex_items_in_collection
placeable_item,698,Relocation kit (prepare),relocation-kit-prepare,"Place this in front of a building, and Pokémon with the Bulldoze specialty will help you relocate it!",Kits,[],[],,in-collection,,kits_order,46,,,,10,,,,[],[],https://pokopiadex.com/images/items/item_ui/relocation-kit-prepare.png,[],https://pokopiadex.com/items/relocation-kit-prepare,pokopiadex_items_in_collection
placeable_item,699,Demolition kit,demolition-kit,"Place this in front of a building, and a Pokémon with the Bulldoze specialty will help you demolish it!",Kits,[],[],,in-collection,,kits_order,47,,,,10,,,,[],[],https://pokopiadex.com/images/items/item_ui/demolition-kit.png,[],https://pokopiadex.com/items/demolition-kit,pokopiadex_items_in_collection
placeable_item,2372,Tent kit,tent-kit,Gather some Pokémon and build away! This makes a house that repels rain and wind. Great for camping!,Kits,[],"[""Trade 10 Red crystal fragments to Sableye""]",Sableye's Gem Hunt,in-collection,,kits_order,1,,,,,,,,[],[],https://pokopiadex.com/images/items/item_ui/tent-kit.png,[],https://pokopiadex.com/items/tent-kit,pokopiadex_items_in_collection
placeable_item,41,Storage box,storage-box,A convenient box you can store items in. It's made of wood and easy to move things in and out of.,Furniture,[],[],,in-collection,,furniture_order,1,,,,,,,20,[],[2244],https://pokopiadex.com/images/items/crafting_ui/storage-box.png,[],https://pokopiadex.com/items/storage-box,pokopiadex_items_in_collection
placeable_item,1782,Wall storage box,wall-storage-box,"It may be small, but it can store lots of stuff. Try mounting it on a wall.",Furniture,[],[],,in-collection,,furniture_order,2,,,,,,,,[],"[2198,2203,2244]",https://pokopiadex.com/images/items/item_ui/wall-storage-box.png,[],https://pokopiadex.com/items/wall-storage-box,pokopiadex_items_in_collection
placeable_item,652,Big storage box,big-storage-box,Roughly three times bigger than your standard storage box. You can put a lot of things inside.,Furniture,[],[],,in-collection,,furniture_order,3,,,,200,,,60,[],[2244],https://pokopiadex.com/images/items/crafting_ui/big-storage-box.png,[],https://pokopiadex.com/items/big-storage-box,pokopiadex_items_in_collection
placeable_item,40,Plain chest,plain-chest,A chest with a simple design. It can be used to store items.,Furniture,"[""Decoration""]",[],,in-collection,,furniture_order,4,,,,,,,,[],"[2198,2203,2208,2244]",https://pokopiadex.com/images/items/item_ui/plain-chest.png,[],https://pokopiadex.com/items/plain-chest,pokopiadex_items_in_collection
placeable_item,1135,Office cabinet,office-cabinet,Compact furniture that's surprisingly spacious. Open the sliding door to put items inside.,Furniture,"[""Decoration""]",[],,in-collection,,furniture_order,5,,,,,,,,[],"[2198,2203,2222,2244]",https://pokopiadex.com/images/items/crafting_ui/office-cabinet.png,[],https://pokopiadex.com/items/office-cabinet,pokopiadex_items_in_collection
placeable_item,1456,Gaming Fridge,gaming-fridge,A chest that's slightly cold to the touch. Ice-type Pokémon will probably enjoy this.,Furniture,"[""Decoration""]",[],,in-collection,,furniture_order,6,,,,,,,,[],"[2200,2203,2206,2211,2222]",https://pokopiadex.com/images/items/item_ui/gaming-fridge.png,[],https://pokopiadex.com/items/gaming-fridge,pokopiadex_items_in_collection
placeable_item,1783,Poké Ball Chest,poke-ball-chest,This looks like a giant Poké Ball. It opens wide for you to store things inside.,Furniture,"[""Decoration""]",[],,in-collection,,furniture_order,7,,,,,,,,[],"[2203,2204,2222,2229,2231]",https://pokopiadex.com/images/items/item_ui/poke-ball-chest.png,[],https://pokopiadex.com/items/poke-ball-chest,pokopiadex_items_in_collection
placeable_item,1994,Berry case,berry-case,"At a glance, this looks just like a glossy Cheri Berry. It opens wide for you to store things inside.",Furniture,"[""Decoration""]",[],,in-collection,,furniture_order,8,,,,,,,,[],"[2203,2204,2216,2219]",https://pokopiadex.com/images/items/item_ui/berry-case.png,[],https://pokopiadex.com/items/berry-case,pokopiadex_items_in_collection
placeable_item,1784,Antique chest,antique-chest,Its four curvy legs are adorable. Try putting lots of different things in the drawer.,Furniture,"[""Decoration""]",[],,in-collection,,furniture_order,9,,,,,,,,[],"[2198,2203,2221,2244]",https://pokopiadex.com/images/items/item_ui/antique-chest.png,[],https://pokopiadex.com/items/antique-chest,pokopiadex_items_in_collection
placeable_item,43,Plain closet,plain-closet,Open the curtains and store your stuff! You don't actually need the hangers—but they're there anyway!,Furniture,"[""Decoration""]","[""Red Pokeball in Bleak Beach""]",,in-collection,,furniture_order,10,,,,100,,,20,[],"[2198,2203,2208,2244]",https://pokopiadex.com/images/items/crafting_ui/plain-closet.png,[],https://pokopiadex.com/items/plain-closet,pokopiadex_items_in_collection
placeable_item,1292,Office locker,office-locker,A large locker that can even hold clothing. Try storing lots of different things in it!,Furniture,"[""Decoration""]",[],,in-collection,,furniture_order,11,,,,,,,,[],"[2198,2203,2222]",https://pokopiadex.com/images/items/item_ui/office-locker.png,[],https://pokopiadex.com/items/office-locker,pokopiadex_items_in_collection
placeable_item,813,Antique closet,antique-closet,A large bulky closet. Try storing different things in it!,Furniture,"[""Decoration""]",[],,in-collection,,furniture_order,12,,,,,,,,[],"[2198,2203,2221,2244]",https://pokopiadex.com/images/items/item_ui/antique-closet.png,[],https://pokopiadex.com/items/antique-closet,pokopiadex_items_in_collection
placeable_item,1506,Office shelf,office-shelf,This is jam-packed with so many files that it can't hold anything else.,Furniture,"[""Decoration""]",[],,in-collection,,furniture_order,13,,,,,,,,[],"[2198,2203,2210,2211,2215,2222]",https://pokopiadex.com/images/items/item_ui/office-shelf.png,[],https://pokopiadex.com/items/office-shelf,pokopiadex_items_in_collection
placeable_item,900,Polygonal Shelf,polygonal-shelf,"A stylish, eye-catching shelf. Looks hard to use but still functions as a shelf just fine.",Furniture,"[""Decoration""]","[""Appraise Large lost relic""]",,in-collection,Lost Relics (L),lost_relics_l_order,1,,,,,,,,[],"[2203,2204,2239]",https://pokopiadex.com/images/items/item_ui/polygonal-shelf.png,[],https://pokopiadex.com/items/polygonal-shelf,pokopiadex_items_in_collection
placeable_item,44,Straw table,straw-table,"""Table"" may be an overly generous description of this big slab of stone atop a pile of hay.",Furniture,[],[],,in-collection,,furniture_order,15,,,,,,,,[1342],[2219],https://pokopiadex.com/images/items/crafting_ui/straw-table.png,[],https://pokopiadex.com/items/straw-table,pokopiadex_items_in_collection
placeable_item,63,Log table,log-table,"With just some cutting and sanding, you can trim logs into a proper table.",Furniture,[],[],,in-collection,,furniture_order,16,,,,,,,,[1342],"[2219,2244]",https://pokopiadex.com/images/items/crafting_ui/log-table.png,[],https://pokopiadex.com/items/log-table,pokopiadex_items_in_collection
placeable_item,216,Side table,side-table,A side table with a refreshing appearance. It'd be perfect next to a beach chair.,Furniture,[],"[""Beach""]",,in-collection,,furniture_order,17,,,,,,,,[1342],[],https://pokopiadex.com/images/items/item_ui/side-table.png,[],https://pokopiadex.com/items/side-table,pokopiadex_items_in_collection
placeable_item,431,Garden table,garden-table,A stylish table that would look nice with a garden chair or two.,Furniture,[],[],,in-collection,,furniture_order,18,,,,,,,,[1342],[2219],https://pokopiadex.com/images/items/shop_ui/garden-table.png,[],https://pokopiadex.com/items/garden-table,pokopiadex_items_in_collection
placeable_item,288,Wooden table,wooden-table,"You only need lumber to make this. Despite its small size, it's still a splendid table.",Furniture,[],[],,in-collection,,furniture_order,19,,,,50,,,,[1342],[],https://pokopiadex.com/images/items/shop_ui/wooden-table.png,[],https://pokopiadex.com/items/wooden-table,pokopiadex_items_in_collection
placeable_item,1404,Counter,counter,Line up these counters to make them longer. You can also rotate a few to make some nice corners.,Furniture,[],[],,in-collection,,furniture_order,20,,,,,,,,[1342],[],https://pokopiadex.com/images/items/item_ui/counter.png,[],https://pokopiadex.com/items/counter,pokopiadex_items_in_collection
placeable_item,1785,Wall-mounted table,wall-mounted-table,A superb table that can fit snugly in a corner. A row of them would also make a great countertop.,Furniture,[],[],,in-collection,,furniture_order,21,,,,,,,,[],[],https://pokopiadex.com/images/items/item_ui/wall-mounted-table.png,[],https://pokopiadex.com/items/wall-mounted-table,pokopiadex_items_in_collection
placeable_item,1786,Pokémon Center counter,pokemon-center-counter,"Line these up to make a Pokémon Center countertop. They have a simple, clean design.",Furniture,[],[],,in-collection,,furniture_order,22,,,,,,,,[],[],https://pokopiadex.com/images/items/item_ui/pokemon-center-counter.png,[],https://pokopiadex.com/items/pokemon-center-counter,pokopiadex_items_in_collection
placeable_item,1488,Kitchen table,kitchen-table,A glossy table that protects against grime. It would look great placed near a sink and stove.,Furniture,[],[],,in-collection,,furniture_order,23,,,,,,,,[],[],https://pokopiadex.com/images/items/item_ui/kitchen-table.png,[],https://pokopiadex.com/items/kitchen-table,pokopiadex_items_in_collection
placeable_item,1552,Push cart,push-cart,"A table cart. Try putting stuff on top of it, like food.",Furniture,[],[],,in-collection,,furniture_order,24,,,,,,,,[],[],https://pokopiadex.com/images/items/shop_ui/push-cart.png,[],https://pokopiadex.com/items/push-cart,pokopiadex_items_in_collection
placeable_item,577,Exhibition stand,exhibition-stand,You can place these side by side to adjust the size. Try displaying lots of different things on top!,Furniture,[],[],,in-collection,,furniture_order,25,,,,,,,,[1334],[],https://pokopiadex.com/images/items/crafting_ui/exhibition-stand.png,[],https://pokopiadex.com/items/exhibition-stand,pokopiadex_items_in_collection
placeable_item,1055,Mysterious pedestal,mysterious-pedestal,Looks like it originally had something on top of it...,Furniture,[],[],,in-collection,Lost Relics (L),lost_relics_l_order,2,,,,,,,,[1334],[],https://pokopiadex.com/images/items/item_ui/mysterious-pedestal.png,[],https://pokopiadex.com/items/mysterious-pedestal,pokopiadex_items_in_collection
placeable_item,64,Plain stand,plain-stand,This low table has a simple design and is perfect for displaying items.,Furniture,"[""Decoration""]",[],,in-collection,,furniture_order,27,,,,100,,,,[],"[2198,2203,2208,2244]",https://pokopiadex.com/images/items/shop_ui/plain-stand.png,[],https://pokopiadex.com/items/plain-stand,pokopiadex_items_in_collection
placeable_item,1130,Iron stand,iron-stand,An impressively sturdy iron stand. Effortlessly supports even heavy items.,Furniture,"[""Decoration""]",[],,in-collection,,furniture_order,28,,,,,,,,[],"[2198,2203,2213,2222,2231]",https://pokopiadex.com/images/items/crafting_ui/iron-stand.png,[],https://pokopiadex.com/items/iron-stand,pokopiadex_items_in_collection
placeable_item,1057,Food counter,food-counter,A counter that is perfect for putting out food at parties.,Furniture,[],"[""Red Pokeball in mines behind where DJ Rotem was found""]",,in-collection,,furniture_order,29,,,,,,,,[],[2244],https://pokopiadex.com/images/items/crafting_ui/food-counter.png,[],https://pokopiadex.com/items/food-counter,pokopiadex_items_in_collection
placeable_item,826,Plain table,plain-table,This simple table can be placed just about anywhere. Try putting different things on it!,Furniture,[],[],,in-collection,,furniture_order,30,,,,,,,,"[1342,1435]",[2244],https://pokopiadex.com/images/items/crafting_ui/plain-table.png,[],https://pokopiadex.com/items/plain-table,pokopiadex_items_in_collection
placeable_item,1787,Antique table,antique-table,Its lumpy legs are cute. You can make a large table by arranging several of these together.,Furniture,[],[],,in-collection,,furniture_order,31,,,,,,,,"[1342,1435]","[2221,2244]",https://pokopiadex.com/images/items/item_ui/antique-table.png,[],https://pokopiadex.com/items/antique-table,pokopiadex_items_in_collection
placeable_item,1065,Industrial desk,industrial-desk,A desk with a beautifully wood grain texture. This would even look great outside the house.,Furniture,[],"[""Red Pokeball in right room of Museum in Rocky Ridges""]",,in-collection,,furniture_order,32,,,,150,,,,"[1342,1435]",[2222],https://pokopiadex.com/images/items/shop_ui/industrial-desk.png,[],https://pokopiadex.com/items/industrial-desk,pokopiadex_items_in_collection
placeable_item,844,Iron table,iron-table,Iron-crafted with a simple design. This would work well in any sleekly stylish room.,Furniture,[],[],,in-collection,,furniture_order,33,,,,100,,,,"[1342,1435]","[2213,2222]",https://pokopiadex.com/images/items/crafting_ui/iron-table.png,[],https://pokopiadex.com/items/iron-table,pokopiadex_items_in_collection
placeable_item,1137,Office desk,office-desk,A desk often used in offices. The pull-out drawer is locked and won't open.,Furniture,[],[],,in-collection,,furniture_order,34,,,,,,,,[],[2222],https://pokopiadex.com/images/items/crafting_ui/office-desk.png,[],https://pokopiadex.com/items/office-desk,pokopiadex_items_in_collection
placeable_item,1788,Study desk,study-desk,Just looking at this desk feels like it will somehow make you smarter.,Furniture,[],[],,in-collection,,furniture_order,35,,,,,,,,[],[2244],https://pokopiadex.com/images/items/item_ui/study-desk.png,[],https://pokopiadex.com/items/study-desk,pokopiadex_items_in_collection
placeable_item,1424,Cute table,cute-table,A table with cute lace and frills. It somehow reminds you of Fairy types.,Furniture,[],[],,in-collection,,furniture_order,36,,,,,,,,[],[2204],https://pokopiadex.com/images/items/item_ui/cute-table.png,[],https://pokopiadex.com/items/cute-table,pokopiadex_items_in_collection
placeable_item,1028,Iron rack,iron-rack,Decorate your space by putting your favorite things on these stackable shelves!,Furniture,[],[],,in-collection,,furniture_order,37,,,,100,,,,[],[2213],https://pokopiadex.com/images/items/shop_ui/iron-rack.png,[],https://pokopiadex.com/items/iron-rack,pokopiadex_items_in_collection
placeable_item,831,Resort table,resort-table,"This table is made of resilient material and perfectly safe to keep outside, even in rain or a squall.",Furniture,[],"[""Red Pokeball in Bleak Beach""]",,in-collection,,furniture_order,38,,,,,,,,"[1342,1435]",[],https://pokopiadex.com/images/items/item_ui/resort-table.png,[],https://pokopiadex.com/items/resort-table,pokopiadex_items_in_collection
placeable_item,1551,Chic table,chic-table,A table that would look right at home in a fancy restaurant. Perfect for a decadent dinner.,Furniture,[],[],,in-collection,,furniture_order,39,,,,100,,,,"[1342,1435]",[2221],https://pokopiadex.com/images/items/shop_ui/chic-table.png,[],https://pokopiadex.com/items/chic-table,pokopiadex_items_in_collection
placeable_item,839,Pop art table,pop-art-table,"A shiny, round table. It's as smooth as a Porygon2.",Furniture,[],[],,in-collection,,furniture_order,40,,,,,,,,"[1342,1435]",[2204],https://pokopiadex.com/images/items/item_ui/pop-art-table.png,[],https://pokopiadex.com/items/pop-art-table,pokopiadex_items_in_collection
placeable_item,1503,Poké Ball table,poke-ball-table,A round table that looks like a Poké Ball. It's large enough to carry lots of stuff.,Furniture,[],[],,in-collection,,furniture_order,41,,,,,,,,"[1342,1435]",[],https://pokopiadex.com/images/items/item_ui/poke-ball-table.png,[],https://pokopiadex.com/items/poke-ball-table,pokopiadex_items_in_collection
placeable_item,1564,Berry table,berry-table,A large Aspear Berry table. It looks real enough to make you want to bite into it.,Furniture,[],[],,in-collection,,furniture_order,42,,,,,,,,[],"[2216,2219]",https://pokopiadex.com/images/items/item_ui/berry-table.png,[],https://pokopiadex.com/items/berry-table,pokopiadex_items_in_collection
placeable_item,1350,Stone table,stone-table,A table made from stones. It's as hard as an Onix!,Furniture,[],[],,in-collection,,furniture_order,43,,,,,,,,"[1342,1435]",[2213],https://pokopiadex.com/images/items/item_ui/stone-table.png,[],https://pokopiadex.com/items/stone-table,pokopiadex_items_in_collection
placeable_item,1398,Luxury table,luxury-table,An extravagant marble table. Setting one down brings elegance to any room.,Furniture,[],[],,in-collection,,furniture_order,44,,,,,,,,"[1342,1435]",[2221],https://pokopiadex.com/images/items/item_ui/luxury-table.png,[],https://pokopiadex.com/items/luxury-table,pokopiadex_items_in_collection
placeable_item,1138,Office table,office-table,"You can see through the glass surface. If you drop anything underneath it, you'll notice right away!",Furniture,[],[],,in-collection,,furniture_order,45,,,,,,,,"[1342,1435]",[],https://pokopiadex.com/images/items/crafting_ui/office-table.png,[],https://pokopiadex.com/items/office-table,pokopiadex_items_in_collection
placeable_item,901,Avalugg Table,avalugg-table,A solid table with cracks in it. It looks just like a resting Avalugg.,Furniture,[],"[""Appraise Large lost relic""]",,in-collection,Lost Relics (L),lost_relics_l_order,3,,,,,,,,"[1342,1435]",[],https://pokopiadex.com/images/items/item_ui/avalugg-table.png,[],https://pokopiadex.com/items/avalugg-table,pokopiadex_items_in_collection
placeable_item,46,Straw stool,straw-stool,This is the perfect size for small Pokémon to take a seat!,Furniture,"[""Relaxation""]",[],,in-collection,,furniture_order,47,,,,,,,,[],[2233],https://pokopiadex.com/images/items/crafting_ui/straw-stool.png,[],https://pokopiadex.com/items/straw-stool,pokopiadex_items_in_collection
placeable_item,669,Berry chair,berry-chair,"When placed on the ground, it looks just like a buried Leppa Berry. The stem and leaves are a backrest.",Furniture,"[""Relaxation""]","[""Trade at PC""]",,in-collection,,furniture_order,48,,1000,,,,,,[],"[2204,2216,2219,2233]",https://pokopiadex.com/images/items/item_ui/berry-chair.png,[],https://pokopiadex.com/items/berry-chair,pokopiadex_items_in_collection
placeable_item,1549,Simple cushion,simple-cushion,A simple practical cushion. It's filled with cotton and provides a soft seat.,Furniture,"[""Relaxation""]",[],,in-collection,,furniture_order,49,,,,,,,,[],"[2208,2233]",https://pokopiadex.com/images/items/item_ui/simple-cushion.png,[],https://pokopiadex.com/items/simple-cushion,pokopiadex_items_in_collection
placeable_item,66,Log chair,log-chair,You can sit on this log to take a quick breather. Other Pokémon might stop by to take a small break too.,Furniture,"[""Relaxation""]",[],,in-collection,,furniture_order,50,,,,,,,,[],"[2219,2244]",https://pokopiadex.com/images/items/crafting_ui/log-chair.png,[],https://pokopiadex.com/items/log-chair,pokopiadex_items_in_collection
placeable_item,65,Plain stool,plain-stool,A stool with a simple design. Small Pokémon can use this as a seat.,Furniture,"[""Relaxation""]",[],,in-collection,,furniture_order,51,,,,,,,,[],"[2208,2233]",https://pokopiadex.com/images/items/item_ui/plain-stool.png,[],https://pokopiadex.com/items/plain-stool,pokopiadex_items_in_collection
placeable_item,1789,Resort stool,resort-stool,"While this stool looks stiff, the cotton padding inside makes it surprisingly soft.",Furniture,"[""Relaxation""]",[],,in-collection,,furniture_order,52,,,,,,,,[],"[2208,2225,2233]",https://pokopiadex.com/images/items/item_ui/resort-stool.png,[],https://pokopiadex.com/items/resort-stool,pokopiadex_items_in_collection
placeable_item,1169,Stylish stool,stylish-stool,"A small, round stool with a stylish three-color cushion.",Furniture,"[""Relaxation""]",[],,in-collection,,furniture_order,53,,,,,,,,[],"[2200,2204,2208,2233]",https://pokopiadex.com/images/items/crafting_ui/stylish-stool.png,[],https://pokopiadex.com/items/stylish-stool,pokopiadex_items_in_collection
placeable_item,847,Industrial chair,industrial-chair,"A perfectly round chair that can easily fit anywhere. Surprisingly sturdy, thanks to its iron legs.",Furniture,"[""Relaxation""]","[""Red Pokeball under volcanic ash near Pokemon Center in Rocky Ridges""]",,in-collection,,furniture_order,54,,,,,,,,[],[2222],https://pokopiadex.com/images/items/item_ui/industrial-chair.png,[],https://pokopiadex.com/items/industrial-chair,pokopiadex_items_in_collection
placeable_item,1790,Waterproof seat,waterproof-seat,A smooth waterproof chair. Place it near a bathtub or shower.,Furniture,"[""Relaxation""]",[],,in-collection,,furniture_order,55,,,,,,,,[],[2199],https://pokopiadex.com/images/items/item_ui/waterproof-seat.png,[],https://pokopiadex.com/items/waterproof-seat,pokopiadex_items_in_collection
placeable_item,67,Wooden stool,wooden-stool,"It's a little chipped but surprisingly sturdy. Even if a Pokémon sits on it, it won't break. Probably.",Furniture,"[""Relaxation""]",[],,in-collection,,furniture_order,56,,,,,,,,[],[2198],https://pokopiadex.com/images/items/crafting_ui/wooden-stool.png,[],https://pokopiadex.com/items/wooden-stool,pokopiadex_items_in_collection
placeable_item,842,Iron chair,iron-chair,"Though small, this seat is very sturdy. It doesn't look like it would break easily.",Furniture,"[""Relaxation""]",[],,in-collection,,furniture_order,57,,,,,,,,[],"[2198,2222]",https://pokopiadex.com/images/items/crafting_ui/iron-chair.png,[],https://pokopiadex.com/items/iron-chair,pokopiadex_items_in_collection
placeable_item,1791,Public seat,public-seat,A simple chair without a backrest. Try arranging a bunch of 'em together.,Furniture,"[""Relaxation""]",[],,in-collection,,furniture_order,58,,,,,,,,[],"[2198,2222]",https://pokopiadex.com/images/items/item_ui/public-seat.png,[],https://pokopiadex.com/items/public-seat,pokopiadex_items_in_collection
placeable_item,1792,Soft seat,soft-seat,"A cushioned seat that's soft and fluffy-perfect for waiting rooms, relaxation spaces, and the like!",Furniture,"[""Relaxation""]",[],,in-collection,,furniture_order,59,,,,,,,,[],"[2198,2208,2233]",https://pokopiadex.com/images/items/item_ui/soft-seat.png,[],https://pokopiadex.com/items/soft-seat,pokopiadex_items_in_collection
placeable_item,1793,Box sofa,box-sofa,A small square sofa. Line up several of them to make a wide chic sofa.,Furniture,"[""Relaxation""]",[],,in-collection,,furniture_order,60,,,,,,,,[1339],"[2198,2208,2233]",https://pokopiadex.com/images/items/item_ui/box-sofa.png,[],https://pokopiadex.com/items/box-sofa,pokopiadex_items_in_collection
placeable_item,68,Plain chair,plain-chair,This chair is just the right height for eating meals in the dining room.,Furniture,"[""Relaxation""]",[],,in-collection,,furniture_order,61,,,,,,,,[],"[2208,2233,2244]",https://pokopiadex.com/images/items/crafting_ui/plain-chair.png,[],https://pokopiadex.com/items/plain-chair,pokopiadex_items_in_collection
placeable_item,1794,Resort chair,resort-chair,A chair perfect for relaxing. Kick back on this to taste a bit of the resort life.,Furniture,"[""Relaxation""]",[],,in-collection,,furniture_order,62,,,,,,,,[],"[2208,2225,2233]",https://pokopiadex.com/images/items/item_ui/resort-chair.png,[],https://pokopiadex.com/items/resort-chair,pokopiadex_items_in_collection
placeable_item,1119,Chic chair,chic-chair,A luxurious lounge chair. Sitting on its soft cushions is absolutely beyond compare!,Furniture,"[""Relaxation""]",[],,in-collection,,furniture_order,63,,,,,,,,[],"[2208,2221,2233]",https://pokopiadex.com/images/items/crafting_ui/chic-chair.png,[],https://pokopiadex.com/items/chic-chair,pokopiadex_items_in_collection
placeable_item,1795,Fancy chair,fancy-chair,A high-class chair with a real dignified feel to it. Just sitting here will make you feel important.,Furniture,"[""Relaxation""]",[],,in-collection,,furniture_order,64,,,,,,,,[],"[2208,2221,2233,2236]",https://pokopiadex.com/images/items/item_ui/fancy-chair.png,[],https://pokopiadex.com/items/fancy-chair,pokopiadex_items_in_collection
placeable_item,381,Antique chair,antique-chair,A chair with a charming retro design. Its cushions are soft and fluffy.,Furniture,"[""Relaxation""]","[""Trade honey to Gather Honey specialty Pokemon""]",,in-collection,,furniture_order,65,,,,,,,,[],"[2200,2208,2221,2233]",https://pokopiadex.com/images/items/item_ui/antique-chair.png,[],https://pokopiadex.com/items/antique-chair,pokopiadex_items_in_collection
placeable_item,1796,Spectator chair,spectator-chair,Audience seats like those are found at concert halls or stadiums. Try arranging a bunch of 'em in a row!,Furniture,"[""Relaxation""]",[],,in-collection,,furniture_order,66,,,,,,,,[],[2222],https://pokopiadex.com/images/items/item_ui/spectator-chair.png,[],https://pokopiadex.com/items/spectator-chair,pokopiadex_items_in_collection
placeable_item,1797,Luxury chair,luxury-chair,A classy-looking seat with a gemstone embedded in it. Just sitting on it makes you feel rich.,Furniture,"[""Relaxation""]",[],,in-collection,,furniture_order,67,,,,,,,,[],"[2221,2222,2237]",https://pokopiadex.com/images/items/item_ui/luxury-chair.png,[],https://pokopiadex.com/items/luxury-chair,pokopiadex_items_in_collection
placeable_item,429,Garden chair,garden-chair,A chair that would be perfect in a nice garden. Take a seat and enjoy an elegant afternoon.,Furniture,"[""Relaxation""]",[],,in-collection,,furniture_order,68,,,,,,,,[],"[2219,2222]",https://pokopiadex.com/images/items/item_ui/garden-chair.png,[],https://pokopiadex.com/items/garden-chair,pokopiadex_items_in_collection
placeable_item,1470,Folding chair,folding-chair,A foldable chair that's simple and easy to carry. Set these up at event venues or similar spaces!,Furniture,"[""Relaxation""]",[],,in-collection,,furniture_order,69,,,,,,,,[],"[2222,2243]",https://pokopiadex.com/images/items/shop_ui/folding-chair.png,[],https://pokopiadex.com/items/folding-chair,pokopiadex_items_in_collection
placeable_item,1136,Office chair,office-chair,"With a gentle curve to support the body, this chair was designed to help you sit longer without tiring.",Furniture,"[""Relaxation""]",[],,in-collection,,furniture_order,70,,,,,,,,[],"[2208,2222,2233,2236]",https://pokopiadex.com/images/items/crafting_ui/office-chair.png,[],https://pokopiadex.com/items/office-chair,pokopiadex_items_in_collection
placeable_item,1798,Cute chair,cute-chair,The ruffle skirt is exceptionally cute and lovely.,Furniture,"[""Relaxation""]",[],,in-collection,,furniture_order,71,,,,,,,,[],"[2204,2208,2233]",https://pokopiadex.com/images/items/item_ui/cute-chair.png,[],https://pokopiadex.com/items/cute-chair,pokopiadex_items_in_collection
placeable_item,1799,Pop art chair,pop-art-chair,A chair with a soft design and rounded corners. The colors of the backrest and cushion can be changed.,Furniture,"[""Relaxation""]",[],,in-collection,,furniture_order,72,,,,,,,,[],"[2200,2204,2208,2233]",https://pokopiadex.com/images/items/item_ui/pop-art-chair.png,[],https://pokopiadex.com/items/pop-art-chair,pokopiadex_items_in_collection
placeable_item,1455,Gaming Chair,gaming-chair,"With its large backrest and cushions, you could sit comfortable in this chair for a long time.",Furniture,"[""Relaxation""]",[],,in-collection,,furniture_order,73,,,,,,,,[],"[2200,2206,2208,2221,2231,2233,2236]",https://pokopiadex.com/images/items/item_ui/gaming-chair.png,[],https://pokopiadex.com/items/gaming-chair,pokopiadex_items_in_collection
placeable_item,47,Wooden bench,wooden-bench,A long bench that's perfect for taking a break. Pokémon might sit next to each other here.,Furniture,"[""Relaxation""]",[],,in-collection,,furniture_order,74,,,,,,,,[1339],[2212],https://pokopiadex.com/images/items/crafting_ui/wooden-bench.png,[],https://pokopiadex.com/items/wooden-bench,pokopiadex_items_in_collection
placeable_item,712,Stone bench,stone-bench,"A wide, rock-solid seat. This would make a great park bench.",Furniture,"[""Relaxation""]",[],,in-collection,,furniture_order,75,,,,100,,,,[1339],"[2212,2213,2238]",https://pokopiadex.com/images/items/shop_ui/stone-bench.png,[],https://pokopiadex.com/items/stone-bench,pokopiadex_items_in_collection
placeable_item,240,Plain sofa,plain-sofa,"If you see small Pokémon on this sofa, try sitting down next to them!",Furniture,"[""Relaxation""]",[],,in-collection,,furniture_order,76,,,,,,,,[1339],"[2208,2212,2233]",https://pokopiadex.com/images/items/crafting_ui/plain-sofa.png,[],https://pokopiadex.com/items/plain-sofa,pokopiadex_items_in_collection
placeable_item,830,Resort sofa,resort-sofa,Sitting on this makes you feel like you're in the tropics! Feel free to just laze the day away…,Furniture,"[""Relaxation""]",[],,in-collection,,furniture_order,77,,,,150,,,,[1339],"[2208,2212,2225,2233]",https://pokopiadex.com/images/items/shop_ui/resort-sofa.png,[],https://pokopiadex.com/items/resort-sofa,pokopiadex_items_in_collection
placeable_item,825,Chic sofa,chic-sofa,A luxurious high-class sofa. It looks exactly like the ones on the S.S. Anne.,Furniture,"[""Relaxation""]",[],,in-collection,,furniture_order,78,,,,,,,,[1339],"[2208,2212,2221,2233]",https://pokopiadex.com/images/items/item_ui/chic-sofa.png,[],https://pokopiadex.com/items/chic-sofa,pokopiadex_items_in_collection
placeable_item,1800,Antique sofa,antique-sofa,A retro sofa with Poké Ball designs here and there.,Furniture,"[""Relaxation""]",[],,in-collection,,furniture_order,79,,,,,,,,[1339],"[2200,2208,2212,2221,2233]",https://pokopiadex.com/images/items/item_ui/antique-sofa.png,[],https://pokopiadex.com/items/antique-sofa,pokopiadex_items_in_collection
placeable_item,1129,Iron bench,iron-bench,"A seat made of solid, hardened iron. It's sturdy enough to support even the heaviest Pokémon.",Furniture,"[""Relaxation""]",[],,in-collection,,furniture_order,80,,,,,,,,[],"[2212,2222]",https://pokopiadex.com/images/items/crafting_ui/iron-bench.png,[],https://pokopiadex.com/items/iron-bench,pokopiadex_items_in_collection
placeable_item,1801,Industrial bench,industrial-bench,A simple bench made of wood and iron. The kind you'd expect to find at parks and walking paths.,Furniture,"[""Relaxation""]",[],,in-collection,,furniture_order,81,,,,,,,,[1339],"[2212,2222]",https://pokopiadex.com/images/items/item_ui/industrial-bench.png,[],https://pokopiadex.com/items/industrial-bench,pokopiadex_items_in_collection
placeable_item,1397,Luxury sofa,luxury-sofa,This sofa is sooo fluffy. It's like sitting on a cloud.,Furniture,"[""Relaxation""]",[],,in-collection,,furniture_order,82,,,,,,,,[],"[2208,2212,2221,2233]",https://pokopiadex.com/images/items/item_ui/luxury-sofa.png,[],https://pokopiadex.com/items/luxury-sofa,pokopiadex_items_in_collection
placeable_item,289,Garden bench,garden-bench,A stylish bench with a vine pattern. Put one down to instantly add some flair to an area.,Furniture,"[""Relaxation""]",[],,in-collection,,furniture_order,83,,,,50,,,,[1339],"[2212,2219,2222]",https://pokopiadex.com/images/items/shop_ui/garden-bench.png,[],https://pokopiadex.com/items/garden-bench,pokopiadex_items_in_collection
placeable_item,1423,Cute sofa,cute-sofa,"A cute, slightly elegant sofa. The backrest is shaped like a Pokémon's wings.",Furniture,"[""Relaxation""]",[],,in-collection,,furniture_order,84,,,,,,,,[],"[2204,2208,2212,2233]",https://pokopiadex.com/images/items/item_ui/cute-sofa.png,[],https://pokopiadex.com/items/cute-sofa,pokopiadex_items_in_collection
placeable_item,838,Pop art sofa,pop-art-sofa,"A soft-looking sofa with cute, rounded edges.",Furniture,"[""Relaxation""]",[],,in-collection,,furniture_order,85,,,,,,,,[],"[2200,2204,2208,2212,2233]",https://pokopiadex.com/images/items/item_ui/pop-art-sofa.png,[],https://pokopiadex.com/items/pop-art-sofa,pokopiadex_items_in_collection
placeable_item,1501,Poké Ball Sofa,poke-ball-sofa,Experience sitting in an open Poké Ball! Seats two comfortably.,Furniture,"[""Relaxation""]",[],,in-collection,,furniture_order,86,,,,,,,,[],"[2212,2222]",https://pokopiadex.com/images/items/item_ui/poke-ball-sofa.png,[],https://pokopiadex.com/items/poke-ball-sofa,pokopiadex_items_in_collection
placeable_item,902,Pikachu sofa,pikachu-sofa,"Pikachu's face is front and center. On the back, you can find a little tail sticking out.",Furniture,"[""Relaxation""]","[""Appraise Large lost relic""]",,in-collection,Lost Relics (L),lost_relics_l_order,4,,,,,,,,[],"[2200,2204,2208,2212,2233]",https://pokopiadex.com/images/items/item_ui/pikachu-sofa.png,[],https://pokopiadex.com/items/pikachu-sofa,pokopiadex_items_in_collection
placeable_item,290,Log bed,log-bed,A bed made from small logs. You'll sleep soundly enveloped by a woodsy aroma.,Furniture,"[""Relaxation""]",[],,in-collection,,furniture_order,88,,,,100,,,,[1323],"[2198,2200,2208,2219,2233,2244]",https://pokopiadex.com/images/items/shop_ui/log-bed.png,[],https://pokopiadex.com/items/log-bed,pokopiadex_items_in_collection
placeable_item,853,Mini plain bed,mini-plain-bed,"A small, plain bed. Great for solo sleepers!",Furniture,"[""Relaxation""]",[],,in-collection,,furniture_order,89,,,,,,,,[1323],"[2198,2208,2233]",https://pokopiadex.com/images/items/crafting_ui/mini-plain-bed.png,[],https://pokopiadex.com/items/mini-plain-bed,pokopiadex_items_in_collection
placeable_item,1802,Resort bed,resort-bed,A refreshingly cool bed made of woven vines. Lying down on this makes you feel like you're at a resort.,Furniture,"[""Relaxation""]",[],,in-collection,,furniture_order,90,,,,,,,,[],"[2208,2225,2233]",https://pokopiadex.com/images/items/item_ui/resort-bed.png,[],https://pokopiadex.com/items/resort-bed,pokopiadex_items_in_collection
placeable_item,866,Iron bed,iron-bed,A slightly narrow bed. It's sturdy enough for a good night's sleep!,Furniture,"[""Relaxation""]",[],,in-collection,,furniture_order,91,,,,,,,,[1323],"[2208,2222,2233]",https://pokopiadex.com/images/items/crafting_ui/iron-bed.png,[],https://pokopiadex.com/items/iron-bed,pokopiadex_items_in_collection
placeable_item,217,Deck chair,deck-chair,Lean this chair back and relax for a bit. It looks great for sunbathing.,Furniture,"[""Relaxation""]","[""Beach""]",,in-collection,,furniture_order,92,,,,,,,,[],[2225],https://pokopiadex.com/images/items/item_ui/deck-chair.png,[],https://pokopiadex.com/items/deck-chair,pokopiadex_items_in_collection
placeable_item,218,Beach chair,beach-chair,Lean back and relax in this chair. It pairs perfectly with a beach parasol.,Furniture,"[""Relaxation""]",[],,in-collection,,furniture_order,93,,,,100,,,,[],"[2208,2225,2233]",https://pokopiadex.com/images/items/crafting_ui/beach-chair.png,[],https://pokopiadex.com/items/beach-chair,pokopiadex_items_in_collection
placeable_item,73,Straw bed,straw-bed,"It's a little itchy, but that doesn't bother Pokémon. They'll snooze away just fine on this.",Furniture,"[""Relaxation""]",[],,in-collection,,furniture_order,94,,,,,,,,[1323],"[2233,2219]",https://pokopiadex.com/images/items/crafting_ui/straw-bed.png,[],https://pokopiadex.com/items/straw-bed,pokopiadex_items_in_collection
placeable_item,837,Pop art bed,pop-art-bed,"Lying on this bed feels like being inside of a pod. It's soft, fluffy, and easy to sleep on.",Furniture,"[""Relaxation""]",[],,in-collection,,furniture_order,95,,,,,,,,[1323],"[2204,2208,2212,2233]",https://pokopiadex.com/images/items/item_ui/pop-art-bed.png,[],https://pokopiadex.com/items/pop-art-bed,pokopiadex_items_in_collection
placeable_item,1502,Poké Ball Bed,poke-ball-bed,A big bed. Even large Pokémon could sprawl out on it.,Furniture,"[""Relaxation""]",[],,in-collection,,furniture_order,96,,,,,,,,[1323],"[2208,2233]",https://pokopiadex.com/images/items/item_ui/poke-ball-bed.png,[],https://pokopiadex.com/items/poke-ball-bed,pokopiadex_items_in_collection
placeable_item,1563,Berry bed,berry-bed,A large Pecha Berry-themed bed. It's springy texture provides ultimate comfort at bedtime.,Furniture,"[""Relaxation""]",[],,in-collection,,furniture_order,97,,,,,,,,[1323],"[2204,2208,2216,2219,2233]",https://pokopiadex.com/images/items/item_ui/berry-bed.png,[],https://pokopiadex.com/items/berry-bed,pokopiadex_items_in_collection
placeable_item,302,Wooden bed,wooden-bed,This bed gives any room a mountain lodge aesthetic. You'll sleep soundly surrounded by the woodsy scent.,Furniture,"[""Relaxation""]",[],,in-collection,,furniture_order,98,,,,50,,,,[1323],"[2212,2219,2233]",https://pokopiadex.com/images/items/crafting_ui/wooden-bed.png,[],https://pokopiadex.com/items/wooden-bed,pokopiadex_items_in_collection
placeable_item,1157,Plain bed,plain-bed,A bed with a simple design. It looks like it would mesh with a variety of rooms.,Furniture,"[""Relaxation""]",[],,in-collection,,furniture_order,99,,,,,,,,[1323],"[2208,2212,2233]",https://pokopiadex.com/images/items/crafting_ui/plain-bed.png,[],https://pokopiadex.com/items/plain-bed,pokopiadex_items_in_collection
placeable_item,832,Resort hammock,resort-hammock,The breeze feels so nice when you're lying on this hammock. It's perfect for dozing off!,Furniture,"[""Relaxation""]",[],,in-collection,,furniture_order,100,,,,,,,,[],"[2208,2220,2225,2233,2243]",https://pokopiadex.com/images/items/item_ui/resort-hammock.png,[],https://pokopiadex.com/items/resort-hammock,pokopiadex_items_in_collection
placeable_item,1803,Guest-room bed,guest-room-bed,A bed with a rather high-class vibe. It looks like it belongs on a luxury ship or in a fancy hotel.,Furniture,"[""Relaxation""]",[],,in-collection,,furniture_order,101,,,,,,,,[1323],"[2208,2212,2221,2233,2244]",https://pokopiadex.com/images/items/item_ui/guest-room-bed.png,[],https://pokopiadex.com/items/guest-room-bed,pokopiadex_items_in_collection
placeable_item,814,Antique bed,antique-bed,"This bed has a relaxing, nostalgic atmosphere. The blanket is smooth to the touch.",Furniture,"[""Relaxation""]",[],,in-collection,,furniture_order,102,,,,,,,,[1323],"[2208,2212,2221,2233]",https://pokopiadex.com/images/items/item_ui/antique-bed.png,[],https://pokopiadex.com/items/antique-bed,pokopiadex_items_in_collection
placeable_item,765,Industrial bed,industrial-bed,"A nice, wide bed that works in any type of room. Even a large Pokémon could sleep in it.",Furniture,"[""Relaxation""]",[],,in-collection,,furniture_order,103,,,,,,,,[1323],"[2208,2212,2222,2233]",https://pokopiadex.com/images/items/crafting_ui/industrial-bed.png,[],https://pokopiadex.com/items/industrial-bed,pokopiadex_items_in_collection
placeable_item,1396,Luxury bed,luxury-bed,An extravagantly crafted bed. It somehow reminds you of a Luxury Ball!,Furniture,"[""Relaxation""]",[],,in-collection,,furniture_order,104,,,,,,,,[1323],"[2212,2221,2233,2238]",https://pokopiadex.com/images/items/item_ui/luxury-bed.png,[],https://pokopiadex.com/items/luxury-bed,pokopiadex_items_in_collection
placeable_item,1426,Cute bed,cute-bed,You'll feel like royalty sleeping on this cute canopy bed.,Furniture,"[""Relaxation""]",[],,in-collection,,furniture_order,105,,,,,,,,[1323],"[2204,2208,2233]",https://pokopiadex.com/images/items/item_ui/cute-bed.png,[],https://pokopiadex.com/items/cute-bed,pokopiadex_items_in_collection
placeable_item,1453,Gaming bed,gaming-bed,"A cool, stylish bed. Flip on the power switch to get a cyberspace vibe going.",Furniture,"[""Relaxation""]","[""Red Pokeball in Bleak Beach""]",,in-collection,,furniture_order,106,,,,,,,,[1323],"[2200,2206,2212,2231,2233]",https://pokopiadex.com/images/items/item_ui/gaming-bed.png,[],https://pokopiadex.com/items/gaming-bed,pokopiadex_items_in_collection
placeable_item,903,Naptime bed,naptime-bed,Kick back right on top of Snorlax's belly. It feels so comfy you could snooze through the whole day.,Furniture,"[""Relaxation""]","[""Appraise Large lost relic""]",,in-collection,Lost Relics (L),lost_relics_l_order,5,,,,,,,,[1323],[2233],https://pokopiadex.com/images/items/item_ui/naptime-bed.png,[],https://pokopiadex.com/items/naptime-bed,pokopiadex_items_in_collection
placeable_item,1541,Wall mirror,wall-mirror,Look into the mirror to change your transformation and perfect your look!,Furniture,"[""Toy""]",[],,in-collection,,furniture_order,108,,,,,,,,[],"[2198,2211,2221,2239,2242]",https://pokopiadex.com/images/items/item_ui/wall-mirror.png,[],https://pokopiadex.com/items/wall-mirror,pokopiadex_items_in_collection
placeable_item,258,Large mirror,large-mirror,Look into the mirror to change your transformation and perfect your look!,Furniture,"[""Toy""]",[],,in-collection,,furniture_order,109,,,,50,,,,[],"[2198,2211,2221,2239]",https://pokopiadex.com/images/items/shop_ui/large-mirror.png,[],https://pokopiadex.com/items/large-mirror,pokopiadex_items_in_collection
placeable_item,815,Antique dresser,antique-dresser,Look into the mirror to change your transformation and perfect your look!,Furniture,"[""Toy""]",[],,in-collection,,furniture_order,110,,,,,,,,[],"[2211,2221]",https://pokopiadex.com/images/items/item_ui/antique-dresser.png,[],https://pokopiadex.com/items/antique-dresser,pokopiadex_items_in_collection
placeable_item,1804,Luxury dresser,luxury-dresser,Look into the mirror to change your transformation and perfect your look!,Furniture,"[""Toy""]",[],,in-collection,,furniture_order,111,,,,,,,,[],"[2203,2211,2221,2239]",https://pokopiadex.com/images/items/item_ui/luxury-dresser.png,[],https://pokopiadex.com/items/luxury-dresser,pokopiadex_items_in_collection
placeable_item,1427,Cute dresser,cute-dresser,Look into the mirror to change your transformation and perfect your look!,Furniture,"[""Toy""]",[],,in-collection,,furniture_order,112,,,,,,,,[],"[2203,2204,2211,2239]",https://pokopiadex.com/images/items/item_ui/cute-dresser.png,[],https://pokopiadex.com/items/cute-dresser,pokopiadex_items_in_collection
placeable_item,904,Wiggly mirror,wiggly-mirror,Look into the mirror to change your transformation and perfect your look!,Furniture,"[""Toy""]","[""Appraise Large lost relic""]",,in-collection,Lost Relics (L),lost_relics_l_order,6,,,,,,,,[],"[2204,2211,2239,2242]",https://pokopiadex.com/images/items/item_ui/wiggly-mirror.png,[],https://pokopiadex.com/items/wiggly-mirror,pokopiadex_items_in_collection
placeable_item,1042,Flower table,flower-table,A table with a flower-patterned tablecloth. It makes any meal feel just like a picnic!,Furniture,[],"[""Trade 10 Cotton spores to Hoppip""]",More Spores for Hoppip,in-collection,,furniture_order,1,,,,,0,,,[],[],https://pokopiadex.com/images/items/item_ui/flower-table.png,[],https://pokopiadex.com/items/flower-table,pokopiadex_items_in_collection
placeable_item,1040,Flower cushion,flower-cushion,A cute flower-shaped cushion. It would look nice on some grassy ground.,Furniture,"[""Relaxation""]","[""Trade 10 Cotton spores to Hoppip""]",More Spores for Hoppip,in-collection,,furniture_order,2,,,,,,,,[],"[2204,2212,2227,2233]",https://pokopiadex.com/images/items/item_ui/flower-cushion.png,[],https://pokopiadex.com/items/flower-cushion,pokopiadex_items_in_collection
placeable_item,2368,Camping chair,camping-chair,A simple seat that's perfect for resting on while camping or adventuring.,Furniture,"[""Relaxation""]","[""Trade 5 Red crystal fragments to Sableye""]",Sableye's Gem Hunt,in-collection,,furniture_order,3,,,,,,,,[],"[2208,2222,2233]",https://pokopiadex.com/images/items/item_ui/camping-chair.png,[],https://pokopiadex.com/items/camping-chair,pokopiadex_items_in_collection
placeable_item,2366,Sleeping bag,sleeping-bag,"A comfy sleeping bag with lots of soft, fluffy padding. Even on cold days, you'll feel warm and toasty inside!",Furniture,"[""Relaxation""]","[""Trade 10 Red crystal fragments to Sableye""]",Sableye's Gem Hunt,in-collection,,furniture_order,4,,,,,,,,[],"[2208,2233]",https://pokopiadex.com/images/items/item_ui/sleeping-bag.png,[],https://pokopiadex.com/items/sleeping-bag,pokopiadex_items_in_collection
placeable_item,259,Wooden plate,wooden-plate,"If you put some food on this plate, Pokémon might stop by to eat.",Misc.,[],"[""Red Pokeball near Pokemon Center in Withered Wasteland""]",,in-collection,,misc_order,1,,,,50,,,,[],[2244],https://pokopiadex.com/images/items/crafting_ui/wooden-plate.png,[],https://pokopiadex.com/items/wooden-plate,pokopiadex_items_in_collection
placeable_item,1159,Plate,plate,Dishware made from fired clay. A Pokémon might eat food served on it.,Misc.,[],[],,in-collection,,misc_order,2,,,,,,,,[],[],https://pokopiadex.com/images/items/crafting_ui/plate.png,[],https://pokopiadex.com/items/plate,pokopiadex_items_in_collection
placeable_item,1995,Offering dish,offering-dish,Try placing food in this platter as an offering to Mosslax!,Misc.,[],[],,in-collection,,misc_order,3,,,,,,,,[],[],https://pokopiadex.com/images/items/item_ui/offering-dish.png,[],https://pokopiadex.com/items/offering-dish,pokopiadex_items_in_collection
placeable_item,991,Party platter,party-platter,"A plate for serving party food. No sneaking a taste before the party starts, though!",Misc.,[],[],,in-collection,,misc_order,4,,,,,,,,[],[],https://pokopiadex.com/images/items/crafting_ui/party-platter.png,[],https://pokopiadex.com/items/party-platter,pokopiadex_items_in_collection
placeable_item,266,Picnic basket,picnic-basket,"Try putting some food inside, and hungry Pokémon might stop by for a bite!",Misc.,[],[],,in-collection,,misc_order,5,,,,,,,,[],"[2198,2203,2208,2212]",https://pokopiadex.com/images/items/crafting_ui/picnic-basket.png,[],https://pokopiadex.com/items/picnic-basket,pokopiadex_items_in_collection
placeable_item,291,Mug,mug,"A simple, easy-to-use mug. You could change up the colors, and it would still look great.",Misc.,"[""Decoration""]",[],,in-collection,,misc_order,6,,,,50,,,,[],"[2203,2241]",https://pokopiadex.com/images/items/crafting_ui/mug.png,[],https://pokopiadex.com/items/mug,pokopiadex_items_in_collection
placeable_item,1172,Tea set,tea-set,Enjoy an elegant teatime with this gorgeous set that includes a teapot and teacups.,Misc.,"[""Decoration""]",[],,in-collection,,misc_order,7,,,,50,,,,[],"[2203,2210,2212]",https://pokopiadex.com/images/items/crafting_ui/tea-set.png,[],https://pokopiadex.com/items/tea-set,pokopiadex_items_in_collection
placeable_item,1805,Table setting,table-setting,This cutlery immediately makes any table look like it belongs in a high-class restaurant.,Misc.,"[""Decoration""]",[],,in-collection,,misc_order,8,,,,50,,,,[],"[2208,2210,2212,2216]",https://pokopiadex.com/images/items/crafting_ui/table-setting.png,[],https://pokopiadex.com/items/table-setting,pokopiadex_items_in_collection
placeable_item,220,Paper party cups,paper-party-cups,Paper cups that are easy to carry—perfect for hosting a party!,Misc.,"[""Decoration""]",[],,in-collection,,misc_order,9,,,,150,,,,[],"[2210,2212,2220]",https://pokopiadex.com/images/items/shop_ui/paper-party-cups.png,[],https://pokopiadex.com/items/paper-party-cups,pokopiadex_items_in_collection
placeable_item,1409,Pizza,pizza,Food loved by one of Eevee's friends. Be sure to prepare a table and chair too!,Misc.,"[""Decoration""]",[],,in-collection,,misc_order,10,,,,,,,,[],"[2200,2216,2229]",https://pokopiadex.com/images/items/item_ui/pizza.png,[],https://pokopiadex.com/items/pizza,pokopiadex_items_in_collection
placeable_item,1438,Fried Potatoes,fried-potatoes,Food loved by one of Eevee's friends. Be sure to prepare a table and chair too!,Misc.,"[""Decoration""]",[],,in-collection,,misc_order,11,,,,,,,,[],"[2200,2210,2216]",https://pokopiadex.com/images/items/item_ui/fried-potatoes.png,[],https://pokopiadex.com/items/fried-potatoes,pokopiadex_items_in_collection
placeable_item,1407,Soda Float,soda-float,Food loved by one of Eevee's friends. Be sure to prepare a table and chair too!,Misc.,"[""Decoration""]",[],,in-collection,,misc_order,12,,,,,,,,[],"[2200,2216,2220]",https://pokopiadex.com/images/items/item_ui/soda-float.png,[],https://pokopiadex.com/items/soda-float,pokopiadex_items_in_collection
placeable_item,1440,Afternoon tea set,afternoon-tea-set,Food loved by one of Eevee's friends. Be sure to prepare a table and chair too!,Misc.,"[""Decoration""]",[],,in-collection,,misc_order,13,,,,,,,,[],"[2200,2210,2216,2221]",https://pokopiadex.com/images/items/item_ui/afternoon-tea-set.png,[],https://pokopiadex.com/items/afternoon-tea-set,pokopiadex_items_in_collection
placeable_item,1429,Chocolate cookies,chocolate-cookies,Food loved by one of Eevee's friends. Be sure to prepare a table and chair too!,Misc.,"[""Decoration""]",[],,in-collection,,misc_order,14,,,,,,,,[],"[2200,2210,2216,2229]",https://pokopiadex.com/images/items/item_ui/chocolate-cookies.png,[],https://pokopiadex.com/items/chocolate-cookies,pokopiadex_items_in_collection
placeable_item,1478,Sandwiches,sandwiches,Food loved by one of Eevee's friends. Be sure to prepare a table and chair too!,Misc.,"[""Decoration""]",[],,in-collection,,misc_order,15,,,,,,,,[],"[2198,2200,2210,2216]",https://pokopiadex.com/images/items/item_ui/sandwiches.png,[],https://pokopiadex.com/items/sandwiches,pokopiadex_items_in_collection
placeable_item,1416,Shaved ice,shaved-ice,Food loved by one of Eevee's friends. Be sure to prepare a table and chair too!,Misc.,"[""Decoration""]",[],,in-collection,,misc_order,16,,,,,,,,[],"[2200,2216,2220]",https://pokopiadex.com/images/items/item_ui/shaved-ice.png,[],https://pokopiadex.com/items/shaved-ice,pokopiadex_items_in_collection
placeable_item,1480,Ribbon cake,ribbon-cake,Food loved by one of Eevee's friends. Be sure to prepare a table and chair too!,Misc.,"[""Decoration""]",[],,in-collection,,misc_order,17,,,,,,,,[],"[2200,2204,2216,2229]",https://pokopiadex.com/images/items/item_ui/ribbon-cake.png,[],https://pokopiadex.com/items/ribbon-cake,pokopiadex_items_in_collection
placeable_item,404,Berry basket,berry-basket,A basket packed with berries. Line up a few to make your very own fruit stand!,Misc.,"[""Decoration""]",[],,in-collection,,misc_order,18,,,,,,,,[],"[2198,2203,2216,2219]",https://pokopiadex.com/images/items/crafting_ui/berry-basket.png,[],https://pokopiadex.com/items/berry-basket,pokopiadex_items_in_collection
placeable_item,399,Small vase,small-vase,A vase with a single cute flower inside. Put it anywhere to add a splash of color to your life!,Misc.,"[""Decoration""]",[],,in-collection,,misc_order,19,,,,,,,,[],"[2203,2227,2232,2238,2242]",https://pokopiadex.com/images/items/crafting_ui/small-vase.png,[],https://pokopiadex.com/items/small-vase,pokopiadex_items_in_collection
placeable_item,1052,Leafy plant,leafy-plant,"A plant with large, glossy leaves. It's actually related to the toro root!",Misc.,"[""Decoration""]",[],,in-collection,,misc_order,20,,,,50,,,,[],"[2203,2227,2242,2243]",https://pokopiadex.com/images/items/shop_ui/leafy-plant.png,[],https://pokopiadex.com/items/leafy-plant,pokopiadex_items_in_collection
placeable_item,1473,Pitcher-plant pot,pitcher-plant-pot,A flower vase with a pink lip that resembles a Pokémon's mouth. It emanates a faintly sweet aroma.,Misc.,"[""Decoration""]",[],,in-collection,Lost Relics (L),lost_relics_l_order,7,,,,,,,,[],"[2203,2237,2238,2242,2243]",https://pokopiadex.com/images/items/item_ui/pitcher-plant-pot.png,[],https://pokopiadex.com/items/pitcher-plant-pot,pokopiadex_items_in_collection
placeable_item,376,Extravagant flowers,extravagant-flowers,"With robust orange flowers in full bloom, using this for decoration is sure to add some color to an area.",Misc.,"[""Decoration""]",[],,in-collection,,misc_order,22,,,,,,,,[],"[2203,2227,2238,2242,2243]",https://pokopiadex.com/images/items/crafting_ui/extravagant-flowers.png,[],https://pokopiadex.com/items/extravagant-flowers,pokopiadex_items_in_collection
placeable_item,298,Tall potted plant,tall-potted-plant,"A small, thin palm tree. It comes in a planter, so it won't make a mess even if it's placed indoors.",Misc.,"[""Decoration""]","[""Red Pokeball on Dream Island""]",,in-collection,,misc_order,23,,,,50,,,,[],"[2203,2219,2227,2232,2238,2242]",https://pokopiadex.com/images/items/shop_ui/tall-potted-plant.png,[],https://pokopiadex.com/items/tall-potted-plant,pokopiadex_items_in_collection
placeable_item,1996,Flat-leaf plant,flat-leaf-plant,A plant with flat leaves that look like planks. It's actually a type of succulent.,Misc.,"[""Decoration""]",[],,in-collection,,misc_order,24,,,,,,,,[],"[2203,2219,2227,2232,2242]",https://pokopiadex.com/images/items/item_ui/flat-leaf-plant.png,[],https://pokopiadex.com/items/flat-leaf-plant,pokopiadex_items_in_collection
placeable_item,292,Twisted potted plant,twisted-potted-plant,"A plant with a winding, twisted trunk. It doesn't look like it will get any bigger than it already is.",Misc.,"[""Decoration""]",[],,in-collection,,misc_order,25,,,,50,,,,[],"[2203,2219,2227,2232,2242]",https://pokopiadex.com/images/items/shop_ui/twisted-potted-plant.png,[],https://pokopiadex.com/items/twisted-potted-plant,pokopiadex_items_in_collection
placeable_item,1955,Munna bank,munna-bank,An especially heavy money box. It feels like it's full of coins.,Misc.,"[""Toy""]","[""Appraise Large lost relic""]",,in-collection,Lost Relics (L),lost_relics_l_order,8,,,,,,,,[],"[2203,2204,2237,2238]",https://pokopiadex.com/images/items/item_ui/munna-bank.png,[],https://pokopiadex.com/items/munna-bank,pokopiadex_items_in_collection
placeable_item,1806,Small garbage can,small-garbage-can,"A simple, colorful trash can, perfect for indoor use.",Misc.,"[""Decoration""]",[],,in-collection,,misc_order,27,,,,,,,,[],"[2203,2209,2222,2229]",https://pokopiadex.com/images/items/item_ui/small-garbage-can.png,[],https://pokopiadex.com/items/small-garbage-can,pokopiadex_items_in_collection
placeable_item,1546,Pencil holder,pencil-holder,A pencil holder with lots of pencils in it. Try putting this on top of a study desk.,Misc.,"[""Toy""]",[],,in-collection,,misc_order,28,,,,,,,,[],"[2201,2203,2210,2238]",https://pokopiadex.com/images/items/item_ui/pencil-holder.png,[],https://pokopiadex.com/items/pencil-holder,pokopiadex_items_in_collection
placeable_item,1807,Fancy pen,fancy-pen,A high-class ballpoint pen that exudes luxury. A very important person could have used this.,Misc.,"[""Toy""]",[],,in-collection,,misc_order,29,,,,,,,,[],"[2221,2222,2232]",https://pokopiadex.com/images/items/item_ui/fancy-pen.png,[],https://pokopiadex.com/items/fancy-pen,pokopiadex_items_in_collection
placeable_item,1808,Letter,letter,A simple sealed letter. It has a Poké Ball stamp on it.,Misc.,"[""Toy""]",[],,in-collection,,misc_order,30,,,,,,,,[],"[2198,2201,2215,2242]",https://pokopiadex.com/images/items/item_ui/letter.png,[],https://pokopiadex.com/items/letter,pokopiadex_items_in_collection
placeable_item,1809,Notepad,notepad,"It's full of important-looking notes, so there's no space to write anything else!",Misc.,"[""Toy""]",[],,in-collection,,misc_order,31,,,,,,,,[],"[2198,2201,2215,2242]",https://pokopiadex.com/images/items/item_ui/notepad.png,[],https://pokopiadex.com/items/notepad,pokopiadex_items_in_collection
placeable_item,1997,Book,book,A thick hardcover book. The pages inside were written in small print.,Misc.,"[""Toy""]",[],,in-collection,,misc_order,32,,,,,,,,[],"[2198,2201,2215,2242]",https://pokopiadex.com/images/items/item_ui/book.png,[],https://pokopiadex.com/items/book,pokopiadex_items_in_collection
placeable_item,1810,Open book,open-book,A classic hardcover book. It's probably got a lot of difficult words inside.,Misc.,"[""Toy""]",[],,in-collection,,misc_order,33,,,,,,,,[],"[2198,2201,2215,2242]",https://pokopiadex.com/images/items/item_ui/open-book.png,[],https://pokopiadex.com/items/open-book,pokopiadex_items_in_collection
placeable_item,1998,Book pile,book-pile,A pile of upturned books with torn-out pages. They look like they fell off from a bookshelf.,Misc.,"[""Toy""]",[],,in-collection,,misc_order,34,,,,,,,,[],[],https://pokopiadex.com/images/items/item_ui/book-pile.png,[],https://pokopiadex.com/items/book-pile,pokopiadex_items_in_collection
placeable_item,1811,Papers,papers,Lots of tiny words are written on the white pages along with drawings of colorful shapes.,Misc.,"[""Toy""]",[],,in-collection,,misc_order,35,,,,,,,,[],"[2198,2201,2215,2242]",https://pokopiadex.com/images/items/item_ui/papers.png,[],https://pokopiadex.com/items/papers,pokopiadex_items_in_collection
placeable_item,1528,Newspaper,newspaper,"Its pages are filled with small, tightly-packed letters. What could be written here?",Misc.,"[""Toy""]",[],,in-collection,,misc_order,36,,,,,,,,[],"[2198,2201,2215,2242]",https://pokopiadex.com/images/items/item_ui/newspaper.png,[],https://pokopiadex.com/items/newspaper,pokopiadex_items_in_collection
placeable_item,1812,Photo frame,photo-frame,You can put one of your photos in this frame and place it on a table or stand.,Misc.,"[""Decoration""]",[],,in-collection,,misc_order,37,,,,,,,,[],"[2198,2203,2212,2242]",https://pokopiadex.com/images/items/item_ui/photo-frame.png,[],https://pokopiadex.com/items/photo-frame,pokopiadex_items_in_collection
placeable_item,1813,Wall photo frame,wall-photo-frame,You can put one of your photos in this frame and hang it on a wall.,Misc.,"[""Decoration""]",[],,in-collection,,misc_order,38,,,,,,,,[],"[2198,2203,2242]",https://pokopiadex.com/images/items/item_ui/wall-photo-frame.png,[],https://pokopiadex.com/items/wall-photo-frame,pokopiadex_items_in_collection
placeable_item,1054,Corkboard,corkboard,Choose one of your favorite photos to hang on this corkboard!,Misc.,"[""Decoration""]","[""Red Pokeball on Dream Island""]",,in-collection,,misc_order,39,,,,,,,,[],"[2198,2210,2242]",https://pokopiadex.com/images/items/crafting_ui/corkboard.png,[],https://pokopiadex.com/items/corkboard,pokopiadex_items_in_collection
placeable_item,1495,CD rack,cd-rack,A rack with CDs on it. Sure to appeal to music lovers.,Misc.,"[""Decoration""]",[],,in-collection,,misc_order,40,,,,,,,,[],"[2200,2201,2203,2210,2231,2239,2242,2244]",https://pokopiadex.com/images/items/item_ui/cd-rack.png,[],https://pokopiadex.com/items/cd-rack,pokopiadex_items_in_collection
placeable_item,1496,Magazine rack,magazine-rack,This stand has a great selection of weekly magazines and photo books.,Misc.,"[""Decoration""]",[],,in-collection,,misc_order,41,,,,,,,,[],"[2200,2201,2203,2210,2242,2244]",https://pokopiadex.com/images/items/item_ui/magazine-rack.png,[],https://pokopiadex.com/items/magazine-rack,pokopiadex_items_in_collection
placeable_item,1133,Mini bookcase,mini-bookcase,A small bookcase packed with books. It's tiny enough to fit in tight spaces!,Misc.,"[""Decoration""]",[],,in-collection,,misc_order,42,,,,,,,,[],"[2198,2200,2203,2242,2244]",https://pokopiadex.com/images/items/crafting_ui/mini-bookcase.png,[],https://pokopiadex.com/items/mini-bookcase,pokopiadex_items_in_collection
placeable_item,824,Bookcase,bookcase,Furniture with colorful books arranged on the shelves. It looks like there's room for even MORE books!,Misc.,"[""Decoration""]",[],,in-collection,,misc_order,43,,,,,,,,[],"[2198,2200,2203,2242,2244]",https://pokopiadex.com/images/items/item_ui/bookcase.png,[],https://pokopiadex.com/items/bookcase,pokopiadex_items_in_collection
placeable_item,1448,Stone fireplace,stone-fireplace,A huge fireplace. Light this up to make a space feel warm and cozy.,Misc.,"[""Relaxation""]",[],,in-collection,,misc_order,44,,,,100,,,,[],"[2198,2200,2213,2221,2238]",https://pokopiadex.com/images/items/shop_ui/stone-fireplace.png,[],https://pokopiadex.com/items/stone-fireplace,pokopiadex_items_in_collection
placeable_item,1814,Dining cabinet,dining-cabinet,"A cupboard packed full of plates, cups-even a tea set.",Misc.,"[""Decoration""]",[],,in-collection,,misc_order,45,,,,,,,,[],"[2203,2210,2211,2221,2244]",https://pokopiadex.com/images/items/item_ui/dining-cabinet.png,[],https://pokopiadex.com/items/dining-cabinet,pokopiadex_items_in_collection
placeable_item,1413,Modern sink,modern-sink,A state-of-the-art sink that even has a drain. Turn the handle to make water flow out.,Misc.,"[""Toy""]",[],,in-collection,,misc_order,46,,,,,,,,[],"[2198,2199,2220,2222,2239]",https://pokopiadex.com/images/items/item_ui/modern-sink.png,[],https://pokopiadex.com/items/modern-sink,pokopiadex_items_in_collection
placeable_item,1412,Cooking stove,cooking-stove,A simple stylish stove. Turn the dial and flames will shoot right out of it.,Misc.,"[""Decoration""]",[],,in-collection,,misc_order,47,,,,,,,,[],"[2198,2218,2222,2239]",https://pokopiadex.com/images/items/item_ui/cooking-stove.png,[],https://pokopiadex.com/items/cooking-stove,pokopiadex_items_in_collection
placeable_item,1511,Microwave oven,microwave-oven,"This lights up when powered on, but it doesn't seem like it can heat anything…",Misc.,"[""Toy""]",[],,in-collection,,misc_order,48,,,,,,,,[],"[2198,2206,2211,2222,2239]",https://pokopiadex.com/images/items/item_ui/microwave-oven.png,[],https://pokopiadex.com/items/microwave-oven,pokopiadex_items_in_collection
placeable_item,1815,Refrigerator,refrigerator,"It emits a slight chill, but it doesn't seem like it can keep anything cold.",Misc.,"[""Toy""]",[],,in-collection,,misc_order,49,,,,,,,,[],"[2198,2203,2206,2222,2239]",https://pokopiadex.com/images/items/item_ui/refrigerator.png,[],https://pokopiadex.com/items/refrigerator,pokopiadex_items_in_collection
placeable_item,1816,Fan,fan,Power on this fan to make it swivel. Pokémon might stop by to watch it move.,Misc.,"[""Toy""]",[],,in-collection,,misc_order,50,,,,,,,,[],"[2206,2222,2223,2236]",https://pokopiadex.com/images/items/item_ui/fan.png,[],https://pokopiadex.com/items/fan,pokopiadex_items_in_collection
placeable_item,1817,Air conditioner,air-conditioner,"A state-of-the-art air conditioner. Press once for cold air, or press twice for hot.",Misc.,"[""Decoration""]",[],,in-collection,,misc_order,51,,,,,,,,[],"[2206,2222,2223,2239]",https://pokopiadex.com/images/items/item_ui/air-conditioner.png,[],https://pokopiadex.com/items/air-conditioner,pokopiadex_items_in_collection
placeable_item,1818,Printer,printer,A large printer used by businesses. Perfect for an office or other workspaces!,Misc.,"[""Decoration""]",[],,in-collection,,misc_order,52,,,,,,,,[],"[2206,2211,2239]",https://pokopiadex.com/images/items/item_ui/printer.png,[],https://pokopiadex.com/items/printer,pokopiadex_items_in_collection
placeable_item,1819,Washing machine,washing-machine,"While this does make noise when powered on, it doesn't seem to actually wash clothes…",Misc.,"[""Toy""]","[""Complete \""Raise the environment level!\"" Important Request in Bleak Beach""]",,in-collection,,misc_order,53,,,,,,,,[],"[2198,2199,2203,2206,2211,2222,2239]",https://pokopiadex.com/images/items/shop_ui/washing-machine.png,[],https://pokopiadex.com/items/washing-machine,pokopiadex_items_in_collection
placeable_item,1820,Toilet,toilet,Lift the cover and sit on the toilet for as long as you like.,Misc.,"[""Decoration""]",[],,in-collection,,misc_order,54,,,,,,,,[],"[2199,2206,2220,2238,2239]",https://pokopiadex.com/images/items/item_ui/toilet.png,[],https://pokopiadex.com/items/toilet,pokopiadex_items_in_collection
placeable_item,1542,Sink,sink,A stylish sink on a wooden stand. Turn on the faucet to make water pour out.,Misc.,"[""Toy""]",[],,in-collection,,misc_order,55,,,,,,,,[],"[2198,2199,2220,2238,2239]",https://pokopiadex.com/images/items/item_ui/sink.png,[],https://pokopiadex.com/items/sink,pokopiadex_items_in_collection
placeable_item,1540,Towel Rack,towel-rack,A simple wall rack with a towel hanging on it. This would look great next to a sink.,Misc.,"[""Decoration""]",[],,in-collection,,misc_order,56,,,,,,,,[],"[2199,2208,2233]",https://pokopiadex.com/images/items/item_ui/towel-rack.png,[],https://pokopiadex.com/items/towel-rack,pokopiadex_items_in_collection
placeable_item,1821,Bathtime set,bathtime-set,"Shampoo, towels and a toy-everything you need to make bath time a blast!",Misc.,"[""Toy""]",[],,in-collection,,misc_order,57,,,,,,,,[],"[2199,2204,2220,2231]",https://pokopiadex.com/images/items/item_ui/bathtime-set.png,[],https://pokopiadex.com/items/bathtime-set,pokopiadex_items_in_collection
placeable_item,1544,Cleaning supplies,cleaning-supplies,"Detergent, a dust cloth, and a Mareep sponge are all you need to become a cleaning master!",Misc.,"[""Toy""]",[],,in-collection,,misc_order,58,,,,,,,,[],"[2199,2220,2231]",https://pokopiadex.com/images/items/item_ui/cleaning-supplies.png,[],https://pokopiadex.com/items/cleaning-supplies,pokopiadex_items_in_collection
placeable_item,1165,Shower,shower,A shower with a simple design. Place it next to a bathtub to make your bathroom complete.,Misc.,"[""Toy""]",[],,in-collection,,misc_order,59,,,,,,,,[],"[2199,2220,2222,2232,2239]",https://pokopiadex.com/images/items/crafting_ui/shower.png,[],https://pokopiadex.com/items/shower,pokopiadex_items_in_collection
placeable_item,1538,Bathtub,bathtub,A bathtub with a simple design. Fill it up with water to enjoy a nice soak.,Misc.,"[""Decoration""]",[],,in-collection,,misc_order,60,,,,,,,,[],"[2199,2220,2238,2239]",https://pokopiadex.com/images/items/item_ui/bathtub.png,[],https://pokopiadex.com/items/bathtub,pokopiadex_items_in_collection
placeable_item,905,Bouncy blue bathtub,bouncy-blue-bathtub,"A bathtub that lets you experience waves and bubbles, even without a single drop of water inside.",Misc.,"[""Decoration""]","[""Appraise Large lost relic""]",,in-collection,Lost Relics (L),lost_relics_l_order,9,,,,,,,,[],"[2199,2204,2220,2239]",https://pokopiadex.com/images/items/item_ui/bouncy-blue-bathtub.png,[],https://pokopiadex.com/items/bouncy-blue-bathtub,pokopiadex_items_in_collection
placeable_item,1476,Tablet,tablet,"A convenient, easy-to-carry computer. It's got a hard case so no worries if you drop it!",Misc.,"[""Toy""]",[],,in-collection,,misc_order,62,,,,,,,,[],"[2198,2206,2211,2222,2231]",https://pokopiadex.com/images/items/item_ui/tablet.png,[],https://pokopiadex.com/items/tablet,pokopiadex_items_in_collection
placeable_item,1822,Cell phone,cell-phone,"A device carefully protected inside a hard case. It can't make calls, even when powered on.",Misc.,"[""Toy""]",[],,in-collection,,misc_order,63,,,,,,,,[],"[2198,2206,2211,2222,2231]",https://pokopiadex.com/images/items/item_ui/cell-phone.png,[],https://pokopiadex.com/items/cell-phone,pokopiadex_items_in_collection
placeable_item,1524,Laptop,laptop,"A sleek, easy-to-carry laptop. Try displaying some photos on the monitor.",Misc.,"[""Toy""]",[],,in-collection,,misc_order,64,,,,,,,,[],"[2198,2206,2211,2222,2231]",https://pokopiadex.com/images/items/item_ui/laptop.png,[],https://pokopiadex.com/items/laptop,pokopiadex_items_in_collection
placeable_item,1530,Computer,computer,A computer that looks like it belongs in a laboratory. Some notes have been stuck to it here and there.,Misc.,"[""Toy""]",[],,in-collection,,misc_order,65,,,,,,,,[],"[2201,2206,2211,2222,2231]",https://pokopiadex.com/images/items/item_ui/computer.png,[],https://pokopiadex.com/items/computer,pokopiadex_items_in_collection
placeable_item,1454,Gaming PC,gaming-pc,A PC rig that even includes a headset. The monitor can display photos when powered on.,Misc.,"[""Toy""]",[],,in-collection,,misc_order,66,,,,,,,,[],"[2200,2206,2211,2222,2231]",https://pokopiadex.com/images/items/item_ui/gaming-pc.png,[],https://pokopiadex.com/items/gaming-pc,pokopiadex_items_in_collection
placeable_item,1464,Television,television,"A large television that can be easily viewed from far away. It's a flatscreen, so carrying it is easy-peasy.",Misc.,"[""Toy""]",[],,in-collection,,misc_order,67,,,,,,,,[],"[2198,2206,2211,2212,2215,2222,2231,2242]",https://pokopiadex.com/images/items/item_ui/television.png,[],https://pokopiadex.com/items/television,pokopiadex_items_in_collection
placeable_item,1823,Wall monitor,wall-monitor,A monitor that emits blue light when powered on. Try displaying your photographs on it.,Misc.,"[""Toy""]",[],,in-collection,,misc_order,68,,,,,,,,[],"[2198,2206,2211,2212,2215,2222,2231,2242]",https://pokopiadex.com/images/items/item_ui/wall-monitor.png,[],https://pokopiadex.com/items/wall-monitor,pokopiadex_items_in_collection
placeable_item,906,Arcade machine,arcade-machine,"A game machine from a facility somewhere. It looks brand-new, so it probably can still be turned on.",Misc.,"[""Toy""]","[""Appraise Large lost relic""]",,in-collection,Lost Relics (L),lost_relics_l_order,10,,,,,,,,[],"[2198,2206,2211,2212,2226]",https://pokopiadex.com/images/items/item_ui/arcade-machine.png,[],https://pokopiadex.com/items/arcade-machine,pokopiadex_items_in_collection
placeable_item,823,Alarm clock,alarm-clock,A loud noise rings out when you press this. Be careful! You might accidentally wake someone up!,Misc.,"[""Toy""]",[],,in-collection,,misc_order,70,,,,,,,,[],"[2211,2222,2224,2229,2239]",https://pokopiadex.com/images/items/crafting_ui/alarm-clock.png,[],https://pokopiadex.com/items/alarm-clock,pokopiadex_items_in_collection
placeable_item,303,Toy blocks,toy-blocks,Stacking toys that are fun to play with. Discover all the different combinations you can make!,Misc.,"[""Toy""]","[""Red Pokeball""]",,in-collection,,misc_order,71,,,,50,,,,[],"[2202,2210,2226,2244]",https://pokopiadex.com/images/items/crafting_ui/toy-blocks.png,[],https://pokopiadex.com/items/toy-blocks,pokopiadex_items_in_collection
placeable_item,260,Pinwheels,pinwheels,Pokémon like to spin these round and round. Wind-producing Pokémon especially like them!,Misc.,"[""Toy""]",[],,in-collection,,misc_order,72,,,,50,,,,[],"[2200,2210,2223,2226,2236,2242]",https://pokopiadex.com/images/items/crafting_ui/pinwheels.png,[],https://pokopiadex.com/items/pinwheels,pokopiadex_items_in_collection
placeable_item,822,Knitting supplies,knitting-supplies,"Tools for knitting hats, sweaters, and the like. Pokémon are captivated by the round balls of yarn.",Misc.,"[""Toy""]","[""Bleak Beach on table left before first bridge (may be submerged)""]",,in-collection,,misc_order,73,,,,100,,,,[],"[2200,2208,2210,2212,2217,2229,2233]",https://pokopiadex.com/images/items/shop_ui/knitting-supplies.png,[],https://pokopiadex.com/items/knitting-supplies,pokopiadex_items_in_collection
placeable_item,1824,Game Boy system,game-boy-system,A very sturdy-looking game console. It's old but it still seems to start up.,Misc.,"[""Toy""]",[],,in-collection,,misc_order,74,,,,,,,,[],"[2198,2206,2212]",https://pokopiadex.com/images/items/item_ui/game-boy-system.png,[],https://pokopiadex.com/items/game-boy-system,pokopiadex_items_in_collection
placeable_item,1493,Humidifier,humidifier,A humidifier with a distinct round shape. Turn it on to increase the humidity level nearby.,Misc.,"[""Toy""]",[],,in-collection,,misc_order,75,,,,,,,,[],"[2206,2211,2214,2220,2229,2239]",https://pokopiadex.com/images/items/item_ui/humidifier.png,[],https://pokopiadex.com/items/humidifier,pokopiadex_items_in_collection
placeable_item,907,Funky diffuser,funky-diffuser,"The symbol on it looks dangerous, but it doesn't seem like this will actually spew out poison gas...",Misc.,"[""Toy""]","[""Appraise Large lost relic""]",,in-collection,Lost Relics (L),lost_relics_l_order,11,,,,,,,,[],"[2220,2222,2239]",https://pokopiadex.com/images/items/item_ui/funky-diffuser.png,[],https://pokopiadex.com/items/funky-diffuser,pokopiadex_items_in_collection
placeable_item,350,First aid kit,first-aid-kit,A box filled with lots of medicines and supplies for treating injuries.,Misc.,"[""Toy""]","[""Red Pokeball"",""Red Pokeball in second floor of right room in Museum in Rocky Ridges""]",,in-collection,,misc_order,77,,,,150,,,,[],"[2200,2203,2214,2222]",https://pokopiadex.com/images/items/shop_ui/first-aid-kit.png,[],https://pokopiadex.com/items/first-aid-kit,pokopiadex_items_in_collection
placeable_item,1124,Crystal ball,crystal-ball,A large crystal ball used for fortune-telling. Give it to Psychic-type Pokémon and see what happens...,Misc.,"[""Toy""]",[],,in-collection,,misc_order,78,,,,,,,,[],"[2208,2211,2229,2231,2239]",https://pokopiadex.com/images/items/crafting_ui/crystal-ball.png,[],https://pokopiadex.com/items/crystal-ball,pokopiadex_items_in_collection
placeable_item,1444,Microscope,microscope,A microscope often found in chemistry labs and research institutions. Essential for experiments!,Misc.,"[""Toy""]",[],,in-collection,,misc_order,79,,,,,,,,[],"[2201,2211,2222,2239,2242]",https://pokopiadex.com/images/items/item_ui/microscope.png,[],https://pokopiadex.com/items/microscope,pokopiadex_items_in_collection
placeable_item,1443,Science Experiment,science-experiment,"Chemicals, testing equipment, and a clipboard… OK! The experiment is ready to begin!",Misc.,"[""Toy""]",[],,in-collection,,misc_order,80,,,,,,,,[],"[2201,2210,2211,2215,2222]",https://pokopiadex.com/images/items/item_ui/science-experiment.png,[],https://pokopiadex.com/items/science-experiment,pokopiadex_items_in_collection
placeable_item,1447,Jumbled cords,jumbled-cords,These cords are all tangled up and cannot be separated.,Misc.,"[""Toy""]",[],,in-collection,,misc_order,81,,,,,,,,[],"[2201,2203,2206,2209,2210,2212,2222]",https://pokopiadex.com/images/items/item_ui/jumbled-cords.png,[],https://pokopiadex.com/items/jumbled-cords,pokopiadex_items_in_collection
placeable_item,1290,CD player,cd-player,"A device that plays music. If you find a CD, try putting it inside!",Misc.,"[""Toy""]",[],,in-collection,,misc_order,82,,,,200,,,,[],"[2206,2212,2224]",https://pokopiadex.com/images/items/shop_ui/cd-player.png,[],https://pokopiadex.com/items/cd-player,pokopiadex_items_in_collection
placeable_item,1825,Tabletop mic,tabletop-mic,A microphone like those used at recording studios or public speeches. Try putting it on a desk!,Misc.,"[""Toy""]",[],,in-collection,,misc_order,83,,,,,,,,[],"[2206,2231]",https://pokopiadex.com/images/items/item_ui/tabletop-mic.png,[],https://pokopiadex.com/items/tabletop-mic,pokopiadex_items_in_collection
placeable_item,713,Standing mic,standing-mic,A microphone meant for the stage. Standing before it makes you want to burst out in song.,Misc.,"[""Toy""]",[],,in-collection,,misc_order,84,,,,200,,,,[],"[2206,2212,2213,2231,2239]",https://pokopiadex.com/images/items/item_ui/standing-mic.png,[],https://pokopiadex.com/items/standing-mic,pokopiadex_items_in_collection
placeable_item,1460,Big drum,big-drum,"A very impressive drum. Beat it to produce a loud, invigorating da-a-DUM!",Misc.,"[""Toy""]",[],,in-collection,,misc_order,85,,,,,,,,[],"[2229,2243]",https://pokopiadex.com/images/items/item_ui/big-drum.png,[],https://pokopiadex.com/items/big-drum,pokopiadex_items_in_collection
placeable_item,1073,Cool electric guitar,cool-electric-guitar,A snazzy guitar strung with strange strings. Holding it would make you feel pretty amped...,Misc.,"[""Toy""]",[],,in-collection,,misc_order,86,,,,,,,,[],"[2206,2224,2239]",https://pokopiadex.com/images/items/crafting_ui/cool-electric-guitar.png,[],https://pokopiadex.com/items/cool-electric-guitar,pokopiadex_items_in_collection
placeable_item,1074,Cool bass guitar,cool-bass-guitar,A snazzy guitar strung with strange strings. Holding it would make you feel pretty low-key...,Misc.,"[""Toy""]",[],,in-collection,,misc_order,87,,,,,,,,[],"[2206,2224,2239]",https://pokopiadex.com/images/items/crafting_ui/cool-bass-guitar.png,[],https://pokopiadex.com/items/cool-bass-guitar,pokopiadex_items_in_collection
placeable_item,1826,Audio mixer,audio-mixer,Plug it in and switch on the screen. DJ Ditto is in the house!,Misc.,"[""Toy""]",[],,in-collection,,misc_order,88,,,,,,,,[],"[2201,2206,2239]",https://pokopiadex.com/images/items/item_ui/audio-mixer.png,[],https://pokopiadex.com/items/audio-mixer,pokopiadex_items_in_collection
placeable_item,1178,Speaker,speaker,Putting this next to a stage or an audio mixer ought to create an electrifying atmopshere!,Misc.,"[""Toy""]",[],,in-collection,,misc_order,89,,,,200,,,,[],"[2198,2206,2224]",https://pokopiadex.com/images/items/shop_ui/speaker.png,[],https://pokopiadex.com/items/speaker,pokopiadex_items_in_collection
placeable_item,908,Gold Teeth,gold-teeth,Their lustrous golden whine hasn't changed at all. Maybe someone dropped them long ago?,Misc.,"[""Toy""]","[""Appraise Large lost relic""]",,in-collection,Lost Relics (L),lost_relics_l_order,12,,,,,,,,[],"[2222,2231,2238,2239]",https://pokopiadex.com/images/items/item_ui/gold-teeth.png,[],https://pokopiadex.com/items/gold-teeth,pokopiadex_items_in_collection
placeable_item,971,Repel,repel,"When you press the spray cap, a weird scent spritzes out and permeates the area.",Misc.,"[""Toy""]","[""Appraise Large lost relic""]",,in-collection,Lost Relics (L),lost_relics_l_order,13,,,,,,,,[],[2239],https://pokopiadex.com/images/items/item_ui/repel.png,[],https://pokopiadex.com/items/repel,pokopiadex_items_in_collection
placeable_item,1956,Big Nugget,big-nugget,,Misc.,"[""Toy""]","[""Appraise Large lost relic""]",,in-collection,Lost Relics (L),lost_relics_l_order,14,,,,,,,,[],"[2222,2229,2231,2238]",https://pokopiadex.com/images/items/item_ui/big-nugget.png,[],https://pokopiadex.com/items/big-nugget,pokopiadex_items_in_collection
placeable_item,768,Balloons,balloons,Balloons of many vibrant colors. They sway back and forth even in the most gentle of breezes.,Misc.,"[""Toy""]","[""Red Pokeball under ash near party venue in Rocky Ridges""]",,in-collection,,misc_order,93,,,,100,,,,[],"[2200,2210,2226,2229,2243]",https://pokopiadex.com/images/items/shop_ui/balloons.png,[],https://pokopiadex.com/items/balloons,pokopiadex_items_in_collection
placeable_item,1293,Punching game,punching-game,"Slug this machine real good with your fist, and it'll tell you how strong your punch is.",Misc.,"[""Toy""]",[],,in-collection,,misc_order,94,,,,,,,,[],"[2200,2207,2226,2243]",https://pokopiadex.com/images/items/item_ui/punching-game.png,[],https://pokopiadex.com/items/punching-game,pokopiadex_items_in_collection
placeable_item,909,Boo-in-the-box,boo-in-the-box,"Open the box, and -BOING!-out pops the Gengar!",Misc.,"[""Toy""]","[""Appraise Large lost relic""]",,in-collection,Lost Relics (L),lost_relics_l_order,15,,,,,,,,[],"[2198,2203,2212,2226,2237,2239]",https://pokopiadex.com/images/items/item_ui/boo-in-the-box.png,[],https://pokopiadex.com/items/boo-in-the-box,pokopiadex_items_in_collection
placeable_item,885,Wobbuffet wobbler,wobbuffet-wobbler,An exceptionally durable Wobbuffet doll. It gets back up no matter how many times you knock it over.,Misc.,"[""Toy""]","[""Appraise Large lost relic""]",,in-collection,Lost Relics (L),lost_relics_l_order,16,,,,,,,,[],"[2204,2207,2226,2229,2239,2243]",https://pokopiadex.com/images/items/item_ui/wobbuffet-wobbler.png,[],https://pokopiadex.com/items/wobbuffet-wobbler,pokopiadex_items_in_collection
placeable_item,1507,Step stool,step-stool,A step stool for reaching things in high places. Try climbing on top of it!,Misc.,"[""Toy""]",[],,in-collection,,misc_order,97,,,,100,,,,[],"[2222,2228]",https://pokopiadex.com/images/items/crafting_ui/step-stool.png,[],https://pokopiadex.com/items/step-stool,pokopiadex_items_in_collection
placeable_item,817,Cardboard boxes,cardboard-boxes,Light cardboard boxes. It doesn't look like they have anything inside.,Misc.,"[""Decoration""]",[],,in-collection,,misc_order,98,,,,,,,,[],"[2198,2203,2210]",https://pokopiadex.com/images/items/item_ui/cardboard-boxes.png,[],https://pokopiadex.com/items/cardboard-boxes,pokopiadex_items_in_collection
placeable_item,1523,Whiteboard,whiteboard,A whiteboard covered in writing and sticky notes that looks like it belongs in a lab.,Misc.,"[""Decoration""]",[],,in-collection,,misc_order,99,,,,,,,,[],"[2198,2210,2212,2215,2231]",https://pokopiadex.com/images/items/crafting_ui/whiteboard.png,[],https://pokopiadex.com/items/whiteboard,pokopiadex_items_in_collection
placeable_item,1446,Control unit,control-unit,"This has a bunch of switches, but it doesn't look like any of them do anything.",Misc.,"[""Toy""]",[],,in-collection,,misc_order,100,,,,,,,,[],"[2198,2201]",https://pokopiadex.com/images/items/item_ui/control-unit.png,[],https://pokopiadex.com/items/control-unit,pokopiadex_items_in_collection
placeable_item,1401,Auspicious Armor,auspicious-armor,Heavy armor recreated from armor fragments. Auspicious wishes live within it.,Misc.,"[""Decoration""]",[],,in-collection,,misc_order,101,,,,,,,,[],"[2221,2231,2239]",https://pokopiadex.com/images/items/item_ui/auspicious-armor.png,[],https://pokopiadex.com/items/auspicious-armor,pokopiadex_items_in_collection
placeable_item,1485,Malicious Armor,malicious-armor,Heavy armor recreated from armor fragments. Malicious will lurks within it.,Misc.,"[""Decoration""]",[],,in-collection,,misc_order,102,,,,,,,,[],"[2221,2239]",https://pokopiadex.com/images/items/item_ui/malicious-armor.png,[],https://pokopiadex.com/items/malicious-armor,pokopiadex_items_in_collection
placeable_item,1827,Clear Bell,clear-bell,A very-old fashioned bell that makes a gentle ringing sound. Ring it in an open space to call Ho-Oh.,Misc.,"[""Toy""]",[],,in-collection,,misc_order,103,,,,,,,,[],"[2224,2229,2231,2239]",https://pokopiadex.com/images/items/item_ui/clear-bell.png,[],https://pokopiadex.com/items/clear-bell,pokopiadex_items_in_collection
placeable_item,1828,Tidal Bell,tidal-bell,A very-old fashioned bell that makes a gentle ringing sound. Ring it in an open space to call Lugia.,Misc.,"[""Toy""]",[],,in-collection,,misc_order,104,,,,,,,,[],"[2223,2224,2229,2239]",https://pokopiadex.com/images/items/item_ui/tidal-bell.png,[],https://pokopiadex.com/items/tidal-bell,pokopiadex_items_in_collection
placeable_item,827,Ship's wheel,ships-wheel,A wheel used to steer a ship. It spins round and round when you touch it!,Misc.,"[""Toy""]",[],,in-collection,,misc_order,105,,,,,,,,[],"[2225,2229]",https://pokopiadex.com/images/items/item_ui/ships-wheel.png,[],https://pokopiadex.com/items/ships-wheel,pokopiadex_items_in_collection
placeable_item,656,Mysterious statue,mysterious-statue,Doesn't seem like anyone knows exactly what this is a statue of...,Misc.,"[""Decoration""]","[""Appraise Large lost relic""]",,in-collection,Lost Relics (L),lost_relics_l_order,17,,,,,,,,[],"[2237,2238,2239]",https://pokopiadex.com/images/items/item_ui/mysterious-statue.png,[],https://pokopiadex.com/items/mysterious-statue,pokopiadex_items_in_collection
placeable_item,910,Fiery Magby statue,fiery-magby-statue,"If you place a switch nearby and activate it, Magby will shoot fire out of their mouth! Fwooosh!",Misc.,"[""Toy""]","[""Appraise Large lost relic""]",,in-collection,Lost Relics (L),lost_relics_l_order,18,,,,,,,,[],"[2218,2238,2239]",https://pokopiadex.com/images/items/item_ui/fiery-magby-statue.png,[],https://pokopiadex.com/items/fiery-magby-statue,pokopiadex_items_in_collection
placeable_item,911,Gym emblem statue,gym-emblem-statue,This stone statue makes you feel pumped up. Would look great on a pedestal.,Misc.,"[""Decoration""]","[""Appraise Large lost relic""]",,in-collection,Lost Relics (L),lost_relics_l_order,19,,,,,,,,[],"[2231,2238]",https://pokopiadex.com/images/items/item_ui/gym-emblem-statue.png,[],https://pokopiadex.com/items/gym-emblem-statue,pokopiadex_items_in_collection
placeable_item,1957,Spacesuit,spacesuit,Clothing designed for living in outer space. Keeps the wearer safe even in an airless environment.,Misc.,"[""Toy""]","[""Appraise Large lost relic""]",,in-collection,Lost Relics (L),lost_relics_l_order,20,,,,,,,,[],"[2201,2211,2222,2231,2238]",https://pokopiadex.com/images/items/item_ui/spacesuit.png,[],https://pokopiadex.com/items/spacesuit,pokopiadex_items_in_collection
placeable_item,1958,Model space shuttle,model-space-shuttle,A realistic model that looks like it could blast off at any second. Could it have been in some museum?,Misc.,"[""Toy""]","[""Appraise Large lost relic""]",,in-collection,Lost Relics (L),lost_relics_l_order,21,,,,,,,,[],"[2222,2223,2228,2231,2238]",https://pokopiadex.com/images/items/item_ui/model-space-shuttle.png,[],https://pokopiadex.com/items/model-space-shuttle,pokopiadex_items_in_collection
placeable_item,912,Spaceship,spaceship,A vehicle meant for traveling to outer space. Hermetically sealed so air doesn't escape.,Misc.,"[""Toy""]","[""Appraise Large lost relic""]",,in-collection,Lost Relics (L),lost_relics_l_order,22,,,,,,,,[],"[2211,2222,2228,2229,2238]",https://pokopiadex.com/images/items/item_ui/spaceship.png,[],https://pokopiadex.com/items/spaceship,pokopiadex_items_in_collection
placeable_item,1829,Wall calendar,wall-calendar,A calendar that's simple and easy to use. It meshes well with pretty much any wall.,Misc.,"[""Decoration""]",[],,in-collection,,misc_order,112,,,,,,,,[],"[2198,2215,2242]",https://pokopiadex.com/images/items/item_ui/wall-calendar.png,[],https://pokopiadex.com/items/wall-calendar,pokopiadex_items_in_collection
placeable_item,571,Wreath,wreath,A simple wreath crafted from branches and leaves. It'd look nice and elegant on a wall.,Misc.,"[""Decoration""]",[],,in-collection,,misc_order,113,,100,,50,,,,[],"[2244,2229]",https://pokopiadex.com/images/items/crafting_ui/wreath.png,[],https://pokopiadex.com/items/wreath,pokopiadex_items_in_collection
placeable_item,1830,Decorative bookshelf,decorative-bookshelf,A decorative shelf with colorful books on it. Perfect for livening up any wall!,Misc.,"[""Decoration""]",[],,in-collection,,misc_order,114,,,,,,,,[],"[2210,2215]",https://pokopiadex.com/images/items/crafting_ui/decorative-bookshelf.png,[],https://pokopiadex.com/items/decorative-bookshelf,pokopiadex_items_in_collection
placeable_item,1831,Decorative storage shelf,decorative-storage-shelf,A decorative shelf lined with ceramic bottles. Attach it to a wall to liven up any space!,Misc.,"[""Decoration""]",[],,in-collection,,misc_order,115,,,,,,,,[],"[2210,2238,2239]",https://pokopiadex.com/images/items/crafting_ui/decorative-storage-shelf.png,[],https://pokopiadex.com/items/decorative-storage-shelf,pokopiadex_items_in_collection
placeable_item,1832,Decorative plant shelf,decorative-plant-shelf,A long vine droops from the potted plant on this decorative shelf. Perfect for livening up my wall!,Misc.,"[""Decoration""]",[],,in-collection,,misc_order,116,,,,,,,,[],"[2210,2227]",https://pokopiadex.com/images/items/crafting_ui/decorative-plant-shelf.png,[],https://pokopiadex.com/items/decorative-plant-shelf,pokopiadex_items_in_collection
placeable_item,1833,Antique clock,antique-clock,This clock ticks away the hours. It lets out a loud bong at designated times.,Misc.,"[""Toy""]",[],,in-collection,,misc_order,117,,,,,,,,[],"[2201,2211,2221,2244]",https://pokopiadex.com/images/items/item_ui/antique-clock.png,[],https://pokopiadex.com/items/antique-clock,pokopiadex_items_in_collection
placeable_item,740,Berry clock,berry-clock,A clock that resembles an Oran Berry cross section. Try mounting it on a wall!,Misc.,"[""Toy""]",[],,in-collection,,misc_order,118,,,,200,,,,[],"[2204,2208,2216,2219,2229,2243]",https://pokopiadex.com/images/items/item_ui/berry-clock.png,[],https://pokopiadex.com/items/berry-clock,pokopiadex_items_in_collection
placeable_item,576,Rowlet clock,rowlet-clock,A wall clock shaped like a small house. Rowlet will pop out to let you know what time it is.,Misc.,"[""Toy""]","[""Red Pokeball on tall cliff above cave on west shore in Withered Wasteland""]",,in-collection,Lost Relics (L),lost_relics_l_order,23,,,,,,,,[],"[2204,2239,2242]",https://pokopiadex.com/images/items/item_ui/rowlet-clock.png,[],https://pokopiadex.com/items/rowlet-clock,pokopiadex_items_in_collection
placeable_item,1834,Hanging banner,hanging-banner,Cloth you might find on a department store's wall. Stack several to make 'em even longer.,Misc.,"[""Decoration""]",[],,in-collection,,misc_order,120,,,,,,,,[],"[2200,2208]",https://pokopiadex.com/images/items/item_ui/hanging-banner.png,[],https://pokopiadex.com/items/hanging-banner,pokopiadex_items_in_collection
placeable_item,870,Party bunting,party-bunting,These make perfect party decorations. Hang a bunch up to create a festive mood!,Misc.,"[""Decoration""]",[],,in-collection,,misc_order,121,,,,,,,,[],"[2200,2208]",https://pokopiadex.com/images/items/crafting_ui/party-bunting.png,[],https://pokopiadex.com/items/party-bunting,pokopiadex_items_in_collection
placeable_item,854,Vine wall decoration,vine-wall-decoration,"With just a few leaves and vine ropes, you can make a stylish wall decoration.",Misc.,"[""Decoration""]",[],,in-collection,,misc_order,122,,,,,,,,[],"[2219,2232,2244]",https://pokopiadex.com/images/items/crafting_ui/vine-wall-decoration.png,[],https://pokopiadex.com/items/vine-wall-decoration,pokopiadex_items_in_collection
placeable_item,1835,Berry wall decoration,berry-wall-decoration,"The six swaying berries look incredibly tasty. Alas, they're inedible.",Misc.,"[""Decoration""]",[],,in-collection,,misc_order,123,,,,,,,,[],"[2200,2210,2216,2219,2242]",https://pokopiadex.com/images/items/item_ui/berry-wall-decoration.png,[],https://pokopiadex.com/items/berry-wall-decoration,pokopiadex_items_in_collection
placeable_item,1436,Hanging scroll,hanging-scroll,A scroll with phenomenal brushwork. Hang it on a wall to create a solemn atmosphere.,Misc.,"[""Decoration""]",[],,in-collection,,misc_order,124,,,,,,,,[],"[2198,2215,2239]",https://pokopiadex.com/images/items/item_ui/hanging-scroll.png,[],https://pokopiadex.com/items/hanging-scroll,pokopiadex_items_in_collection
placeable_item,1836,Ceiling fan,ceiling-fan,Its blades spin round and round when powered on. Great for when you want to circulate air!,Misc.,"[""Decoration""]",[],,in-collection,,misc_order,125,,,,,,,,[],"[2206,2223,2236,2239,2243]",https://pokopiadex.com/images/items/item_ui/ceiling-fan.png,[],https://pokopiadex.com/items/ceiling-fan,pokopiadex_items_in_collection
placeable_item,305,Castform weather charm,castform-weather-charm,"A reversible Castform doll. Rumor has it, when the doll changes form, the weather changes too!",Misc.,"[""Toy""]","[""Dig shiny dirt spot"",""Appraise Large lost relic""]",,in-collection,Lost Relics (L),lost_relics_l_order,24,,,,100,,,,[],"[2204,2208,2236,2239]",https://pokopiadex.com/images/items/shop_ui/castform-weather-charm.png,[],https://pokopiadex.com/items/castform-weather-charm,pokopiadex_items_in_collection
placeable_item,588,Eevee doll,eevee-doll,"If you set this down and inspect it, Drifloon may fly over and whisk you away to a Dream Island!",Misc.,"[""Toy""]","[""Smash rocks east of Wasteland Pokemon Center"",""Dig shiny dirt spot"",""Bleak Beach""]",,in-collection,,misc_order,127,,,,300,,,,[],"[2204,2208,2233]",https://pokopiadex.com/images/items/shop_ui/eevee-doll.png,[],https://pokopiadex.com/items/eevee-doll,pokopiadex_items_in_collection
placeable_item,835,Pikachu doll,pikachu-doll,"If you set this down and inspect it, Drifloon may fly over and whisk you away to a Dream Island.",Misc.,"[""Toy""]","[""Bleak Beach""]",,in-collection,,misc_order,128,,,,,,,,[],"[2204,2208,2233]",https://pokopiadex.com/images/items/item_ui/pikachu-doll.png,[],https://pokopiadex.com/items/pikachu-doll,pokopiadex_items_in_collection
placeable_item,846,Clefairy doll,clefairy-doll,"If you set this down and inspect it, Drifloon may fly over and whisk you away to a Dream Island!",Misc.,"[""Toy""]","[""Dig shiny dirt spot""]",,in-collection,,misc_order,129,,,,,,,,[],"[2204,2208,2233]",https://pokopiadex.com/images/items/item_ui/clefairy-doll.png,[],https://pokopiadex.com/items/clefairy-doll,pokopiadex_items_in_collection
placeable_item,834,Arcanine doll,arcanine-doll,"If you set this down and inspect it, Drifloon may fly over and whisk you away to a Dream Island!",Misc.,"[""Toy""]","[""Dig shiny dirt spot""]",,in-collection,,misc_order,130,,,,,,,,[],"[2204,2208]",https://pokopiadex.com/images/items/item_ui/arcanine-doll.png,[],https://pokopiadex.com/items/arcanine-doll,pokopiadex_items_in_collection
placeable_item,836,Dragonite doll,dragonite-doll,"If you set this down and inspect it, Drifloon may fly over and whisk you away to a Dream Island.",Misc.,"[""Toy""]","[""Dig shiny dirt spot""]",,in-collection,,misc_order,131,,,,,,,,[],"[2204,2208,2233]",https://pokopiadex.com/images/items/item_ui/dragonite-doll.png,[],https://pokopiadex.com/items/dragonite-doll,pokopiadex_items_in_collection
placeable_item,979,Ditto doll,ditto-doll,"If you set this down and inspect it, Drifloon may fly over and whisk you away to a Dream Island!",Misc.,"[""Toy""]","[""Dig shiny dirt spot""]",,in-collection,,misc_order,132,,,,,,,,[],"[2204,2208,2233]",https://pokopiadex.com/images/items/item_ui/ditto-doll.png,[],https://pokopiadex.com/items/ditto-doll,pokopiadex_items_in_collection
placeable_item,878,Substitute doll,substitute-doll,"If you set this down and inspect it, Drifloon may fly over and whisk you away to a Dream Island!",Misc.,"[""Toy""]","[""Dig shiny dirt spot""]",,in-collection,,misc_order,133,,,,,,,,[],"[2204,2208,2233]",https://pokopiadex.com/images/items/item_ui/substitute-doll.png,[],https://pokopiadex.com/items/substitute-doll,pokopiadex_items_in_collection
placeable_item,1999,Grubby letter,grubby-letter,"A yellowed letter, still sealed. It's got a postage stamp with a Poké Ball pattern on it.",Misc.,"[""Toy""]",[],,in-collection,,misc_order,134,,,,,,,,[],"[2201,2209,2215]",https://pokopiadex.com/images/items/item_ui/grubby-letter.png,[],https://pokopiadex.com/items/grubby-letter,pokopiadex_items_in_collection
placeable_item,2000,Grubby notepad,grubby-notepad,"It looks like there's some pretty important stuff written on this, but it's a little grimy.",Misc.,"[""Toy""]",[],,in-collection,,misc_order,135,,,,,,,,[],"[2201,2209,2215]",https://pokopiadex.com/images/items/item_ui/grubby-notepad.png,[],https://pokopiadex.com/items/grubby-notepad,pokopiadex_items_in_collection
placeable_item,2001,Grubby book,grubby-book,,Misc.,"[""Toy""]",[],,in-collection,,misc_order,136,,,,,,,,[],"[2201,2209,2215]",https://pokopiadex.com/images/items/item_ui/grubby-book.png,[],https://pokopiadex.com/items/grubby-book,pokopiadex_items_in_collection
placeable_item,2002,Grubby papers,grubby-papers,Lots of tiny words are written on the yellowed pages along with drawings of colorful shapess.,Misc.,"[""Toy""]",[],,in-collection,,misc_order,137,,,,,,,,[],"[2201,2209,2215]",https://pokopiadex.com/images/items/item_ui/grubby-papers.png,[],https://pokopiadex.com/items/grubby-papers,pokopiadex_items_in_collection
placeable_item,2003,Grubby newspaper,grubby-newspaper,A newspaper with noticeable dirt and grime. It smells like old paper.,Misc.,"[""Toy""]",[],,in-collection,,misc_order,138,,,,,,,,[],"[2201,2209,2215,2242]",https://pokopiadex.com/images/items/item_ui/grubby-newspaper.png,[],https://pokopiadex.com/items/grubby-newspaper,pokopiadex_items_in_collection
placeable_item,2004,Grubby tablet,grubby-tablet,"A convenient, easy-to-carry deivce. Even though it's inside a hard case, the screen is cracked.",Misc.,"[""Toy""]",[],,in-collection,,misc_order,139,,,,,,,,[],[2209],https://pokopiadex.com/images/items/item_ui/grubby-tablet.png,[],https://pokopiadex.com/items/grubby-tablet,pokopiadex_items_in_collection
placeable_item,2005,Grubby cell phone,grubby-cell-phone,"A device with a cracked screen. It can't make any calls, even when powered on.",Misc.,"[""Toy""]",[],,in-collection,,misc_order,140,,,,,,,,[],[2209],https://pokopiadex.com/images/items/item_ui/grubby-cell-phone.png,[],https://pokopiadex.com/items/grubby-cell-phone,pokopiadex_items_in_collection
placeable_item,1041,Flowery table setting,flowery-table-setting,A set of cute floral tableware. The placemat has a Jumpluff pattern!,Misc.,"[""Decoration""]","[""Trade 10 Cotton spores to Hoppip""]",More Spores for Hoppip,in-collection,,misc_order,1,,,,,,,,[],"[2200,2204,2210,2212,2227,2233]",https://pokopiadex.com/images/items/item_ui/flowery-table-setting.png,[],https://pokopiadex.com/items/flowery-table-setting,pokopiadex_items_in_collection
placeable_item,1037,Lunch box,lunch-box,A lunch box packed with Pokémon-shaped food. The perfect meal for a picnic lunch.,Misc.,"[""Decoration""]","[""Trade 5 Cotton spores to Hoppip""]",More Spores for Hoppip,in-collection,,misc_order,2,,,,,,,,[],"[2200,2204,2210,2216]",https://pokopiadex.com/images/items/item_ui/lunch-box.png,[],https://pokopiadex.com/items/lunch-box,pokopiadex_items_in_collection
placeable_item,1036,Hoppip water bottle,hoppip-water-bottle,"This water bottle with a shoulder strap is perfect for picnics! The Hoppip pattern is very cute,",Misc.,[],"[""Trade 5 Cotton spores to Hoppip""]",More Spores for Hoppip,in-collection,,misc_order,3,,,,,,,,[],"[2200,2203,2204,2220]",https://pokopiadex.com/images/items/item_ui/hoppip-water-bottle.png,[],https://pokopiadex.com/items/hoppip-water-bottle,pokopiadex_items_in_collection
placeable_item,1048,Juice trio,juice-trio,Bottles of colored juices. One of them is capped off nicely with a flower-shaped lid.,Misc.,"[""Decoration""]","[""Trade 5 Cotton spores to Hoppip""]",More Spores for Hoppip,in-collection,,misc_order,4,,,,,0,,,[],"[2200,2203,2210,2211,2216]",https://pokopiadex.com/images/items/item_ui/juice-trio.png,[],https://pokopiadex.com/items/juice-trio,pokopiadex_items_in_collection
placeable_item,2363,Digital camera,digital-camera,A single-lens digital camera. It's so high-tech that it looks tricky to use!,Misc.,"[""Toy""]","[""Trade 5 Red crystal fragments to Sableye""]",Sableye's Gem Hunt,in-collection,,misc_order,5,,,,,,,,[],"[2201,2222,2239]",https://pokopiadex.com/images/items/item_ui/digital-camera.png,[],https://pokopiadex.com/items/digital-camera,pokopiadex_items_in_collection
placeable_item,2367,Jewel wall decoration,jewel-wall-decoration,Put these multi-colored jewels up on the wall to add a little sparkle to your decor!,Misc.,"[""Decoration""]","[""Trade 2 Red crystal fragments to Sableye""]",Sableye's Gem Hunt,in-collection,,misc_order,6,,,,,,,,[],"[2200,2221,2238,2242]",https://pokopiadex.com/images/items/item_ui/jewel-wall-decoration.png,[],https://pokopiadex.com/items/jewel-wall-decoration,pokopiadex_items_in_collection
placeable_item,1035,Flower backpack,flower-backpack,The big flower makes this backpack stand out! Looks like it could hold everything you need for a picnic.,Misc.,[],"[""Trade 5 Cotton spores to Hoppip""]",More Spores for Hoppip,in-collection,,misc_order,7,,,,,,,,[],"[2203,2204,2227,2233]",https://pokopiadex.com/images/items/item_ui/flower-backpack.png,[],https://pokopiadex.com/items/flower-backpack,pokopiadex_items_in_collection
placeable_item,2371,Adventure kit,adventure-kit,"A sleeping bag, a hat, and a backpack stuffed fill of supplies. All you need for an adventure is right here!",Misc.,"[""Toy""]","[""Trade 10 Red crystal fragments to Sableye""]",Sableye's Gem Hunt,in-collection,,misc_order,8,,,,,,,,[],"[2203,2208,2233]",https://pokopiadex.com/images/items/item_ui/adventure-kit.png,[],https://pokopiadex.com/items/adventure-kit,pokopiadex_items_in_collection
placeable_item,1047,Flower garland,flower-garland,An adorable wall decoration made with a variety of colorful flowers.,Misc.,"[""Decoration""]","[""Trade 5 Cotton spores to Hoppip""]",More Spores for Hoppip,in-collection,,,,,,,,0,,,[],"[2200,2210,2227,2233,2242]",https://pokopiadex.com/images/items/item_ui/flower-garland.png,[],https://pokopiadex.com/items/flower-garland,pokopiadex_items_in_collection
placeable_item,48,Campfire,campfire,"A campfire made from gathered sticks. When lit, it illuminates the area with a warm light.",Outdoor,"[""Relaxation""]",[],,in-collection,,outdoor_order,1,,,,,,,,[],"[2212,2218,2238]",https://pokopiadex.com/images/items/crafting_ui/campfire.png,[],https://pokopiadex.com/items/campfire,pokopiadex_items_in_collection
placeable_item,363,Torch,torch,"If you light this, it'll burn slowly, filling the area with bright light.",Outdoor,"[""Relaxation""]","[""Red Pokeball""]",,in-collection,,outdoor_order,2,,,,,,,,[],[2218],https://pokopiadex.com/images/items/crafting_ui/torch.png,[],https://pokopiadex.com/items/torch,pokopiadex_items_in_collection
placeable_item,293,Slender candle,slender-candle,Light this up to get a flickering bright-red flame. It's small enough to fit on a deck.,Outdoor,"[""Decoration""]","[""Red Pokeball""]",,in-collection,,outdoor_order,3,,,,50,,,,[],"[2218,2221,2232,2237,2238]",https://pokopiadex.com/images/items/shop_ui/slender-candle.png,[],https://pokopiadex.com/items/slender-candle,pokopiadex_items_in_collection
placeable_item,810,Eerie candle,eerie-candle,Fwoosh! This candle glows with a bluish flame when lit. It's small enough to fit on top of a desk.,Outdoor,"[""Decoration""]",[],,in-collection,Lost Relics (L),lost_relics_l_order,25,,,,,,,,[],"[2204,2218,2237,2238]",https://pokopiadex.com/images/items/item_ui/eerie-candle.png,[],https://pokopiadex.com/items/eerie-candle,pokopiadex_items_in_collection
placeable_item,1837,Wall torch,wall-torch,A simple light that looks appropriate even on rugged surfaces such as caves and rock walls.,Outdoor,"[""Decoration""]",[],,in-collection,,outdoor_order,5,,,,,,,,[],"[2218,2238]",https://pokopiadex.com/images/items/item_ui/wall-torch.png,[],https://pokopiadex.com/items/wall-torch,pokopiadex_items_in_collection
placeable_item,1402,Firepit,firepit,Set this ablaze to illuminate the surroundings with bright light. Fwoosh!,Outdoor,"[""Decoration""]",[],,in-collection,,outdoor_order,6,,,,,,,,[],"[2212,2218,2229,2238]",https://pokopiadex.com/images/items/item_ui/firepit.png,[],https://pokopiadex.com/items/firepit,pokopiadex_items_in_collection
placeable_item,221,Bonfire,bonfire,"When the wood in the center catches fire, this provides warmth and light to a large nearby area.",Outdoor,"[""Decoration""]",[],,in-collection,,outdoor_order,7,,,,200,,,,[],"[2212,2218,2242]",https://pokopiadex.com/images/items/shop_ui/bonfire.png,[],https://pokopiadex.com/items/bonfire,pokopiadex_items_in_collection
placeable_item,1161,Sandbox,sandbox,Place this to set up a fun space for playing with sand. Discover what you can create here!,Outdoor,"[""Toy""]",[],,in-collection,,outdoor_order,8,,,,,,,,[],"[2198,2212,2217,2226]",https://pokopiadex.com/images/items/crafting_ui/sandbox.png,[],https://pokopiadex.com/items/sandbox,pokopiadex_items_in_collection
placeable_item,1555,Tire toy,tire-toy,Tires used in parks as playground equipment. Put them on the ground and have fun hopping over them!,Outdoor,"[""Toy""]",[],,in-collection,,outdoor_order,9,,,,200,,,,[],"[2212,2226,2229,2243]",https://pokopiadex.com/images/items/shop_ui/tire-toy.png,[],https://pokopiadex.com/items/tire-toy,pokopiadex_items_in_collection
placeable_item,1121,Concrete pipe,concrete-pipe,Link several of these to make the pipe as long as you want! The inside is pitch black.,Outdoor,"[""Decoration""]",[],,in-collection,,outdoor_order,10,,,,,,,,[],"[2229,2238]",https://pokopiadex.com/images/items/crafting_ui/concrete-pipe.png,[],https://pokopiadex.com/items/concrete-pipe,pokopiadex_items_in_collection
placeable_item,61,Punching bag,punching-bag,Heavy and packed full of sand. Perfect for practicing punches and kicks!,Outdoor,"[""Toy""]","[""Near tutorial area Pokemon Center""]",,in-collection,,outdoor_order,11,,,,,,,,[],"[2207,2208,2217,2243]",https://pokopiadex.com/images/items/crafting_ui/punching-bag.png,[],https://pokopiadex.com/items/punching-bag,pokopiadex_items_in_collection
placeable_item,1517,Slide,slide,An essential part of any playground. Its imposing size leaves a real impression.,Outdoor,"[""Toy""]",[],,in-collection,,outdoor_order,12,,,,,,,,[],"[2212,2226,2244]",https://pokopiadex.com/images/items/item_ui/slide.png,[],https://pokopiadex.com/items/slide,pokopiadex_items_in_collection
placeable_item,816,Vending machine,vending-machine,Connect this to electricity to make it light up! Looks like it still has some things inside for sale.,Outdoor,"[""Toy""]",[],,in-collection,,outdoor_order,13,,,,100,,,,[],"[2198,2211,2212,2222,2230]",https://pokopiadex.com/images/items/shop_ui/vending-machine.png,[],https://pokopiadex.com/items/vending-machine,pokopiadex_items_in_collection
placeable_item,1173,Wall-mounted flowers,wall-mounted-flowers,A planter filled with colorful flowers. Hang one on a wall to create a vibrant space.,Outdoor,"[""Decoration""]",[],,in-collection,,outdoor_order,14,,,,,,,,[],"[2200,2227]",https://pokopiadex.com/images/items/crafting_ui/wall-mounted-flowers.png,[],https://pokopiadex.com/items/wall-mounted-flowers,pokopiadex_items_in_collection
placeable_item,69,Chansey plant,chansey-plant,A tree that looks just like a Chansey! Looking at it seems to fill you with a gentle energy.,Outdoor,"[""Decoration""]",[],,in-collection,,outdoor_order,15,,,,,,,,[],"[2198,2204,2221,2227,2229]",https://pokopiadex.com/images/items/item_ui/chansey-plant.png,[],https://pokopiadex.com/items/chansey-plant,pokopiadex_items_in_collection
placeable_item,1959,Garden ornament,garden-ornament,,Outdoor,"[""Decoration""]","[""Appraise Large lost relic""]",,in-collection,Lost Relics (L),lost_relics_l_order,26,,,,,,,,[],"[2210,2238]",https://pokopiadex.com/images/items/item_ui/garden-ornament.png,[],https://pokopiadex.com/items/garden-ornament,pokopiadex_items_in_collection
placeable_item,913,Bike,bike,A cool bicycle that looks high-end. It sparkles as if it's brand-new.,Outdoor,"[""Toy""]","[""Appraise Large lost relic""]",,in-collection,Lost Relics (L),lost_relics_l_order,27,,,,,,,,[],"[2201,2207,2222,2228,2239]",https://pokopiadex.com/images/items/item_ui/bike.png,[],https://pokopiadex.com/items/bike,pokopiadex_items_in_collection
placeable_item,1158,Planter,planter,"Plant some flower or vegetable seeds here, and raise them until they're fully grown.",Outdoor,[],[],,in-collection,,outdoor_order,18,,,,,,,,[],[],https://pokopiadex.com/images/items/crafting_ui/planter.png,[],https://pokopiadex.com/items/planter,pokopiadex_items_in_collection
placeable_item,1838,Garden flowers,garden-flowers,A stylish flower pot with cute flowers in full bloom. It would look great as a desk ornament.,Outdoor,"[""Decoration""]",[],,in-collection,,outdoor_order,19,,,,,,,,[],"[2200,2227]",https://pokopiadex.com/images/items/item_ui/garden-flowers.png,[],https://pokopiadex.com/items/garden-flowers,pokopiadex_items_in_collection
placeable_item,401,Cart,cart,"It has a large bed, so it looks like you can use it to haul some pretty big stuff.",Outdoor,[],[],,in-collection,,outdoor_order,20,,,,100,,,,[],[],https://pokopiadex.com/images/items/crafting_ui/cart.png,[],https://pokopiadex.com/items/cart,pokopiadex_items_in_collection
placeable_item,724,Perch,perch,"A branch perch where bird Pokémon can rest. Place a few, and you might get some visitors!",Outdoor,"[""Relaxation""]",[],,in-collection,,outdoor_order,21,,,,,,,,[],[],https://pokopiadex.com/images/items/crafting_ui/perch.png,[],https://pokopiadex.com/items/perch,pokopiadex_items_in_collection
placeable_item,821,Wooden birdhouse,wooden-birdhouse,"A birdhouse filled with dry, soft grass. Bird Pokémon would probably love lounging here.",Outdoor,"[""Decoration""]","[""Red Pokeball on Dream Island""]",,in-collection,,outdoor_order,22,,,,100,,,,[],"[2203,2232,2244]",https://pokopiadex.com/images/items/crafting_ui/wooden-birdhouse.png,[],https://pokopiadex.com/items/wooden-birdhouse,pokopiadex_items_in_collection
placeable_item,1839,Mailbox,mailbox,A box for recieving letters. It'd look really nice in front of a house!,Outdoor,"[""Decoration""]",[],,in-collection,,outdoor_order,23,,,,,,,,[],"[2203,2222]",https://pokopiadex.com/images/items/crafting_ui/mailbox.png,[],https://pokopiadex.com/items/mailbox,pokopiadex_items_in_collection
placeable_item,1840,Weather vane,weather-vane,A decoration that spins around and around in the wind. Looks like a bird Pokémon perched on a post.,Outdoor,"[""Toy""]",[],,in-collection,,outdoor_order,24,,,,,,,,[],"[2222,2223,2236]",https://pokopiadex.com/images/items/item_ui/weather-vane.png,[],https://pokopiadex.com/items/weather-vane,pokopiadex_items_in_collection
placeable_item,343,Gravestone,gravestone,A place where souls can rest in peace. Ghost-type Pokémon might enjoy this.,Outdoor,"[""Decoration""]","[""High ocean side point in Withered Wasteland""]",,in-collection,,outdoor_order,25,,,,,,,,[],"[2215,2237,2239]",https://pokopiadex.com/images/items/item_ui/gravestone.png,[],https://pokopiadex.com/items/gravestone,pokopiadex_items_in_collection
placeable_item,1841,Blank canvas,blank-canvas,A completely empty canvas. A Pokémon artist might be inspired to paint something on it.,Outdoor,"[""Decoration""]",[],,in-collection,,outdoor_order,26,,,,,,,,[],"[2208,2242]",https://pokopiadex.com/images/items/item_ui/blank-canvas.png,[],https://pokopiadex.com/items/blank-canvas,pokopiadex_items_in_collection
placeable_item,2006,Painting (landscape),painting-landscape,One of Smearguru's passion projects. The contrast between the forest and the mountain is beautiful.,Outdoor,"[""Decoration""]",[],,in-collection,,outdoor_order,27,,,,,,,,[],"[2200,2208,2242]",https://pokopiadex.com/images/items/item_ui/painting-landscape.png,[],https://pokopiadex.com/items/painting-landscape,pokopiadex_items_in_collection
placeable_item,2007,Painting (portrait),painting-portrait,"One of Smearguru's passion projects. The subject has been masterfully recreated, wobbliness and all.",Outdoor,"[""Decoration""]",[],,in-collection,,outdoor_order,28,,,,,,,,[],"[2200,2208,2242]",https://pokopiadex.com/images/items/item_ui/painting-portrait.png,[],https://pokopiadex.com/items/painting-portrait,pokopiadex_items_in_collection
placeable_item,2008,Painting (still life),painting-still-life,One of Smearguru's passion projects. Each and every object looks just like the real thing.,Outdoor,"[""Decoration""]",[],,in-collection,,outdoor_order,29,,,,,,,,[],"[2200,2208,2242]",https://pokopiadex.com/images/items/item_ui/painting-still-life.png,[],https://pokopiadex.com/items/painting-still-life,pokopiadex_items_in_collection
placeable_item,828,Cannon,cannon,"Put fireworks or a Pokémon with the Explode specialty inside, light the fuse, and watch 'em fly!",Outdoor,"[""Toy""]",[],,in-collection,,outdoor_order,30,,,,,,,,[],"[2218,2222,2239]",https://pokopiadex.com/images/items/crafting_ui/cannon.png,[],https://pokopiadex.com/items/cannon,pokopiadex_items_in_collection
placeable_item,1114,Bell,bell,"A golden, wall-mounted bell. When struck, it rings with a pleasant sound.",Outdoor,"[""Toy""]",[],,in-collection,,outdoor_order,31,,,,,,,,[],"[2221,2222,2231,2239,2243]",https://pokopiadex.com/images/items/crafting_ui/bell.png,[],https://pokopiadex.com/items/bell,pokopiadex_items_in_collection
placeable_item,769,Small stage,small-stage,Get on and start dancing! You can power on the lights by hooking this up to electricity.,Outdoor,"[""Toy""]","[""Red Pokeball near party venue in Rocky Ridges""]",,in-collection,,outdoor_order,32,,,,100,,,,[],"[2212,2222,2226,2229,2236,2239]",https://pokopiadex.com/images/items/shop_ui/small-stage.png,[],https://pokopiadex.com/items/small-stage,pokopiadex_items_in_collection
placeable_item,722,Hot-spring spout,hot-spring-spout,Place this next to a pool of hot water to create a genuine hot-spring vibe.,Outdoor,[],"[""Red Pokeball by hot spring in Rocky Ridges""]",,in-collection,,outdoor_order,33,,,,,,,,[],[],https://pokopiadex.com/images/items/item_ui/hot-spring-spout.png,[],https://pokopiadex.com/items/hot-spring-spout,pokopiadex_items_in_collection
placeable_item,304,Water basin,water-basin,Fill this water so Pokémon can do some watering for you!,Outdoor,"[""Decoration""]",[],,in-collection,,outdoor_order,34,,,,50,,,,[],"[2199,2200,2220,2229,2244]",https://pokopiadex.com/images/items/shop_ui/water-basin.png,[],https://pokopiadex.com/items/water-basin,pokopiadex_items_in_collection
placeable_item,1567,Canoe,canoe,"A paddle, bucket and rope is all you need for a journey out to sea.",Outdoor,"[""Toy""]",[],,in-collection,,outdoor_order,35,,,,,,,,[],"[2212,2229]",https://pokopiadex.com/images/items/item_ui/canoe.png,[],https://pokopiadex.com/items/canoe,pokopiadex_items_in_collection
placeable_item,426,Inflatable boat,inflatable-boat,"Feels great whether you lie down on it like a bed, or float it on the water like a boat.",Outdoor,"[""Relaxation""]",[],,in-collection,,outdoor_order,36,,,,,,,,[],"[2198,2212,2220,2243]",https://pokopiadex.com/images/items/item_ui/inflatable-boat.png,[],https://pokopiadex.com/items/inflatable-boat,pokopiadex_items_in_collection
placeable_item,219,Beach parasol,beach-parasol,Place one of these on the beach for protection from scorching sunbeams.,Outdoor,"[""Relaxation""]","[""Trade honey to Gather Honey specialty Pokemon""]",,in-collection,,outdoor_order,37,,,,100,,,,[],"[2208,2220,2225]",https://pokopiadex.com/images/items/shop_ui/beach-parasol.png,[],https://pokopiadex.com/items/beach-parasol,pokopiadex_items_in_collection
placeable_item,306,Horsea fountain,horsea-fountain,Installing this near water should raise the humidity of its surroundings.,Outdoor,"[""Toy""]",[],,in-collection,Lost Relics (L),lost_relics_l_order,28,,,,50,,,,[],"[2220,2225,2238,2239]",https://pokopiadex.com/images/items/shop_ui/horsea-fountain.png,[],https://pokopiadex.com/items/horsea-fountain,pokopiadex_items_in_collection
placeable_item,379,Fishing rod,fishing-rod,A must-have item for fishing up Pokémon. Set one by the water and wait patiently for a bite!,Outdoor,"[""Toy""]",[],,in-collection,Lost Relics (L),lost_relics_l_order,29,,,,,,,,[],"[2222,2225,2232,2243]",https://pokopiadex.com/images/items/item_ui/fishing-rod.png,[],https://pokopiadex.com/items/fishing-rod,pokopiadex_items_in_collection
placeable_item,364,Arrow sign,arrow-sign,An arrow-shaped sign. You could use it as a guidepost at forked roads.,Outdoor,"[""Decoration""]",[],,in-collection,,outdoor_order,40,,,,,,,,[],"[2215,2244]",https://pokopiadex.com/images/items/item_ui/arrow-sign.png,[],https://pokopiadex.com/items/arrow-sign,pokopiadex_items_in_collection
placeable_item,820,Menu board,menu-board,"Specials are written on this board, but it doesn't seem like Pokémon can actually read them.",Outdoor,"[""Decoration""]",[],,in-collection,,outdoor_order,41,,,,,,,,[],"[2198,2215,2244]",https://pokopiadex.com/images/items/item_ui/menu-board.png,[],https://pokopiadex.com/items/menu-board,pokopiadex_items_in_collection
placeable_item,70,Sign,sign,A sign made out of wood. There's an important message written on it... Probably!,Outdoor,"[""Decoration""]",[],,in-collection,,outdoor_order,42,,,,,,,,[],"[2215,2241,2244]",https://pokopiadex.com/images/items/crafting_ui/sign.png,[],https://pokopiadex.com/items/sign,pokopiadex_items_in_collection
placeable_item,1842,Signpost,signpost,A sign that looks like it belongs at a bus stop. It could serve as a guiding landmark in cities or on roads!,Outdoor,"[""Decoration""]",[],,in-collection,,outdoor_order,43,,,,,,,,[],"[2215,2222,2231,2238,2241]",https://pokopiadex.com/images/items/crafting_ui/signpost.png,[],https://pokopiadex.com/items/signpost,pokopiadex_items_in_collection
placeable_item,580,Information board,information-board,"A sign with information about the town written on it. Nobody knows what town it's for, though.",Outdoor,"[""Decoration""]",[],,in-collection,,outdoor_order,44,,,,100,,,,[],"[2215,2222,2231,2238,2241]",https://pokopiadex.com/images/items/crafting_ui/information-board.png,[],https://pokopiadex.com/items/information-board,pokopiadex_items_in_collection
placeable_item,657,Raichu sign,raichu-sign,"A sign depicting Raichu discharging electricity. When powered up, the neon lighting grows brightly.",Outdoor,"[""Decoration""]","[""Appraise Large lost relic""]",,in-collection,Lost Relics (L),lost_relics_l_order,30,,,,,,,,[],"[2200,2211,2215]",https://pokopiadex.com/images/items/item_ui/raichu-sign.png,[],https://pokopiadex.com/items/raichu-sign,pokopiadex_items_in_collection
placeable_item,916,Photo cutout board,photo-cutout-board,Put your face through the hole to become Plusle or Minun!,Outdoor,"[""Toy""]","[""Appraise Large lost relic""]",,in-collection,Lost Relics (L),lost_relics_l_order,31,,,,,,,,[],"[2200,2204,2210,2212,2242]",https://pokopiadex.com/images/items/item_ui/photo-cutout-board.png,[],https://pokopiadex.com/items/photo-cutout-board,pokopiadex_items_in_collection
placeable_item,299,Worn wooden crate,worn-wooden-crate,A sturdy but somewhat shabby box. Stack a bunch of them to create a warehouse vibe.,Outdoor,"[""Decoration""]",[],,in-collection,,outdoor_order,47,,,,,,,,[],"[2198,2203,2244]",https://pokopiadex.com/images/items/item_ui/worn-wooden-crate.png,[],https://pokopiadex.com/items/worn-wooden-crate,pokopiadex_items_in_collection
placeable_item,423,Wooden crate,wooden-crate,"You have absolutely no idea how to open this box, but you can put stuff on top of it, at least!",Outdoor,"[""Decoration""]",[],,in-collection,,outdoor_order,48,,,,,,,,[],"[2198,2203,2244]",https://pokopiadex.com/images/items/crafting_ui/wooden-crate.png,[],https://pokopiadex.com/items/wooden-crate,pokopiadex_items_in_collection
placeable_item,686,Barrel,barrel,It's totally empty inside. You could put something on top to make it look nice.,Outdoor,"[""Decoration""]",[],,in-collection,,outdoor_order,49,,,,,,,,[],"[2203,2222,2229,2244]",https://pokopiadex.com/images/items/item_ui/barrel.png,[],https://pokopiadex.com/items/barrel,pokopiadex_items_in_collection
placeable_item,679,Garbage bags,garbage-bags,Trash bags found most anywhere. Certain Pokémon find their odor irresistible.,Outdoor,"[""Decoration""]",[],,in-collection,,outdoor_order,50,,,,,,,,[],"[2209,2210]",https://pokopiadex.com/images/items/crafting_ui/garbage-bags.png,[],https://pokopiadex.com/items/garbage-bags,pokopiadex_items_in_collection
placeable_item,818,Garbage bin,garbage-bin,This trash can is big enough that a Pokémon could probably fit inside.,Outdoor,"[""Decoration""]","[""Red Pokeball on Dream Island""]",,in-collection,,outdoor_order,51,,,,,,,,[],"[2203,2209,2222]",https://pokopiadex.com/images/items/crafting_ui/garbage-bin.png,[],https://pokopiadex.com/items/garbage-bin,pokopiadex_items_in_collection
placeable_item,1843,Recycling bin,recycling-bin,A bin for disposing of empty cans. It's just big enough for a Pokémon to fit inside.,Outdoor,"[""Decoration""]",[],,in-collection,,outdoor_order,52,,,,,,,,[],"[2203,2209,2222]",https://pokopiadex.com/images/items/item_ui/recycling-bin.png,[],https://pokopiadex.com/items/recycling-bin,pokopiadex_items_in_collection
placeable_item,2009,Grubby rags,grubby-rags,A piece of tattered cloth unsuitable for processing. Cut it up to obtain twine.,Outdoor,[],[],,in-collection,,outdoor_order,53,,,,,,,,[],[],https://pokopiadex.com/images/items/item_ui/grubby-rags.png,[],https://pokopiadex.com/items/grubby-rags,pokopiadex_items_in_collection
placeable_item,2252,Nonburnable garbage (outdoor),nonburnable-garbage-outdoor,"Obtained through a special method, these can be placed just as they are now.",Outdoor,[],[],,in-collection,,outdoors_order,54,,,,,,,,[],[2209],https://pokopiadex.com/images/items/item_ui/nonburnable-garbage-outdoor.png,[],https://pokopiadex.com/items/nonburnable-garbage-outdoor,pokopiadex_items_in_collection
placeable_item,1535,Traffic cone,traffic-cone,"When lined up, the cones are connected by barrier poles. Great for construction zones!",Outdoor,[],[],,in-collection,,outdoor_order,55,,,,,,,,[],[],https://pokopiadex.com/images/items/item_ui/traffic-cone.png,[],https://pokopiadex.com/items/traffic-cone,pokopiadex_items_in_collection
placeable_item,1534,Sewer-hole cover,sewer-hole-cover,A sewer-hole cover that opens like a door. It can serve as an entrance if you put it on top of a hole.,Outdoor,[],[],,in-collection,,outdoor_order,56,,,,,,,,[],[],https://pokopiadex.com/images/items/item_ui/sewer-hole-cover.png,[],https://pokopiadex.com/items/sewer-hole-cover,pokopiadex_items_in_collection
placeable_item,1844,Fire hydrant,fire-hydrant,"This device spews water for putting out fires, but you're not really sure how to use it,…",Outdoor,"[""Decoration""]",[],,in-collection,,outdoor_order,57,,,,,,,,[],"[2220,2222,2231]",https://pokopiadex.com/images/items/item_ui/fire-hydrant.png,[],https://pokopiadex.com/items/fire-hydrant,pokopiadex_items_in_collection
placeable_item,874,Sandbags,sandbags,A cloth sack filled with dirt and sand. It's pretty bulky and looks heavy.,Outdoor,"[""Decoration""]",[],,in-collection,,outdoor_order,58,,,,,,,,[],"[2202,2208,2210,2217]",https://pokopiadex.com/images/items/item_ui/sandbags.png,[],https://pokopiadex.com/items/sandbags,pokopiadex_items_in_collection
placeable_item,759,Excavation tools,excavation-tools,"A sturdy-looking pickax and shovel. They're wasted on any Pokémon who can already dig, though.",Outdoor,"[""Toy""]",[],,in-collection,,outdoor_order,59,,,,,,,,[],"[2222,2239]",https://pokopiadex.com/images/items/item_ui/excavation-tools.png,[],https://pokopiadex.com/items/excavation-tools,pokopiadex_items_in_collection
placeable_item,1510,Tires,tires,"This tire stack looks like it could collapse at any moment, but oddly enough it stays upright.",Outdoor,"[""Toy""]",[],,in-collection,,outdoor_order,60,,,,,,,,[],"[2210,2229,2243]",https://pokopiadex.com/images/items/item_ui/tires.png,[],https://pokopiadex.com/items/tires,pokopiadex_items_in_collection
placeable_item,77,Metal drum,metal-drum,"A smooth, clean canister. It's empty, so it's actually quite light.",Outdoor,"[""Decoration""]",[],,in-collection,,outdoor_order,61,,,,,,,,[],"[2202,2203,2222,2229]",https://pokopiadex.com/images/items/item_ui/metal-drum.png,[],https://pokopiadex.com/items/metal-drum,pokopiadex_items_in_collection
placeable_item,1845,Construction supplies,construction-supplies,Construction tools stored in a metal drum. Great for factories or warehouses.,Outdoor,"[""Decoration""]",[],,in-collection,,outdoor_order,62,,,,,,,,[],"[2202,2203,2210,2212,2222,2229]",https://pokopiadex.com/images/items/item_ui/construction-supplies.png,[],https://pokopiadex.com/items/construction-supplies,pokopiadex_items_in_collection
placeable_item,1420,Iron pipes,iron-pipes,A pile of iron pipes that looks like it belongs at a construction site.,Outdoor,"[""Decoration""]",[],,in-collection,,outdoor_order,63,,,,,,,,[],"[2202,2210,2222]",https://pokopiadex.com/images/items/item_ui/iron-pipes.png,[],https://pokopiadex.com/items/iron-pipes,pokopiadex_items_in_collection
placeable_item,757,Wheelbarrow,wheelbarrow,A wheelbarrow carrying a large mound of dirt. A lot of construction sites probably have these!,Outdoor,"[""Decoration""]",[],,in-collection,,outdoor_order,64,,,,,,,,[],"[2202,2203,2217,2222]",https://pokopiadex.com/images/items/item_ui/wheelbarrow.png,[],https://pokopiadex.com/items/wheelbarrow,pokopiadex_items_in_collection
placeable_item,1846,Large ventilation fan,large-ventilation-fan,"A huge, flat ventilation fan-the kind you'd find on top of a building or a house.",Outdoor,"[""Decoration""]",[],,in-collection,,outdoor_order,65,,,,,,,,[],"[2198,2222,2223,2236,2239]",https://pokopiadex.com/images/items/item_ui/large-ventilation-fan.png,[],https://pokopiadex.com/items/large-ventilation-fan,pokopiadex_items_in_collection
placeable_item,2010,Heat Rock,heat-rock,A mysterious rock that radiates heat. Place it to raise the temperature around it.,Outdoor,[],[],,in-collection,,outdoor_order,66,,,,,,,,[],[],https://pokopiadex.com/images/items/item_ui/heat-rock.png,[],https://pokopiadex.com/items/heat-rock,pokopiadex_items_in_collection
placeable_item,2011,Icy Rock,icy-rock,A mysterious rock that radiates cold. Place it to lower the temperature around it.,Outdoor,[],[],,in-collection,,outdoor_order,67,,,,,,,,[],[],https://pokopiadex.com/images/items/item_ui/icy-rock.png,[],https://pokopiadex.com/items/icy-rock,pokopiadex_items_in_collection
placeable_item,365,Smooth rock,smooth-rock,A mysterious rock that feels smooth. Place it to lower the humidity of the surrounding area.,Outdoor,[],"[""Red Pokeball""]",,in-collection,,outdoor_order,68,,,,,,,,[],[],https://pokopiadex.com/images/items/item_ui/smooth-rock.png,[],https://pokopiadex.com/items/smooth-rock,pokopiadex_items_in_collection
placeable_item,2012,Damp Rock,damp-rock,A mysterious rock that feels damp. Place it to raise the humidity of the surrounding area.,Outdoor,[],[],,in-collection,,outdoor_order,69,,,,,,,,[],[],https://pokopiadex.com/images/items/item_ui/damp-rock.png,[],https://pokopiadex.com/items/damp-rock,pokopiadex_items_in_collection
placeable_item,2364,Map and compass,map-and-compass,"A map that indicates the location of treasure, and a compass that shows you the way.",Outdoor,"[""Toy""]","[""Trade 5 Red crystal fragments to Sableye""]",Sableye's Gem Hunt,in-collection,,outdoor_order,1,,,,,,,,[],"[2212,2215]",https://pokopiadex.com/images/items/item_ui/map-and-compass.png,[],https://pokopiadex.com/items/map-and-compass,pokopiadex_items_in_collection
placeable_item,2357,Inflatable Sudowoodo,inflatable-sudowoodo,A balloon shaped like Sudowoodo. It stands up and dances around just like a real Sudowoodo too!,Outdoor,"[""Toy""]","[""Complete \""Correctly answer today's special quizzes!\"" challenge on April 1st""]",April Fool's Copycat Challenge,in-collection,,outdoor_order,2,,,,,0,,,[],"[2232,2239,2242,2243]",https://pokopiadex.com/images/items/item_ui/inflatable-sudowoodo.png,[],https://pokopiadex.com/items/inflatable-sudowoodo,pokopiadex_items_in_collection
placeable_item,2370,Treasure,treasure,A pile of golden accessories and sparkling jewels. Use this as decor to add an air of luxury.,Outdoor,"[""Toy""]","[""Trade 5 Red crystal fragments to Sableye""]",Sableye's Gem Hunt,in-collection,,outdoor_order,3,,,,,,,,[],"[2200,2212,2221,2222,2238]",https://pokopiadex.com/images/items/item_ui/treasure.png,[],https://pokopiadex.com/items/treasure,pokopiadex_items_in_collection
placeable_item,328,Ditto flag,ditto-flag,A flag that marks Ditto's house. Place it on a house you want to live in!,Utilities,[],"[""Charmander & Tangrowth after decorating first house""]",,in-collection,,utilities_order,1,,,,,,,,[],[2238],https://pokopiadex.com/images/items/crafting_ui/ditto-flag.png,[],https://pokopiadex.com/items/ditto-flag,pokopiadex_items_in_collection
placeable_item,201,Workbench,workbench,Try gathering lots of materials and making a variety of different things here!,Utilities,[],[],,in-collection,,utilities_order,2,,,,,,,,[],[],https://pokopiadex.com/images/items/crafting_ui/workbench.png,[],https://pokopiadex.com/items/workbench,pokopiadex_items_in_collection
placeable_item,405,Community box,community-box,custom_description,Utilities,[],[],,in-collection,,utilities_order,3,,,,,,,,[],[],https://pokopiadex.com/images/items/crafting_ui/community-box.png,[],https://pokopiadex.com/items/community-box,pokopiadex_items_in_collection
placeable_item,648,Frame,frame,A frame for hanging an item on a wall. Try putting different things inside!,Utilities,"[""Decoration""]",[],,in-collection,,utilities_order,4,,,,,,,,[],"[2198,2203,2215,2242,2244]",https://pokopiadex.com/images/items/crafting_ui/frame.png,[],https://pokopiadex.com/items/frame,pokopiadex_items_in_collection
placeable_item,728,Cutting board,cutting-board,Kitchen equipment for making salads. Grab some ingredients and make something tasty!,Utilities,[],[],,in-collection,,utilities_order,5,,,,,,,,[],[2244],https://pokopiadex.com/images/items/crafting_ui/cutting-board.png,[],https://pokopiadex.com/items/cutting-board,pokopiadex_items_in_collection
placeable_item,750,Frying pan,frying-pan,Kitchen equipment for making hamburger steak. Put this on a stove or campfire.,Utilities,[],[],,in-collection,,utilities_order,6,,,,,,,,[],[],https://pokopiadex.com/images/items/crafting_ui/frying-pan.png,[],https://pokopiadex.com/items/frying-pan,pokopiadex_items_in_collection
placeable_item,1847,Stylish frying pan,stylish-frying-pan,Kitchen equipment for making hamburger steak. Put this on a stove or campfire.,Utilities,[],[],,in-collection,,utilities_order,7,,,,,,,,[],[],https://pokopiadex.com/images/items/item_ui/stylish-frying-pan.png,[],https://pokopiadex.com/items/stylish-frying-pan,pokopiadex_items_in_collection
placeable_item,762,Cooking pot,cooking-pot,Kitchen equipment for making soup. Put this on a stove or campfire.,Utilities,[],[],,in-collection,,utilities_order,8,,,,,,,,[],[],https://pokopiadex.com/images/items/crafting_ui/cooking-pot.png,[],https://pokopiadex.com/items/cooking-pot,pokopiadex_items_in_collection
placeable_item,1414,Stylish Cooking Pot,stylish-cooking-pot,Kitchen equipment for making soup. Put this on a stove or campfire.,Utilities,[],[],,in-collection,,utilities_order,9,,,,,,,,[],[],https://pokopiadex.com/images/items/item_ui/stylish-cooking-pot.png,[],https://pokopiadex.com/items/stylish-cooking-pot,pokopiadex_items_in_collection
placeable_item,744,Bread oven,bread-oven,Kitchen equipment for baking bread. Have a Pokémon light the fire for you!,Utilities,[],[],,in-collection,,utilities_order,10,,,,,,,,[],[],https://pokopiadex.com/images/items/crafting_ui/bread-oven.png,[],https://pokopiadex.com/items/bread-oven,pokopiadex_items_in_collection
placeable_item,758,Smelting furnace,smelting-furnace,A furnace for processing ore into metals. Get a Pokémon with the Burn specialty to help you out!,Utilities,[],[],,in-collection,,utilities_order,11,,,,,,,,[],[2218],https://pokopiadex.com/images/items/crafting_ui/smelting-furnace.png,[],https://pokopiadex.com/items/smelting-furnace,pokopiadex_items_in_collection
placeable_item,1132,Metallic smelting furnace,metallic-smelting-furnace,A high-performance metallic furnace that can quickly process metals and other materials.,Utilities,[],[],,in-collection,,utilities_order,12,,,,,,,,[],[2218],https://pokopiadex.com/images/items/crafting_ui/metallic-smelting-furnace.png,[],https://pokopiadex.com/items/metallic-smelting-furnace,pokopiadex_items_in_collection
placeable_item,1120,Concrete mixer,concrete-mixer,A Pokémon with the Crush specialty can use this to make concrete out of water and stone.,Utilities,[],[],,in-collection,,utilities_order,13,,,,,,,,[],[],https://pokopiadex.com/images/items/crafting_ui/concrete-mixer.png,[],https://pokopiadex.com/items/concrete-mixer,pokopiadex_items_in_collection
placeable_item,754,Railway track,railway-track,"Lay down tracks to create a railway, then ride a handcar to get where you're going in a jiffy!",Utilities,[],"[""Red Pokeball east of Ridge Pokemon Center""]",,in-collection,,utilities_order,14,,,,,,,,[],[],https://pokopiadex.com/images/items/crafting_ui/railway-track.png,[],https://pokopiadex.com/items/railway-track,pokopiadex_items_in_collection
placeable_item,1123,Crossing gate,crossing-gate,"With its characteristic black-and-yellow lines, this can be used to designate loading zones for a handcar.",Utilities,[],[],,in-collection,,utilities_order,15,,,,,,,,[],[],https://pokopiadex.com/images/items/crafting_ui/crossing-gate.png,[],https://pokopiadex.com/items/crossing-gate,pokopiadex_items_in_collection
placeable_item,763,Handcar,handcar,These carts clang along atop railway tracks. You can even link a bunch of carts together!,Utilities,[],[],,in-collection,,utilities_order,16,,,,,,,,[],[2228],https://pokopiadex.com/images/items/crafting_ui/handcar.png,[],https://pokopiadex.com/items/handcar,pokopiadex_items_in_collection
placeable_item,1848,Elevator platform,elevator-platform,You can make a functional elevator by using ladders to vertically connect two elevator platforms.,Utilities,[],[],,in-collection,,utilities_order,17,,,,,,,,[],[],https://pokopiadex.com/images/items/item_ui/elevator-platform.png,[],https://pokopiadex.com/items/elevator-platform,pokopiadex_items_in_collection
placeable_item,1131,Lift platform,lift-platform,Place two of these with enough distance between them to create an automatic transport system!,Utilities,[],[],,in-collection,,utilities_order,18,,,,,,,,[],[],https://pokopiadex.com/images/items/crafting_ui/lift-platform.png,[],https://pokopiadex.com/items/lift-platform,pokopiadex_items_in_collection
placeable_item,829,Cash register,cash-register,"Place this on a table and power it on, and Pokémon will come by to conduct trades!",Utilities,[],"[""Red Pokeball in Bleak Beach""]",,in-collection,,utilities_order,19,,,,,,,,[],"[2201,2203,2222,2239]",https://pokopiadex.com/images/items/item_ui/cash-register.png,[],https://pokopiadex.com/items/cash-register,pokopiadex_items_in_collection
placeable_item,1849,Sprinkler,sprinkler,An irrigation device that sprays water in a wide area. Try putting one near the waterside.,Utilities,"[""Toy""]",[],,in-collection,,utilities_order,20,,,,,,,,[],"[2220,2222,2238,2239]",https://pokopiadex.com/images/items/item_ui/sprinkler.png,[],https://pokopiadex.com/items/sprinkler,pokopiadex_items_in_collection
placeable_item,1850,Mini floodgate,mini-floodgate,Turn the handle on top to start or stop the flow of water.,Utilities,[],[],,in-collection,,utilities_order,21,,,,,,,,[],[2204],https://pokopiadex.com/images/items/shop_ui/mini-floodgate.png,[],https://pokopiadex.com/items/mini-floodgate,pokopiadex_items_in_collection
placeable_item,819,Utility pole,utility-pole,Use these to connect electrical generators to machines and send electricity over long distances.,Utilities,[],"[""Red Pokeball in Bleak Beach""]",,in-collection,,utilities_order,22,,,,,,,,[],[2206],https://pokopiadex.com/images/items/crafting_ui/utility-pole.png,[],https://pokopiadex.com/items/utility-pole,pokopiadex_items_in_collection
placeable_item,1851,Wireless power-transmitter switch,wireless-power-transmitter-switch,Connect these to electrical generators to use them. Put a switch nearby to quickly turn things on or off.,Utilities,[],[],,in-collection,,utilities_order,23,,,,,,,,[],[2206],https://pokopiadex.com/images/items/item_ui/wireless-power-transmitter-switch.png,[],https://pokopiadex.com/items/wireless-power-transmitter-switch,pokopiadex_items_in_collection
placeable_item,1852,Wireless power transmitter,wireless-power-transmitter,Use these to connect electrical generators to machines and send electricity over long distances.,Utilities,[],[],,in-collection,,utilities_order,24,,,,,,,,[],[2206],https://pokopiadex.com/images/items/item_ui/wireless-power-transmitter.png,[],https://pokopiadex.com/items/wireless-power-transmitter,pokopiadex_items_in_collection
placeable_item,1853,Mini generator,mini-generator,"Place this anywhere, and it will generate electricity all on its own. What a remarkable machine!",Utilities,"[""Decoration""]",[],,in-collection,,utilities_order,25,,,,,,,,[],"[2198,2206,2222,2231,2239]",https://pokopiadex.com/images/items/item_ui/mini-generator.png,[],https://pokopiadex.com/items/mini-generator,pokopiadex_items_in_collection
placeable_item,1519,Floor switch,floor-switch,A ground-mounted switch that activates nearby machinery when it detects weight.,Utilities,[],[],,in-collection,,utilities_order,26,,,,,,,,[],[2206],https://pokopiadex.com/images/items/item_ui/floor-switch.png,[],https://pokopiadex.com/items/floor-switch,pokopiadex_items_in_collection
placeable_item,1854,Wall switch,wall-switch,A switch that would look perfect installed on a house wall. Press it to activate nearby devices.,Utilities,[],[],,in-collection,,utilities_order,27,,,,,,,,[],[2206],https://pokopiadex.com/images/items/item_ui/wall-switch.png,[],https://pokopiadex.com/items/wall-switch,pokopiadex_items_in_collection
placeable_item,1855,Card reader,card-reader,A machine that reads key cards or Pokédexes. Mount it to a wall.,Utilities,"[""Decoration""]",[],,in-collection,,utilities_order,28,,,,,,,,[],"[2206,2211,2222,2239]",https://pokopiadex.com/images/items/item_ui/card-reader.png,[],https://pokopiadex.com/items/card-reader,pokopiadex_items_in_collection
placeable_item,1856,Laser sensor,laser-sensor,"When this sensor detects movement, it activates devices nearby.",Utilities,[],[],,in-collection,,utilities_order,29,,,,,,,,[],[2206],https://pokopiadex.com/images/items/item_ui/laser-sensor.png,[],https://pokopiadex.com/items/laser-sensor,pokopiadex_items_in_collection
placeable_item,294,Security camera,security-camera,A camera that watches over its surroundings. Place one anywhere you want to keep an eye on!,Utilities,[],"[""Red Pokeball near Team Initiation Challenge building""]",,in-collection,,utilities_order,30,,,,100,,,,[],[2206],https://pokopiadex.com/images/items/shop_ui/security-camera.png,[],https://pokopiadex.com/items/security-camera,pokopiadex_items_in_collection
placeable_item,402,Mushroom streetlight,mushroom-streetlight,Darkness poses no problem when you've got a gentle mushroom glow.,Utilities,"[""Decoration""]",[],,in-collection,,utilities_order,31,,,,50,,,,[],"[2231,2232,2237]",https://pokopiadex.com/images/items/shop_ui/mushroom-streetlight.png,[],https://pokopiadex.com/items/mushroom-streetlight,pokopiadex_items_in_collection
placeable_item,1857,Town streetlight,town-streetlight,Power this with electricity to illuminate the area with gentle light.,Utilities,"[""Decoration""]",[],,in-collection,,utilities_order,32,,,,,,,,[],"[2206,2211,2222,2232]",https://pokopiadex.com/images/items/item_ui/town-streetlight.png,[],https://pokopiadex.com/items/town-streetlight,pokopiadex_items_in_collection
placeable_item,1128,Harbor streetlight,harbor-streetlight,A streetlight that invokes harbor vibes. The life buoy stands out as the main highlight.,Utilities,"[""Decoration""]",[],,in-collection,,utilities_order,33,,,,,,,,[],"[2206,2211,2222,2225,2232]",https://pokopiadex.com/images/items/crafting_ui/harbor-streetlight.png,[],https://pokopiadex.com/items/harbor-streetlight,pokopiadex_items_in_collection
placeable_item,1858,Chic streetlight,chic-streetlight,"When powered on, this light emits a gentle glow that faintly illuminates its surroundings.",Utilities,"[""Decoration""]",[],,in-collection,,utilities_order,34,,,,,,,,[],"[2206,2211,2222,2231,2232]",https://pokopiadex.com/images/items/item_ui/chic-streetlight.png,[],https://pokopiadex.com/items/chic-streetlight,pokopiadex_items_in_collection
placeable_item,1859,Double streetlight,double-streetlight,"When powered on, both lamps shine brightly to illuminate their surroundings.",Utilities,"[""Decoration""]",[],,in-collection,,utilities_order,35,,,,,,,,[],"[2206,2211,2222,2232]",https://pokopiadex.com/images/items/item_ui/double-streetlight.png,[],https://pokopiadex.com/items/double-streetlight,pokopiadex_items_in_collection
placeable_item,267,Mushroom lamp,mushroom-lamp,"The mushroom emits a gentle glow, illuminating the surroundings with soft light.",Utilities,"[""Decoration""]",[],,in-collection,,utilities_order,36,,,,,,,,[],"[2206,2232,2244]",https://pokopiadex.com/images/items/crafting_ui/mushroom-lamp.png,[],https://pokopiadex.com/items/mushroom-lamp,pokopiadex_items_in_collection
placeable_item,71,Plain lamp,plain-lamp,Powering this on illuminates the surroundings with warm light.,Utilities,"[""Decoration""]",[],,in-collection,,utilities_order,37,,,,,,,,[],"[2206,2208,2211,2244]",https://pokopiadex.com/images/items/crafting_ui/plain-lamp.png,[],https://pokopiadex.com/items/plain-lamp,pokopiadex_items_in_collection
placeable_item,1471,Desk light,desk-light,A light with a simple design. Perfect for brightening up your desk when you need to focus on work.,Utilities,"[""Decoration""]",[],,in-collection,,utilities_order,38,,,,200,,,,[],"[2206,2211,2222,2232]",https://pokopiadex.com/images/items/shop_ui/desk-light.png,[],https://pokopiadex.com/items/desk-light,pokopiadex_items_in_collection
placeable_item,1504,Poké Ball light,poke-ball-light,A neon light that glows red and white when powered on. It would look great on top of a table.,Utilities,"[""Decoration""]","[""Red Pokeball in Bleak Beach""]",,in-collection,,utilities_order,39,,,,,,,,[],"[2200,2206,2211,2221,2222]",https://pokopiadex.com/images/items/item_ui/poke-ball-light.png,[],https://pokopiadex.com/items/poke-ball-light,pokopiadex_items_in_collection
placeable_item,1565,Berry table lamp,berry-table-lamp,A Rawst Berry made of glass. Power it on to illuminate the area with pale blue light.,Utilities,"[""Decoration""]",[],,in-collection,,utilities_order,40,,,,,,,,[],"[2204,2206,2211,2216,2219]",https://pokopiadex.com/images/items/item_ui/berry-table-lamp.png,[],https://pokopiadex.com/items/berry-table-lamp,pokopiadex_items_in_collection
placeable_item,1425,Cute lamp,cute-lamp,"A cute decorative lamp, even when it's turned off. Power it on to make the central heart glow.",Utilities,"[""Decoration""]",[],,in-collection,,utilities_order,41,,,,,,,,[],"[2204,2206,2211]",https://pokopiadex.com/images/items/item_ui/cute-lamp.png,[],https://pokopiadex.com/items/cute-lamp,pokopiadex_items_in_collection
placeable_item,1860,Poké Ball lamp,poke-ball-lamp,Emits a brilliant light when powered on. This would look great on a shelf.,Utilities,"[""Decoration""]",[],,in-collection,,utilities_order,42,,,,,,,,[],"[2206,2211,2221,2229,2239]",https://pokopiadex.com/images/items/item_ui/poke-ball-lamp.png,[],https://pokopiadex.com/items/poke-ball-lamp,pokopiadex_items_in_collection
placeable_item,1861,Model planet,model-planet,A model of some unexplored faraway planet. It looks just like a piece of yummy candy.,Utilities,"[""Toy""]",[],,in-collection,,utilities_order,43,,,,,,,,[],"[2200,2204,2206,2222,2229,2236]",https://pokopiadex.com/images/items/item_ui/model-planet.png,[],https://pokopiadex.com/items/model-planet,pokopiadex_items_in_collection
placeable_item,2013,Red meteor lamp,red-meteor-lamp,"When powered on, this sparkles like a shooting star and instantly gives its surroundings a mystical vibe.",Utilities,"[""Decoration""]",[],,in-collection,,utilities_order,44,,,,,,,,[],"[2204,2206,2211,2231]",https://pokopiadex.com/images/items/item_ui/red-meteor-lamp.png,[],https://pokopiadex.com/items/red-meteor-lamp,pokopiadex_items_in_collection
placeable_item,2014,Orange meteor lamp,orange-meteor-lamp,"When powered on, this sparkles like a shooting star and instantly gives its surroundings a mystical vibe.",Utilities,"[""Decoration""]",[],,in-collection,,utilities_order,45,,,,,,,,[],"[2204,2206,2211,2231]",https://pokopiadex.com/images/items/item_ui/orange-meteor-lamp.png,[],https://pokopiadex.com/items/orange-meteor-lamp,pokopiadex_items_in_collection
placeable_item,2015,Yellow meteor lamp,yellow-meteor-lamp,"When powered on, this sparkles like a shooting star and instantly gives its surroundings a mystical vibe.",Utilities,"[""Decoration""]",[],,in-collection,,utilities_order,46,,,,,,,,[],"[2204,2206,2211,2231]",https://pokopiadex.com/images/items/item_ui/yellow-meteor-lamp.png,[],https://pokopiadex.com/items/yellow-meteor-lamp,pokopiadex_items_in_collection
placeable_item,2016,Green meteor lamp,green-meteor-lamp,"When powered on, this sparkles like a shooting star and instantly gives its surroundings a mystical vibe.",Utilities,"[""Decoration""]",[],,in-collection,,utilities_order,47,,,,,,,,[],"[2204,2206,2211,2231]",https://pokopiadex.com/images/items/item_ui/green-meteor-lamp.png,[],https://pokopiadex.com/items/green-meteor-lamp,pokopiadex_items_in_collection
placeable_item,2017,Blue meteor lamp,blue-meteor-lamp,"When powered on, this sparkles like a shooting star and instantly gives its surroundings a mystical vibe.",Utilities,"[""Decoration""]",[],,in-collection,,utilities_order,48,,,,,,,,[],"[2204,2206,2211,2231]",https://pokopiadex.com/images/items/item_ui/blue-meteor-lamp.png,[],https://pokopiadex.com/items/blue-meteor-lamp,pokopiadex_items_in_collection
placeable_item,2018,Indigo meteor lamp,indigo-meteor-lamp,"When powered on, this sparkles like a shooting star and instantly gives its surroundings a mystical vibe.",Utilities,"[""Decoration""]",[],,in-collection,,utilities_order,49,,,,,,,,[],"[2204,2206,2211,2231]",https://pokopiadex.com/images/items/item_ui/indigo-meteor-lamp.png,[],https://pokopiadex.com/items/indigo-meteor-lamp,pokopiadex_items_in_collection
placeable_item,2019,Violet meteor lamp,violet-meteor-lamp,"When powered on, this sparkles like a shooting star and instantly gives its surroundings a mystical vibe.",Utilities,"[""Decoration""]",[],,in-collection,,utilities_order,50,,,,,,,,[],"[2204,2206,2211,2231]",https://pokopiadex.com/images/items/item_ui/violet-meteor-lamp.png,[],https://pokopiadex.com/items/violet-meteor-lamp,pokopiadex_items_in_collection
placeable_item,1395,Luxury lamp,luxury-lamp,"When this lamp is powered on, it emits a gentle light, illuminating its surroundings.",Utilities,"[""Decoration""]",[],,in-collection,,utilities_order,51,,,,,,,,[],"[2204,2206,2208,2211,2221,2232]",https://pokopiadex.com/images/items/item_ui/luxury-lamp.png,[],https://pokopiadex.com/items/luxury-lamp,pokopiadex_items_in_collection
placeable_item,430,Garden light,garden-light,A light that's perfect for a garden! Beautifully illuminates flowers—even at night!,Utilities,"[""Decoration""]",[],,in-collection,,utilities_order,52,,,,150,,,,[],"[2206,2211,2222]",https://pokopiadex.com/images/items/shop_ui/garden-light.png,[],https://pokopiadex.com/items/garden-light,pokopiadex_items_in_collection
placeable_item,687,Lantern,lantern,"This emits bright light when powered on. You'll feel safe if you have this, even in a dark cave.",Utilities,"[""Decoration""]",[],,in-collection,,utilities_order,53,,,,,,,,[],"[2206,2211,2222]",https://pokopiadex.com/images/items/item_ui/lantern.png,[],https://pokopiadex.com/items/lantern,pokopiadex_items_in_collection
placeable_item,917,Seedot lamp,seedot-lamp,"When mounted to a wall, this looks just like a Seedot hanging from a branch!",Utilities,"[""Decoration""]","[""Appraise Large lost relic""]",,in-collection,Lost Relics (L),lost_relics_l_order,33,,,,,,,,[],"[2206,2211,2219,2229]",https://pokopiadex.com/images/items/item_ui/seedot-lamp.png,[],https://pokopiadex.com/items/seedot-lamp,pokopiadex_items_in_collection
placeable_item,1862,Mirror ball,mirror-ball,Sparkles and twinkles when powered on. Quickly turns the whole area into a party zone.,Utilities,"[""Decoration""]","[""Gifts from Pokemon""]",,in-collection,,utilities_order,55,,,,,,,,[],"[2206,2211,2222,2229,2231]",https://pokopiadex.com/images/items/shop_ui/mirror-ball.png,[],https://pokopiadex.com/items/mirror-ball,pokopiadex_items_in_collection
placeable_item,1863,Wall light,wall-light,A light that can be fixed to a wall. Power it on and it'll light the area with a warm glow.,Utilities,"[""Decoration""]",[],,in-collection,,utilities_order,56,,,,,,,,[],"[2198,2206,2211]",https://pokopiadex.com/images/items/item_ui/wall-light.png,[],https://pokopiadex.com/items/wall-light,pokopiadex_items_in_collection
placeable_item,1164,Shell lamp,shell-lamp,"It looks like a simple seashell at first glance, but hang it up and power it on, and it emits a gentle light.",Utilities,"[""Decoration""]",[],,in-collection,,utilities_order,57,,,,,,,,[],"[2204,2206,2211,2225]",https://pokopiadex.com/images/items/crafting_ui/shell-lamp.png,[],https://pokopiadex.com/items/shell-lamp,pokopiadex_items_in_collection
placeable_item,1864,Fluorescent light,fluorescent-light,Shines brilliantly when powered on. Even nighttime feels like noon when this light is on.,Utilities,"[""Decoration""]",[],,in-collection,,utilities_order,58,,,,,,,,[],"[2206,2211,2231,2232]",https://pokopiadex.com/images/items/item_ui/fluorescent-light.png,[],https://pokopiadex.com/items/fluorescent-light,pokopiadex_items_in_collection
placeable_item,1865,Gaming light,gaming-light,Emits rainbow light when mounted to a wall and powered on.,Utilities,"[""Decoration""]",[],,in-collection,,utilities_order,59,,,,,,,,[],"[2200,2206,2210,2211]",https://pokopiadex.com/images/items/item_ui/gaming-light.png,[],https://pokopiadex.com/items/gaming-light,pokopiadex_items_in_collection
placeable_item,833,Resort light,resort-light,A light that resembles a ball of tangled string. Its gentle glow creates a fancy atmosphere.,Utilities,"[""Decoration""]",[],,in-collection,,utilities_order,60,,,,,,,,[],"[2206,2222,2225,2243]",https://pokopiadex.com/images/items/crafting_ui/resort-light.png,[],https://pokopiadex.com/items/resort-light,pokopiadex_items_in_collection
placeable_item,1737,String lights,string-lights,Hang these lights on the wall and power them on to create a lively atmosphere.,Utilities,"[""Decoration""]","[""Red Pokeball in Bleak Beach""]",,in-collection,,utilities_order,61,,,,,,,,[],"[2206,2210,2211]",https://pokopiadex.com/images/items/crafting_ui/string-lights.png,[],https://pokopiadex.com/items/string-lights,pokopiadex_items_in_collection
placeable_item,1866,Pop art lamp,pop-art-lamp,The bright bulb bounces off a shiny lampshade. Looking at it seems to improve your mood!,Utilities,"[""Decoration""]",[],,in-collection,,utilities_order,62,,,,,,,,[],"[2206,2211]",https://pokopiadex.com/images/items/item_ui/pop-art-lamp.png,[],https://pokopiadex.com/items/pop-art-lamp,pokopiadex_items_in_collection
placeable_item,1867,Berry hanging lamp,berry-hanging-lamp,"When hung from the ceiling and powered on, the tip of the Chesto Berry emits a gentle light.",Utilities,"[""Decoration""]",[],,in-collection,,utilities_order,63,,,,,,,,[],"[2204,2206,2211,2216,2219,2232]",https://pokopiadex.com/images/items/item_ui/berry-hanging-lamp.png,[],https://pokopiadex.com/items/berry-hanging-lamp,pokopiadex_items_in_collection
placeable_item,1868,Surface light,surface-light,Simple inconspicuous lights. You can embed them in ceilings and walls.,Utilities,"[""Decoration""]",[],,in-collection,,utilities_order,64,,,,,,,,[],"[2206,2211,2229]",https://pokopiadex.com/images/items/item_ui/surface-light.png,[],https://pokopiadex.com/items/surface-light,pokopiadex_items_in_collection
placeable_item,1166,Spotlight,spotlight,"When powered on, this light shines brightly on whatever is in front of it.",Utilities,"[""Decoration""]",[],,in-collection,,utilities_order,65,,,,,,,,[],"[2206,2211,2222]",https://pokopiadex.com/images/items/crafting_ui/spotlight.png,[],https://pokopiadex.com/items/spotlight,pokopiadex_items_in_collection
placeable_item,1869,Antique chandelier,antique-chandelier,Hang this from the ceiling to illuminate a room with gentle light. Perfect for a mansion aesthetic!,Utilities,"[""Decoration""]",[],,in-collection,,utilities_order,66,,,,,,,,[],"[2206,2211,2221,2222]",https://pokopiadex.com/images/items/item_ui/antique-chandelier.png,[],https://pokopiadex.com/items/antique-chandelier,pokopiadex_items_in_collection
placeable_item,1870,Music mat (low do),music-mat-low-do,A strange mat that makes different sounds when you step on it depending on the direction it's facing.,Utilities,"[""Toy""]",[],,in-collection,,utilities_order,67,,,,,,,,[],"[2224,2226,2231,2239]",https://pokopiadex.com/images/items/item_ui/music-mat-low-do.png,[],https://pokopiadex.com/items/music-mat-low-do,pokopiadex_items_in_collection
placeable_item,1871,Music mat (Re),music-mat-re,A strange mat that makes different sounds when you step on it depending on the direction it's facing.,Utilities,"[""Toy""]",[],,in-collection,,utilities_order,68,,,,,,,,[],"[2224,2226,2231,2239]",https://pokopiadex.com/images/items/item_ui/music-mat-re.png,[],https://pokopiadex.com/items/music-mat-re,pokopiadex_items_in_collection
placeable_item,1872,Music mat (Mi),music-mat-mi,A strange mat that makes different sounds when you step on it depending on the direction it's facing.,Utilities,"[""Toy""]",[],,in-collection,,utilities_order,69,,,,,,,,[],"[2224,2226,2231,2239]",https://pokopiadex.com/images/items/item_ui/music-mat-mi.png,[],https://pokopiadex.com/items/music-mat-mi,pokopiadex_items_in_collection
placeable_item,1873,Music mat (Fa),music-mat-fa,A strange mat that makes different sounds when you step on it depending on the direction it's facing.,Utilities,"[""Toy""]",[],,in-collection,,utilities_order,70,,,,,,,,[],"[2224,2226,2231,2239]",https://pokopiadex.com/images/items/item_ui/music-mat-fa.png,[],https://pokopiadex.com/items/music-mat-fa,pokopiadex_items_in_collection
placeable_item,1874,Music mat (Sol),music-mat-sol,A strange mat that makes different sounds when you step on it depending on the direction it's facing.,Utilities,"[""Toy""]",[],,in-collection,,utilities_order,71,,,,,,,,[],"[2224,2226,2231,2239]",https://pokopiadex.com/images/items/item_ui/music-mat-sol.png,[],https://pokopiadex.com/items/music-mat-sol,pokopiadex_items_in_collection
placeable_item,1875,Music mat (La),music-mat-la,A strange mat that makes different sounds when you step on it depending on the direction it's facing.,Utilities,"[""Toy""]",[],,in-collection,,utilities_order,72,,,,,,,,[],"[2224,2226,2231,2239]",https://pokopiadex.com/images/items/item_ui/music-mat-la.png,[],https://pokopiadex.com/items/music-mat-la,pokopiadex_items_in_collection
placeable_item,1876,Music mat (Ti),music-mat-ti,A strange mat that makes different sounds when you step on it depending on the direction it's facing.,Utilities,"[""Toy""]",[],,in-collection,,utilities_order,73,,,,,,,,[],"[2224,2226,2231,2239]",https://pokopiadex.com/images/items/item_ui/music-mat-ti.png,[],https://pokopiadex.com/items/music-mat-ti,pokopiadex_items_in_collection
placeable_item,1877,Music mat (High do),music-mat-high-do,A strange mat that makes different sounds when you step on it depending on the direction it's facing.,Utilities,"[""Toy""]",[],,in-collection,,utilities_order,74,,,,,,,,[],"[2224,2226,2231,2239]",https://pokopiadex.com/images/items/item_ui/music-mat-high-do.png,[],https://pokopiadex.com/items/music-mat-high-do,pokopiadex_items_in_collection
placeable_item,2369,Camping cooking pot,camping-cooking-pot,Cooking equipment for making soup. Put this on a stove or campfire.,Utilities,[],"[""Trade 10 Red crystal fragments to Sableye""]",Sableye's Gem Hunt,in-collection,,utilities_order,1,,,,,,,,[],[],https://pokopiadex.com/images/items/item_ui/camping-cooking-pot.png,[],https://pokopiadex.com/items/camping-cooking-pot,pokopiadex_items_in_collection
placeable_item,2365,Oil lantern,oil-lantern,A lantern that provides a dim glow when lit. Perfect for exploring dark places!,Utilities,"[""Decoration""]","[""Trade 2 Red crystal fragments to Sableye""]",Sableye's Gem Hunt,in-collection,,utilities_order,2,,,,,,,,[],"[2203,2218,2222]",https://pokopiadex.com/images/items/item_ui/oil-lantern.png,[],https://pokopiadex.com/items/oil-lantern,pokopiadex_items_in_collection
placeable_item,83,Wooden steps,wooden-steps,"If you build steps, it'll be easier for Pokémon to walk on sloping roads.",Buildings,"[""Road""]",[],,in-collection,,buildings_order,1,,,,,,,,[],[],https://pokopiadex.com/images/items/crafting_ui/wooden-steps.png,[],https://pokopiadex.com/items/wooden-steps,pokopiadex_items_in_collection
placeable_item,1878,Stylish steps,stylish-steps,A stylish set of steps made of plaster and wood. They'd look great alongside some plaster walls.,Buildings,"[""Road""]",[],,in-collection,,buildings_order,2,,,,,,,,[],[],https://pokopiadex.com/images/items/item_ui/stylish-steps.png,[],https://pokopiadex.com/items/stylish-steps,pokopiadex_items_in_collection
placeable_item,849,Stone steps,stone-steps,Steps made of stacked stones. Place several of these for a stately atmosphere.,Buildings,"[""Road""]",[],,in-collection,,buildings_order,3,,,,,,,,[],"[2213,2238]",https://pokopiadex.com/images/items/crafting_ui/stone-steps.png,[],https://pokopiadex.com/items/stone-steps,pokopiadex_items_in_collection
placeable_item,1879,Concrete steps,concrete-steps,A sturdy set of steps made of concrete. Try placing them on paths or in buildings.,Buildings,"[""Road""]",[],,in-collection,,buildings_order,4,,,,,,,,[],[],https://pokopiadex.com/images/items/item_ui/concrete-steps.png,[],https://pokopiadex.com/items/concrete-steps,pokopiadex_items_in_collection
placeable_item,1117,Brick steps,brick-steps,Modern steps made of brick. Place lots of these to create a stylish town!,Buildings,"[""Road""]",[],,in-collection,,buildings_order,5,,,,,,,,[],[],https://pokopiadex.com/images/items/crafting_ui/brick-steps.png,[],https://pokopiadex.com/items/brick-steps,pokopiadex_items_in_collection
placeable_item,1307,Iron steps,iron-steps,"Steps that wouldn't look out of place in a factory. They're a bit bumpy, which helps prevent slipping.",Buildings,"[""Road""]",[],,in-collection,,buildings_order,6,,,,100,,,,[],[2222],https://pokopiadex.com/images/items/shop_ui/iron-steps.png,[],https://pokopiadex.com/items/iron-steps,pokopiadex_items_in_collection
placeable_item,406,Wooden ladder,wooden-ladder,Linking these vertically makes climbing even the highest of walls a breeze!,Buildings,[],[],,in-collection,,buildings_order,7,,,,,,,,[],[],https://pokopiadex.com/images/items/crafting_ui/wooden-ladder.png,[],https://pokopiadex.com/items/wooden-ladder,pokopiadex_items_in_collection
placeable_item,1880,Iron ladder,iron-ladder,"Great for reaching high places. Connect them vertically, then climb straight up.",Buildings,[],[],,in-collection,,buildings_order,8,,,,,,,,[],[2222],https://pokopiadex.com/images/items/item_ui/iron-ladder.png,[],https://pokopiadex.com/items/iron-ladder,pokopiadex_items_in_collection
placeable_item,881,Wire,wire,A wire that can support objects of any weight. It's perfect for hanging furnishings from the ceiling!,Buildings,[],[],,in-collection,,buildings_order,9,,,,10,,,,[],[2232],https://pokopiadex.com/images/items/crafting_ui/wire.png,[],https://pokopiadex.com/items/wire,pokopiadex_items_in_collection
placeable_item,1881,Metal chain,metal-chain,"A thin, sturdy chain. Link a few pieces together and you can use them to climb up to high places.",Buildings,[],[],,in-collection,,buildings_order,10,,,,,,,,[],"[2222,2232]",https://pokopiadex.com/images/items/item_ui/metal-chain.png,[],https://pokopiadex.com/items/metal-chain,pokopiadex_items_in_collection
placeable_item,1160,Rope,rope,"A length of thick, sturdy rope. Tie a few together and climb it to reach high places!",Buildings,[],[],,in-collection,,buildings_order,11,,,,10,,,,[],[2232],https://pokopiadex.com/images/items/crafting_ui/rope.png,[],https://pokopiadex.com/items/rope,pokopiadex_items_in_collection
placeable_item,1882,Pulley,pulley,A pulley that hangs from the ceiling. This works great for hanging ropes or decorations!,Buildings,[],[],,in-collection,,buildings_order,12,,,,,,,,[],[],https://pokopiadex.com/images/items/item_ui/pulley.png,[],https://pokopiadex.com/items/pulley,pokopiadex_items_in_collection
placeable_item,76,Rustic door,rustic-door,A door reinforced by large crossbeams. It's perfect for huts or ships.,Buildings,"[""Decoration""]","[""Red Pokeball in Bleak Beach""]",,in-collection,,buildings_order,13,,,,,,,,[],[],https://pokopiadex.com/images/items/crafting_ui/rustic-door.png,[],https://pokopiadex.com/items/rustic-door,pokopiadex_items_in_collection
placeable_item,1883,Simple door,simple-door,A simple door with a glass window. It would look great on a hut or a warehouse.,Buildings,[],[],,in-collection,,buildings_order,14,,,,,,,,[],[],https://pokopiadex.com/images/items/item_ui/simple-door.png,[],https://pokopiadex.com/items/simple-door,pokopiadex_items_in_collection
placeable_item,1884,Boat door,boat-door,An affluent-looking door with a number plate. Perfect for guest rooms on a luxury cruise ship.,Buildings,[],[],,in-collection,,buildings_order,15,,,,,,,,[],[],https://pokopiadex.com/images/items/item_ui/boat-door.png,[],https://pokopiadex.com/items/boat-door,pokopiadex_items_in_collection
placeable_item,1134,Modern door,modern-door,A simple yet sturdy door that would make the perfect entrance to a house.,Buildings,[],[],,in-collection,,buildings_order,16,,,,,,,,[],[2211],https://pokopiadex.com/images/items/crafting_ui/modern-door.png,[],https://pokopiadex.com/items/modern-door,pokopiadex_items_in_collection
placeable_item,1885,Stylish door,stylish-door,A door made of glass from top to bottom. It seems like it would fit well in modern-style rooms.,Buildings,[],[],,in-collection,,buildings_order,17,,,,,,,,[],[],https://pokopiadex.com/images/items/item_ui/stylish-door.png,[],https://pokopiadex.com/items/stylish-door,pokopiadex_items_in_collection
placeable_item,1886,Brainy door,brainy-door,A door with a practical utilitarian design. Its colors and the shape of its window are both very sleek.,Buildings,[],[],,in-collection,,buildings_order,18,,,,,,,,[],[],https://pokopiadex.com/images/items/item_ui/brainy-door.png,[],https://pokopiadex.com/items/brainy-door,pokopiadex_items_in_collection
placeable_item,1071,Iron door,iron-door,A door with an antique pattern carved onto it. Would pair well with gorgeous furniture.,Buildings,[],"[""Red Pokeball on Museum balcony in Rocky Ridges""]",,in-collection,,buildings_order,19,,,,,,,,[],[2222],https://pokopiadex.com/images/items/item_ui/iron-door.png,[],https://pokopiadex.com/items/iron-door,pokopiadex_items_in_collection
placeable_item,388,Large wooden door,large-wooden-door,"A wooden door with a knob that makes it easy to open and close, even for Pokémon!",Buildings,[],[],,in-collection,,buildings_order,20,,,,,,,,[],[],https://pokopiadex.com/images/items/crafting_ui/large-wooden-door.png,[],https://pokopiadex.com/items/large-wooden-door,pokopiadex_items_in_collection
placeable_item,1113,Automatic doors,automatic-doors,"You can't open or close these as is, but they function automatically when hooked up to electricity.",Buildings,[],[],,in-collection,,buildings_order,21,,,,,,,,[],[],https://pokopiadex.com/images/items/crafting_ui/automatic-doors.png,[],https://pokopiadex.com/items/automatic-doors,pokopiadex_items_in_collection
placeable_item,1887,Shutter,shutter,It has a Poké Ball design smack-dab in the middle and feels like it could be the entrance to a secret base.,Buildings,[],[],,in-collection,,buildings_order,22,,,,,,,,[],[],https://pokopiadex.com/images/items/item_ui/shutter.png,[],https://pokopiadex.com/items/shutter,pokopiadex_items_in_collection
placeable_item,389,Wooden gate,wooden-gate,This would make a great building entrance—and also work as part of a wooden fence.,Buildings,[],[],,in-collection,,buildings_order,23,,,,,,,,[],[],https://pokopiadex.com/images/items/crafting_ui/wooden-gate.png,[],https://pokopiadex.com/items/wooden-gate,pokopiadex_items_in_collection
placeable_item,1171,Swinging doors,swinging-doors,Cafe-style double doors. Place them at an entryway and watch Pokémon come and go!,Buildings,[],[],,in-collection,,buildings_order,24,,,,,,,,[],[],https://pokopiadex.com/images/items/crafting_ui/swinging-doors.png,[],https://pokopiadex.com/items/swinging-doors,pokopiadex_items_in_collection
placeable_item,869,Iron gate,iron-gate,Fancy double doors with a whirling pattern. It would pair nicely with some metal fencing.,Buildings,[],[],,in-collection,,buildings_order,25,,,,,,,,[],[2222],https://pokopiadex.com/images/items/crafting_ui/iron-gate.png,[],https://pokopiadex.com/items/iron-gate,pokopiadex_items_in_collection
placeable_item,1706,Simple curtain (left),simple-curtain-left,"Plain, simple curtains that work well with any room.",Buildings,[],[],,in-collection,,buildings_order,26,,,,,,,,[],[],https://pokopiadex.com/images/items/crafting_ui/simple-curtain-left.png,[],https://pokopiadex.com/items/simple-curtain-left,pokopiadex_items_in_collection
placeable_item,1707,Simple curtain (right),simple-curtain-right,"Plain, simple curtains that work well with any room.",Buildings,[],[],,in-collection,,buildings_order,27,,,,,,,,[],[],https://pokopiadex.com/images/items/crafting_ui/simple-curtain-right.png,[],https://pokopiadex.com/items/simple-curtain-right,pokopiadex_items_in_collection
placeable_item,49,Hatch window,hatch-window,A window with a heavy hatch that can be opened and closed. It's perfect for houses.,Buildings,[],[],,in-collection,,buildings_order,28,,,,,,,,[],[],https://pokopiadex.com/images/items/crafting_ui/hatch-window.png,[],https://pokopiadex.com/items/hatch-window,pokopiadex_items_in_collection
placeable_item,646,Underground hatch,underground-hatch,A window with a heavy hatch that opens and closes. Place it on the ground to make an underground door.,Buildings,[],[],,in-collection,,buildings_order,29,,,,,,,,[],[],https://pokopiadex.com/images/items/crafting_ui/underground-hatch.png,[],https://pokopiadex.com/items/underground-hatch,pokopiadex_items_in_collection
placeable_item,1888,Glass window,glass-window,A simple window that fits in any space. Arrange multiple vertically or horizontally-your call.,Buildings,[],[],,in-collection,,buildings_order,30,,,,,,,,[],[2211],https://pokopiadex.com/images/items/item_ui/glass-window.png,[],https://pokopiadex.com/items/glass-window,pokopiadex_items_in_collection
placeable_item,1889,Window pane,window-pane,A framed glass pane. It makes a great window or partition.,Buildings,[],[],,in-collection,,buildings_order,31,,,,,,,,[],[2211],https://pokopiadex.com/images/items/item_ui/window-pane.png,[],https://pokopiadex.com/items/window-pane,pokopiadex_items_in_collection
placeable_item,1890,Stained-glass window (upper),stained-glass-window-upper,A fancy stained-glass window. It's got a slightly retro vibe.,Buildings,[],[],,in-collection,,buildings_order,32,,,,,,,,[],[2211],https://pokopiadex.com/images/items/item_ui/stained-glass-window-upper.png,[],https://pokopiadex.com/items/stained-glass-window-upper,pokopiadex_items_in_collection
placeable_item,1891,Stained-glass window (middle),stained-glass-window-middle,A fancy stained-glass window. It's got a slightly retro vibe.,Buildings,[],[],,in-collection,,buildings_order,33,,,,,,,,[],[2211],https://pokopiadex.com/images/items/item_ui/stained-glass-window-middle.png,[],https://pokopiadex.com/items/stained-glass-window-middle,pokopiadex_items_in_collection
placeable_item,1892,Stained-glass window (lower),stained-glass-window-lower,A fancy stained-glass window. It's got a slightly retro vibe.,Buildings,[],[],,in-collection,,buildings_order,34,,,,,,,,[],[2211],https://pokopiadex.com/images/items/item_ui/stained-glass-window-lower.png,[],https://pokopiadex.com/items/stained-glass-window-lower,pokopiadex_items_in_collection
placeable_item,1162,Sash window,sash-window,A long vertical window with a cute cross trim. Try opening up the bottom half!,Buildings,[],[],,in-collection,,buildings_order,35,,,,,,,,[],[2211],https://pokopiadex.com/images/items/crafting_ui/sash-window.png,[],https://pokopiadex.com/items/sash-window,pokopiadex_items_in_collection
placeable_item,890,Sloped tiled roof,sloped-tiled-roof,You can arrange these vertically or horizontally to make a roof.,Buildings,[],[],,in-collection,,buildings_order,36,,,,,,,,[],[],https://pokopiadex.com/images/items/crafting_ui/sloped-tiled-roof.png,[],https://pokopiadex.com/items/sloped-tiled-roof,pokopiadex_items_in_collection
placeable_item,891,Tiled hipped roof,tiled-hipped-roof,Try using this when you make a roof! It looks like it would fit beautifully along the edges.,Buildings,[],[],,in-collection,,buildings_order,37,,,,,,,,[],[],https://pokopiadex.com/images/items/crafting_ui/tiled-hipped-roof.png,[],https://pokopiadex.com/items/tiled-hipped-roof,pokopiadex_items_in_collection
placeable_item,893,Tiled roof valley,tiled-roof-valley,"When you're planning out the shape of your roof, putting in some valleys adds a really nice touch.",Buildings,[],[],,in-collection,,buildings_order,38,,,,,,,,[],[],https://pokopiadex.com/images/items/crafting_ui/tiled-roof-valley.png,[],https://pokopiadex.com/items/tiled-roof-valley,pokopiadex_items_in_collection
placeable_item,889,Flat tiled roof,flat-tiled-roof,"If you make your roof a little flatter, it'll look nice and stylish!",Buildings,[],[],,in-collection,,buildings_order,39,,,,,,,,[],[],https://pokopiadex.com/images/items/crafting_ui/flat-tiled-roof.png,[],https://pokopiadex.com/items/flat-tiled-roof,pokopiadex_items_in_collection
placeable_item,892,Tiled roof decoration,tiled-roof-decoration,Try putting this on a roof! It looks great whether you install one or a whole bunch!,Buildings,[],[],,in-collection,,buildings_order,40,,,,,,,,[],[],https://pokopiadex.com/images/items/crafting_ui/tiled-roof-decoration.png,[],https://pokopiadex.com/items/tiled-roof-decoration,pokopiadex_items_in_collection
placeable_item,894,Magikarp decoration,magikarp-decoration,This would make a great accent piece in the center of a roof.,Buildings,[],[],,in-collection,,buildings_order,41,,,,,,,,[],[],https://pokopiadex.com/images/items/crafting_ui/magikarp-decoration.png,[],https://pokopiadex.com/items/magikarp-decoration,pokopiadex_items_in_collection
placeable_item,1894,Stone hipped roof,stone-hipped-roof,You can arrange these vertically or horizontally to make a roof.,Buildings,[],[],,in-collection,,buildings_order,42,,,,,,,,[],"[2213,2238]",https://pokopiadex.com/images/items/item_ui/stone-hipped-roof.png,[],https://pokopiadex.com/items/stone-hipped-roof,pokopiadex_items_in_collection
placeable_item,54,Sloped stone roof,sloped-stone-roof,You can arrange these vertically or horizontally to make a roof.,Buildings,[],[],,in-collection,,buildings_order,43,,,,,,,,[],[],https://pokopiadex.com/images/items/item_ui/sloped-stone-roof.png,[],https://pokopiadex.com/items/sloped-stone-roof,pokopiadex_items_in_collection
placeable_item,1893,Skylight,skylight,Try using this when you make a roof! It looks like it would fit beautifully along the edges.,Buildings,[],[],,in-collection,,buildings_order,44,,,,,,,,[],[],https://pokopiadex.com/images/items/item_ui/skylight.png,[],https://pokopiadex.com/items/skylight,pokopiadex_items_in_collection
placeable_item,1895,Stone roof valley,stone-roof-valley,"When you're planning out the shape of your roof, putting in some valleys adds a really nice touch.",Buildings,[],[],,in-collection,,buildings_order,45,,,,,,,,[],"[2213,2238]",https://pokopiadex.com/images/items/item_ui/stone-roof-valley.png,[],https://pokopiadex.com/items/stone-roof-valley,pokopiadex_items_in_collection
placeable_item,1896,Flat stone roof,flat-stone-roof,"If you make your roof a little flatter, it'll look nice and stylish.",Buildings,[],[],,in-collection,,buildings_order,46,,,,,,,,[],[],https://pokopiadex.com/images/items/item_ui/flat-stone-roof.png,[],https://pokopiadex.com/items/flat-stone-roof,pokopiadex_items_in_collection
placeable_item,1897,Stone roof decoration,stone-roof-decoration,Try putting this on a roof! It looks great whether you install one or a whole bunch.,Buildings,[],[],,in-collection,,buildings_order,47,,,,,,,,[],"[2213,2238]",https://pokopiadex.com/images/items/item_ui/stone-roof-decoration.png,[],https://pokopiadex.com/items/stone-roof-decoration,pokopiadex_items_in_collection
placeable_item,1898,Pitched brick roof,pitched-brick-roof,You can arrange these vertically or horizontally to make a roof.,Buildings,[],[],,in-collection,,buildings_order,48,,,,,,,,[],[],https://pokopiadex.com/images/items/crafting_ui/pitched-brick-roof.png,[],https://pokopiadex.com/items/pitched-brick-roof,pokopiadex_items_in_collection
placeable_item,1899,Dormered brick roof,dormered-brick-roof,This would be a great accent piece in the center of a roof.,Buildings,[],[],,in-collection,,buildings_order,49,,,,,,,,[],[],https://pokopiadex.com/images/items/crafting_ui/dormered-brick-roof.png,[],https://pokopiadex.com/items/dormered-brick-roof,pokopiadex_items_in_collection
placeable_item,1900,Brick hipped roof,brick-hipped-roof,A piece of brick roofing that juts outward. Looks like it'd work great as an edge piece.,Buildings,[],[],,in-collection,,buildings_order,50,,,,,,,,[],[],https://pokopiadex.com/images/items/crafting_ui/brick-hipped-roof.png,[],https://pokopiadex.com/items/brick-hipped-roof,pokopiadex_items_in_collection
placeable_item,1901,Brick roof valley,brick-roof-valley,A piece of brick roofing that recesses inward. Looks like it'd work great as a corner piece.,Buildings,[],[],,in-collection,,buildings_order,51,,,,,,,,[],[],https://pokopiadex.com/images/items/crafting_ui/brick-roof-valley.png,[],https://pokopiadex.com/items/brick-roof-valley,pokopiadex_items_in_collection
placeable_item,1902,Flat brick roof,flat-brick-roof,"If you make your roof a little flatter, it'll look nice and stylish.",Buildings,[],[],,in-collection,,buildings_order,52,,,,,,,,[],[],https://pokopiadex.com/images/items/crafting_ui/flat-brick-roof.png,[],https://pokopiadex.com/items/flat-brick-roof,pokopiadex_items_in_collection
placeable_item,1903,Brick roof decoration,brick-roof-decoration,Try putting this on a roof! It looks great whether you install one or a whole bunch.,Buildings,[],[],,in-collection,,buildings_order,53,,,,,,,,[],[],https://pokopiadex.com/images/items/crafting_ui/brick-roof-decoration.png,[],https://pokopiadex.com/items/brick-roof-decoration,pokopiadex_items_in_collection
placeable_item,1904,Sloped tent roof,sloped-tent-roof,You can arrange these vertically or horizontally to make a roof.,Buildings,[],[],,in-collection,,buildings_order,54,,,,,,,,[],[],https://pokopiadex.com/images/items/crafting_ui/sloped-tent-roof.png,[],https://pokopiadex.com/items/sloped-tent-roof,pokopiadex_items_in_collection
placeable_item,1905,Tent hipped roof,tent-hipped-roof,Try using this when you make a roof! It looks like it would fit beautifully along the edges.,Buildings,[],[],,in-collection,,buildings_order,55,,,,,,,,[],[],https://pokopiadex.com/images/items/crafting_ui/tent-hipped-roof.png,[],https://pokopiadex.com/items/tent-hipped-roof,pokopiadex_items_in_collection
placeable_item,1906,Tent roof valley,tent-roof-valley,"When you're planning out the shape of your roof, putting in some valleys adds a really nice touch.",Buildings,[],[],,in-collection,,buildings_order,56,,,,,,,,[],[],https://pokopiadex.com/images/items/crafting_ui/tent-roof-valley.png,[],https://pokopiadex.com/items/tent-roof-valley,pokopiadex_items_in_collection
placeable_item,1907,Flat tent roof,flat-tent-roof,"If you make your roof a little flatter, it'll look nice and stylish.",Buildings,[],[],,in-collection,,buildings_order,57,,,,,,,,[],[],https://pokopiadex.com/images/items/crafting_ui/flat-tent-roof.png,[],https://pokopiadex.com/items/flat-tent-roof,pokopiadex_items_in_collection
placeable_item,680,Glossy awning,glossy-awning,Install a bunch of these along a wall to block out rain and harsh sunlight.,Buildings,[],[],,in-collection,,buildings_order,58,,,,,,,,[],[],https://pokopiadex.com/images/items/crafting_ui/glossy-awning.png,[],https://pokopiadex.com/items/glossy-awning,pokopiadex_items_in_collection
placeable_item,1908,Corrugated metal,corrugated-metal,Align several of these to create a roof that could probably protect against wind and rain.,Buildings,"[""Road""]",[],,in-collection,,buildings_order,59,,,,,,,,[],[2222],https://pokopiadex.com/images/items/item_ui/corrugated-metal.png,[],https://pokopiadex.com/items/corrugated-metal,pokopiadex_items_in_collection
placeable_item,1288,Protruding wall,protruding-wall,Lining these up against other walls adds a nice accent to a space.,Buildings,[],[],,in-collection,,buildings_order,60,,,,,,,,[],[],https://pokopiadex.com/images/items/crafting_ui/protruding-wall.png,[],https://pokopiadex.com/items/protruding-wall,pokopiadex_items_in_collection
placeable_item,1909,Curved eave,curved-eave,A simple roof with a curved shape. Seems like it'd look great on large buildings or facilities.,Buildings,[],[],,in-collection,,buildings_order,61,,,,,,,,[],[],https://pokopiadex.com/images/items/item_ui/curved-eave.png,[],https://pokopiadex.com/items/curved-eave,pokopiadex_items_in_collection
placeable_item,390,Wooden fencing,wooden-fencing,Looks great on its own or arranged in a row.,Buildings,[],[],,in-collection,,buildings_order,62,,,,,,,,[],[],https://pokopiadex.com/images/items/crafting_ui/wooden-fencing.png,[],https://pokopiadex.com/items/wooden-fencing,pokopiadex_items_in_collection
placeable_item,55,Wooden enclosure,wooden-enclosure,"A single post may be thin and flimsy, but these make a splendid fence when lined up together.",Buildings,[],[],,in-collection,,buildings_order,63,,,,,,,,[],[],https://pokopiadex.com/images/items/crafting_ui/wooden-enclosure.png,[],https://pokopiadex.com/items/wooden-enclosure,pokopiadex_items_in_collection
placeable_item,1910,Iron enclosure,iron-enclosure,"A single post may be thin and flimsy, but these make a splendid fence when lined up together.",Buildings,[],[],,in-collection,,buildings_order,64,,,,,,,,[],[],https://pokopiadex.com/images/items/item_ui/iron-enclosure.png,[],https://pokopiadex.com/items/iron-enclosure,pokopiadex_items_in_collection
placeable_item,1911,Metal fencing,metal-fencing,Looks great on its own or arranged in a row.,Buildings,[],[],,in-collection,,buildings_order,65,,,,,,,,[],[],https://pokopiadex.com/images/items/item_ui/metal-fencing.png,[],https://pokopiadex.com/items/metal-fencing,pokopiadex_items_in_collection
placeable_item,1297,Stone fencing,stone-fencing,Looks great on its own or arranged in a row.,Buildings,[],[],,in-collection,,buildings_order,66,,,,,,,,[],[],https://pokopiadex.com/images/items/crafting_ui/stone-fencing.png,[],https://pokopiadex.com/items/stone-fencing,pokopiadex_items_in_collection
placeable_item,1115,Boat railing,boat-railing,Guardrail used on ship decks to keep passengers from falling overboard. They look nice arranged in a row!,Buildings,[],[],,in-collection,,buildings_order,67,,,,,,,,[],[],https://pokopiadex.com/images/items/crafting_ui/boat-railing.png,[],https://pokopiadex.com/items/boat-railing,pokopiadex_items_in_collection
placeable_item,1912,Wooden handrail,wooden-handrail,A wooden handrail that's useful for dividing up space. These look great arranged in a row.,Buildings,[],[],,in-collection,,buildings_order,68,,,,,,,,[],[],https://pokopiadex.com/images/items/item_ui/wooden-handrail.png,[],https://pokopiadex.com/items/wooden-handrail,pokopiadex_items_in_collection
placeable_item,1913,Handrail,handrail,"An elegant, antique handrail. Try attaching it to the walls of your buildings.",Buildings,[],[],,in-collection,,buildings_order,69,,,,,,,,[],[],https://pokopiadex.com/images/items/crafting_ui/handrail.png,[],https://pokopiadex.com/items/handrail,pokopiadex_items_in_collection
placeable_item,1127,Harbor pole,harbor-pole,"Poles connected by chains, often seen in harbors. They look really nice arranged in a row.",Buildings,[],[],,in-collection,,buildings_order,70,,,,,,,,[],[],https://pokopiadex.com/images/items/crafting_ui/harbor-pole.png,[],https://pokopiadex.com/items/harbor-pole,pokopiadex_items_in_collection
placeable_item,572,Arched barrier,arched-barrier,"These always look nice, whether you use them to make an enclosure or an eye-catching entryway.",Buildings,[],[],,in-collection,,buildings_order,71,,,,10,,,,[],[],https://pokopiadex.com/images/items/crafting_ui/arched-barrier.png,[],https://pokopiadex.com/items/arched-barrier,pokopiadex_items_in_collection
placeable_item,2020,Arched barrier (leaf pattern),arched-barrier-leaf-pattern,,Buildings,[],[],,in-collection,,buildings_order,72,,,,,,,,[],[],https://pokopiadex.com/images/items/item_ui/arched-barrier-leaf-pattern.png,[],https://pokopiadex.com/items/arched-barrier-leaf-pattern,pokopiadex_items_in_collection
placeable_item,1059,Wooden siding (panel),wooden-siding-panel,"Attach these to rocks, dirt, or walls. You can also arrange these in a perimeter to form an enclosure!",Buildings,[],[],,in-collection,,buildings_order,73,,,,,,,,[],[],https://pokopiadex.com/images/items/crafting_ui/wooden-siding-panel.png,[],https://pokopiadex.com/items/wooden-siding-panel,pokopiadex_items_in_collection
placeable_item,1060,Wooden siding (corner),wooden-siding-corner,"Attach these to rocks, dirt, or walls. If you put them in a corner, you can make a nice, tidy enclosure.",Buildings,[],[],,in-collection,,buildings_order,74,,,,,,,,[],[],https://pokopiadex.com/images/items/crafting_ui/wooden-siding-corner.png,[],https://pokopiadex.com/items/wooden-siding-corner,pokopiadex_items_in_collection
placeable_item,1174,Wooden posts,wooden-posts,"Arrange these horizontally to make a partition with tiny gaps, or stack them vertically to make a divider!",Buildings,[],[],,in-collection,,buildings_order,75,,,,50,,,,[],[],https://pokopiadex.com/images/items/crafting_ui/wooden-posts.png,[],https://pokopiadex.com/items/wooden-posts,pokopiadex_items_in_collection
placeable_item,670,Wooden partition,wooden-partition,A tall partition screen. Looks great whether you install just one or a whole row of them.,Buildings,[],"[""Trade at PC""]",,in-collection,,buildings_order,76,,100,,,,,,[],[],https://pokopiadex.com/images/items/crafting_ui/wooden-partition.png,[],https://pokopiadex.com/items/wooden-partition,pokopiadex_items_in_collection
placeable_item,1914,Grate fencing,grate-fencing,Grates that link together when stacked on top of each other. Perfect for making a nice-looking fence.,Buildings,[],[],,in-collection,,buildings_order,77,,,,,,,,[],[],https://pokopiadex.com/images/items/item_ui/grate-fencing.png,[],https://pokopiadex.com/items/grate-fencing,pokopiadex_items_in_collection
placeable_item,391,Wooden path,wooden-path,Even simple planks can make a stylish footpath if you line them up.,Buildings,"[""Road""]",[],,in-collection,,buildings_order,78,,,,,,,,[],[],https://pokopiadex.com/images/items/crafting_ui/wooden-path.png,[],https://pokopiadex.com/items/wooden-path,pokopiadex_items_in_collection
placeable_item,717,Stepping stones,stepping-stones,Even simple rocks quickly transform into an elegantly stylish path when carefully arranged on the ground.,Buildings,"[""Road""]",[],,in-collection,,buildings_order,79,,,,,,,,[],[],https://pokopiadex.com/images/items/crafting_ui/stepping-stones.png,[],https://pokopiadex.com/items/stepping-stones,pokopiadex_items_in_collection
placeable_item,689,Walkway,walkway,Place these in water or over uneven terrain to create a walkable path.,Buildings,"[""Road""]",[],,in-collection,,buildings_order,80,,,,,,,,[],[],https://pokopiadex.com/images/items/crafting_ui/walkway.png,[],https://pokopiadex.com/items/walkway,pokopiadex_items_in_collection
placeable_item,573,Bridge planks,bridge-planks,Planks atop a support column. You can link them shore-to-shore to make a usable bridge!,Buildings,"[""Road""]",[],,in-collection,,buildings_order,81,,,,,,,,[],[],https://pokopiadex.com/images/items/crafting_ui/bridge-planks.png,[],https://pokopiadex.com/items/bridge-planks,pokopiadex_items_in_collection
placeable_item,1126,Grate flooring,grate-flooring,Metal grating used for gutters and such. You can watch the water flowing underneath them.,Buildings,"[""Road""]",[],,in-collection,,buildings_order,82,,,,,,,,[],[],https://pokopiadex.com/images/items/crafting_ui/grate-flooring.png,[],https://pokopiadex.com/items/grate-flooring,pokopiadex_items_in_collection
placeable_item,1915,Concrete slab,concrete-slab,A cover meant to be installed over small grooves. Try fitting one on top of a hole in the ground.,Buildings,"[""Road""]",[],,in-collection,,buildings_order,83,,,,,,,,[],[],https://pokopiadex.com/images/items/item_ui/concrete-slab.png,[],https://pokopiadex.com/items/concrete-slab,pokopiadex_items_in_collection
placeable_item,1916,Iron-scaffold plank,iron-scaffold-plank,A plank that rests atop an iron scaffold. Try using it to extend the length of your scaffolding!,Buildings,"[""Road""]",[],,in-collection,,buildings_order,84,,,,,,,,[],[2202],https://pokopiadex.com/images/items/item_ui/iron-scaffold-plank.png,[],https://pokopiadex.com/items/iron-scaffold-plank,pokopiadex_items_in_collection
placeable_item,1419,Iron scaffold,iron-scaffold,A sturdy scaffold used for constructing buildings. The plank's bumpy surface provides great traction.,Buildings,"[""Road""]",[],,in-collection,,buildings_order,85,,,,,,,,[],[2202],https://pokopiadex.com/images/items/item_ui/iron-scaffold.png,[],https://pokopiadex.com/items/iron-scaffold,pokopiadex_items_in_collection
placeable_item,1917,Arch bridge,arch-bridge,"One on its own makes a simple protrusion, but two of them together form a beautiful arch.",Buildings,[],[],,in-collection,,buildings_order,86,,,,,,,,[],[],https://pokopiadex.com/images/items/item_ui/arch-bridge.png,[],https://pokopiadex.com/items/arch-bridge,pokopiadex_items_in_collection
placeable_item,1918,Wooden border (line),wooden-border-line,"Use these to create a stylish border for grass, flowers, roads-or even beaches!",Buildings,[],[],,in-collection,,buildings_order,87,,,,,,,,[],[],https://pokopiadex.com/images/items/crafting_ui/wooden-border-line.png,[],https://pokopiadex.com/items/wooden-border-line,pokopiadex_items_in_collection
placeable_item,1919,Wooden border (single),wooden-border-single,"Use these to create a stylish border for grass, flowers, roads-or even beaches!",Buildings,[],[],,in-collection,,buildings_order,88,,,,,,,,[],[],https://pokopiadex.com/images/items/crafting_ui/wooden-border-single.png,[],https://pokopiadex.com/items/wooden-border-single,pokopiadex_items_in_collection
placeable_item,1920,Wooden border (corner),wooden-border-corner,"Use these to create a stylish border for grass, flowers, roads-or even beaches!",Buildings,[],[],,in-collection,,buildings_order,89,,,,,,,,[],[],https://pokopiadex.com/images/items/crafting_ui/wooden-border-corner.png,[],https://pokopiadex.com/items/wooden-border-corner,pokopiadex_items_in_collection
placeable_item,1921,Concrete border (line),concrete-border-line,"Use these to create a stylish border for grass, flowers, roads-or even rock gardens!",Buildings,[],[],,in-collection,,buildings_order,90,,,,,,,,[],[],https://pokopiadex.com/images/items/item_ui/concrete-border-line.png,[],https://pokopiadex.com/items/concrete-border-line,pokopiadex_items_in_collection
placeable_item,1922,Concrete border (single),concrete-border-single,"Use these to create a stylish border for grass, flowers, roads-or even rock gardens!",Buildings,[],[],,in-collection,,buildings_order,91,,,,,,,,[],[],https://pokopiadex.com/images/items/item_ui/concrete-border-single.png,[],https://pokopiadex.com/items/concrete-border-single,pokopiadex_items_in_collection
placeable_item,1923,Concrete border (corner),concrete-border-corner,"Use these to create a stylish border for grass, flowers, roads-or even rock gardens!",Buildings,[],[],,in-collection,,buildings_order,92,,,,,,,,[],[],https://pokopiadex.com/images/items/item_ui/concrete-border-corner.png,[],https://pokopiadex.com/items/concrete-border-corner,pokopiadex_items_in_collection
placeable_item,75,Brick border (line),brick-border-line,"Use these to create a stylish border for grass, flowers, crop fields—maybe even a small pond!",Buildings,[],"[""Red Pokeball near Pokemon Center in Withered Wasteland""]",,in-collection,,buildings_order,93,,,,,,,,[],[],https://pokopiadex.com/images/items/item_ui/brick-border-line.png,[],https://pokopiadex.com/items/brick-border-line,pokopiadex_items_in_collection
placeable_item,1924,Brick border (single),brick-border-single,"Use these to create a stylish border for grass, flowers, crop fields-maybe even a small pond!",Buildings,[],[],,in-collection,,buildings_order,94,,,,,,,,[],[],https://pokopiadex.com/images/items/item_ui/brick-border-single.png,[],https://pokopiadex.com/items/brick-border-single,pokopiadex_items_in_collection
placeable_item,1925,Brick border (corner),brick-border-corner,"Use these to create a stylish border for grass, flowers, crop fields-maybe even a small pond!",Buildings,[],[],,in-collection,,buildings_order,95,,,,,,,,[],[],https://pokopiadex.com/images/items/item_ui/brick-border-corner.png,[],https://pokopiadex.com/items/brick-border-corner,pokopiadex_items_in_collection
placeable_item,1926,Sideways log,sideways-log,"A big, sturdy log. Line some up and you'll have a bridge.",Buildings,[],[],,in-collection,,buildings_order,96,,,,,,,,[],[],https://pokopiadex.com/images/items/item_ui/sideways-log.png,[],https://pokopiadex.com/items/sideways-log,pokopiadex_items_in_collection
placeable_item,1927,Upright log,upright-log,"Sturdy and round, they tower over their surroundings. Line them up and they can be a log wall.",Buildings,[],[],,in-collection,,buildings_order,97,,,,,,,,[],[],https://pokopiadex.com/images/items/item_ui/upright-log.png,[],https://pokopiadex.com/items/upright-log,pokopiadex_items_in_collection
placeable_item,1351,Iron beam,iron-beam,"These solid, sturdy beams can be used to support floors and roofs.",Buildings,[],[],,in-collection,,buildings_order,98,,,,,,,,[1328],[],https://pokopiadex.com/images/items/item_ui/iron-beam.png,[],https://pokopiadex.com/items/iron-beam,pokopiadex_items_in_collection
placeable_item,1352,Iron column,iron-column,Stack these up to form a proper iron pillar!,Buildings,[],[],,in-collection,,buildings_order,99,,,,,,,,[1328],[],https://pokopiadex.com/images/items/item_ui/iron-column.png,[],https://pokopiadex.com/items/iron-column,pokopiadex_items_in_collection
placeable_item,1928,Iron pillar,iron-pillar,Stack as many as you'd like for a taller pillar. The top platform looks like it can display small items.,Buildings,[],[],,in-collection,,buildings_order,100,,,,,,,,[],[],https://pokopiadex.com/images/items/item_ui/iron-pillar.png,[],https://pokopiadex.com/items/iron-pillar,pokopiadex_items_in_collection
placeable_item,1574,Extravagant pillar (upper),extravagant-pillar-upper,"An impressive, masterfully decorated pillar. Take all the time you need to gaze upon its majesty.",Buildings,[],[],,in-collection,,buildings_order,101,,,,,,,,[],[],https://pokopiadex.com/images/items/crafting_ui/extravagant-pillar-upper.png,[],https://pokopiadex.com/items/extravagant-pillar-upper,pokopiadex_items_in_collection
placeable_item,1575,Extravagant pillar (middle),extravagant-pillar-middle,"An impressive, masterfully decorated pillar. Take all the time you need to gaze upon its majesty.",Buildings,[],[],,in-collection,,buildings_order,102,,,,,,,,[],[],https://pokopiadex.com/images/items/crafting_ui/extravagant-pillar-middle.png,[],https://pokopiadex.com/items/extravagant-pillar-middle,pokopiadex_items_in_collection
placeable_item,1576,Extravagant pillar (lower),extravagant-pillar-lower,"An impressive, masterfully decorated pillar. Take all the time you need to gaze upon its majesty.",Buildings,[],[],,in-collection,,buildings_order,103,,,,,,,,[],[],https://pokopiadex.com/images/items/crafting_ui/extravagant-pillar-lower.png,[],https://pokopiadex.com/items/extravagant-pillar-lower,pokopiadex_items_in_collection
placeable_item,1929,Round pillar (upper),round-pillar-upper,"A simple pillar made of marble. It would look perfect inside a stately building, such as a museum.",Buildings,[],[],,in-collection,,buildings_order,104,,,,,,,,[],[],https://pokopiadex.com/images/items/item_ui/round-pillar-upper.png,[],https://pokopiadex.com/items/round-pillar-upper,pokopiadex_items_in_collection
placeable_item,1930,Round pillar (middle),round-pillar-middle,"A simple pillar made of marble. It would look perfect inside a stately building, such as a museum.",Buildings,[],[],,in-collection,,buildings_order,105,,,,,,,,[],[],https://pokopiadex.com/images/items/item_ui/round-pillar-middle.png,[],https://pokopiadex.com/items/round-pillar-middle,pokopiadex_items_in_collection
placeable_item,1931,Round pillar (lower),round-pillar-lower,"A simple pillar made of marble. It would look perfect inside a stately building, such as a museum.",Buildings,[],[],,in-collection,,buildings_order,106,,,,,,,,[],[],https://pokopiadex.com/images/items/item_ui/round-pillar-lower.png,[],https://pokopiadex.com/items/round-pillar-lower,pokopiadex_items_in_collection
placeable_item,407,House partition,house-partition,"A tall, simple partition. This lets you easily divide up space within a house.",Buildings,[],[],,in-collection,,buildings_order,107,,,,,,,,[],[],https://pokopiadex.com/images/items/crafting_ui/house-partition.png,[],https://pokopiadex.com/items/house-partition,pokopiadex_items_in_collection
placeable_item,1932,Simple pillar quarter,simple-pillar-quarter,A versatile pillar that can be arranged however you'd like. Combine four quarters to make a huge pillar!,Buildings,[],[],,in-collection,,buildings_order,108,,,,,,,,[],[],https://pokopiadex.com/images/items/item_ui/simple-pillar-quarter.png,[],https://pokopiadex.com/items/simple-pillar-quarter,pokopiadex_items_in_collection
placeable_item,1933,Water pillar quarter,water-pillar-quarter,"A fancy pillar filled with water. Its faint glow is beautiful, even in darkness.",Buildings,"[""Decoration""]",[],,in-collection,,buildings_order,109,,,,,,,,[],"[2211,2220,2242]",https://pokopiadex.com/images/items/item_ui/water-pillar-quarter.png,[],https://pokopiadex.com/items/water-pillar-quarter,pokopiadex_items_in_collection
placeable_item,412,Roof support,roof-support,A beam that attaches to a roof to provide support. Place one in the space between a wall and a roof!,Buildings,[],[],,in-collection,,buildings_order,110,,,,10,,,,[],[],https://pokopiadex.com/images/items/shop_ui/roof-support.png,[],https://pokopiadex.com/items/roof-support,pokopiadex_items_in_collection
placeable_item,1934,Iron pipe (horizontal),iron-pipe-horizontal,Iron pipes come in all sorts of shapes and sizes. Use them to create looong pipe systems.,Buildings,[],[],,in-collection,,buildings_order,111,,,,,,,,[],[],https://pokopiadex.com/images/items/item_ui/iron-pipe-horizontal.png,[],https://pokopiadex.com/items/iron-pipe-horizontal,pokopiadex_items_in_collection
placeable_item,1935,Iron pipe (downward curve),iron-pipe-downward-curve,Iron pipes come in all sorts of shapes and sizes. Use them to create looong pipe systems.,Buildings,[],[],,in-collection,,buildings_order,112,,,,,,,,[],[],https://pokopiadex.com/images/items/item_ui/iron-pipe-downward-curve.png,[],https://pokopiadex.com/items/iron-pipe-downward-curve,pokopiadex_items_in_collection
placeable_item,1936,Iron pipe (vertical cross),iron-pipe-vertical-cross,Iron pipes come in all sorts of shapes and sizes. Use them to create looong pipe systems.,Buildings,[],[],,in-collection,,buildings_order,113,,,,,,,,[],[],https://pokopiadex.com/images/items/item_ui/iron-pipe-vertical-cross.png,[],https://pokopiadex.com/items/iron-pipe-vertical-cross,pokopiadex_items_in_collection
placeable_item,1937,Iron pipe (vertical T),iron-pipe-vertical-t,Iron pipes come in all sorts of shapes and sizes. Use them to create looong pipe systems.,Buildings,[],[],,in-collection,,buildings_order,114,,,,,,,,[],[],https://pokopiadex.com/images/items/item_ui/iron-pipe-vertical-t.png,[],https://pokopiadex.com/items/iron-pipe-vertical-t,pokopiadex_items_in_collection
placeable_item,1938,Iron pipe (vertical),iron-pipe-vertical,Iron pipes come in all sorts of shapes and sizes. Use them to create looong pipe systems.,Buildings,[],[],,in-collection,,buildings_order,115,,,,,,,,[],[],https://pokopiadex.com/images/items/item_ui/iron-pipe-vertical.png,[],https://pokopiadex.com/items/iron-pipe-vertical,pokopiadex_items_in_collection
placeable_item,1939,Iron pipe (upward curve),iron-pipe-upward-curve,Iron pipes come in all sorts of shapes and sizes. Use them to create looong pipe systems.,Buildings,[],[],,in-collection,,buildings_order,116,,,,,,,,[],[],https://pokopiadex.com/images/items/item_ui/iron-pipe-upward-curve.png,[],https://pokopiadex.com/items/iron-pipe-upward-curve,pokopiadex_items_in_collection
placeable_item,1940,Iron pipe (upward T),iron-pipe-upward-t,Iron pipes come in all sorts of shapes and sizes. Use them to create looong pipe systems.,Buildings,[],[],,in-collection,,buildings_order,117,,,,,,,,[],[],https://pokopiadex.com/images/items/item_ui/iron-pipe-upward-t.png,[],https://pokopiadex.com/items/iron-pipe-upward-t,pokopiadex_items_in_collection
placeable_item,1941,Iron pipe (downward T),iron-pipe-downward-t,Iron pipes come in all sorts of shapes and sizes. Use them to create looong pipe systems.,Buildings,[],[],,in-collection,,buildings_order,118,,,,,,,,[],[],https://pokopiadex.com/images/items/item_ui/iron-pipe-downward-t.png,[],https://pokopiadex.com/items/iron-pipe-downward-t,pokopiadex_items_in_collection
placeable_item,1942,Iron pipe (horizontal curve),iron-pipe-horizontal-curve,Iron pipes come in all sorts of shapes and sizes. Use them to create looong pipe systems.,Buildings,[],[],,in-collection,,buildings_order,119,,,,,,,,[],[],https://pokopiadex.com/images/items/item_ui/iron-pipe-horizontal-curve.png,[],https://pokopiadex.com/items/iron-pipe-horizontal-curve,pokopiadex_items_in_collection
placeable_item,1943,Iron pipe (horizontal T),iron-pipe-horizontal-t,Iron pipes come in all sorts of shapes and sizes. Use them to create looong pipe systems.,Buildings,[],[],,in-collection,,buildings_order,120,,,,,,,,[],[],https://pokopiadex.com/images/items/item_ui/iron-pipe-horizontal-t.png,[],https://pokopiadex.com/items/iron-pipe-horizontal-t,pokopiadex_items_in_collection
placeable_item,1944,Iron pipe (horizontal cross),iron-pipe-horizontal-cross,Iron pipes come in all sorts of shapes and sizes. Use them to create looong pipe systems.,Buildings,[],[],,in-collection,,buildings_order,121,,,,,,,,[],[],https://pokopiadex.com/images/items/item_ui/iron-pipe-horizontal-cross.png,[],https://pokopiadex.com/items/iron-pipe-horizontal-cross,pokopiadex_items_in_collection
placeable_item,392,Wooden wall,wooden-wall,Line up a bunch of these to build a wall. They give off a faint but pleasant woodsy aroma.,Blocks,[],[],,in-collection,,blocks_order,1,,,,,,,,[],[],https://pokopiadex.com/images/items/crafting_ui/wooden-wall.png,[],https://pokopiadex.com/items/wooden-wall,pokopiadex_items_in_collection
placeable_item,1584,Light wooden wall,light-wooden-wall,Line up a bunch of these to build a wall. The wood grain pops more than a regular wooden wall's.,Blocks,[],[],,in-collection,,blocks_order,2,,,,,,,,[],[],https://pokopiadex.com/images/items/item_ui/light-wooden-wall.png,[],https://pokopiadex.com/items/light-wooden-wall,pokopiadex_items_in_collection
placeable_item,1585,Painted wall,painted-wall,"While the planks of this wall have been painted over, a closer inspection reveals they're a little dirty.",Blocks,[],[],,in-collection,,blocks_order,3,,,,,,,,[],[],https://pokopiadex.com/images/items/item_ui/painted-wall.png,[],https://pokopiadex.com/items/painted-wall,pokopiadex_items_in_collection
placeable_item,665,Plaster wall,plaster-wall,"Gather some shells, crush them up, and compact them to make the perfect wall of gritty plaster.",Blocks,[],[],,in-collection,,blocks_order,4,20,,,,,,,[],[],https://pokopiadex.com/images/items/crafting_ui/plaster-wall.png,[],https://pokopiadex.com/items/plaster-wall,pokopiadex_items_in_collection
placeable_item,1586,Cloth wall,cloth-wall,Simple cloth walls. Try them out in interior spaces.,Blocks,[],[],,in-collection,,blocks_order,5,,,,,,,,[],[],https://pokopiadex.com/images/items/item_ui/cloth-wall.png,[],https://pokopiadex.com/items/cloth-wall,pokopiadex_items_in_collection
placeable_item,1587,Guest-room wall,guest-room-wall,"Made from the same material as cloth walls, this was used for the guest rooms of a luxury cruise ship.",Blocks,[],[],,in-collection,,blocks_order,6,,,,,,,,[],[],https://pokopiadex.com/images/items/item_ui/guest-room-wall.png,[],https://pokopiadex.com/items/guest-room-wall,pokopiadex_items_in_collection
placeable_item,1588,Starry-sky wall,starry-sky-wall,These stars shine even in the dark. Stack them up to create a night sky filled with stars.,Blocks,[],[],,in-collection,,blocks_order,7,,,,,,,,[],[],https://pokopiadex.com/images/items/item_ui/starry-sky-wall.png,[],https://pokopiadex.com/items/starry-sky-wall,pokopiadex_items_in_collection
placeable_item,1589,Cushy wall,cushy-wall,An exceptionally shiny wall that feels very high-class. Pairs wonderfully with luxury furniture items.,Blocks,[],[],,in-collection,,blocks_order,8,,,,,,,,[],[],https://pokopiadex.com/images/items/item_ui/cushy-wall.png,[],https://pokopiadex.com/items/cushy-wall,pokopiadex_items_in_collection
placeable_item,1590,Modern wall,modern-wall,"When cut into pieces and arranged, even rugged rocks can be transformed into a stylish wall.",Blocks,[],[],,in-collection,,blocks_order,9,,,,,,,,[],[],https://pokopiadex.com/images/items/item_ui/modern-wall.png,[],https://pokopiadex.com/items/modern-wall,pokopiadex_items_in_collection
placeable_item,1591,Broken-tiling wall,broken-tiling-wall,A wall made up of shattered tiles. It shines like glass when the light hits it.,Blocks,[],[],,in-collection,,blocks_order,10,,,,,,,,[],[],https://pokopiadex.com/images/items/item_ui/broken-tiling-wall.png,[],https://pokopiadex.com/items/broken-tiling-wall,pokopiadex_items_in_collection
placeable_item,668,Cobblestone wall,cobblestone-wall,A tightly packed mass of stones of various sizes. Perfect for stacking as well as making walls!,Blocks,[],[],,in-collection,,blocks_order,11,20,,,,,,,[],[],https://pokopiadex.com/images/items/crafting_ui/cobblestone-wall.png,[],https://pokopiadex.com/items/cobblestone-wall,pokopiadex_items_in_collection
placeable_item,1118,Brick wall,brick-wall,These really stand out when stacked up. Use them to make eye-catching buildings!,Blocks,[],"[""Red Pokeball in Bleak Beach""]",,in-collection,,blocks_order,12,,,,,,,,[],[],https://pokopiadex.com/images/items/crafting_ui/brick-wall.png,[],https://pokopiadex.com/items/brick-wall,pokopiadex_items_in_collection
placeable_item,1168,Stone brick wall,stone-brick-wall,"Stone bricks that exude calmness. They're perfect for making buildings, flower beds, and such.",Blocks,[],[],,in-collection,,blocks_order,13,,,,,,,,[],"[2213,2238]",https://pokopiadex.com/images/items/crafting_ui/stone-brick-wall.png,[],https://pokopiadex.com/items/stone-brick-wall,pokopiadex_items_in_collection
placeable_item,1294,Aged-stone wall,aged-stone-wall,"It's chipped in places and the colors have faded, revealing a glimpse of its long history.",Blocks,[],[],,in-collection,,blocks_order,14,,,,,,,,[],[],https://pokopiadex.com/images/items/crafting_ui/aged-stone-wall.png,[],https://pokopiadex.com/items/aged-stone-wall,pokopiadex_items_in_collection
placeable_item,1295,Patterned aged-stone wall,patterned-aged-stone-wall,"It's got some cracks running through it, but its triangular pattern remains as it was long ago.",Blocks,[],[],,in-collection,,blocks_order,15,,,,,,,,[],[],https://pokopiadex.com/images/items/crafting_ui/patterned-aged-stone-wall.png,[],https://pokopiadex.com/items/patterned-aged-stone-wall,pokopiadex_items_in_collection
placeable_item,1122,Concrete wall,concrete-wall,Doesn't this sorta remind you of Conkeldurr's concrete pillars?,Blocks,[],[],,in-collection,,blocks_order,16,,,,,,,,[],[],https://pokopiadex.com/images/items/crafting_ui/concrete-wall.png,[],https://pokopiadex.com/items/concrete-wall,pokopiadex_items_in_collection
placeable_item,1592,Rough wall,rough-wall,A wall made of concrete. Gives a slightly more chic impression than plaster.,Blocks,[],[],,in-collection,,blocks_order,17,,,,,,,,[],[],https://pokopiadex.com/images/items/item_ui/rough-wall.png,[],https://pokopiadex.com/items/rough-wall,pokopiadex_items_in_collection
placeable_item,1593,Striped wall,striped-wall,"A sharp, stylish wall. Made of sturdy copper, it's perfect for a warehouse.",Blocks,[],[],,in-collection,,blocks_order,18,,,,,,,,[],[],https://pokopiadex.com/images/items/item_ui/striped-wall.png,[],https://pokopiadex.com/items/striped-wall,pokopiadex_items_in_collection
placeable_item,2030,Bronze wall,bronze-wall,A metal wall with a reddish-brown shine to it. It looks like a big piece of chocolate when stacked up.,Blocks,[],[],,in-collection,,blocks_order,19,,,,,,,,[],[],https://pokopiadex.com/images/items/item_ui/bronze-wall.png,[],https://pokopiadex.com/items/bronze-wall,pokopiadex_items_in_collection
placeable_item,2031,Stylish Bronze wall,stylish-bronze-wall,A metal wall with ornate designs on it. Arrange some of these to create a rich and opulent space.,Blocks,[],[],,in-collection,,blocks_order,20,,,,,,,,[],[],https://pokopiadex.com/images/items/item_ui/stylish-bronze-wall.png,[],https://pokopiadex.com/items/stylish-bronze-wall,pokopiadex_items_in_collection
placeable_item,1594,Iron wall,iron-wall,A solid iron wall. It gives off a slight sheen when it's exposed to light.,Blocks,[],[],,in-collection,,blocks_order,21,,,,,,,,[],[2222],https://pokopiadex.com/images/items/item_ui/iron-wall.png,[],https://pokopiadex.com/items/iron-wall,pokopiadex_items_in_collection
placeable_item,2022,Stylish iron wall,stylish-iron-wall,A fancy wall made of iron. It provides a nice accent when paired with a regular iron wall.,Blocks,[],[],,in-collection,,blocks_order,22,,,,,,,,[],[],https://pokopiadex.com/images/items/item_ui/stylish-iron-wall.png,[],https://pokopiadex.com/items/stylish-iron-wall,pokopiadex_items_in_collection
placeable_item,1306,Gold wall,gold-wall,Pure sparkling gold. It's as dazzling as Gholdengo.,Blocks,[],[],,in-collection,,blocks_order,23,,,,,,,,[],[],https://pokopiadex.com/images/items/crafting_ui/gold-wall.png,[],https://pokopiadex.com/items/gold-wall,pokopiadex_items_in_collection
placeable_item,1595,Stylish gold wall,stylish-gold-wall,A golden wall with high-quality stones set in it. This one detail gives it an air of refined elegance.,Blocks,[],[],,in-collection,,blocks_order,24,,,,,,,,[],[],https://pokopiadex.com/images/items/item_ui/stylish-gold-wall.png,[],https://pokopiadex.com/items/stylish-gold-wall,pokopiadex_items_in_collection
placeable_item,982,Crystal wall,crystal-wall,A wall that sparkles in the light. It's made of crystal and quite hard.,Blocks,[],[],,in-collection,,blocks_order,25,,,,,,,,[],[],https://pokopiadex.com/images/items/crafting_ui/crystal-wall.png,[],https://pokopiadex.com/items/crystal-wall,pokopiadex_items_in_collection
placeable_item,2032,Poké Ball Wall,poke-ball-wall,The white Poké Ball pattern on this wall is always nice and shiny.,Blocks,[],[],,in-collection,,blocks_order,26,,,,,,,,[],[],https://pokopiadex.com/images/items/item_ui/poke-ball-wall.png,[],https://pokopiadex.com/items/poke-ball-wall,pokopiadex_items_in_collection
placeable_item,1596,Warning wall,warning-wall,Warns of danger with its yellow and black stripes. Maybe you could use it to mark areas off-limits.,Blocks,[],[],,in-collection,,blocks_order,27,,,,,,,,[],[],https://pokopiadex.com/images/items/item_ui/warning-wall.png,[],https://pokopiadex.com/items/warning-wall,pokopiadex_items_in_collection
placeable_item,1597,Stylish wall (upper),stylish-wall-upper,Try arranging these into a wall! Line up the timbers to create a fancy pattern.,Blocks,[],[],,in-collection,,blocks_order,28,,,,,,,,[],[],https://pokopiadex.com/images/items/item_ui/stylish-wall-upper.png,[],https://pokopiadex.com/items/stylish-wall-upper,pokopiadex_items_in_collection
placeable_item,1598,Stylish wall (middle),stylish-wall-middle,Try arranging these into a wall! Line up the timbers to create a fancy pattern.,Blocks,[],[],,in-collection,,blocks_order,29,,,,,,,,[],[],https://pokopiadex.com/images/items/item_ui/stylish-wall-middle.png,[],https://pokopiadex.com/items/stylish-wall-middle,pokopiadex_items_in_collection
placeable_item,1599,Stylish wall (lower),stylish-wall-lower,Try arranging these into a wall! Line up the timbers to create a fancy pattern.,Blocks,[],[],,in-collection,,blocks_order,30,,,,,,,,[],[],https://pokopiadex.com/images/items/item_ui/stylish-wall-lower.png,[],https://pokopiadex.com/items/stylish-wall-lower,pokopiadex_items_in_collection
placeable_item,1600,Antique wall (upper),antique-wall-upper,Install this wall to add an air of luxury to a room. Its subtle retro aesthetic evokes nostalgic feelings.,Blocks,[],[],,in-collection,,blocks_order,31,,,,,,,,[],[],https://pokopiadex.com/images/items/item_ui/antique-wall-upper.png,[],https://pokopiadex.com/items/antique-wall-upper,pokopiadex_items_in_collection
placeable_item,1601,Antique wall (middle),antique-wall-middle,Install this wall to add an air of luxury to a room. Its subtle retro aesthetic evokes nostalgic feelings.,Blocks,[],[],,in-collection,,blocks_order,32,,,,,,,,[],[],https://pokopiadex.com/images/items/item_ui/antique-wall-middle.png,[],https://pokopiadex.com/items/antique-wall-middle,pokopiadex_items_in_collection
placeable_item,1602,Antique wall (lower),antique-wall-lower,Install this wall to add an air of luxury to a room. Its subtle retro aesthetic evokes nostalgic feelings.,Blocks,[],[],,in-collection,,blocks_order,33,,,,,,,,[],[],https://pokopiadex.com/images/items/item_ui/antique-wall-lower.png,[],https://pokopiadex.com/items/antique-wall-lower,pokopiadex_items_in_collection
placeable_item,1603,Light antique wall (upper),light-antique-wall-upper,"An extravagant wall covered in ornate engravings. It looks elegant, like a palace wall.",Blocks,[],[],,in-collection,,blocks_order,34,,,,,,,,[],[],https://pokopiadex.com/images/items/item_ui/light-antique-wall-upper.png,[],https://pokopiadex.com/items/light-antique-wall-upper,pokopiadex_items_in_collection
placeable_item,1604,Light antique wall (middle),light-antique-wall-middle,"An extravagant wall covered in ornate engravings. It looks elegant, like a palace wall.",Blocks,[],[],,in-collection,,blocks_order,35,,,,,,,,[],[],https://pokopiadex.com/images/items/item_ui/light-antique-wall-middle.png,[],https://pokopiadex.com/items/light-antique-wall-middle,pokopiadex_items_in_collection
placeable_item,1605,Light antique wall (lower),light-antique-wall-lower,"An extravagant wall covered in ornate engravings. It looks elegant, like a palace wall.",Blocks,[],[],,in-collection,,blocks_order,36,,,,,,,,[],[],https://pokopiadex.com/images/items/item_ui/light-antique-wall-lower.png,[],https://pokopiadex.com/items/light-antique-wall-lower,pokopiadex_items_in_collection
placeable_item,345,Wooden pillar (upper),wooden-pillar-upper,It's as sturdy as the trunk of a huge tree! You can't help but want to cling to it...,Blocks,[],[],,in-collection,,blocks_order,37,,,,,,,,[],[],https://pokopiadex.com/images/items/crafting_ui/wooden-pillar-upper.png,[],https://pokopiadex.com/items/wooden-pillar-upper,pokopiadex_items_in_collection
placeable_item,346,Wooden pillar (middle),wooden-pillar-middle,It's as sturdy as the trunk of a huge tree! You can't help but want to cling to it...,Blocks,[],[],,in-collection,,blocks_order,38,,,,,,,,[],[],https://pokopiadex.com/images/items/crafting_ui/wooden-pillar-middle.png,[],https://pokopiadex.com/items/wooden-pillar-middle,pokopiadex_items_in_collection
placeable_item,347,Wooden pillar (lower),wooden-pillar-lower,It's as sturdy as the trunk of a huge tree! You can't help but want to cling to it...,Blocks,[],[],,in-collection,,blocks_order,39,,,,,,,,[],[],https://pokopiadex.com/images/items/crafting_ui/wooden-pillar-lower.png,[],https://pokopiadex.com/items/wooden-pillar-lower,pokopiadex_items_in_collection
placeable_item,1606,Stylish brick wall (upper),stylish-brick-wall-upper,Arrange these to create a fancy wall. Try pairing them with other brick accent pieces.,Blocks,[],[],,in-collection,,blocks_order,40,,,,,,,,[],[],https://pokopiadex.com/images/items/item_ui/stylish-brick-wall-upper.png,[],https://pokopiadex.com/items/stylish-brick-wall-upper,pokopiadex_items_in_collection
placeable_item,1607,Stylish brick wall (middle),stylish-brick-wall-middle,Arrange these to create a fancy wall. Try pairing them with other brick accent pieces.,Blocks,[],[],,in-collection,,blocks_order,41,,,,,,,,[],[],https://pokopiadex.com/images/items/item_ui/stylish-brick-wall-middle.png,[],https://pokopiadex.com/items/stylish-brick-wall-middle,pokopiadex_items_in_collection
placeable_item,1608,Stylish brick wall (lower),stylish-brick-wall-lower,Arrange these to create a fancy wall. Try pairing them with other brick accent pieces.,Blocks,[],[],,in-collection,,blocks_order,42,,,,,,,,[],[],https://pokopiadex.com/images/items/item_ui/stylish-brick-wall-lower.png,[],https://pokopiadex.com/items/stylish-brick-wall-lower,pokopiadex_items_in_collection
placeable_item,1609,Stone pillar (upper),stone-pillar-upper,A heavy stone pillar with a design that would pair nicely with a fancy brick wall.,Blocks,[],[],,in-collection,,blocks_order,43,,,,,,,,[],"[2213,2238]",https://pokopiadex.com/images/items/crafting_ui/stone-pillar-upper.png,[],https://pokopiadex.com/items/stone-pillar-upper,pokopiadex_items_in_collection
placeable_item,1610,Stone pillar (middle),stone-pillar-middle,A heavy stone pillar with a design that would pair nicely with a fancy brick wall.,Blocks,[],[],,in-collection,,blocks_order,44,,,,,,,,[],"[2213,2238]",https://pokopiadex.com/images/items/crafting_ui/stone-pillar-middle.png,[],https://pokopiadex.com/items/stone-pillar-middle,pokopiadex_items_in_collection
placeable_item,1611,Stone pillar (lower),stone-pillar-lower,A heavy stone pillar with a design that would pair nicely with a fancy brick wall.,Blocks,[],[],,in-collection,,blocks_order,45,,,,,,,,[],"[2213,2238]",https://pokopiadex.com/images/items/crafting_ui/stone-pillar-lower.png,[],https://pokopiadex.com/items/stone-pillar-lower,pokopiadex_items_in_collection
placeable_item,1612,Pop art wall (upper),pop-art-wall-upper,"Stack the matching lower, middle and upper sections to create a stylish wall fit for a shop.",Blocks,[],[],,in-collection,,blocks_order,46,,,,,,,,[],[],https://pokopiadex.com/images/items/item_ui/pop-art-wall-upper.png,[],https://pokopiadex.com/items/pop-art-wall-upper,pokopiadex_items_in_collection
placeable_item,1613,Pop art wall (middle),pop-art-wall-middle,"Stack the matching lower, middle and upper sections to create a stylish wall fit for a shop.",Blocks,[],[],,in-collection,,blocks_order,47,,,,,,,,[],[],https://pokopiadex.com/images/items/item_ui/pop-art-wall-middle.png,[],https://pokopiadex.com/items/pop-art-wall-middle,pokopiadex_items_in_collection
placeable_item,1614,Pop art wall (lower),pop-art-wall-lower,"Stack the matching lower, middle and upper sections to create a stylish wall fit for a shop.",Blocks,[],[],,in-collection,,blocks_order,48,,,,,,,,[],[],https://pokopiadex.com/images/items/item_ui/pop-art-wall-lower.png,[],https://pokopiadex.com/items/pop-art-wall-lower,pokopiadex_items_in_collection
placeable_item,1619,Confectionery wall (upper),confectionery-wall-upper,A wall that almost looks like it's made of candy or chocolate or something. It looks tasty…,Blocks,[],[],,in-collection,,blocks_order,49,,,,,,,,[],[],https://pokopiadex.com/images/items/item_ui/confectionery-wall-upper.png,[],https://pokopiadex.com/items/confectionery-wall-upper,pokopiadex_items_in_collection
placeable_item,1620,Confectionery wall (middle),confectionery-wall-middle,A wall that almost looks like it's made of candy or chocolate or something. It looks tasty…,Blocks,[],[],,in-collection,,blocks_order,50,,,,,,,,[],[],https://pokopiadex.com/images/items/item_ui/confectionery-wall-middle.png,[],https://pokopiadex.com/items/confectionery-wall-middle,pokopiadex_items_in_collection
placeable_item,1621,Confectionery wall (lower),confectionery-wall-lower,A wall that almost looks like it's made of candy or chocolate or something. It looks tasty…,Blocks,[],[],,in-collection,,blocks_order,51,,,,,,,,[],[],https://pokopiadex.com/images/items/item_ui/confectionery-wall-lower.png,[],https://pokopiadex.com/items/confectionery-wall-lower,pokopiadex_items_in_collection
placeable_item,1615,Pokémon Center wall (upper),pokemon-center-wall-upper,"Stack the matching lower, middle, upper and trim sections to create a Pokémon Center wall.",Blocks,[],[],,in-collection,,blocks_order,52,,,,,,,,[],[],https://pokopiadex.com/images/items/item_ui/pokemon-center-wall-upper.png,[],https://pokopiadex.com/items/pokemon-center-wall-upper,pokopiadex_items_in_collection
placeable_item,1616,Pokémon Center wall (middle),pokemon-center-wall-middle,"Stack the matching lower, middle, upper and trim sections to create a Pokémon Center wall.",Blocks,[],[],,in-collection,,blocks_order,53,,,,,,,,[],[],https://pokopiadex.com/images/items/item_ui/pokemon-center-wall-middle.png,[],https://pokopiadex.com/items/pokemon-center-wall-middle,pokopiadex_items_in_collection
placeable_item,1617,Pokémon Center wall (lower),pokemon-center-wall-lower,"Stack the matching lower, middle, upper and trim sections to create a Pokémon Center wall.",Blocks,[],[],,in-collection,,blocks_order,54,,,,,,,,[],[],https://pokopiadex.com/images/items/item_ui/pokemon-center-wall-lower.png,[],https://pokopiadex.com/items/pokemon-center-wall-lower,pokopiadex_items_in_collection
placeable_item,1618,Pokémon Center wall (trim),pokemon-center-wall-trim,"Stack the matching lower, middle, upper and trim sections to create a Pokémon Center wall.",Blocks,[],[],,in-collection,,blocks_order,55,,,,,,,,[],[],https://pokopiadex.com/images/items/item_ui/pokemon-center-wall-trim.png,[],https://pokopiadex.com/items/pokemon-center-wall-trim,pokopiadex_items_in_collection
placeable_item,393,Wooden flooring,wooden-flooring,"Flooring composed of hard, tightly aligned wooden planks. It can support a heavy Pokémon. Probably.",Blocks,"[""Road""]",[],,in-collection,,blocks_order,56,,,,100,,,,[],[],https://pokopiadex.com/images/items/crafting_ui/wooden-flooring.png,[],https://pokopiadex.com/items/wooden-flooring,pokopiadex_items_in_collection
placeable_item,1622,Diagonal wooden flooring,diagonal-wooden-flooring,Place these down to use them as flooring. Their simple design goes with pretty much anything.,Blocks,"[""Road""]",[],,in-collection,,blocks_order,57,,,,,,,,[],[],https://pokopiadex.com/images/items/item_ui/diagonal-wooden-flooring.png,[],https://pokopiadex.com/items/diagonal-wooden-flooring,pokopiadex_items_in_collection
placeable_item,413,Crisscross wooden flooring,crisscross-wooden-flooring,Place these side by side to form a stylish alternating pattern that's perfect for a cafe floor. How chic!,Blocks,"[""Road""]",[],,in-collection,,blocks_order,58,,,,,,,,[],[],https://pokopiadex.com/images/items/crafting_ui/crisscross-wooden-flooring.png,[],https://pokopiadex.com/items/crisscross-wooden-flooring,pokopiadex_items_in_collection
placeable_item,436,Hardwood flooring,hardwood-flooring,Flooring made from arranged pieces of sanded lumber.,Blocks,"[""Road""]",[],,in-collection,,blocks_order,59,,,,,,,,[],[],https://pokopiadex.com/images/items/crafting_ui/hardwood-flooring.png,[],https://pokopiadex.com/items/hardwood-flooring,pokopiadex_items_in_collection
placeable_item,1623,Modern carpeting,modern-carpeting,"Soft, fluffy carpeting. It would look nice in a modern building.",Blocks,"[""Road""]",[],,in-collection,,blocks_order,60,,,,,,,,[],[],https://pokopiadex.com/images/items/item_ui/modern-carpeting.png,[],https://pokopiadex.com/items/modern-carpeting,pokopiadex_items_in_collection
placeable_item,1175,Woven carpeting,woven-carpeting,Carpeting that can be found in offices. Place them next to each other to form a checkerboard pattern.,Blocks,"[""Road""]",[],,in-collection,,blocks_order,61,,,,,,,,[],[],https://pokopiadex.com/images/items/crafting_ui/woven-carpeting.png,[],https://pokopiadex.com/items/woven-carpeting,pokopiadex_items_in_collection
placeable_item,1075,Fluffy flooring,fluffy-flooring,Moderately soft cotton flooring. It probably wouldn't hurt if you fell on it.,Blocks,"[""Road""]",[],,in-collection,,blocks_order,62,,,,,,,,[],[],https://pokopiadex.com/images/items/crafting_ui/fluffy-flooring.png,[],https://pokopiadex.com/items/fluffy-flooring,pokopiadex_items_in_collection
placeable_item,1624,Soft carpeting,soft-carpeting,Fluffy carpeting that feels as soft as a cloud. Place a bunch together for a really nice look!,Blocks,"[""Road""]",[],,in-collection,,blocks_order,63,,,,,,,,[],[],https://pokopiadex.com/images/items/item_ui/soft-carpeting.png,[],https://pokopiadex.com/items/soft-carpeting,pokopiadex_items_in_collection
placeable_item,1625,Extravagant carpeting,extravagant-carpeting,Walking on this high-class embroidered carpeting makes you feel like a star.,Blocks,"[""Road""]",[],,in-collection,,blocks_order,64,,,,,,,,[],[],https://pokopiadex.com/images/items/item_ui/extravagant-carpeting.png,[],https://pokopiadex.com/items/extravagant-carpeting,pokopiadex_items_in_collection
placeable_item,2033,Tatami mat,tatami-mat,Tatami mat flooring often found in traditional homes. You can make this by weaving leaves together.,Blocks,"[""Road""]",[],,in-collection,,blocks_order,65,,,,,,,,[],[],https://pokopiadex.com/images/items/item_ui/tatami-mat.png,[],https://pokopiadex.com/items/tatami-mat,pokopiadex_items_in_collection
placeable_item,983,Felt mat,felt-mat,Often used for carpeting. Felt can also be laid out as flooring or stacked up into decor.,Blocks,"[""Road""]",[],,in-collection,,blocks_order,66,,,,,,,,[],[],https://pokopiadex.com/images/items/crafting_ui/felt-mat.png,[],https://pokopiadex.com/items/felt-mat,pokopiadex_items_in_collection
placeable_item,749,Puffy-tree pillar,puffy-tree-pillar,These may look like a big tree when stacked up... but they're actually cushions stuffed with leaves!,Blocks,"[""Road""]",[],,in-collection,,blocks_order,67,,,,,,,,[],[],https://pokopiadex.com/images/items/crafting_ui/puffy-tree-pillar.png,[],https://pokopiadex.com/items/puffy-tree-pillar,pokopiadex_items_in_collection
placeable_item,994,Grass flooring,grass-flooring,"This looks like real grass, but it's actually made of cushions!",Blocks,"[""Road""]",[],,in-collection,,blocks_order,68,,,,,,,,[],[],https://pokopiadex.com/images/items/crafting_ui/grass-flooring.png,[],https://pokopiadex.com/items/grass-flooring,pokopiadex_items_in_collection
placeable_item,1626,Simple flooring,simple-flooring,Flooring made by polished hewn stone. It's glossy and hard to the touch.,Blocks,"[""Road""]",[],,in-collection,,blocks_order,69,,,,,,,,[],[],https://pokopiadex.com/images/items/item_ui/simple-flooring.png,[],https://pokopiadex.com/items/simple-flooring,pokopiadex_items_in_collection
placeable_item,742,Marble,marble,Lay down some of this beautifully patterned marble and enjoy a taste of the rich life.,Blocks,"[""Road""]",[],,in-collection,,blocks_order,70,,,,,,,,[],[],https://pokopiadex.com/images/items/crafting_ui/marble.png,[],https://pokopiadex.com/items/marble,pokopiadex_items_in_collection
placeable_item,867,Stone flooring,stone-flooring,Place these to create an entryway. Most folks won't mind if it gets a little dirty.,Blocks,"[""Road""]",[],,in-collection,,blocks_order,71,,,,,,,,[],"[2213,2238]",https://pokopiadex.com/images/items/crafting_ui/stone-flooring.png,[],https://pokopiadex.com/items/stone-flooring,pokopiadex_items_in_collection
placeable_item,987,Lined-stone flooring,lined-stone-flooring,Provides a lovely accent when paired with stone flooring.,Blocks,"[""Road""]",[],,in-collection,,blocks_order,72,,,,,,,,[],[],https://pokopiadex.com/images/items/crafting_ui/lined-stone-flooring.png,[],https://pokopiadex.com/items/lined-stone-flooring,pokopiadex_items_in_collection
placeable_item,1298,Dark marble flooring,dark-marble-flooring,Stylish flooring with dark brown trim. It's perfect for museums and the like.,Blocks,"[""Road""]",[],,in-collection,,blocks_order,73,,,,,,,,[],[],https://pokopiadex.com/images/items/crafting_ui/dark-marble-flooring.png,[],https://pokopiadex.com/items/dark-marble-flooring,pokopiadex_items_in_collection
placeable_item,1627,Light marble flooring,light-marble-flooring,Stylish flooring with a light gray trim. Perfect for offices and the like.,Blocks,"[""Road""]",[],,in-collection,,blocks_order,74,,,,,,,,[],[],https://pokopiadex.com/images/items/item_ui/light-marble-flooring.png,[],https://pokopiadex.com/items/light-marble-flooring,pokopiadex_items_in_collection
placeable_item,1296,Aged-stone flooring,aged-stone-flooring,Stone flooring used in ancient ruins. There's something mysterious about its triangular pattern.,Blocks,"[""Road""]",[],,in-collection,,blocks_order,75,,,,,,,,[],[],https://pokopiadex.com/images/items/crafting_ui/aged-stone-flooring.png,[],https://pokopiadex.com/items/aged-stone-flooring,pokopiadex_items_in_collection
placeable_item,1628,Simple square tiling,simple-square-tiling,"These smooth, water-repellant tiles would make a great bathroom wall.",Blocks,"[""Road""]",[],,in-collection,,blocks_order,76,,,,,,,,[],[],https://pokopiadex.com/images/items/item_ui/simple-square-tiling.png,[],https://pokopiadex.com/items/simple-square-tiling,pokopiadex_items_in_collection
placeable_item,1170,Stylish tiling,stylish-tiling,Glossy ceramic tiles that could be used for walls or flooring.,Blocks,"[""Road""]",[],,in-collection,,blocks_order,77,,,,,,,,[],[],https://pokopiadex.com/images/items/crafting_ui/stylish-tiling.png,[],https://pokopiadex.com/items/stylish-tiling,pokopiadex_items_in_collection
placeable_item,1629,Hexagonal flooring,hexagonal-flooring,Lifeless flooring with a hexagonal pattern. Perfectly suited for high-tech places such as laboratories.,Blocks,"[""Road""]",[],,in-collection,,blocks_order,78,,,,,,,,[],[],https://pokopiadex.com/images/items/crafting_ui/hexagonal-flooring.png,[],https://pokopiadex.com/items/hexagonal-flooring,pokopiadex_items_in_collection
placeable_item,1630,Shop flooring,shop-flooring,Flooring that reminds you of shop floors. Try installing a counter and cash register!,Blocks,"[""Road""]",[],,in-collection,,blocks_order,79,,,,,,,,[],[],https://pokopiadex.com/images/items/item_ui/shop-flooring.png,[],https://pokopiadex.com/items/shop-flooring,pokopiadex_items_in_collection
placeable_item,1631,Triangle-design flooring,triangle-design-flooring,"Shiny flooring with a vibrant, triangular pattern. Make this using Pokémetal!",Blocks,"[""Road""]",[],,in-collection,,blocks_order,80,,,,,,,,[],[],https://pokopiadex.com/images/items/item_ui/triangle-design-flooring.png,[],https://pokopiadex.com/items/triangle-design-flooring,pokopiadex_items_in_collection
placeable_item,1632,Iron-plate flooring,iron-plate-flooring,Iron-plate flooring that looks like it belongs in a factory. Steel-type Pokémon might enjoy this.,Blocks,"[""Road""]",[],,in-collection,,blocks_order,81,,,,,,,,[],[2222],https://pokopiadex.com/images/items/item_ui/iron-plate-flooring.png,[],https://pokopiadex.com/items/iron-plate-flooring,pokopiadex_items_in_collection
placeable_item,1299,Iron tiling,iron-tiling,"Install these on the floor to create a stylish industrial vibe, like the inside of a warehouse.",Blocks,"[""Road""]",[],,in-collection,,blocks_order,82,,,,,,,,[],[],https://pokopiadex.com/images/items/crafting_ui/iron-tiling.png,[],https://pokopiadex.com/items/iron-tiling,pokopiadex_items_in_collection
placeable_item,1633,Neon flooring,neon-flooring,Line these up to make a brightly lit floor. You'll feel like you've wandered into a neon universe.,Blocks,"[""Road""]",[],,in-collection,,blocks_order,83,,,,,,,,[],[],https://pokopiadex.com/images/items/item_ui/neon-flooring.png,[],https://pokopiadex.com/items/neon-flooring,pokopiadex_items_in_collection
placeable_item,1634,Cyber flooring,cyber-flooring,The edges are constantly glowing. Arrange them side by side to create a futuristic atmosphere.,Blocks,"[""Road""]",[],,in-collection,,blocks_order,84,,,,,,,,[],[],https://pokopiadex.com/images/items/item_ui/cyber-flooring.png,[],https://pokopiadex.com/items/cyber-flooring,pokopiadex_items_in_collection
placeable_item,50,Arched tiling,arched-tiling,"Each one alone is just an ordinary brick. But placed together, they make a beautiful arching pattern.",Blocks,"[""Road""]",[],,in-collection,,blocks_order,85,20,,,,,,,[],[],https://pokopiadex.com/images/items/crafting_ui/arched-tiling.png,[],https://pokopiadex.com/items/arched-tiling,pokopiadex_items_in_collection
placeable_item,395,Stone tiling,stone-tiling,"Even rough, ordinary stones can be polished and stacked to make shiny tiles.",Blocks,"[""Road""]",[],,in-collection,,blocks_order,86,,,,,,,,[],"[2213,2238]",https://pokopiadex.com/images/items/crafting_ui/stone-tiling.png,[],https://pokopiadex.com/items/stone-tiling,pokopiadex_items_in_collection
placeable_item,1167,Square tiling,square-tiling,"Tiles often found in seaside towns. They have a distinctive, slightly rough texture.",Blocks,"[""Road""]",[],,in-collection,,blocks_order,87,,,,,,,,[],[],https://pokopiadex.com/images/items/crafting_ui/square-tiling.png,[],https://pokopiadex.com/items/square-tiling,pokopiadex_items_in_collection
placeable_item,1635,Mosaic tiling,mosaic-tiling,Colorfully patterned tile flooring. Set up a few blocks to create a metropolitan atmosphere.,Blocks,"[""Road""]",[],,in-collection,,blocks_order,88,,,,,,,,[],[],https://pokopiadex.com/images/items/item_ui/mosaic-tiling.png,[],https://pokopiadex.com/items/mosaic-tiling,pokopiadex_items_in_collection
placeable_item,1116,Brick flooring,brick-flooring,Vivid bricks that remind you of sunny days. Walking along these makes you feel quite cheerful.,Blocks,"[""Road""]",[],,in-collection,,blocks_order,89,,,,,,,,[],[],https://pokopiadex.com/images/items/crafting_ui/brick-flooring.png,[],https://pokopiadex.com/items/brick-flooring,pokopiadex_items_in_collection
placeable_item,1096,Stylish stone flooring,stylish-stone-flooring,"It's just a bunch of stones piled up—and yet, it somehow looks stylish.",Blocks,"[""Road""]",[],,in-collection,,blocks_order,90,,,,,,,,[],[],https://pokopiadex.com/images/items/item_ui/stylish-stone-flooring.png,[],https://pokopiadex.com/items/stylish-stone-flooring,pokopiadex_items_in_collection
placeable_item,1125,Fish-scale tiling,fish-scale-tiling,Stone tiles in a beautiful fish-scale pattern.,Blocks,"[""Road""]",[],,in-collection,,blocks_order,91,,,,,,,,[],[],https://pokopiadex.com/images/items/crafting_ui/fish-scale-tiling.png,[],https://pokopiadex.com/items/fish-scale-tiling,pokopiadex_items_in_collection
placeable_item,1112,Asphalt road,asphalt-road,Pave the way for Pokémon to have nice roads that are easy to walk on!,Blocks,"[""Road""]",[],,in-collection,,blocks_order,92,,,,,,,,[],[],https://pokopiadex.com/images/items/crafting_ui/asphalt-road.png,[],https://pokopiadex.com/items/asphalt-road,pokopiadex_items_in_collection
placeable_item,1636,Marked road (horizontal),marked-road-horizontal,Asphalt road with a white line on it. Arrange these in a row to make a crosswalk.,Blocks,"[""Road""]",[],,in-collection,,blocks_order,93,,,,,,,,[],[],https://pokopiadex.com/images/items/item_ui/marked-road-horizontal.png,[],https://pokopiadex.com/items/marked-road-horizontal,pokopiadex_items_in_collection
placeable_item,1637,Marked road (vertical),marked-road-vertical,Asphalt road with a white line on it. Arrange these in a row to make a crosswalk.,Blocks,"[""Road""]",[],,in-collection,,blocks_order,94,,,,,,,,[],[],https://pokopiadex.com/images/items/item_ui/marked-road-vertical.png,[],https://pokopiadex.com/items/marked-road-vertical,pokopiadex_items_in_collection
placeable_item,1638,Gray circle flooring,gray-circle-flooring,The prominent gray circle looks like the perfect spot to install a utility pole.,Blocks,"[""Road""]",[],,in-collection,,blocks_order,95,,,,,,,,[],[],https://pokopiadex.com/images/items/item_ui/gray-circle-flooring.png,[],https://pokopiadex.com/items/gray-circle-flooring,pokopiadex_items_in_collection
placeable_item,313,Hay pile,hay-pile,"Bales of straw can be arranged to make walls or flooring, whichever you choose.",Blocks,[],[],,in-collection,,blocks_order,96,10,,,,,,,[],[],https://pokopiadex.com/images/items/crafting_ui/hay-pile.png,[],https://pokopiadex.com/items/hay-pile,pokopiadex_items_in_collection
placeable_item,1639,Iron plating,iron-plating,Sturdy plating that's even used to make ships. Change its color to your liking.,Blocks,[],[],,in-collection,,blocks_order,97,,,,,,,,[],[],https://pokopiadex.com/images/items/crafting_ui/iron-plating.png,[],https://pokopiadex.com/items/iron-plating,pokopiadex_items_in_collection
placeable_item,1097,Cube light,cube-light,"A cube that's constantly emitting bright light, even without electricity. It's made from shining rocks.",Blocks,[],[],,in-collection,,blocks_order,98,,,,,,,,[],[],https://pokopiadex.com/images/items/item_ui/cube-light.png,[],https://pokopiadex.com/items/cube-light,pokopiadex_items_in_collection
placeable_item,1640,Foundation,foundation,A sturdy foundation made of firmly bonded stone and concrete.,Blocks,[],[],,in-collection,,blocks_order,99,,,,,,,,[],[],https://pokopiadex.com/images/items/item_ui/foundation.png,[],https://pokopiadex.com/items/foundation,pokopiadex_items_in_collection
placeable_item,1641,Levee,levee,Place these wherever you want to stop the flow of water. Sturdy enough to hold back rivers and oceans.,Blocks,[],[],,in-collection,,blocks_order,100,,,,,,,,[],[],https://pokopiadex.com/images/items/item_ui/levee.png,[],https://pokopiadex.com/items/levee,pokopiadex_items_in_collection
placeable_item,1163,Scrap cube,scrap-cube,A block of condensed cloth and scrap metal. It looks like it was made by a Pokémon skilled at crafting!,Blocks,[],[],,in-collection,,blocks_order,101,,,,,,,,[],[],https://pokopiadex.com/images/items/crafting_ui/scrap-cube.png,[],https://pokopiadex.com/items/scrap-cube,pokopiadex_items_in_collection
placeable_item,1642,Polka-dot print,polka-dot-print,This pop-art polka-dot pattern looks cute whether you line up a bunch or use some as an accent.,Blocks,[],[],,in-collection,,blocks_order,102,,,,,,,,[],[],https://pokopiadex.com/images/items/item_ui/polka-dot-print.png,[],https://pokopiadex.com/items/polka-dot-print,pokopiadex_items_in_collection
placeable_item,1643,Bubble print,bubble-print,A pattern with lots of floating bubbles. It has a unique ephemeral charm to it.,Blocks,[],[],,in-collection,,blocks_order,103,,,,,,,,[],[],https://pokopiadex.com/images/items/item_ui/bubble-print.png,[],https://pokopiadex.com/items/bubble-print,pokopiadex_items_in_collection
placeable_item,1644,Vertical-stripe print,vertical-stripe-print,Vertical stripes like those on Flaaffy's tail. This simple pattern looks like it'd fit in a variety of places.,Blocks,[],[],,in-collection,,blocks_order,104,,,,,,,,[],[],https://pokopiadex.com/images/items/item_ui/vertical-stripe-print.png,[],https://pokopiadex.com/items/vertical-stripe-print,pokopiadex_items_in_collection
placeable_item,1645,Horizontal-stripe print,horizontal-stripe-print,Horizontal stripes like those on Elekid. This simple pattern looks like it'd fit in a variety of places.,Blocks,[],[],,in-collection,,blocks_order,105,,,,,,,,[],[],https://pokopiadex.com/images/items/item_ui/horizontal-stripe-print.png,[],https://pokopiadex.com/items/horizontal-stripe-print,pokopiadex_items_in_collection
placeable_item,1646,Gingham print,gingham-print,"A checkered pattern with a white base. A classic, simple design.",Blocks,[],[],,in-collection,,blocks_order,106,,,,,,,,[],[],https://pokopiadex.com/images/items/item_ui/gingham-print.png,[],https://pokopiadex.com/items/gingham-print,pokopiadex_items_in_collection
placeable_item,1647,Tartan print,tartan-print,A checkered pattern with several colors. The design is both methodical and adorable.,Blocks,[],[],,in-collection,,blocks_order,107,,,,,,,,[],[],https://pokopiadex.com/images/items/item_ui/tartan-print.png,[],https://pokopiadex.com/items/tartan-print,pokopiadex_items_in_collection
placeable_item,1648,Argyle print,argyle-print,"A diamond-shaped checkered pattern. It has a warm, welcoming atmosphere.",Blocks,[],[],,in-collection,,blocks_order,108,,,,,,,,[],[],https://pokopiadex.com/images/items/item_ui/argyle-print.png,[],https://pokopiadex.com/items/argyle-print,pokopiadex_items_in_collection
placeable_item,1649,Houndstooth print,houndstooth-print,"If you stare at this pattern for a long time, you just might see a flock of flying bird Pokémon.",Blocks,[],[],,in-collection,,blocks_order,109,,,,,,,,[],[],https://pokopiadex.com/images/items/item_ui/houndstooth-print.png,[],https://pokopiadex.com/items/houndstooth-print,pokopiadex_items_in_collection
placeable_item,1650,Vine print,vine-print,"This twisting, twirling pattern is fully interconnected. It kind of resembles Serperior's patterning.",Blocks,[],[],,in-collection,,blocks_order,110,,,,,,,,[],[],https://pokopiadex.com/images/items/item_ui/vine-print.png,[],https://pokopiadex.com/items/vine-print,pokopiadex_items_in_collection
placeable_item,1651,Swirl print,swirl-print,Straight lines that bend and contort into spirals. Staring at this will make your eyes spiral too!,Blocks,[],[],,in-collection,,blocks_order,111,,,,,,,,[],[],https://pokopiadex.com/images/items/item_ui/swirl-print.png,[],https://pokopiadex.com/items/swirl-print,pokopiadex_items_in_collection
placeable_item,1652,Winter print,winter-print,A pattern with a snowflake motif. Perfect for colder seasons.,Blocks,[],[],,in-collection,,blocks_order,112,,,,,,,,[],[],https://pokopiadex.com/images/items/crafting_ui/winter-print.png,[],https://pokopiadex.com/items/winter-print,pokopiadex_items_in_collection
placeable_item,1653,Zig-zag print,zig-zag-print,A cool pattern that zigzags like Pikachu's tail.,Blocks,[],[],,in-collection,,blocks_order,113,,,,,,,,[],[],https://pokopiadex.com/images/items/item_ui/zig-zag-print.png,[],https://pokopiadex.com/items/zig-zag-print,pokopiadex_items_in_collection
placeable_item,1654,Leaf print,leaf-print,This leaf pattern is easy on the eyes and makes you feel like you're in a forest - perfect for relaxation!,Blocks,[],"[""inspect shiny water ripples""]",,in-collection,,blocks_order,114,,,,,,,,[],[],https://pokopiadex.com/images/items/crafting_ui/leaf-print.png,[],https://pokopiadex.com/items/leaf-print,pokopiadex_items_in_collection
placeable_item,1655,Flower print,flower-print,A floral pattern with lots of cute flowers. You'll feel like you're on a picnic every time you look at it.,Blocks,[],[],,in-collection,,blocks_order,115,,,,,,,,[],[],https://pokopiadex.com/images/items/crafting_ui/flower-print.png,[],https://pokopiadex.com/items/flower-print,pokopiadex_items_in_collection
placeable_item,1656,Star print,star-print,A pattern with stars of all sizes. Use it for your floor or walls so you can reach out and touch the stars.,Blocks,[],[],,in-collection,,blocks_order,116,,,,,,,,[],[],https://pokopiadex.com/images/items/crafting_ui/star-print.png,[],https://pokopiadex.com/items/star-print,pokopiadex_items_in_collection
placeable_item,1657,Curry print,curry-print,"A pattern with a delicious-looking curry motif, packed full of savory vegetable flavor.",Blocks,[],[],,in-collection,,blocks_order,117,,,,,,,,[],[],https://pokopiadex.com/images/items/item_ui/curry-print.png,[],https://pokopiadex.com/items/curry-print,pokopiadex_items_in_collection
placeable_item,1658,Berry print,berry-print,"Sweet berries, spicy berries, bitter berries… This pattern has berry flavors for everyone.",Blocks,[],[],,in-collection,,blocks_order,118,,,,,,,,[],"[2216,2219]",https://pokopiadex.com/images/items/item_ui/berry-print.png,[],https://pokopiadex.com/items/berry-print,pokopiadex_items_in_collection
placeable_item,1659,Poké Ball print,poke-ball-print,"A pattern with lots of different-color Poké Balls. It has a cute, pop-art feel to it.",Blocks,[],[],,in-collection,,blocks_order,119,,,,,,,,[],[],https://pokopiadex.com/images/items/item_ui/poke-ball-print.png,[],https://pokopiadex.com/items/poke-ball-print,pokopiadex_items_in_collection
placeable_item,1660,Stylish Poké Ball print,stylish-poke-ball-print,A pattern with a fancy Poké Ball design. It'd look great in any sort of upscale house.,Blocks,[],[],,in-collection,,blocks_order,120,,,,,,,,[],[],https://pokopiadex.com/images/items/item_ui/stylish-poke-ball-print.png,[],https://pokopiadex.com/items/stylish-poke-ball-print,pokopiadex_items_in_collection
placeable_item,79,Field grass,field-grass,Soft soil with grass growing on top. It's perfect for planting a tree or flower seeds.,Blocks,[],"[""Use Rock Smash on grass""]",,in-collection,,blocks_order,121,10,,,,,,,[],[],https://pokopiadex.com/images/items/item_ui/field-grass.png,[],https://pokopiadex.com/items/field-grass,pokopiadex_items_in_collection
placeable_item,1661,Seashore grass,seashore-grass,"Coastal soil with thin grass growing out of it. If you use Leafage on this, tall yellow grass will grow.",Blocks,[],[],,in-collection,,blocks_order,122,,,,,,,,[],[],https://pokopiadex.com/images/items/item_ui/seashore-grass.png,[],https://pokopiadex.com/items/seashore-grass,pokopiadex_items_in_collection
placeable_item,1098,Alpine grass,alpine-grass,Dark-green grass often found in valleys.,Blocks,[],[],,in-collection,,blocks_order,123,,,,,,,,[],[],https://pokopiadex.com/images/items/item_ui/alpine-grass.png,[],https://pokopiadex.com/items/alpine-grass,pokopiadex_items_in_collection
placeable_item,1662,Sky-high grass,sky-high-grass,"Lush, green grass that grows in white soil.",Blocks,[],[],,in-collection,,blocks_order,124,,,,,,,,[],[],https://pokopiadex.com/images/items/item_ui/sky-high-grass.png,[],https://pokopiadex.com/items/sky-high-grass,pokopiadex_items_in_collection
placeable_item,80,Ordinary soil,ordinary-soil,"Regular soil that's a bit soft. If you use Leafage on it, green tall grass will grow.",Blocks,[],"[""Use Rock Smash on dirt""]",,in-collection,,blocks_order,125,,,,,,,,[],[],https://pokopiadex.com/images/items/item_ui/ordinary-soil.png,[],https://pokopiadex.com/items/ordinary-soil,pokopiadex_items_in_collection
placeable_item,1663,Seashell soil,seashell-soil,"Despite the seashells mixed into it, this soil is softer than sand and capable of supporting plant life.",Blocks,[],[],,in-collection,,blocks_order,126,,,,,,,,[],[],https://pokopiadex.com/images/items/item_ui/seashell-soil.png,[],https://pokopiadex.com/items/seashell-soil,pokopiadex_items_in_collection
placeable_item,752,Striped soil,striped-soil,Soil made up of layers of sediment from volcanic eruptions that accumulated and hardened over time.,Blocks,[],[],,in-collection,,blocks_order,127,,,,,,,,[],[],https://pokopiadex.com/images/items/item_ui/striped-soil.png,[],https://pokopiadex.com/items/striped-soil,pokopiadex_items_in_collection
placeable_item,1664,Pure-white soil,pure-white-soil,White soil with a touch of colorful sand mixed in. Often found in the skylands.,Blocks,[],[],,in-collection,,blocks_order,128,,,,,,,,[],[],https://pokopiadex.com/images/items/item_ui/pure-white-soil.png,[],https://pokopiadex.com/items/pure-white-soil,pokopiadex_items_in_collection
placeable_item,1665,Clay,clay,Soft enough for you to leave your footprints on it. It's actually made up of tiny grains of sand!,Blocks,[],[],,in-collection,,blocks_order,129,,,,,,,,[],[],https://pokopiadex.com/images/items/item_ui/clay.png,[],https://pokopiadex.com/items/clay,pokopiadex_items_in_collection
placeable_item,1666,Ordinary sand,ordinary-sand,"Ordinary sand that can be found all over. There's some moisture in it, but it's hardened up a little.",Blocks,[],[],,in-collection,,blocks_order,130,,,,,,,,[],[],https://pokopiadex.com/images/items/item_ui/ordinary-sand.png,[],https://pokopiadex.com/items/ordinary-sand,pokopiadex_items_in_collection
placeable_item,78,Beach sand,beach-sand,"Fine sand found on the beach. If you built a castle out of this, it probably wouldn't collapse.",Blocks,[],"[""Use Rock Smash on beach""]",,in-collection,,blocks_order,131,,,,,,,,[],[],https://pokopiadex.com/images/items/item_ui/beach-sand.png,[],https://pokopiadex.com/items/beach-sand,pokopiadex_items_in_collection
placeable_item,1667,Skyland sand,skyland-sand,Silky sand found at the skylands. It's lighter in color than ordinary sand.,Blocks,[],[],,in-collection,,blocks_order,132,,,,,,,,[],[],https://pokopiadex.com/images/items/item_ui/skyland-sand.png,[],https://pokopiadex.com/items/skyland-sand,pokopiadex_items_in_collection
placeable_item,1668,Bumpy beach sand,bumpy-beach-sand,Sand with various stones and small seashells packed within. Stepping on it leaves footprints behind.,Blocks,[],[],,in-collection,,blocks_order,133,,,,,,,,[],[],https://pokopiadex.com/images/items/item_ui/bumpy-beach-sand.png,[],https://pokopiadex.com/items/bumpy-beach-sand,pokopiadex_items_in_collection
placeable_item,727,Volcanic ash,volcanic-ash,Ash that fell from the sky after a volcanic eruption.,Blocks,[],"[""Rocky Ridges""]",,in-collection,,blocks_order,134,,,,,,,,[],[],https://pokopiadex.com/images/items/item_ui/volcanic-ash.png,[],https://pokopiadex.com/items/volcanic-ash,pokopiadex_items_in_collection
placeable_item,667,Sandstone,sandstone,"Amassed sand, left alone for countless years, has slowly hardened into stone.",Blocks,[],[],,in-collection,,blocks_order,135,10,,,,,,,[],[],https://pokopiadex.com/images/items/item_ui/sandstone.png,[],https://pokopiadex.com/items/sandstone,pokopiadex_items_in_collection
placeable_item,2034,Skyland sandstone,skyland-sandstone,"Over the course of many years, the sand from the skylands has hardened into rock.",Blocks,[],[],,in-collection,,blocks_order,136,,,,,,,,[],[],https://pokopiadex.com/images/items/item_ui/skyland-sandstone.png,[],https://pokopiadex.com/items/skyland-sandstone,pokopiadex_items_in_collection
placeable_item,664,Cliff rock,cliff-rock,A type of rock often found on mountain cliffs. Looks like you could break it with Rock Smash.,Blocks,[],[],,in-collection,,blocks_order,137,10,,,,,,,[],[],https://pokopiadex.com/images/items/item_ui/cliff-rock.png,[],https://pokopiadex.com/items/cliff-rock,pokopiadex_items_in_collection
placeable_item,666,Spotted cliff rock,spotted-cliff-rock,"Small rocks from the distant past, often found in valleys, that have been hardened over time into stratum.",Blocks,[],[],,in-collection,,blocks_order,138,10,,,,,,,[],[],https://pokopiadex.com/images/items/item_ui/spotted-cliff-rock.png,[],https://pokopiadex.com/items/spotted-cliff-rock,pokopiadex_items_in_collection
placeable_item,1669,Red cliff rock,red-cliff-rock,Red rock that looks like it came from a steep mountainside cliff.,Blocks,[],[],,in-collection,,blocks_order,139,,,,,,,,[],[],https://pokopiadex.com/images/items/item_ui/red-cliff-rock.png,[],https://pokopiadex.com/items/red-cliff-rock,pokopiadex_items_in_collection
placeable_item,1670,Red spotted cliff rock,red-spotted-cliff-rock,"Boulders often seen by the seaside. With the waves at their backs, they stand tall, powerful and majestic.",Blocks,[],[],,in-collection,,blocks_order,140,,,,,,,,[],[],https://pokopiadex.com/images/items/item_ui/red-spotted-cliff-rock.png,[],https://pokopiadex.com/items/red-spotted-cliff-rock,pokopiadex_items_in_collection
placeable_item,1671,Black cliff rock,black-cliff-rock,Black rock that looks like it came from a steep mountainside cliff.,Blocks,[],[],,in-collection,,blocks_order,141,,,,,,,,[],[],https://pokopiadex.com/images/items/item_ui/black-cliff-rock.png,[],https://pokopiadex.com/items/black-cliff-rock,pokopiadex_items_in_collection
placeable_item,1672,Black spotted cliff rock,black-spotted-cliff-rock,"It's rough and bumpy because it's packed with small rocks. It has a weighty, imposing presence.",Blocks,[],[],,in-collection,,blocks_order,142,,,,,,,,[],[],https://pokopiadex.com/images/items/item_ui/black-spotted-cliff-rock.png,[],https://pokopiadex.com/items/black-spotted-cliff-rock,pokopiadex_items_in_collection
placeable_item,1673,Skyland cliff rock,skyland-cliff-rock,A type of rock that towers over all on mountain slopes. It can only be found at the skylands.,Blocks,[],[],,in-collection,,blocks_order,143,,,,,,,,[],[],https://pokopiadex.com/images/items/item_ui/skyland-cliff-rock.png,[],https://pokopiadex.com/items/skyland-cliff-rock,pokopiadex_items_in_collection
placeable_item,1674,Skyland spotted cliff rock,skyland-spotted-cliff-rock,"Lots of tiny stones are crammed in between skyland cliff rocks, giving them a rugged look.",Blocks,[],[],,in-collection,,blocks_order,144,,,,,,,,[],[],https://pokopiadex.com/images/items/item_ui/skyland-spotted-cliff-rock.png,[],https://pokopiadex.com/items/skyland-spotted-cliff-rock,pokopiadex_items_in_collection
placeable_item,1675,White rock,white-rock,"A pale, slightly hard rock that is tough to break.",Blocks,[],[],,in-collection,,blocks_order,145,,,,,,,,[],[],https://pokopiadex.com/images/items/item_ui/white-rock.png,[],https://pokopiadex.com/items/white-rock,pokopiadex_items_in_collection
placeable_item,1676,Coarse rock,coarse-rock,A type of rock found here and there. It looks like it would be tough to process.,Blocks,[],[],,in-collection,,blocks_order,146,,,,,,,,[],[],https://pokopiadex.com/images/items/item_ui/coarse-rock.png,[],https://pokopiadex.com/items/coarse-rock,pokopiadex_items_in_collection
placeable_item,1677,Light brown rock,light-brown-rock,A light-brown rock that you can find most anywhere.,Blocks,[],[],,in-collection,,blocks_order,147,,,,,,,,[],[],https://pokopiadex.com/images/items/item_ui/light-brown-rock.png,[],https://pokopiadex.com/items/light-brown-rock,pokopiadex_items_in_collection
placeable_item,1678,Red rock,red-rock,A somewhat hard red rock often found near lava.,Blocks,[],[],,in-collection,,blocks_order,148,,,,,,,,[],[],https://pokopiadex.com/images/items/item_ui/red-rock.png,[],https://pokopiadex.com/items/red-rock,pokopiadex_items_in_collection
placeable_item,1679,Yellow rock,yellow-rock,This stone is commonly found near volcanoes. Its smell makes your nose sting a little.,Blocks,[],[],,in-collection,,blocks_order,149,,,,,,,,[],[],https://pokopiadex.com/images/items/item_ui/yellow-rock.png,[],https://pokopiadex.com/items/yellow-rock,pokopiadex_items_in_collection
placeable_item,1099,Black rock,black-rock,Rugged stone often found near volcanoes. It was originally molten-hot lava!,Blocks,[],[],,in-collection,,blocks_order,150,,,,,,,,[],[],https://pokopiadex.com/images/items/item_ui/black-rock.png,[],https://pokopiadex.com/items/black-rock,pokopiadex_items_in_collection
placeable_item,1240,Lava rock,lava-rock,"When hot lava cools and hardens, it becomes black, rugged rock.",Blocks,[],[],,in-collection,,blocks_order,151,,,,,,,,[],[],https://pokopiadex.com/images/items/item_ui/lava-rock.png,[],https://pokopiadex.com/items/lava-rock,pokopiadex_items_in_collection
placeable_item,1680,Cave rock,cave-rock,Especially hard stone often found in caves.,Blocks,[],[],,in-collection,,blocks_order,152,,,,,,,,[],[],https://pokopiadex.com/images/items/item_ui/cave-rock.png,[],https://pokopiadex.com/items/cave-rock,pokopiadex_items_in_collection
placeable_item,1681,Ocean rock,ocean-rock,Textured rock found by the seaside. It's been worn into this shape over time by the ocean waves.,Blocks,[],[],,in-collection,,blocks_order,153,,,,,,,,[],[],https://pokopiadex.com/images/items/item_ui/ocean-rock.png,[],https://pokopiadex.com/items/ocean-rock,pokopiadex_items_in_collection
placeable_item,1682,Reddish-brown cave rock,reddish-brown-cave-rock,"This cave was originally black, but it appears to have turned reddish as it oxidized over time.",Blocks,[],[],,in-collection,,blocks_order,154,,,,,,,,[],[],https://pokopiadex.com/images/items/item_ui/reddish-brown-cave-rock.png,[],https://pokopiadex.com/items/reddish-brown-cave-rock,pokopiadex_items_in_collection
placeable_item,1683,Volcanic rock,volcanic-rock,A rock with lots of tiny stone shards packed inside. Looks like it was formed by a volcanic eruption.,Blocks,[],[],,in-collection,,blocks_order,155,,,,,,,,[],[],https://pokopiadex.com/images/items/item_ui/volcanic-rock.png,[],https://pokopiadex.com/items/volcanic-rock,pokopiadex_items_in_collection
placeable_item,1684,Carved white rock,carved-white-rock,A rock with a curved shape carved into it. Fits snugly onto cave ceilings.,Blocks,[],[],,in-collection,,blocks_order,156,,,,,,,,[],[],https://pokopiadex.com/images/items/item_ui/carved-white-rock.png,[],https://pokopiadex.com/items/carved-white-rock,pokopiadex_items_in_collection
placeable_item,1685,Carved coarse rock,carved-coarse-rock,A rock with a curved shape carved into it. Fits snugly onto cave ceilings.,Blocks,[],[],,in-collection,,blocks_order,157,,,,,,,,[],[],https://pokopiadex.com/images/items/item_ui/carved-coarse-rock.png,[],https://pokopiadex.com/items/carved-coarse-rock,pokopiadex_items_in_collection
placeable_item,1686,Carved light-brown rock,carved-light-brown-rock,A rock with a curved shape carved into it. Fits snugly onto cave ceilings.,Blocks,[],[],,in-collection,,blocks_order,158,,,,,,,,[],[],https://pokopiadex.com/images/items/item_ui/carved-light-brown-rock.png,[],https://pokopiadex.com/items/carved-light-brown-rock,pokopiadex_items_in_collection
placeable_item,1687,Carved red rock,carved-red-rock,A rock with a curved shape carved into it. Fits snugly onto cave ceilings.,Blocks,[],[],,in-collection,,blocks_order,159,,,,,,,,[],[],https://pokopiadex.com/images/items/item_ui/carved-red-rock.png,[],https://pokopiadex.com/items/carved-red-rock,pokopiadex_items_in_collection
placeable_item,1688,Carved yellow rock,carved-yellow-rock,A rock with a curved shape carved into it. Fits snugly onto cave ceilings.,Blocks,[],[],,in-collection,,blocks_order,160,,,,,,,,[],[],https://pokopiadex.com/images/items/item_ui/carved-yellow-rock.png,[],https://pokopiadex.com/items/carved-yellow-rock,pokopiadex_items_in_collection
placeable_item,2245,Copper deposit (Wasteland),copper-deposit-wasteland,A rock with bluish-green copper embedded in it. Break it open to obtain copper ore.,Blocks,[],[],,in-collection,,blocks_order,161,,,,,,,,[],[],https://pokopiadex.com/images/items/item_ui/copper-deposit-wasteland.png,[],https://pokopiadex.com/items/copper-deposit-wasteland,pokopiadex_items_in_collection
placeable_item,2246,Copper deposit (Beach),copper-deposit-beach,A rock with bluish-green copper embedded in it. Break it open to obtain copper ore.,Blocks,[],[],,in-collection,,blocks_order,162,,,,,,,,[],[],https://pokopiadex.com/images/items/item_ui/copper-deposit-beach.png,[],https://pokopiadex.com/items/copper-deposit-beach,pokopiadex_items_in_collection
placeable_item,2247,Copper deposit (Ridge),copper-deposit-ridge,A rock with bluish-green copper embedded in it. Break it open to obtain copper ore.,Blocks,[],[],,in-collection,,blocks_order,163,,,,,,,,[],[],https://pokopiadex.com/images/items/item_ui/copper-deposit-ridge.png,[],https://pokopiadex.com/items/copper-deposit-ridge,pokopiadex_items_in_collection
placeable_item,2248,Copper deposit (Skyland),copper-deposit-skyland,A rock with bluish-green copper embedded in it. Break it open to obtain copper ore.,Blocks,[],[],,in-collection,,blocks_order,164,,,,,,,,[],[],https://pokopiadex.com/images/items/item_ui/copper-deposit-skyland.png,[],https://pokopiadex.com/items/copper-deposit-skyland,pokopiadex_items_in_collection
placeable_item,2249,Iron deposit,iron-deposit,A rock that looks like a chocolate cookie! Break it open to obtain iron ore.,Blocks,[],[],,in-collection,,blocks_order,165,,,,,,,,[],[2222],https://pokopiadex.com/images/items/item_ui/iron-deposit.png,[],https://pokopiadex.com/items/iron-deposit,pokopiadex_items_in_collection
placeable_item,2250,Gold deposit,gold-deposit,A stone that shines with golden glints. Can be crushed and processed into gold.,Blocks,[],[],,in-collection,,blocks_order,166,,,,,,,,[],[],https://pokopiadex.com/images/items/item_ui/gold-deposit.png,[],https://pokopiadex.com/items/gold-deposit,pokopiadex_items_in_collection
placeable_item,2251,Pokémetal deposit,pokemetal-deposit,A glittering rock with Pokémetal embedded in it. Break it open to obtain Pokémetal fragments.,Blocks,[],[],,in-collection,,blocks_order,167,,,,,,,,[],[],https://pokopiadex.com/images/items/item_ui/pokemetal-deposit.png,[],https://pokopiadex.com/items/pokemetal-deposit,pokopiadex_items_in_collection
placeable_item,360,Mossy soil,mossy-soil,Moss loves growing in damp places. Venture deep into caces to find tons on it.,Blocks,[],"[""Caves""]",,in-collection,,blocks_order,168,,,,,,,,[],[],https://pokopiadex.com/images/items/item_ui/mossy-soil.png,[],https://pokopiadex.com/items/mossy-soil,pokopiadex_items_in_collection
placeable_item,1100,Gravel,gravel,"Loose paving material made up of rocks of all sizes, big and small.",Blocks,[],[],,in-collection,,blocks_order,169,,,,,,,,[],[],https://pokopiadex.com/images/items/item_ui/gravel.png,[],https://pokopiadex.com/items/gravel,pokopiadex_items_in_collection
placeable_item,741,Limestone,limestone,This white stone is abundant in limestone caverns and can be processed into many things.,Blocks,[],[],,in-collection,,blocks_order,170,,,,,,,,[],[],https://pokopiadex.com/images/items/item_ui/limestone.png,[],https://pokopiadex.com/items/limestone,pokopiadex_items_in_collection
placeable_item,1004,Glowing stone,glowing-stone,A mysterious stone that emits rainbow light. Put it somewhere dark to create a mystical atmosphere.,Blocks,[],[],,in-collection,,blocks_order,171,,,,,,,,[],[],https://pokopiadex.com/images/items/dream_ui/glowing-stone.png,[],https://pokopiadex.com/items/glowing-stone,pokopiadex_items_in_collection
placeable_item,1696,Mysterious stone,mysterious-stone,"A beautiful, transparent stone. It seems to possess a strange power, doesn't it?",Blocks,[],[],,in-collection,,blocks_order,172,,,,,,,,[],[],https://pokopiadex.com/images/items/item_ui/mysterious-stone.png,[],https://pokopiadex.com/items/mysterious-stone,pokopiadex_items_in_collection
placeable_item,1101,Ice,ice,"Pristine, beautiful ice that is cold to the touch.",Blocks,[],[],,in-collection,,blocks_order,173,,,,,,,,[],[],https://pokopiadex.com/images/items/item_ui/ice.png,[],https://pokopiadex.com/items/ice,pokopiadex_items_in_collection
placeable_item,1697,Cracked sandstone,cracked-sandstone,This sandstone looks ready to fall apart. Perhaps a well-placed Rock Smash might finish the job.,Blocks,[],[],,in-collection,,blocks_order,174,,,,,,,,[],[],https://pokopiadex.com/images/items/item_ui/cracked-sandstone.png,[],https://pokopiadex.com/items/cracked-sandstone,pokopiadex_items_in_collection
placeable_item,2045,Bouldery Badge,bouldery-badge,Proof that one has overcome a difficult trial. It sparkles with gray light.,Key Items,[],[],,in-collection,,key_items_order,1,,,,,,,,[],[],https://pokopiadex.com/images/items/item_ui/bouldery-badge.png,[],https://pokopiadex.com/items/bouldery-badge,pokopiadex_items_in_collection
placeable_item,2046,Cascade-like Badge,cascade-like-badge,Proof that one has overcome a difficult trial. It sparkles with blue light.,Key Items,[],[],,in-collection,,key_items_order,2,,,,,,,,[],[],https://pokopiadex.com/images/items/item_ui/cascade-like-badge.png,[],https://pokopiadex.com/items/cascade-like-badge,pokopiadex_items_in_collection
placeable_item,2047,Thunderish Badge,thunderish-badge,Proof that one has overcome a difficult trial. It sparkles with orange light.,Key Items,[],[],,in-collection,,key_items_order,3,,,,,,,,[],[],https://pokopiadex.com/images/items/item_ui/thunderish-badge.png,[],https://pokopiadex.com/items/thunderish-badge,pokopiadex_items_in_collection
placeable_item,2048,Rainbowish Badge,rainbowish-badge,Proof that one has overcome a difficult trial. It sparkles with rainbow light.,Key Items,[],[],,in-collection,,key_items_order,4,,,,,,,,[],[],https://pokopiadex.com/images/items/item_ui/rainbowish-badge.png,[],https://pokopiadex.com/items/rainbowish-badge,pokopiadex_items_in_collection
placeable_item,2049,Soul-like Badge,soul-like-badge,Proof that one has overcome a difficult trial. It sparkles with pink light.,Key Items,[],[],,in-collection,,key_items_order,5,,,,,,,,[],[],https://pokopiadex.com/images/items/item_ui/soul-like-badge.png,[],https://pokopiadex.com/items/soul-like-badge,pokopiadex_items_in_collection
placeable_item,2050,Marshy Badge,marshy-badge,Proof that one has overcome a difficult trial. It sparkles with golden light.,Key Items,[],[],,in-collection,,key_items_order,6,,,,,,,,[],[],https://pokopiadex.com/images/items/item_ui/marshy-badge.png,[],https://pokopiadex.com/items/marshy-badge,pokopiadex_items_in_collection
placeable_item,2051,Volcanoey Badge,volcanoey-badge,Proof that one has overcome a difficult trial. It sparkles with red light.,Key Items,[],[],,in-collection,,key_items_order,7,,,,,,,,[],[],https://pokopiadex.com/images/items/item_ui/volcanoey-badge.png,[],https://pokopiadex.com/items/volcanoey-badge,pokopiadex_items_in_collection
placeable_item,2052,Earth Badge,earth-badge,Proof that one has overcome a difficult trial. It sparkles with green light.,Key Items,[],[],,in-collection,,key_items_order,8,,,,,,,,[],[],https://pokopiadex.com/images/items/item_ui/earth-badge.png,[],https://pokopiadex.com/items/earth-badge,pokopiadex_items_in_collection
placeable_item,310,Mysterious goggles,mysterious-goggles,Goggles with mysterious power. Wearing these allows you to peek into someone's Cloud Island.,Key Items,[],[],,in-collection,,key_items_order,9,,,,100,,,,[],[],https://pokopiadex.com/images/items/shop_ui/mysterious-goggles.png,[],https://pokopiadex.com/items/mysterious-goggles,pokopiadex_items_in_collection
placeable_item,211,Dowsing Machine,dowsing-machine,Partner up with a Pokémon skilled at searching and use this to find hidden treasures!,Other,[],"[""Golden Pokeball found at top of hill near Hitmonchan in tutorial area""]",,in-collection,,other_order,1,10,,,,,,,[],[],https://pokopiadex.com/images/items/item_ui/dowsing-machine.png,[],https://pokopiadex.com/items/dowsing-machine,pokopiadex_items_in_collection
placeable_item,2053,Neo Dowsing Machine,neo-dowsing-machine,The upgraded Dowsing Machine! It can now find a special location.,Other,[],[],,in-collection,,other_order,2,,,,,,,,[],[],https://pokopiadex.com/images/items/item_ui/neo-dowsing-machine.png,[],https://pokopiadex.com/items/neo-dowsing-machine,pokopiadex_items_in_collection
placeable_item,970,Party popper,party-popper,Celebrate with a loud pop and some confetti! But be careful you can only use each one once!,Other,[],"[""Reach Environmental Level 5 in Withered Wasteland""]",,in-collection,,other_order,3,,,,,,,,[],[],https://pokopiadex.com/images/items/crafting_ui/party-popper.png,[],https://pokopiadex.com/items/party-popper,pokopiadex_items_in_collection
placeable_item,582,Star Piece,star-piece,"Apparently, if you give this to a Pokémon visiting from far away, they'll give you a gift in return.",Other,[],[],,in-collection,,other_order,4,,,,,,,,[],[2231],https://pokopiadex.com/images/items/crafting_ui/star-piece.png,[],https://pokopiadex.com/items/star-piece,pokopiadex_items_in_collection
placeable_item,1155,Paint balloon (white),paint-balloon-white,A colorful balloon filled with paint. You can use it to paint items or buildings!,Other,[],[],,in-collection,,other_order,5,,,,,,,,[],"[2200,2229]",https://pokopiadex.com/images/items/crafting_ui/paint-balloon-white.png,[],https://pokopiadex.com/items/paint-balloon-white,pokopiadex_items_in_collection
placeable_item,1153,Paint balloon (red),paint-balloon-red,A colorful balloon filled with paint. You can use it to paint items or buildings!,Other,[],[],,in-collection,,other_order,6,,,,,,,,[],"[2200,2229]",https://pokopiadex.com/images/items/crafting_ui/paint-balloon-red.png,[],https://pokopiadex.com/items/paint-balloon-red,pokopiadex_items_in_collection
placeable_item,1156,Paint balloon (yellow),paint-balloon-yellow,A colorful balloon filled with paint. You can use it to paint items or buildings!,Other,[],[],,in-collection,,other_order,7,,,,,,,,[],"[2200,2229]",https://pokopiadex.com/images/items/crafting_ui/paint-balloon-yellow.png,[],https://pokopiadex.com/items/paint-balloon-yellow,pokopiadex_items_in_collection
placeable_item,1146,Paint balloon (green),paint-balloon-green,A colorful balloon filled with paint. You can use it to paint items or buildings!,Other,[],[],,in-collection,,other_order,8,,,,,,,,[],"[2200,2229]",https://pokopiadex.com/images/items/crafting_ui/paint-balloon-green.png,[],https://pokopiadex.com/items/paint-balloon-green,pokopiadex_items_in_collection
placeable_item,1154,Paint balloon (rose),paint-balloon-rose,A colorful balloon filled with paint. You can use it to paint items or buildings!,Other,[],[],,in-collection,,other_order,9,,,,,,,,[],"[2200,2229]",https://pokopiadex.com/images/items/crafting_ui/paint-balloon-rose.png,[],https://pokopiadex.com/items/paint-balloon-rose,pokopiadex_items_in_collection
placeable_item,1150,Paint balloon (pink),paint-balloon-pink,A colorful balloon filled with paint. You can use it to paint items or buildings!,Other,[],[],,in-collection,,other_order,10,,,,,,,,[],"[2200,2229]",https://pokopiadex.com/images/items/crafting_ui/paint-balloon-pink.png,[],https://pokopiadex.com/items/paint-balloon-pink,pokopiadex_items_in_collection
placeable_item,1149,Paint balloon (orange),paint-balloon-orange,A colorful balloon filled with paint. You can use it to paint items or buildings!,Other,[],[],,in-collection,,other_order,11,,,,,,,,[],"[2200,2229]",https://pokopiadex.com/images/items/crafting_ui/paint-balloon-orange.png,[],https://pokopiadex.com/items/paint-balloon-orange,pokopiadex_items_in_collection
placeable_item,1152,Paint balloon (purple),paint-balloon-purple,A colorful balloon filled with paint. You can use it to paint items or buildings!,Other,[],[],,in-collection,,other_order,12,,,,,,,,[],"[2200,2229]",https://pokopiadex.com/images/items/crafting_ui/paint-balloon-purple.png,[],https://pokopiadex.com/items/paint-balloon-purple,pokopiadex_items_in_collection
placeable_item,1143,Paint balloon (brown),paint-balloon-brown,A colorful balloon filled with paint. You can use it to paint items or buildings!,Other,[],[],,in-collection,,other_order,13,,,,,,,,[],"[2200,2229]",https://pokopiadex.com/images/items/crafting_ui/paint-balloon-brown.png,[],https://pokopiadex.com/items/paint-balloon-brown,pokopiadex_items_in_collection
placeable_item,1140,Paint balloon (beige),paint-balloon-beige,A colorful balloon filled with paint. You can use it to paint items or buildings!,Other,[],[],,in-collection,,other_order,14,,,,,,,,[],"[2200,2229]",https://pokopiadex.com/images/items/crafting_ui/paint-balloon-beige.png,[],https://pokopiadex.com/items/paint-balloon-beige,pokopiadex_items_in_collection
placeable_item,1141,Paint balloon (black),paint-balloon-black,A colorful balloon filled with paint. You can use it to paint items or buildings!,Other,[],[],,in-collection,,other_order,15,,,,,,,,[],"[2200,2229]",https://pokopiadex.com/images/items/crafting_ui/paint-balloon-black.png,[],https://pokopiadex.com/items/paint-balloon-black,pokopiadex_items_in_collection
placeable_item,1147,Paint balloon (lime),paint-balloon-lime,A colorful balloon filled with paint. You can use it to paint items or buildings!,Other,[],[],,in-collection,,other_order,16,,,,,,,,[],"[2200,2229]",https://pokopiadex.com/images/items/crafting_ui/paint-balloon-lime.png,[],https://pokopiadex.com/items/paint-balloon-lime,pokopiadex_items_in_collection
placeable_item,1151,Paint balloon (plum),paint-balloon-plum,A colorful balloon filled with paint. You can use it to paint items or buildings!,Other,[],[],,in-collection,,other_order,17,,,,,,,,[],"[2200,2229]",https://pokopiadex.com/images/items/crafting_ui/paint-balloon-plum.png,[],https://pokopiadex.com/items/paint-balloon-plum,pokopiadex_items_in_collection
placeable_item,1148,Paint balloon (navy),paint-balloon-navy,A colorful balloon filled with paint. You can use it to paint items or buildings!,Other,[],[],,in-collection,,other_order,18,,,,,,,,[],"[2200,2229]",https://pokopiadex.com/images/items/crafting_ui/paint-balloon-navy.png,[],https://pokopiadex.com/items/paint-balloon-navy,pokopiadex_items_in_collection
placeable_item,1142,Paint balloon (blue),paint-balloon-blue,A colorful balloon filled with paint. You can use it to paint items or buildings!,Other,[],[],,in-collection,,other_order,19,,,,,,,,[],"[2200,2229]",https://pokopiadex.com/images/items/crafting_ui/paint-balloon-blue.png,[],https://pokopiadex.com/items/paint-balloon-blue,pokopiadex_items_in_collection
placeable_item,1144,Paint balloon (cyan),paint-balloon-cyan,A colorful balloon filled with paint. You can use it to paint items or buildings!,Other,[],[],,in-collection,,other_order,20,,,,,,,,[],"[2200,2229]",https://pokopiadex.com/images/items/crafting_ui/paint-balloon-cyan.png,[],https://pokopiadex.com/items/paint-balloon-cyan,pokopiadex_items_in_collection
placeable_item,1145,Paint balloon (gray),paint-balloon-gray,A colorful balloon filled with paint. You can use it to paint items or buildings!,Other,[],[],,in-collection,,other_order,21,,,,,,,,[],"[2200,2229]",https://pokopiadex.com/images/items/crafting_ui/paint-balloon-gray.png,[],https://pokopiadex.com/items/paint-balloon-gray,pokopiadex_items_in_collection
placeable_item,1139,Paint balloon (aquamarine),paint-balloon-aquamarine,A colorful balloon filled with paint. You can use it to paint items or buildings!,Other,[],[],,in-collection,,other_order,22,,,,,,,,[],"[2200,2229]",https://pokopiadex.com/images/items/crafting_ui/paint-balloon-aquamarine.png,[],https://pokopiadex.com/items/paint-balloon-aquamarine,pokopiadex_items_in_collection
placeable_item,1008,Firework (white),firework-white,"Load this into a cannon, light the fuse, and watch it go flying with a huge BOOM!",Other,[],[],,in-collection,,other_order,23,,,,,,,,[],[2229],https://pokopiadex.com/images/items/crafting_ui/firework-white.png,[],https://pokopiadex.com/items/firework-white,pokopiadex_items_in_collection
placeable_item,1007,Firework (red),firework-red,"Load this into a cannon, light the fuse, and watch it go flying with a huge BOOM!",Other,[],[],,in-collection,,other_order,24,,,,,,,,[],[2229],https://pokopiadex.com/images/items/crafting_ui/firework-red.png,[],https://pokopiadex.com/items/firework-red,pokopiadex_items_in_collection
placeable_item,1006,Firework (green),firework-green,"Load this into a cannon, light the fuse, and watch it go flying with a huge BOOM!",Other,[],[],,in-collection,,other_order,25,,,,,,,,[],[2229],https://pokopiadex.com/images/items/crafting_ui/firework-green.png,[],https://pokopiadex.com/items/firework-green,pokopiadex_items_in_collection
placeable_item,1009,Firework (yellow),firework-yellow,"Load this into a cannon, light the fuse, and watch it go flying with a huge BOOM!",Other,[],[],,in-collection,,other_order,26,,,,,,,,[],[2229],https://pokopiadex.com/images/items/crafting_ui/firework-yellow.png,[],https://pokopiadex.com/items/firework-yellow,pokopiadex_items_in_collection
placeable_item,995,Firework (blue),firework-blue,"Load this into a cannon, light the fuse, and watch it go flying with a huge BOOM!",Other,[],[],,in-collection,,other_order,27,,,,,,,,[],[2229],https://pokopiadex.com/images/items/crafting_ui/firework-blue.png,[],https://pokopiadex.com/items/firework-blue,pokopiadex_items_in_collection
placeable_item,2054,Stone tiling (interior),stone-tiling-interior,"Wallpaper that can be used in larger houses. You can appliy it to walls, floors and even ceilings",Other,[],[],,in-collection,,other_order,28,,,,,,,,[],"[2213,2238]",https://pokopiadex.com/images/items/item_ui/stone-tiling-interior.png,[],https://pokopiadex.com/items/stone-tiling-interior,pokopiadex_items_in_collection
placeable_item,2055,Wooden wall (interior),wooden-wall-interior,"Wallpaper that can be used in larger houses. You can appliy it to walls, floors and even ceilings",Other,[],[],,in-collection,,other_order,29,,,,,,,,[],[],https://pokopiadex.com/images/items/item_ui/wooden-wall-interior.png,[],https://pokopiadex.com/items/wooden-wall-interior,pokopiadex_items_in_collection
placeable_item,2056,Stylish stone flooring (interior),stylish-stone-flooring-interior,"Wallpaper that can be used in larger houses. You can appliy it to walls, floors and even ceilings",Other,[],[],,in-collection,,other_order,30,,,,,,,,[],[],https://pokopiadex.com/images/items/item_ui/stylish-stone-flooring-interior.png,[],https://pokopiadex.com/items/stylish-stone-flooring-interior,pokopiadex_items_in_collection
placeable_item,896,Wooden flooring (interior),wooden-flooring-interior,"Wallpaper that can be used in larger houses. You can apply it to walls, floors, and even ceilings.",Other,[],[],,in-collection,,other_order,31,,,,100,,,,[],[],https://pokopiadex.com/images/items/item_ui/wooden-flooring-interior.png,[],https://pokopiadex.com/items/wooden-flooring-interior,pokopiadex_items_in_collection
placeable_item,2058,Fluffy flooring (interior),fluffy-flooring-interior,"Wallpaper that can be used in larger houses. You can appliy it to walls, floors and even ceilings",Other,[],[],,in-collection,,other_order,32,,,,,,,,[],[],https://pokopiadex.com/images/items/item_ui/fluffy-flooring-interior.png,[],https://pokopiadex.com/items/fluffy-flooring-interior,pokopiadex_items_in_collection
placeable_item,2059,Arched tiling (interior),arched-tiling-interior,"Wallpaper that can be used in larger houses. You can appliy it to walls, floors and even ceilings",Other,[],[],,in-collection,,other_order,33,,,,,,,,[],[],https://pokopiadex.com/images/items/item_ui/arched-tiling-interior.png,[],https://pokopiadex.com/items/arched-tiling-interior,pokopiadex_items_in_collection
placeable_item,2060,Mosaic tiling (interior),mosaic-tiling-interior,"Wallpaper that can be used in larger houses. You can appliy it to walls, floors and even ceilings",Other,[],[],,in-collection,,other_order,34,,,,,,,,[],[],https://pokopiadex.com/images/items/item_ui/mosaic-tiling-interior.png,[],https://pokopiadex.com/items/mosaic-tiling-interior,pokopiadex_items_in_collection
placeable_item,2061,Starry-sky wall (interior),starry-sky-wall-interior,"Wallpaper that can be used in larger houses. You can appliy it to walls, floors and even ceilings",Other,[],[],,in-collection,,other_order,35,,,,,,,,[],[],https://pokopiadex.com/images/items/item_ui/starry-sky-wall-interior.png,[],https://pokopiadex.com/items/starry-sky-wall-interior,pokopiadex_items_in_collection
placeable_item,2062,Woven carpeting (interior),woven-carpeting-interior,"Wallpaper that can be used in larger houses. You can appliy it to walls, floors and even ceilings",Other,[],[],,in-collection,,other_order,36,,,,,,,,[],[],https://pokopiadex.com/images/items/item_ui/woven-carpeting-interior.png,[],https://pokopiadex.com/items/woven-carpeting-interior,pokopiadex_items_in_collection
placeable_item,2063,Gold wall (interior),gold-wall-interior,"Wallpaper that can be used in larger houses. You can appliy it to walls, floors and even ceilings",Other,[],[],,in-collection,,other_order,37,,,,,,,,[],[],https://pokopiadex.com/images/items/item_ui/gold-wall-interior.png,[],https://pokopiadex.com/items/gold-wall-interior,pokopiadex_items_in_collection
placeable_item,2064,Stylish gold wall (interior),stylish-gold-wall-interior,"Wallpaper that can be used in larger houses. You can appliy it to walls, floors and even ceilings",Other,[],[],,in-collection,,other_order,38,,,,,,,,[],[],https://pokopiadex.com/images/items/item_ui/stylish-gold-wall-interior.png,[],https://pokopiadex.com/items/stylish-gold-wall-interior,pokopiadex_items_in_collection
placeable_item,2065,Patterned aged-stone wall (interior),patterned-aged-stone-wall-interior,"Wallpaper that can be used in larger houses. You can appliy it to walls, floors and even ceilings",Other,[],[],,in-collection,,other_order,39,,,,,,,,[],[],https://pokopiadex.com/images/items/item_ui/patterned-aged-stone-wall-interior.png,[],https://pokopiadex.com/items/patterned-aged-stone-wall-interior,pokopiadex_items_in_collection
placeable_item,2066,Aged-stone wall (interior),aged-stone-wall-interior,"Wallpaper that can be used in larger houses. You can appliy it to walls, floors and even ceilings",Other,[],[],,in-collection,,other_order,40,,,,,,,,[],[],https://pokopiadex.com/images/items/item_ui/aged-stone-wall-interior.png,[],https://pokopiadex.com/items/aged-stone-wall-interior,pokopiadex_items_in_collection
placeable_item,2067,Aged-stone flooring (interior),aged-stone-flooring-interior,"Wallpaper that can be used in larger houses. You can appliy it to walls, floors and even ceilings",Other,[],[],,in-collection,,other_order,41,,,,,,,,[],[],https://pokopiadex.com/images/items/item_ui/aged-stone-flooring-interior.png,[],https://pokopiadex.com/items/aged-stone-flooring-interior,pokopiadex_items_in_collection
placeable_item,2068,Warning wall (interior),warning-wall-interior,"Wallpaper that can be used in larger houses. You can appliy it to walls, floors and even ceilings",Other,[],[],,in-collection,,other_order,42,,,,,,,,[],[],https://pokopiadex.com/images/items/item_ui/warning-wall-interior.png,[],https://pokopiadex.com/items/warning-wall-interior,pokopiadex_items_in_collection
placeable_item,2069,Crystal wall (interior),crystal-wall-interior,"Wallpaper that can be used in larger houses. You can appliy it to walls, floors and even ceilings",Other,[],[],,in-collection,,other_order,43,,,,,,,,[],[],https://pokopiadex.com/images/items/item_ui/crystal-wall-interior.png,[],https://pokopiadex.com/items/crystal-wall-interior,pokopiadex_items_in_collection
placeable_item,2070,Modern carpeting (interior),modern-carpeting-interior,"Wallpaper that can be used in larger houses. You can appliy it to walls, floors and even ceilings",Other,[],[],,in-collection,,other_order,44,,,,,,,,[],[],https://pokopiadex.com/images/items/item_ui/modern-carpeting-interior.png,[],https://pokopiadex.com/items/modern-carpeting-interior,pokopiadex_items_in_collection
placeable_item,2071,Iron-plate flooring (interior),iron-plate-flooring-interior,"Wallpaper that can be used in larger houses. You can appliy it to walls, floors and even ceilings",Other,[],[],,in-collection,,other_order,45,,,,,,,,[],[2222],https://pokopiadex.com/images/items/item_ui/iron-plate-flooring-interior.png,[],https://pokopiadex.com/items/iron-plate-flooring-interior,pokopiadex_items_in_collection
placeable_item,2072,Shop tiling (interior),shop-tiling-interior,"Wallpaper that can be used in larger houses. You can appliy it to walls, floors and even ceilings",Other,[],[],,in-collection,,other_order,46,,,,,,,,[],[],https://pokopiadex.com/images/items/item_ui/shop-tiling-interior.png,[],https://pokopiadex.com/items/shop-tiling-interior,pokopiadex_items_in_collection
placeable_item,2073,Brick wall (interior),brick-wall-interior,"Wallpaper that can be used in larger houses. You can appliy it to walls, floors and even ceilings",Other,[],[],,in-collection,,other_order,47,,,,,,,,[],[],https://pokopiadex.com/images/items/item_ui/brick-wall-interior.png,[],https://pokopiadex.com/items/brick-wall-interior,pokopiadex_items_in_collection
placeable_item,2074,Concrete wall (interior),concrete-wall-interior,"Wallpaper that can be used in larger houses. You can appliy it to walls, floors and even ceilings",Other,[],[],,in-collection,,other_order,48,,,,,,,,[],[],https://pokopiadex.com/images/items/item_ui/concrete-wall-interior.png,[],https://pokopiadex.com/items/concrete-wall-interior,pokopiadex_items_in_collection
placeable_item,2075,Stone flooring (interior),stone-flooring-interior,"Wallpaper that can be used in larger houses. You can appliy it to walls, floors and even ceilings",Other,[],[],,in-collection,,other_order,49,,,,,,,,[],"[2213,2238]",https://pokopiadex.com/images/items/item_ui/stone-flooring-interior.png,[],https://pokopiadex.com/items/stone-flooring-interior,pokopiadex_items_in_collection
placeable_item,2076,Lined-stone flooring (interior),lined-stone-flooring-interior,"Wallpaper that can be used in larger houses. You can appliy it to walls, floors and even ceilings",Other,[],[],,in-collection,,other_order,50,,,,,,,,[],[],https://pokopiadex.com/images/items/item_ui/lined-stone-flooring-interior.png,[],https://pokopiadex.com/items/lined-stone-flooring-interior,pokopiadex_items_in_collection
placeable_item,898,Plaster wall (interior),plaster-wall-interior,"Wallpaper that can be used in larger houses. You can apply it to walls, floors, and even ceilings.",Other,[],[],,in-collection,,other_order,51,,,,100,,,,[],[],https://pokopiadex.com/images/items/item_ui/plaster-wall-interior.png,[],https://pokopiadex.com/items/plaster-wall-interior,pokopiadex_items_in_collection
placeable_item,2078,Stone brick wall (interior),stone-brick-wall-interior,"Wallpaper that can be used in larger houses. You can appliy it to walls, floors and even ceilings",Other,[],[],,in-collection,,other_order,52,,,,,,,,[],"[2213,2238]",https://pokopiadex.com/images/items/item_ui/stone-brick-wall-interior.png,[],https://pokopiadex.com/items/stone-brick-wall-interior,pokopiadex_items_in_collection
placeable_item,2079,Diagonal wooden flooring (interior),diagonal-wooden-flooring-interior,"Wallpaper that can be used in larger houses. You can appliy it to walls, floors and even ceilings",Other,[],[],,in-collection,,other_order,53,,,,,,,,[],[],https://pokopiadex.com/images/items/item_ui/diagonal-wooden-flooring-interior.png,[],https://pokopiadex.com/items/diagonal-wooden-flooring-interior,pokopiadex_items_in_collection
placeable_item,2080,Stylish tiling (interior),stylish-tiling-interior,"Wallpaper that can be used in larger houses. You can appliy it to walls, floors and even ceilings",Other,[],[],,in-collection,,other_order,54,,,,,,,,[],[],https://pokopiadex.com/images/items/item_ui/stylish-tiling-interior.png,[],https://pokopiadex.com/items/stylish-tiling-interior,pokopiadex_items_in_collection
placeable_item,2081,Brick flooring (interior),brick-flooring-interior,"Wallpaper that can be used in larger houses. You can appliy it to walls, floors and even ceilings",Other,[],[],,in-collection,,other_order,55,,,,,,,,[],[],https://pokopiadex.com/images/items/item_ui/brick-flooring-interior.png,[],https://pokopiadex.com/items/brick-flooring-interior,pokopiadex_items_in_collection
placeable_item,2082,Cloth wall (interior),cloth-wall-interior,"Wallpaper that can be used in larger houses. You can appliy it to walls, floors and even ceilings",Other,[],[],,in-collection,,other_order,56,,,,,,,,[],[],https://pokopiadex.com/images/items/item_ui/cloth-wall-interior.png,[],https://pokopiadex.com/items/cloth-wall-interior,pokopiadex_items_in_collection
placeable_item,2083,Square tiling (interior),square-tiling-interior,"Wallpaper that can be used in larger houses. You can appliy it to walls, floors and even ceilings",Other,[],[],,in-collection,,other_order,57,,,,,,,,[],[],https://pokopiadex.com/images/items/item_ui/square-tiling-interior.png,[],https://pokopiadex.com/items/square-tiling-interior,pokopiadex_items_in_collection
placeable_item,2084,Levee (interior),levee-interior,"Wallpaper that can be used in larger houses. You can appliy it to walls, floors and even ceilings",Other,[],[],,in-collection,,other_order,58,,,,,,,,[],[],https://pokopiadex.com/images/items/item_ui/levee-interior.png,[],https://pokopiadex.com/items/levee-interior,pokopiadex_items_in_collection
placeable_item,2085,Cube light (interior),cube-light-interior,"Wallpaper that can be used in larger houses. You can appliy it to walls, floors and even ceilings",Other,[],[],,in-collection,,other_order,59,,,,,,,,[],[],https://pokopiadex.com/images/items/item_ui/cube-light-interior.png,[],https://pokopiadex.com/items/cube-light-interior,pokopiadex_items_in_collection
placeable_item,2086,Iron tiling (interior),iron-tiling-interior,"Wallpaper that can be used in larger houses. You can appliy it to walls, floors and even ceilings",Other,[],[],,in-collection,,other_order,60,,,,,,,,[],[],https://pokopiadex.com/images/items/item_ui/iron-tiling-interior.png,[],https://pokopiadex.com/items/iron-tiling-interior,pokopiadex_items_in_collection
placeable_item,2087,Dark marble flooring (interior),dark-marble-flooring-interior,"Wallpaper that can be used in larger houses. You can appliy it to walls, floors and even ceilings",Other,[],[],,in-collection,,other_order,61,,,,,,,,[],[],https://pokopiadex.com/images/items/item_ui/dark-marble-flooring-interior.png,[],https://pokopiadex.com/items/dark-marble-flooring-interior,pokopiadex_items_in_collection
placeable_item,2088,Simple flooring (interior),simple-flooring-interior,"Wallpaper that can be used in larger houses. You can appliy it to walls, floors and even ceilings",Other,[],[],,in-collection,,other_order,62,,,,,,,,[],[],https://pokopiadex.com/images/items/item_ui/simple-flooring-interior.png,[],https://pokopiadex.com/items/simple-flooring-interior,pokopiadex_items_in_collection
placeable_item,897,Hardwood flooring (interior),hardwood-flooring-interior,"Wallpaper that can be used in larger houses. You can apply it to walls, floors, and even ceilings.",Other,[],[],,in-collection,,other_order,63,,,,100,,,,[],[],https://pokopiadex.com/images/items/item_ui/hardwood-flooring-interior.png,[],https://pokopiadex.com/items/hardwood-flooring-interior,pokopiadex_items_in_collection
placeable_item,2090,Fish-scale tiling (interior),fish-scale-tiling-interior,"Wallpaper that can be used in larger houses. You can appliy it to walls, floors and even ceilings",Other,[],[],,in-collection,,other_order,64,,,,,,,,[],[],https://pokopiadex.com/images/items/item_ui/fish-scale-tiling-interior.png,[],https://pokopiadex.com/items/fish-scale-tiling-interior,pokopiadex_items_in_collection
placeable_item,2091,Cobblestone wall (interior),cobblestone-wall-interior,"Wallpaper that can be used in larger houses. You can appliy it to walls, floors and even ceilings",Other,[],[],,in-collection,,other_order,65,,,,,,,,[],[],https://pokopiadex.com/images/items/item_ui/cobblestone-wall-interior.png,[],https://pokopiadex.com/items/cobblestone-wall-interior,pokopiadex_items_in_collection
placeable_item,2092,Hay pile (interior),hay-pile-interior,"Wallpaper that can be used in larger houses. You can appliy it to walls, floors and even ceilings",Other,[],[],,in-collection,,other_order,66,,,,,,,,[],[],https://pokopiadex.com/images/items/item_ui/hay-pile-interior.png,[],https://pokopiadex.com/items/hay-pile-interior,pokopiadex_items_in_collection
placeable_item,2093,Broken-tiling wall (interior),broken-tiling-wall-interior,"Wallpaper that can be used in larger houses. You can appliy it to walls, floors and even ceilings",Other,[],[],,in-collection,,other_order,67,,,,,,,,[],[],https://pokopiadex.com/images/items/item_ui/broken-tiling-wall-interior.png,[],https://pokopiadex.com/items/broken-tiling-wall-interior,pokopiadex_items_in_collection
placeable_item,2094,Painted wall (interior),painted-wall-interior,"Wallpaper that can be used in larger houses. You can appliy it to walls, floors and even ceilings",Other,[],[],,in-collection,,other_order,68,,,,,,,,[],[],https://pokopiadex.com/images/items/item_ui/painted-wall-interior.png,[],https://pokopiadex.com/items/painted-wall-interior,pokopiadex_items_in_collection
placeable_item,2095,Striped wall (interior),striped-wall-interior,"Wallpaper that can be used in larger houses. You can appliy it to walls, floors and even ceilings",Other,[],[],,in-collection,,other_order,69,,,,,,,,[],[],https://pokopiadex.com/images/items/item_ui/striped-wall-interior.png,[],https://pokopiadex.com/items/striped-wall-interior,pokopiadex_items_in_collection
placeable_item,2096,Cyber flooring (interior),cyber-flooring-interior,"Wallpaper that can be used in larger houses. You can appliy it to walls, floors and even ceilings",Other,[],[],,in-collection,,other_order,70,,,,,,,,[],[],https://pokopiadex.com/images/items/item_ui/cyber-flooring-interior.png,[],https://pokopiadex.com/items/cyber-flooring-interior,pokopiadex_items_in_collection
placeable_item,2097,Neon flooring (interior),neon-flooring-interior,"Wallpaper that can be used in larger houses. You can appliy it to walls, floors and even ceilings",Other,[],[],,in-collection,,other_order,71,,,,,,,,[],[],https://pokopiadex.com/images/items/item_ui/neon-flooring-interior.png,[],https://pokopiadex.com/items/neon-flooring-interior,pokopiadex_items_in_collection
placeable_item,2098,Rough wall (interior),rough-wall-interior,"Wallpaper that can be used in larger houses. You can appliy it to walls, floors and even ceilings",Other,[],[],,in-collection,,other_order,72,,,,,,,,[],[],https://pokopiadex.com/images/items/item_ui/rough-wall-interior.png,[],https://pokopiadex.com/items/rough-wall-interior,pokopiadex_items_in_collection
placeable_item,2099,Modern wall (interior),modern-wall-interior,"Wallpaper that can be used in larger houses. You can appliy it to walls, floors and even ceilings",Other,[],[],,in-collection,,other_order,73,,,,,,,,[],[],https://pokopiadex.com/images/items/item_ui/modern-wall-interior.png,[],https://pokopiadex.com/items/modern-wall-interior,pokopiadex_items_in_collection
placeable_item,2100,Iron plating (interior),iron-plating-interior,"Wallpaper that can be used in larger houses. You can appliy it to walls, floors and even ceilings",Other,[],[],,in-collection,,other_order,74,,,,,,,,[],[],https://pokopiadex.com/images/items/item_ui/iron-plating-interior.png,[],https://pokopiadex.com/items/iron-plating-interior,pokopiadex_items_in_collection
placeable_item,2101,Hexagonal flooring (interior),hexagonal-flooring-interior,"Wallpaper that can be used in larger houses. You can appliy it to walls, floors and even ceilings",Other,[],[],,in-collection,,other_order,75,,,,,,,,[],[],https://pokopiadex.com/images/items/item_ui/hexagonal-flooring-interior.png,[],https://pokopiadex.com/items/hexagonal-flooring-interior,pokopiadex_items_in_collection
placeable_item,2102,Scrap cube (interior),scrap-cube-interior,"Wallpaper that can be used in larger houses. You can appliy it to walls, floors and even ceilings",Other,[],[],,in-collection,,other_order,76,,,,,,,,[],[],https://pokopiadex.com/images/items/item_ui/scrap-cube-interior.png,[],https://pokopiadex.com/items/scrap-cube-interior,pokopiadex_items_in_collection
placeable_item,2103,Simple square tiling (interior),simple-square-tiling-interior,"Wallpaper that can be used in larger houses. You can appliy it to walls, floors and even ceilings",Other,[],[],,in-collection,,other_order,77,,,,,,,,[],[],https://pokopiadex.com/images/items/item_ui/simple-square-tiling-interior.png,[],https://pokopiadex.com/items/simple-square-tiling-interior,pokopiadex_items_in_collection
placeable_item,2104,Puffy-tree pillar (interior),puffy-tree-pillar-interior,"Wallpaper that can be used in larger houses. You can appliy it to walls, floors and even ceilings",Other,[],[],,in-collection,,other_order,78,,,,,,,,[],[],https://pokopiadex.com/images/items/item_ui/puffy-tree-pillar-interior.png,[],https://pokopiadex.com/items/puffy-tree-pillar-interior,pokopiadex_items_in_collection
placeable_item,2105,Felt mat (interior),felt-mat-interior,"Wallpaper that can be used in larger houses. You can appliy it to walls, floors and even ceilings",Other,[],[],,in-collection,,other_order,79,,,,,,,,[],[],https://pokopiadex.com/images/items/item_ui/felt-mat-interior.png,[],https://pokopiadex.com/items/felt-mat-interior,pokopiadex_items_in_collection
placeable_item,2106,Triangle-design flooring (interior),triangle-design-flooring-interior,"Wallpaper that can be used in larger houses. You can appliy it to walls, floors and even ceilings",Other,[],[],,in-collection,,other_order,80,,,,,,,,[],[],https://pokopiadex.com/images/items/item_ui/triangle-design-flooring-interior.png,[],https://pokopiadex.com/items/triangle-design-flooring-interior,pokopiadex_items_in_collection
placeable_item,2107,Crisscross wooden flooring (interior),crisscross-wooden-flooring-interior,"Wallpaper that can be used in larger houses. You can appliy it to walls, floors and even ceilings",Other,[],[],,in-collection,,other_order,81,,,,,,,,[],[],https://pokopiadex.com/images/items/item_ui/crisscross-wooden-flooring-interior.png,[],https://pokopiadex.com/items/crisscross-wooden-flooring-interior,pokopiadex_items_in_collection
placeable_item,2108,Light wooden wall (interior),light-wooden-wall-interior,"Wallpaper that can be used in larger houses. You can appliy it to walls, floors and even ceilings",Other,[],[],,in-collection,,other_order,82,,,,,,,,[],[],https://pokopiadex.com/images/items/item_ui/light-wooden-wall-interior.png,[],https://pokopiadex.com/items/light-wooden-wall-interior,pokopiadex_items_in_collection
placeable_item,2109,Light marble flooring (interior),light-marble-flooring-interior,"Wallpaper that can be used in larger houses. You can appliy it to walls, floors and even ceilings",Other,[],[],,in-collection,,other_order,83,,,,,,,,[],[],https://pokopiadex.com/images/items/item_ui/light-marble-flooring-interior.png,[],https://pokopiadex.com/items/light-marble-flooring-interior,pokopiadex_items_in_collection
placeable_item,2110,Bronze wall (interior),bronze-wall-interior,"Wallpaper that can be used in larger houses. You can appliy it to walls, floors and even ceilings",Other,[],[],,in-collection,,other_order,84,,,,,,,,[],[],https://pokopiadex.com/images/items/item_ui/bronze-wall-interior.png,[],https://pokopiadex.com/items/bronze-wall-interior,pokopiadex_items_in_collection
placeable_item,2111,Stylish bronze wall (interior),stylish-bronze-wall-interior,"Wallpaper that can be used in larger houses. You can appliy it to walls, floors and even ceilings",Other,[],[],,in-collection,,other_order,85,,,,,,,,[],[],https://pokopiadex.com/images/items/item_ui/stylish-bronze-wall-interior.png,[],https://pokopiadex.com/items/stylish-bronze-wall-interior,pokopiadex_items_in_collection
placeable_item,2112,Iron wall (interior),iron-wall-interior,"Wallpaper that can be used in larger houses. You can appliy it to walls, floors and even ceilings",Other,[],[],,in-collection,,other_order,86,,,,,,,,[],[],https://pokopiadex.com/images/items/item_ui/iron-wall-interior.png,[],https://pokopiadex.com/items/iron-wall-interior,pokopiadex_items_in_collection
placeable_item,2113,Stylish iron wall (interior),stylish-iron-wall-interior,"Wallpaper that can be used in larger houses. You can appliy it to walls, floors and even ceilings",Other,[],[],,in-collection,,other_order,87,,,,,,,,[],[],https://pokopiadex.com/images/items/item_ui/stylish-iron-wall-interior.png,[],https://pokopiadex.com/items/stylish-iron-wall-interior,pokopiadex_items_in_collection
placeable_item,2114,Grass flooring (interior),grass-flooring-interior,"Wallpaper that can be used in larger houses. You can appliy it to walls, floors and even ceilings",Other,[],[],,in-collection,,other_order,88,,,,,,,,[],[],https://pokopiadex.com/images/items/item_ui/grass-flooring-interior.png,[],https://pokopiadex.com/items/grass-flooring-interior,pokopiadex_items_in_collection
placeable_item,2115,Poké Ball wall (interior),poke-ball-wall-interior,"Wallpaper that can be used in larger houses. You can appliy it to walls, floors and even ceilings",Other,[],[],,in-collection,,other_order,89,,,,,,,,[],[],https://pokopiadex.com/images/items/item_ui/poke-ball-wall-interior.png,[],https://pokopiadex.com/items/poke-ball-wall-interior,pokopiadex_items_in_collection
placeable_item,2116,Polka-dot Print (interior),polka-dot-print-interior,"Wallpaper that can be used in larger houses. You can appliy it to walls, floors and even ceilings",Other,[],[],,in-collection,,other_order,90,,,,,,,,[],[],https://pokopiadex.com/images/items/item_ui/polka-dot-print-interior.png,[],https://pokopiadex.com/items/polka-dot-print-interior,pokopiadex_items_in_collection
placeable_item,2117,Vertical-stripe print (interior),vertical-stripe-print-interior,"Wallpaper that can be used in larger houses. You can appliy it to walls, floors and even ceilings",Other,[],[],,in-collection,,other_order,91,,,,,,,,[],[],https://pokopiadex.com/images/items/item_ui/vertical-stripe-print-interior.png,[],https://pokopiadex.com/items/vertical-stripe-print-interior,pokopiadex_items_in_collection
placeable_item,2118,Horizontal-stripe print (interior),horizontal-stripe-print-interior,"Wallpaper that can be used in larger houses. You can appliy it to walls, floors and even ceilings",Other,[],[],,in-collection,,other_order,92,,,,,,,,[],[],https://pokopiadex.com/images/items/item_ui/horizontal-stripe-print-interior.png,[],https://pokopiadex.com/items/horizontal-stripe-print-interior,pokopiadex_items_in_collection
placeable_item,2119,Gingham print (interior),gingham-print-interior,"Wallpaper that can be used in larger houses. You can appliy it to walls, floors and even ceilings",Other,[],[],,in-collection,,other_order,93,,,,,,,,[],[],https://pokopiadex.com/images/items/item_ui/gingham-print-interior.png,[],https://pokopiadex.com/items/gingham-print-interior,pokopiadex_items_in_collection
placeable_item,2120,Tartan print (interior),tartan-print-interior,"Wallpaper that can be used in larger houses. You can appliy it to walls, floors and even ceilings",Other,[],[],,in-collection,,other_order,94,,,,,,,,[],[],https://pokopiadex.com/images/items/item_ui/tartan-print-interior.png,[],https://pokopiadex.com/items/tartan-print-interior,pokopiadex_items_in_collection
placeable_item,2121,Argyle print (interior),argyle-print-interior,"Wallpaper that can be used in larger houses. You can appliy it to walls, floors and even ceilings",Other,[],[],,in-collection,,other_order,95,,,,,,,,[],[],https://pokopiadex.com/images/items/item_ui/argyle-print-interior.png,[],https://pokopiadex.com/items/argyle-print-interior,pokopiadex_items_in_collection
placeable_item,2122,Berry print (interior),berry-print-interior,"Wallpaper that can be used in larger houses. You can appliy it to walls, floors and even ceilings",Other,[],[],,in-collection,,other_order,96,,,,,,,,[],"[2216,2219]",https://pokopiadex.com/images/items/item_ui/berry-print-interior.png,[],https://pokopiadex.com/items/berry-print-interior,pokopiadex_items_in_collection
placeable_item,2123,Poké Ball print (interior),poke-ball-print-interior,"Wallpaper that can be used in larger houses. You can appliy it to walls, floors and even ceilings",Other,[],[],,in-collection,,other_order,97,,,,,,,,[],[],https://pokopiadex.com/images/items/item_ui/poke-ball-print-interior.png,[],https://pokopiadex.com/items/poke-ball-print-interior,pokopiadex_items_in_collection
placeable_item,2124,Stylish Poké Ball print (interior),stylish-poke-ball-print-interior,"Wallpaper that can be used in larger houses. You can appliy it to walls, floors and even ceilings",Other,[],[],,in-collection,,other_order,98,,,,,,,,[],[],https://pokopiadex.com/images/items/item_ui/stylish-poke-ball-print-interior.png,[],https://pokopiadex.com/items/stylish-poke-ball-print-interior,pokopiadex_items_in_collection
placeable_item,2125,Marble (interior),marble-interior,"Wallpaper that can be used in larger houses. You can appliy it to walls, floors and even ceilings",Other,[],[],,in-collection,,other_order,99,,,,,,,,[],[],https://pokopiadex.com/images/items/item_ui/marble-interior.png,[],https://pokopiadex.com/items/marble-interior,pokopiadex_items_in_collection
placeable_item,2126,Bubble print (interior),bubble-print-interior,"Wallpaper that can be used in larger houses. You can appliy it to walls, floors and even ceilings",Other,[],[],,in-collection,,other_order,100,,,,,,,,[],[],https://pokopiadex.com/images/items/item_ui/bubble-print-interior.png,[],https://pokopiadex.com/items/bubble-print-interior,pokopiadex_items_in_collection
placeable_item,2127,Houndstooth print (interior),houndstooth-print-interior,"Wallpaper that can be used in larger houses. You can appliy it to walls, floors and even ceilings",Other,[],[],,in-collection,,other_order,101,,,,,,,,[],[],https://pokopiadex.com/images/items/item_ui/houndstooth-print-interior.png,[],https://pokopiadex.com/items/houndstooth-print-interior,pokopiadex_items_in_collection
placeable_item,2128,Vine print (interior),vine-print-interior,"Wallpaper that can be used in larger houses. You can appliy it to walls, floors and even ceilings",Other,[],[],,in-collection,,other_order,102,,,,,,,,[],[],https://pokopiadex.com/images/items/item_ui/vine-print-interior.png,[],https://pokopiadex.com/items/vine-print-interior,pokopiadex_items_in_collection
placeable_item,2129,Swirl print (interior),swirl-print-interior,"Wallpaper that can be used in larger houses. You can appliy it to walls, floors and even ceilings",Other,[],[],,in-collection,,other_order,103,,,,,,,,[],[],https://pokopiadex.com/images/items/item_ui/swirl-print-interior.png,[],https://pokopiadex.com/items/swirl-print-interior,pokopiadex_items_in_collection
placeable_item,2130,Winter print (interior),winter-print-interior,"Wallpaper that can be used in larger houses. You can appliy it to walls, floors and even ceilings",Other,[],[],,in-collection,,other_order,104,,,,,,,,[],[],https://pokopiadex.com/images/items/item_ui/winter-print-interior.png,[],https://pokopiadex.com/items/winter-print-interior,pokopiadex_items_in_collection
placeable_item,2131,Zig-zag print (interior),zig-zag-print-interior,"Wallpaper that can be used in larger houses. You can appliy it to walls, floors and even ceilings",Other,[],[],,in-collection,,other_order,105,,,,,,,,[],[],https://pokopiadex.com/images/items/item_ui/zig-zag-print-interior.png,[],https://pokopiadex.com/items/zig-zag-print-interior,pokopiadex_items_in_collection
placeable_item,2132,Leaf print (interior),leaf-print-interior,"Wallpaper that can be used in larger houses. You can appliy it to walls, floors and even ceilings",Other,[],[],,in-collection,,other_order,106,,,,,,,,[],[],https://pokopiadex.com/images/items/item_ui/leaf-print-interior.png,[],https://pokopiadex.com/items/leaf-print-interior,pokopiadex_items_in_collection
placeable_item,2133,Flower print (interior),flower-print-interior,"Wallpaper that can be used in larger houses. You can appliy it to walls, floors and even ceilings",Other,[],[],,in-collection,,other_order,107,,,,,,,,[],[],https://pokopiadex.com/images/items/item_ui/flower-print-interior.png,[],https://pokopiadex.com/items/flower-print-interior,pokopiadex_items_in_collection
placeable_item,2134,Star print (interior),star-print-interior,"Wallpaper that can be used in larger houses. You can appliy it to walls, floors and even ceilings",Other,[],[],,in-collection,,other_order,108,,,,,,,,[],[],https://pokopiadex.com/images/items/item_ui/star-print-interior.png,[],https://pokopiadex.com/items/star-print-interior,pokopiadex_items_in_collection
placeable_item,2135,Curry print (interior),curry-print-interior,"Wallpaper that can be used in larger houses. You can appliy it to walls, floors and even ceilings",Other,[],[],,in-collection,,other_order,109,,,,,,,,[],[],https://pokopiadex.com/images/items/item_ui/curry-print-interior.png,[],https://pokopiadex.com/items/curry-print-interior,pokopiadex_items_in_collection
placeable_item,857,Large lost relic,large-lost-relic,Is this a time capsule? Professor Tangrowth might know what it is!,Other,[],"[""Dig shiny dirt spot""]",,in-collection,,other_order,110,,,,,,,,[],[2239],https://pokopiadex.com/images/items/item_ui/large-lost-relic.png,[],https://pokopiadex.com/items/large-lost-relic,pokopiadex_items_in_collection
placeable_item,418,Small lost relic,small-lost-relic,It looks like canned food but doesn't seem to have anything inside. Show it to Professor Tangrowth.,Other,[],"[""Gifts from Pokemon"",""Dig shiny dirt spot""]",,in-collection,,other_order,111,,,,,,,,[],[2239],https://pokopiadex.com/images/items/item_ui/small-lost-relic.png,[],https://pokopiadex.com/items/small-lost-relic,pokopiadex_items_in_collection
placeable_item,639,♪ Title Screen,title-screen,"Music CD #1. If you have a music player, you can listen to this exciting tune!",Other,[],"[""Inside house below North Area Gate in Withered Wasteland""]",,in-collection,Music CDs,music_cds_order,1,,,,,,,,[],[2229],https://pokopiadex.com/images/items/item_ui/title-screen.png,[],https://pokopiadex.com/items/title-screen,pokopiadex_items_in_collection
placeable_item,974,♪ Pallet Town Theme,pallet-town-theme,"Music CD #2. If you have a music player, you can listen to a tune for a tranquil town.",Other,[],"[""Dig shiny dirt spot""]",,in-collection,Music CDs,music_cds_order,2,,,,,,,,[],[2229],https://pokopiadex.com/images/items/item_ui/pallet-town-theme.png,[],https://pokopiadex.com/items/pallet-town-theme,pokopiadex_items_in_collection
placeable_item,1962,♪ Professor Oak's Laboratory,professor-oaks-laboratory,"Music CD #3. If you have a music player, you can listen to a tune that reminds you of research!",Other,[],"[""Dig shiny dirt spot""]",,in-collection,Music CDs,music_cds_order,3,,,,,,,,[],[2229],https://pokopiadex.com/images/items/item_ui/professor-oaks-laboratory.png,[],https://pokopiadex.com/items/professor-oaks-laboratory,pokopiadex_items_in_collection
placeable_item,1963,♪ Road to Viridian City,road-to-viridian-city,"Music CD #4. If you have a music player, you can listen to an uplifting tune.",Other,[],"[""Dig shiny dirt spot""]",,in-collection,Music CDs,music_cds_order,4,,,,,,,,[],[2229],https://pokopiadex.com/images/items/item_ui/road-to-viridian-city.png,[],https://pokopiadex.com/items/road-to-viridian-city,pokopiadex_items_in_collection
placeable_item,1964,♪ Pewter City Theme,pewter-city-theme,"Music CD #5. If you have a music player, you can listen to a tune for a bustling town.",Other,[],"[""In Museum of Rocky Ridges""]",,in-collection,Music CDs,music_cds_order,5,,,,,,,,[],[2229],https://pokopiadex.com/images/items/item_ui/pewter-city-theme.png,[],https://pokopiadex.com/items/pewter-city-theme,pokopiadex_items_in_collection
placeable_item,677,♪ Pokémon Center,pokemon-center,"Music CD #6. If you have a music player, you can listen to a tune that puts your mind at ease.",Other,[],"[""Inspect bookcase in half-built house on hill east of Pokemon Center in Withered Wasteland""]",,in-collection,Music CDs,music_cds_order,6,,,,,,,,[],[2229],https://pokopiadex.com/images/items/item_ui/pokemon-center.png,[],https://pokopiadex.com/items/pokemon-center,pokopiadex_items_in_collection
placeable_item,1965,♪ Caves of Mt. Moon,caves-of-mt-moon,"Music CD #7. If you have a music player, you can listen to a mystifying tune.",Other,[],"[""Dig shiny dirt spot""]",,in-collection,Music CDs,music_cds_order,7,,,,,,,,[],[2229],https://pokopiadex.com/images/items/item_ui/caves-of-mt-moon.png,[],https://pokopiadex.com/items/caves-of-mt-moon,pokopiadex_items_in_collection
placeable_item,1966,♪ Road to Cerulean City,road-to-cerulean-city,"Music CD #8. If you have a music player, you can listen to a lighthearted tune.",Other,[],"[""Dig shiny dirt spot""]",,in-collection,Music CDs,music_cds_order,8,,,,,,,,[],[2229],https://pokopiadex.com/images/items/item_ui/road-to-cerulean-city.png,[],https://pokopiadex.com/items/road-to-cerulean-city,pokopiadex_items_in_collection
placeable_item,1967,♪ Fuchsia City Theme,fuchsia-city-theme,"Music CD #9. If you have a music player, you can listen to a tune for a refreshing town.",Other,[],"[""Dig shiny dirt spot""]",,in-collection,Music CDs,music_cds_order,9,,,,,,,,[],[2229],https://pokopiadex.com/images/items/item_ui/fuchsia-city-theme.png,[],https://pokopiadex.com/items/fuchsia-city-theme,pokopiadex_items_in_collection
placeable_item,1968,♪ Pokémon Gym,pokemon-gym,"Music CD #10. If you have a music player, you can listen to a powerful tune.",Other,[],"[""Dig shiny dirt spot""]",,in-collection,Music CDs,music_cds_order,10,,,,,,,,[],[2229],https://pokopiadex.com/images/items/item_ui/pokemon-gym.png,[],https://pokopiadex.com/items/pokemon-gym,pokopiadex_items_in_collection
placeable_item,641,♪ Road to Bill,road-to-bill,"Music CD #11. If you have a music player, you can listen to a valiant tune.",Other,[],"[""Dig shiny dirt spot""]",,in-collection,Music CDs,music_cds_order,11,,,,,,,,[],[2229],https://pokopiadex.com/images/items/item_ui/road-to-bill.png,[],https://pokopiadex.com/items/road-to-bill,pokopiadex_items_in_collection
placeable_item,1969,♪ Vermilion City Theme,vermilion-city-theme,"Music CD #12. If you have a music player, you can listen to a tune for a town chock-full of energy.",Other,[],"[""Log cabin in southeast of Bleak Beach""]",,in-collection,Music CDs,music_cds_order,12,,,,,,,,[],[2229],https://pokopiadex.com/images/items/item_ui/vermilion-city-theme.png,[],https://pokopiadex.com/items/vermilion-city-theme,pokopiadex_items_in_collection
placeable_item,1970,♪ The S.S. Anne,the-s-s-anne,"Music CD #13. If you have a music player, you can listen to a tune that reminds you of luxury.",Other,[],"[""Dig shiny dirt spot""]",,in-collection,Music CDs,music_cds_order,13,,,,,,,,[],[2229],https://pokopiadex.com/images/items/item_ui/the-s-s-anne.png,[],https://pokopiadex.com/items/the-s-s-anne,pokopiadex_items_in_collection
placeable_item,1971,♪ Rocket Hideout,rocket-hideout,"Music CD #14. If you have a music player, you can listen to a terrifying tune.",Other,[],"[""Dig shiny dirt spot""]",,in-collection,Music CDs,music_cds_order,14,,,,,,,,[],[2229],https://pokopiadex.com/images/items/item_ui/rocket-hideout.png,[],https://pokopiadex.com/items/rocket-hideout,pokopiadex_items_in_collection
placeable_item,1972,♪ Silph Co.,silph-co,"Music CD #15. If you have a music player, you can listen to a suspicious tune.",Other,[],"[""Dig shiny dirt spot""]",,in-collection,Music CDs,music_cds_order,15,,,,,,,,[],[2229],https://pokopiadex.com/images/items/item_ui/silph-co.png,[],https://pokopiadex.com/items/silph-co,pokopiadex_items_in_collection
placeable_item,1973,♪ Battle! (Gym Leader Battle),battle-gym-leader-battle,"Music CD #16. If you have a music player, you can listen to a heart-pumping tune.",Other,[],"[""Dig shiny dirt spot""]",,in-collection,Music CDs,music_cds_order,16,,,,,,,,[],[2229],https://pokopiadex.com/images/items/item_ui/battle-gym-leader-battle.png,[],https://pokopiadex.com/items/battle-gym-leader-battle,pokopiadex_items_in_collection
placeable_item,1974,♪ Union Cave,union-cave,"Music CD #17. If you have a music player, you can listen to an eerie tune.",Other,[],"[""Dig shiny dirt spot""]",,in-collection,Music CDs,music_cds_order,17,,,,,,,,[],[2229],https://pokopiadex.com/images/items/item_ui/union-cave.png,[],https://pokopiadex.com/items/union-cave,pokopiadex_items_in_collection
placeable_item,1975,♪ Ecruteak City,ecruteak-city,Music CD #18.,Other,[],"[""Dig shiny dirt spot""]",,in-collection,Music CDs,music_cds_order,18,,,,,,,,[],[2229],https://pokopiadex.com/images/items/item_ui/ecruteak-city.png,[],https://pokopiadex.com/items/ecruteak-city,pokopiadex_items_in_collection
placeable_item,1976,♪ Bell Tower,bell-tower,"Music CD #19. If you have a music player, you can listen to a dignified tune.",Other,[],"[""Dig shiny dirt spot""]",,in-collection,Music CDs,music_cds_order,19,,,,,,,,[],[2229],https://pokopiadex.com/images/items/item_ui/bell-tower.png,[],https://pokopiadex.com/items/bell-tower,pokopiadex_items_in_collection
placeable_item,1977,♪ Fortree City,fortree-city,"Music CD #20. If you have a music player, you can listen to a low-key tune.",Other,[],"[""Dig shiny dirt spot""]",,in-collection,Music CDs,music_cds_order,20,,,,,,,,[],[2229],https://pokopiadex.com/images/items/item_ui/fortree-city.png,[],https://pokopiadex.com/items/fortree-city,pokopiadex_items_in_collection
placeable_item,1978,♪ Sootopolis City,sootopolis-city,"Music CD #21. If you have a music player, you can listen to a dreamy tune.",Other,[],"[""Dig shiny dirt spot""]",,in-collection,Music CDs,music_cds_order,21,,,,,,,,[],[2229],https://pokopiadex.com/images/items/item_ui/sootopolis-city.png,[],https://pokopiadex.com/items/sootopolis-city,pokopiadex_items_in_collection
placeable_item,975,♪ Route 209 (Day),route-209-day,"Music CD #22. If you have a music player, you can listen to a nostalgic tune.",Other,[],"[""Dig shiny dirt spot""]",,in-collection,Music CDs,music_cds_order,22,,,,,,,,[],[2229],https://pokopiadex.com/images/items/item_ui/route-209-day.png,[],https://pokopiadex.com/items/route-209-day,pokopiadex_items_in_collection
placeable_item,1979,♪ Mt. Coronet,mt-coronet,"Music CD #23. If you have a music player, you can listen to a celestial tune.",Other,[],"[""Dig shiny dirt spot""]",,in-collection,Music CDs,music_cds_order,23,,,,,,,,[],[2229],https://pokopiadex.com/images/items/item_ui/mt-coronet.png,[],https://pokopiadex.com/items/mt-coronet,pokopiadex_items_in_collection
placeable_item,400,♪ Game Corner,game-corner,"Music CD #24. If you have a music player, you can listen to an upbeat, fast-paced tune.",Other,[],"[""Dig shiny dirt spot"",""Inspect CD shelf""]",,in-collection,Music CDs,music_cds_order,24,,,,,,,,[],[2229],https://pokopiadex.com/images/items/item_ui/game-corner.png,[],https://pokopiadex.com/items/game-corner,pokopiadex_items_in_collection
placeable_item,1980,♪ Driftveil City,driftveil-city,"Music CD #25. If you have a music player, you can listen to a nautical tune.",Other,[],"[""Dig shiny dirt spot""]",,in-collection,Music CDs,music_cds_order,25,,,,,,,,[],[2229],https://pokopiadex.com/images/items/item_ui/driftveil-city.png,[],https://pokopiadex.com/items/driftveil-city,pokopiadex_items_in_collection
placeable_item,640,♪ Route 10 (Unova),route-10-unova,"Music CD #26. If you have a music player, you can listen to a tense tune.",Other,[],"[""Dig shiny dirt spot""]",,in-collection,Music CDs,music_cds_order,26,,,,,,,,[],[2229],https://pokopiadex.com/images/items/item_ui/route-10-unova.png,[],https://pokopiadex.com/items/route-10-unova,pokopiadex_items_in_collection
placeable_item,1981,♪ Dress Up With Props,dress-up-with-props,Music CD #27.,Other,[],"[""Dig shiny dirt spot""]",,in-collection,Music CDs,music_cds_order,27,,,,,,,,[],[2229],https://pokopiadex.com/images/items/item_ui/dress-up-with-props.png,[],https://pokopiadex.com/items/dress-up-with-props,pokopiadex_items_in_collection
placeable_item,1982,♪ Snowbelle City,snowbelle-city,"Music CD #28. If you have a music player, you can listen to a melancholy tune.",Other,[],"[""Dig shiny dirt spot""]",,in-collection,Music CDs,music_cds_order,28,,,,,,,,[],[2229],https://pokopiadex.com/images/items/item_ui/snowbelle-city.png,[],https://pokopiadex.com/items/snowbelle-city,pokopiadex_items_in_collection
placeable_item,1983,♪ Boutique,boutique,Music CD #29.,Other,[],"[""Dig shiny dirt spot""]",,in-collection,Music CDs,music_cds_order,29,,,,,,,,[],[2229],https://pokopiadex.com/images/items/item_ui/boutique.png,[],https://pokopiadex.com/items/boutique,pokopiadex_items_in_collection
placeable_item,1984,♪ Super Training!,super-training,"Music CD #30. If you have a music player, you can listen to an energetic tune.",Other,[],"[""Dig shiny dirt spot""]",,in-collection,Music CDs,music_cds_order,30,,,,,,,,[],[2229],https://pokopiadex.com/images/items/item_ui/super-training.png,[],https://pokopiadex.com/items/super-training,pokopiadex_items_in_collection
placeable_item,1985,♪ Contest Spectacular,contest-spectacular,"Music CD #31. If you have a music player, you can listen to a fun tune.",Other,[],"[""Dig shiny dirt spot""]",,in-collection,Music CDs,music_cds_order,31,,,,,,,,[],[2229],https://pokopiadex.com/images/items/item_ui/contest-spectacular.png,[],https://pokopiadex.com/items/contest-spectacular,pokopiadex_items_in_collection
placeable_item,976,♪ Hau'oli City (Day),hauoli-city-day,"Music CD #32. If you have a music player, you can listen to a tropical tune.",Other,[],"[""Dig shiny dirt spot""]",,in-collection,Music CDs,music_cds_order,32,,,,,,,,[],[2229],https://pokopiadex.com/images/items/item_ui/hauoli-city-day.png,[],https://pokopiadex.com/items/hauoli-city-day,pokopiadex_items_in_collection
placeable_item,884,♪ Aether Paradise,aether-paradise,"Music CD #33. If you have a music player, you can listen to a mysterious tune.",Other,[],"[""Dig shiny dirt spot""]",,in-collection,Music CDs,music_cds_order,33,,,,,,,,[],[2229],https://pokopiadex.com/images/items/item_ui/aether-paradise.png,[],https://pokopiadex.com/items/aether-paradise,pokopiadex_items_in_collection
placeable_item,1986,♪ Ultra Ruin,ultra-ruin,"Music CD #34. If you have a music player, you can listen to a tune full of static and jumbled noises.",Other,[],"[""Dig shiny dirt spot""]",,in-collection,Music CDs,music_cds_order,34,,,,,,,,[],[2229],https://pokopiadex.com/images/items/item_ui/ultra-ruin.png,[],https://pokopiadex.com/items/ultra-ruin,pokopiadex_items_in_collection
placeable_item,1987,♪ Wild Area (North),wild-area-north,"Music CD #35. If you have a music player, you can listen to a dynamic tune.",Other,[],"[""Dig shiny dirt spot""]",,in-collection,Music CDs,music_cds_order,35,,,,,,,,[],[2229],https://pokopiadex.com/images/items/item_ui/wild-area-north.png,[],https://pokopiadex.com/items/wild-area-north,pokopiadex_items_in_collection
placeable_item,1988,♪ Wyndon,wyndon,Music CD #36.,Other,[],"[""Dig shiny dirt spot""]",,in-collection,Music CDs,music_cds_order,36,,,,,,,,[],[2229],https://pokopiadex.com/images/items/item_ui/wyndon.png,[],https://pokopiadex.com/items/wyndon,pokopiadex_items_in_collection
placeable_item,1989,♪ Rose Tower,rose-tower,"Music CD #37. If you have a music player, you can listen to a high-tempo tune.",Other,[],"[""Dig shiny dirt spot""]",,in-collection,Music CDs,music_cds_order,37,,,,,,,,[],[2229],https://pokopiadex.com/images/items/item_ui/rose-tower.png,[],https://pokopiadex.com/items/rose-tower,pokopiadex_items_in_collection
placeable_item,977,♪ Battle! (Gym Leader) 1,battle-gym-leader-1,"Music CD #38. If you have a music player, you can listen to an invigorating tune.",Other,[],"[""Dig shiny dirt spot""]",,in-collection,Music CDs,music_cds_order,38,,,,,,,,[],[2229],https://pokopiadex.com/images/items/item_ui/battle-gym-leader-1.png,[],https://pokopiadex.com/items/battle-gym-leader-1,pokopiadex_items_in_collection
placeable_item,1990,♪ Jubilife Village,jubilife-village,"Music CD #39. If you have a music player, you can listen to a warm, nostalgic tune.",Other,[],"[""Dig shiny dirt spot""]",,in-collection,Music CDs,music_cds_order,39,,,,,,,,[],[2229],https://pokopiadex.com/images/items/item_ui/jubilife-village.png,[],https://pokopiadex.com/items/jubilife-village,pokopiadex_items_in_collection
placeable_item,336,♪ South Province,south-province,"Music CD #40. If you have a music player, you can listen to a magnificent tune.",Other,[],"[""Dig shiny dirt spot""]",,in-collection,Music CDs,music_cds_order,40,,,,,,,,[],[2229],https://pokopiadex.com/images/items/item_ui/south-province.png,[],https://pokopiadex.com/items/south-province,pokopiadex_items_in_collection
placeable_item,1991,♪ The Academy,the-academy,Music CD #41.,Other,[],"[""Dig shiny dirt spot""]",,in-collection,Music CDs,music_cds_order,41,,,,,,,,[],[2229],https://pokopiadex.com/images/items/item_ui/the-academy.png,[],https://pokopiadex.com/items/the-academy,pokopiadex_items_in_collection
placeable_item,978,♪ Area Zero,area-zero,"Music CD #42. If you have a music player, you can listen to a tune that feels special somehow.",Other,[],"[""Dig shiny dirt spot""]",,in-collection,Music CDs,music_cds_order,42,,,,,,,,[],[2229],https://pokopiadex.com/images/items/item_ui/area-zero.png,[],https://pokopiadex.com/items/area-zero,pokopiadex_items_in_collection
placeable_item,1992,♪ Battle! (Gym Leader) 2,battle-gym-leader-2,"Music CD #43. If you have a music player, you can listen to a tune that fills you with courage.",Other,[],"[""Dig shiny dirt spot""]",,in-collection,Music CDs,music_cds_order,43,,,,,,,,[],[2229],https://pokopiadex.com/images/items/item_ui/battle-gym-leader-2.png,[],https://pokopiadex.com/items/battle-gym-leader-2,pokopiadex_items_in_collection
placeable_item,920,Nugget,nugget,It's made of pure gold that gives off a lustrous gleam. Try hanging it up in a frame!,Other,[],"[""Appraise Small lost relic""]",,in-collection,Lost Relics (S),lost_relics_s_order,1,,,,,,,,[],"[2229,2231]",https://pokopiadex.com/images/items/item_ui/nugget.png,[],https://pokopiadex.com/items/nugget,pokopiadex_items_in_collection
placeable_item,1945,Silver Bottle Cap,silver-bottle-cap,A lovely silver bottle cap. Try hanging it up in a frame!,Other,[],"[""Appraise Small lost relic""]",,in-collection,Lost Relics (S),lost_relics_s_order,2,,,,,,,,[],"[2229,2231]",https://pokopiadex.com/images/items/item_ui/silver-bottle-cap.png,[],https://pokopiadex.com/items/silver-bottle-cap,pokopiadex_items_in_collection
placeable_item,921,Gold Bottle Cap,gold-bottle-cap,A lovely gold bottle cap. Try hanging it up in a frame!,Other,[],"[""Appraise Small lost relic""]",,in-collection,Lost Relics (S),lost_relics_s_order,3,,,,,,,,[],"[2229,2231]",https://pokopiadex.com/images/items/item_ui/gold-bottle-cap.png,[],https://pokopiadex.com/items/gold-bottle-cap,pokopiadex_items_in_collection
placeable_item,1953,Rare Bone,rare-bone,,Other,[],"[""Appraise Small lost relic""]",,in-collection,Lost Relics (S),lost_relics_s_order,4,,,,,,,,[],[],https://pokopiadex.com/images/items/item_ui/rare-bone.png,[],https://pokopiadex.com/items/rare-bone,pokopiadex_items_in_collection
placeable_item,922,Heart Scale,heart-scale,An extremely rare scale. Try hanging it up in a frame!,Other,[],"[""Appraise Small lost relic""]",,in-collection,Lost Relics (S),lost_relics_s_order,5,,,,,,,,[],[2204],https://pokopiadex.com/images/items/item_ui/heart-scale.png,[],https://pokopiadex.com/items/heart-scale,pokopiadex_items_in_collection
placeable_item,923,Miracle Seed,miracle-seed,A seed imbued with life force. Try hanging it up in a frame!,Other,[],"[""Appraise Small lost relic""]",,in-collection,Lost Relics (S),lost_relics_s_order,6,,,,,,,,[],[2219],https://pokopiadex.com/images/items/item_ui/miracle-seed.png,[],https://pokopiadex.com/items/miracle-seed,pokopiadex_items_in_collection
placeable_item,924,Hard Stone,hard-stone,An unbreakable stone. Try hanging it up in a frame!,Other,[],"[""Appraise Small lost relic""]",,in-collection,Lost Relics (S),lost_relics_s_order,7,,,,,,,,[],[],https://pokopiadex.com/images/items/item_ui/hard-stone.png,[],https://pokopiadex.com/items/hard-stone,pokopiadex_items_in_collection
placeable_item,1946,Mystic Water,mystic-water,A teardrop-shaped gem. Try hanging it up in a frame!,Other,[],"[""Appraise Small lost relic""]",,in-collection,Lost Relics (S),lost_relics_s_order,8,,,,,,,,[],[2220],https://pokopiadex.com/images/items/item_ui/mystic-water.png,[],https://pokopiadex.com/items/mystic-water,pokopiadex_items_in_collection
placeable_item,925,Metal Coat,metal-coat,A special metallic coating. Try hanging it up in a frame!,Other,[],"[""Appraise Small lost relic""]",,in-collection,Lost Relics (S),lost_relics_s_order,9,,,,,,,,[],[],https://pokopiadex.com/images/items/item_ui/metal-coat.png,[],https://pokopiadex.com/items/metal-coat,pokopiadex_items_in_collection
placeable_item,654,Twisted Spoon,twisted-spoon,A spoon imbued with telekinetic energy. Try hanging it up in a frame!,Other,[],"[""Appraise Small lost relic""]",,in-collection,Lost Relics (S),lost_relics_s_order,10,,,,,,,,[],[2239],https://pokopiadex.com/images/items/item_ui/twisted-spoon.png,[],https://pokopiadex.com/items/twisted-spoon,pokopiadex_items_in_collection
placeable_item,926,Silver Powder,silver-powder,A shiny silver powder. Try hanging it up in a frame!,Other,[],"[""Appraise Small lost relic""]",,in-collection,Lost Relics (S),lost_relics_s_order,11,,,,,,,,[],[2219],https://pokopiadex.com/images/items/item_ui/silver-powder.png,[],https://pokopiadex.com/items/silver-powder,pokopiadex_items_in_collection
placeable_item,972,Black Glasses,black-glasses,A pair of shady-looking glasses. Try hanging them up in a frame!,Other,[],"[""Appraise Small lost relic""]",,in-collection,Lost Relics (S),lost_relics_s_order,12,,,,,,,,[],[],https://pokopiadex.com/images/items/item_ui/black-glasses.png,[],https://pokopiadex.com/items/black-glasses,pokopiadex_items_in_collection
placeable_item,927,Black Belt,black-belt,A thin black belt. Try hanging it up in a frame!,Other,[],"[""Appraise Small lost relic""]",,in-collection,Lost Relics (S),lost_relics_s_order,13,,,,,,,,[],[],https://pokopiadex.com/images/items/item_ui/black-belt.png,[],https://pokopiadex.com/items/black-belt,pokopiadex_items_in_collection
placeable_item,928,Silk Scarf,silk-scarf,A sumptuous scarf. Try hanging it up in a frame!,Other,[],"[""Appraise Small lost relic""]",,in-collection,Lost Relics (S),lost_relics_s_order,14,,,,,,,,[],[2208],https://pokopiadex.com/images/items/item_ui/silk-scarf.png,[],https://pokopiadex.com/items/silk-scarf,pokopiadex_items_in_collection
placeable_item,929,Sharp Beak,sharp-beak,"A long, sharp beak. Try hanging it up in a frame!",Other,[],"[""Appraise Small lost relic""]",,in-collection,Lost Relics (S),lost_relics_s_order,15,,,,,,,,[],[],https://pokopiadex.com/images/items/item_ui/sharp-beak.png,[],https://pokopiadex.com/items/sharp-beak,pokopiadex_items_in_collection
placeable_item,655,Poison Barb,poison-barb,A small poisonous barb. Try hanging it up in a frame!,Other,[],"[""Appraise Small lost relic""]",,in-collection,Lost Relics (S),lost_relics_s_order,16,,,,,,,,[],[],https://pokopiadex.com/images/items/item_ui/poison-barb.png,[],https://pokopiadex.com/items/poison-barb,pokopiadex_items_in_collection
placeable_item,1947,Never-Melt Ice,never-melt-ice,A heat-repelling piece of ice. Try hanging it up in a frame!,Other,[],"[""Appraise Small lost relic""]",,in-collection,Lost Relics (S),lost_relics_s_order,17,,,,,,,,[],[],https://pokopiadex.com/images/items/item_ui/never-melt-ice.png,[],https://pokopiadex.com/items/never-melt-ice,pokopiadex_items_in_collection
placeable_item,930,Spell Tag,spell-tag,"A sinister, eerie tag. Try hanging it up in a frame!",Other,[],"[""Appraise Small lost relic""]",,in-collection,Lost Relics (S),lost_relics_s_order,18,,,,,,,,[],[2237],https://pokopiadex.com/images/items/item_ui/spell-tag.png,[],https://pokopiadex.com/items/spell-tag,pokopiadex_items_in_collection
placeable_item,931,Charcoal,charcoal,Charcoal made by burning wood. Try hanging it up in a frame!,Other,[],"[""Appraise Small lost relic""]",,in-collection,Lost Relics (S),lost_relics_s_order,19,,,,,,,,[],[2218],https://pokopiadex.com/images/items/item_ui/charcoal.png,[],https://pokopiadex.com/items/charcoal,pokopiadex_items_in_collection
placeable_item,932,Soft Sand,soft-sand,"Loose, silky sand. Try hanging it up in a frame!",Other,[],"[""Appraise Small lost relic""]",,in-collection,Lost Relics (S),lost_relics_s_order,20,,,,,,,,[],[2233],https://pokopiadex.com/images/items/item_ui/soft-sand.png,[],https://pokopiadex.com/items/soft-sand,pokopiadex_items_in_collection
placeable_item,933,Fairy Feather,fairy-feather,A feather that gleams faintly when hit by light. Try hanging it up in a frame!,Other,[],"[""Appraise Small lost relic""]",,in-collection,Lost Relics (S),lost_relics_s_order,21,,,,,,,,[],[2204],https://pokopiadex.com/images/items/item_ui/fairy-feather.png,[],https://pokopiadex.com/items/fairy-feather,pokopiadex_items_in_collection
placeable_item,973,Dragon Fang,dragon-fang,"A hard, sharp fang. Try hanging it up in a frame!",Other,[],"[""Appraise Small lost relic""]",,in-collection,Lost Relics (S),lost_relics_s_order,22,,,,,,,,[],[],https://pokopiadex.com/images/items/item_ui/dragon-fang.png,[],https://pokopiadex.com/items/dragon-fang,pokopiadex_items_in_collection
placeable_item,934,Leftovers,leftovers,Someone's leftover food. Try hanging it up in a frame!,Other,[],"[""Appraise Small lost relic""]",,in-collection,Lost Relics (S),lost_relics_s_order,23,,,,,,,,[],[2216],https://pokopiadex.com/images/items/item_ui/leftovers.png,[],https://pokopiadex.com/items/leftovers,pokopiadex_items_in_collection
placeable_item,1954,Black Sludge,black-sludge,,Other,[],"[""Appraise Small lost relic""]",,in-collection,Lost Relics (S),lost_relics_s_order,24,,,,,,,,[],[],https://pokopiadex.com/images/items/item_ui/black-sludge.png,[],https://pokopiadex.com/items/black-sludge,pokopiadex_items_in_collection
placeable_item,935,Lucky Egg,lucky-egg,"A round, white egg. Try hanging it up in a frame!",Other,[],"[""Appraise Small lost relic""]",,in-collection,Lost Relics (S),lost_relics_s_order,25,,,,,,,,[],[2229],https://pokopiadex.com/images/items/item_ui/lucky-egg.png,[],https://pokopiadex.com/items/lucky-egg,pokopiadex_items_in_collection
placeable_item,936,Destiny Knot,destiny-knot,"A long, thin, bright-red string. Try hanging it up in a frame!",Other,[],"[""Appraise Small lost relic""]",,in-collection,Lost Relics (S),lost_relics_s_order,26,,,,,,,,[],[],https://pokopiadex.com/images/items/item_ui/destiny-knot.png,[],https://pokopiadex.com/items/destiny-knot,pokopiadex_items_in_collection
placeable_item,937,Life Orb,life-orb,A beautiful red orb. Try hanging it up in a frame!,Other,[],"[""Appraise Small lost relic""]",,in-collection,Lost Relics (S),lost_relics_s_order,27,,,,,,,,[],[2229],https://pokopiadex.com/images/items/item_ui/life-orb.png,[],https://pokopiadex.com/items/life-orb,pokopiadex_items_in_collection
placeable_item,938,Iron Ball,iron-ball,"A round, black iron ball. Try hanging it up in a frame!",Other,[],"[""Appraise Small lost relic""]",,in-collection,Lost Relics (S),lost_relics_s_order,28,,,,,,,,[],"[2213,2229]",https://pokopiadex.com/images/items/item_ui/iron-ball.png,[],https://pokopiadex.com/items/iron-ball,pokopiadex_items_in_collection
placeable_item,887,Metal Powder,metal-powder,"An extremely fine, yet hard metal powder. Try hanging it up in a frame!",Other,[],"[""Appraise Small lost relic""]",,in-collection,Lost Relics (S),lost_relics_s_order,29,,,,,,,,[],[2231],https://pokopiadex.com/images/items/item_ui/metal-powder.png,[],https://pokopiadex.com/items/metal-powder,pokopiadex_items_in_collection
placeable_item,939,Big Root,big-root,The root of some plant. Try hanging it up in a frame!,Other,[],"[""Appraise Small lost relic""]",,in-collection,Lost Relics (S),lost_relics_s_order,30,,,,,,,,[],[2219],https://pokopiadex.com/images/items/item_ui/big-root.png,[],https://pokopiadex.com/items/big-root,pokopiadex_items_in_collection
placeable_item,653,Adrenaline Orb,adrenaline-orb,"A round, blue ball. Try hanging it up in a frame!",Other,[],"[""Appraise Small lost relic""]",,in-collection,Lost Relics (S),lost_relics_s_order,31,,,,,,,,[],[2229],https://pokopiadex.com/images/items/item_ui/adrenaline-orb.png,[],https://pokopiadex.com/items/adrenaline-orb,pokopiadex_items_in_collection
placeable_item,940,Weakness Policy,weakness-policy,"A piece of paper with clean, neat writing on it. Try hanging it up in a frame!",Other,[],"[""Appraise Small lost relic""]",,in-collection,Lost Relics (S),lost_relics_s_order,32,,,,,,,,[],[2215],https://pokopiadex.com/images/items/item_ui/weakness-policy.png,[],https://pokopiadex.com/items/weakness-policy,pokopiadex_items_in_collection
placeable_item,941,Terrain Extender,terrain-extender,A spray that looks like it could be dispersed over a wide area. Try hanging it up in a frame!,Other,[],"[""Appraise Small lost relic""]",,in-collection,Lost Relics (S),lost_relics_s_order,33,,,,,,,,[],[],https://pokopiadex.com/images/items/item_ui/terrain-extender.png,[],https://pokopiadex.com/items/terrain-extender,pokopiadex_items_in_collection
placeable_item,1948,Wide Lens,wide-lens,A lens that never gets cloudy. Try hanging it up in a frame!,Other,[],"[""Appraise Small lost relic""]",,in-collection,Lost Relics (S),lost_relics_s_order,34,,,,,,,,[],[],https://pokopiadex.com/images/items/item_ui/wide-lens.png,[],https://pokopiadex.com/items/wide-lens,pokopiadex_items_in_collection
placeable_item,1949,Throat Spray,throat-spray,A spray that provides relief for tired throats. Try hanging it up in a frame!,Other,[],"[""Appraise Small lost relic""]",,in-collection,Lost Relics (S),lost_relics_s_order,35,,,,,,,,[],[],https://pokopiadex.com/images/items/item_ui/throat-spray.png,[],https://pokopiadex.com/items/throat-spray,pokopiadex_items_in_collection
placeable_item,942,Light Clay,light-clay,Yellowish-green clay. Try hanging it up in a frame!,Other,[],"[""Appraise Small lost relic""]",,in-collection,Lost Relics (S),lost_relics_s_order,36,,,,,,,,[],"[2233,2238]",https://pokopiadex.com/images/items/item_ui/light-clay.png,[],https://pokopiadex.com/items/light-clay,pokopiadex_items_in_collection
placeable_item,1950,Loaded Dice,loaded-dice,Dice that always rolls a good number. Try hanging it up in a frame!,Other,[],"[""Appraise Small lost relic""]",,in-collection,Lost Relics (S),lost_relics_s_order,37,,,,,,,,[],[],https://pokopiadex.com/images/items/item_ui/loaded-dice.png,[],https://pokopiadex.com/items/loaded-dice,pokopiadex_items_in_collection
placeable_item,943,Sticky Barb,sticky-barb,A prickly object that easily latches on to things. Try hanging it up in a frame!,Other,[],"[""Appraise Small lost relic""]",,in-collection,Lost Relics (S),lost_relics_s_order,38,,,,,,,,[],[],https://pokopiadex.com/images/items/item_ui/sticky-barb.png,[],https://pokopiadex.com/items/sticky-barb,pokopiadex_items_in_collection
placeable_item,944,Quick Claw,quick-claw,"A light, sharp claw. Try hanging it up in a frame!",Other,[],"[""Appraise Small lost relic""]",,in-collection,Lost Relics (S),lost_relics_s_order,39,,,,,,,,[],[],https://pokopiadex.com/images/items/item_ui/quick-claw.png,[],https://pokopiadex.com/items/quick-claw,pokopiadex_items_in_collection
placeable_item,1951,Lagging Tail,lagging-tail,A tremendously heavy tail of something. Try hanging it up in a frame!,Other,[],"[""Appraise Small lost relic""]",,in-collection,Lost Relics (S),lost_relics_s_order,40,,,,,,,,[],[2213],https://pokopiadex.com/images/items/item_ui/lagging-tail.png,[],https://pokopiadex.com/items/lagging-tail,pokopiadex_items_in_collection
placeable_item,1952,Flame Orb,flame-orb,A bizarre orb that always gives off heat. Try hanging it up in a frame!,Other,[],"[""Appraise Small lost relic""]",,in-collection,Lost Relics (S),lost_relics_s_order,41,,,,,,,,[],[2229],https://pokopiadex.com/images/items/item_ui/flame-orb.png,[],https://pokopiadex.com/items/flame-orb,pokopiadex_items_in_collection
placeable_item,945,Ability Shield,ability-shield,A cute and rather unique-looking shield. Try hanging it up in a frame!,Other,[],"[""Appraise Small lost relic""]",,in-collection,Lost Relics (S),lost_relics_s_order,42,,,,,,,,[],[],https://pokopiadex.com/images/items/item_ui/ability-shield.png,[],https://pokopiadex.com/items/ability-shield,pokopiadex_items_in_collection
placeable_item,946,Room Service,room-service,A luxurious cart with a metal cloche. Try hanging it up in a frame!,Other,[],"[""Appraise Small lost relic""]",,in-collection,Lost Relics (S),lost_relics_s_order,43,,,,,,,,[],[2208],https://pokopiadex.com/images/items/item_ui/room-service.png,[],https://pokopiadex.com/items/room-service,pokopiadex_items_in_collection
placeable_item,947,Ring Target,ring-target,A target with distinctive black and white rings. Try hanging it up in a frame!,Other,[],"[""Appraise Small lost relic""]",,in-collection,Lost Relics (S),lost_relics_s_order,44,,,,,,,,[],[2229],https://pokopiadex.com/images/items/item_ui/ring-target.png,[],https://pokopiadex.com/items/ring-target,pokopiadex_items_in_collection
placeable_item,948,Clear Amulet,clear-amulet,An amulet that always stays clear and sparkling. Try hanging it up in a frame!,Other,[],"[""Appraise Small lost relic""]",,in-collection,Lost Relics (S),lost_relics_s_order,45,,,,,,,,[],"[2211,2231]",https://pokopiadex.com/images/items/item_ui/clear-amulet.png,[],https://pokopiadex.com/items/clear-amulet,pokopiadex_items_in_collection
placeable_item,888,Zoom Lens,zoom-lens,A lens that never gets cloudy. Try hanging it up in a frame!,Other,[],"[""Appraise Small lost relic""]",,in-collection,Lost Relics (S),lost_relics_s_order,46,,,,,,,,[],[],https://pokopiadex.com/images/items/item_ui/zoom-lens.png,[],https://pokopiadex.com/items/zoom-lens,pokopiadex_items_in_collection
placeable_item,357,Rainbow Feather,rainbow-feather,A mysterious feather that shines with a rainbow light. Looks like it feel from a Pokémon flying in the sky...,Other,[],"[""Drops from periodic large Pokemon flying overhead""]",,in-collection,,other_order,201,2000,,,,,,,[],[2231],https://pokopiadex.com/images/items/item_ui/rainbow-feather.png,[],https://pokopiadex.com/items/rainbow-feather,pokopiadex_items_in_collection
placeable_item,882,Silver Feather,silver-feather,A mysterious feather that shines with a silver light. Looks like it fell from a Pokémon flying in the sky...,Other,[],"[""Drops from periodic large Pokemon flying overhead""]",,in-collection,,other_order,202,,,,,,,,[],[2231],https://pokopiadex.com/images/items/item_ui/silver-feather.png,[],https://pokopiadex.com/items/silver-feather,pokopiadex_items_in_collection
placeable_item,988,Party cooking pot,party-cooking-pot,"A huge pot, perfect for cooking at parties. Grab your friends and bring a chef—it's time to cook!",Other,[],"[""Chef Dente""]",,in-collection,,other_order,203,,,,100,,,,[],[],https://pokopiadex.com/images/items/shop_ui/party-cooking-pot.png,[],https://pokopiadex.com/items/party-cooking-pot,pokopiadex_items_in_collection
placeable_item,1029,Small narrow rug,small-narrow-rug,A rug with a simple design. Try putting it under an important item!,Other,[],[],,in-collection,,other_order,204,,,,,,,,[],[],https://pokopiadex.com/images/items/crafting_ui/small-narrow-rug.png,[],https://pokopiadex.com/items/small-narrow-rug,pokopiadex_items_in_collection
placeable_item,2141,Poké Ball Doormat,poke-ball-doormat,A mat with a Poké Ball pattern. It would make the perfect welcome mat for a house!,Other,[],[],,in-collection,,other_order,205,,,,,,,,[],[],https://pokopiadex.com/images/items/item_ui/poke-ball-doormat.png,[],https://pokopiadex.com/items/poke-ball-doormat,pokopiadex_items_in_collection
placeable_item,2142,Small round rug,small-round-rug,A rug with a simple design. Try putting it under an important item,Other,[],[],,in-collection,,other_order,206,,,,,,,,[],[],https://pokopiadex.com/images/items/item_ui/small-round-rug.png,[],https://pokopiadex.com/items/small-round-rug,pokopiadex_items_in_collection
placeable_item,408,Small square rug,small-square-rug,A rug with a simple design. Try putting it under an important item!,Other,[],[],,in-collection,,other_order,207,,,,100,,,,[],[],https://pokopiadex.com/images/items/shop_ui/small-square-rug.png,[],https://pokopiadex.com/items/small-square-rug,pokopiadex_items_in_collection
placeable_item,2143,Ditto rug,ditto-rug,Ditto looks totally adorable with its broad smile. Sitting on this fluffy rug feels so great,Other,[],[],,in-collection,,other_order,208,,,,,,,,[],[],https://pokopiadex.com/images/items/dream_ui/ditto-rug.png,[],https://pokopiadex.com/items/ditto-rug,pokopiadex_items_in_collection
placeable_item,1960,Slowpoke rug,slowpoke-rug,A rug designed to look like a sprawled-out Slowpoke. Its blank expression is just perfect,Other,[],"[""Appraise Large lost relic""]",,in-collection,Lost Relics (L),lost_relics_l_order,34,,,,,,,,[],[],https://pokopiadex.com/images/items/item_ui/slowpoke-rug.png,[],https://pokopiadex.com/items/slowpoke-rug,pokopiadex_items_in_collection
placeable_item,918,Charizard Rug,charizard-rug,A rug with a design of Charizard breathing fire. Its magnificent posture is quite impressive,Other,[],"[""Appraise Large lost relic""]",,in-collection,Lost Relics (L),lost_relics_l_order,35,,,,,,,,[],[],https://pokopiadex.com/images/items/item_ui/charizard-rug.png,[],https://pokopiadex.com/items/charizard-rug,pokopiadex_items_in_collection
placeable_item,2144,Oblong rug,oblong-rug,A rug with a simple design. Try putting it under an important item,Other,[],[],,in-collection,,other_order,211,,,,,,,,[],[],https://pokopiadex.com/images/items/item_ui/oblong-rug.png,[],https://pokopiadex.com/items/oblong-rug,pokopiadex_items_in_collection
placeable_item,2145,Ratan rug,ratan-rug,A mat woven from plant vines. It's a perfect spot for putting dolls on display,Other,[],[],,in-collection,,other_order,212,,,,,,,,[],[],https://pokopiadex.com/images/items/item_ui/ratan-rug.png,[],https://pokopiadex.com/items/ratan-rug,pokopiadex_items_in_collection
placeable_item,358,Large round rug,large-round-rug,A rug with a simple design. Try putting it under an important item!,Other,[],"[""Trade honey to Gather Honey specialty Pokemon""]",,in-collection,,other_order,213,,,,,,,,[],[],https://pokopiadex.com/images/items/item_ui/large-round-rug.png,[],https://pokopiadex.com/items/large-round-rug,pokopiadex_items_in_collection
placeable_item,2146,Lace rug,lace-rug,A mat of woven lace. It looks stylish even with décor on top of it,Other,[],[],,in-collection,,other_order,214,,,,,,,,[],[],https://pokopiadex.com/images/items/crafting_ui/lace-rug.png,[],https://pokopiadex.com/items/lace-rug,pokopiadex_items_in_collection
placeable_item,2147,Poké Ball Mat,poke-ball-mat,A mat in the shape of a Poké Ball. It looks stylish even with décor on top of it,Other,[],[],,in-collection,,other_order,215,,,,,,,,[],[],https://pokopiadex.com/images/items/item_ui/poke-ball-mat.png,[],https://pokopiadex.com/items/poke-ball-mat,pokopiadex_items_in_collection
placeable_item,2148,Large narrow rug,large-narrow-rug,A rug with a simple design. Try putting it under an important item,Other,[],[],,in-collection,,other_order,216,,,,,,,,[],[],https://pokopiadex.com/images/items/item_ui/large-narrow-rug.png,[],https://pokopiadex.com/items/large-narrow-rug,pokopiadex_items_in_collection
placeable_item,1993,Large square rug,large-square-rug,A rug with a simple design. Try putting it under an important item!,Other,[],[],,in-collection,,other_order,217,,,,,,,,[],[],https://pokopiadex.com/images/items/crafting_ui/large-square-rug.png,[],https://pokopiadex.com/items/large-square-rug,pokopiadex_items_in_collection
placeable_item,739,Soft mat,soft-mat,A fluffy mat that just makes you want to take a nap on it. It looks stylish even with decor on top of it.,Other,[],[],,in-collection,,other_order,218,,,,,,,,[],[],https://pokopiadex.com/images/items/crafting_ui/soft-mat.png,[],https://pokopiadex.com/items/soft-mat,pokopiadex_items_in_collection
placeable_item,2149,Balloon poster,balloon-poster,A poster overflowing with personality. Hang it on a wall to show off your artistic sensibility.,Other,[],[],,in-collection,,other_order,219,,,,,,,,[],[],https://pokopiadex.com/images/items/item_ui/balloon-poster.png,[],https://pokopiadex.com/items/balloon-poster,pokopiadex_items_in_collection
placeable_item,2150,Moonlight Poster,moonlight-poster,A poster overflowing with personality. Hang it on a wall to show off your artistic sensibility,Other,[],[],,in-collection,,other_order,220,,,,,,,,[],[],https://pokopiadex.com/images/items/item_ui/moonlight-poster.png,[],https://pokopiadex.com/items/moonlight-poster,pokopiadex_items_in_collection
placeable_item,2151,Dance poster,dance-poster,A poster overflowing with personality. Hang it on a wall to show off your artistic sensibility,Other,[],[],,in-collection,,other_order,221,,,,,,,,[],[],https://pokopiadex.com/images/items/item_ui/dance-poster.png,[],https://pokopiadex.com/items/dance-poster,pokopiadex_items_in_collection
placeable_item,2152,Oil painting poster,oil-painting-poster,A poster overflowing with personality. Hang it on a wall to show off your artistic sensibility,Other,[],[],,in-collection,,other_order,222,,,,,,,,[],[],https://pokopiadex.com/images/items/item_ui/oil-painting-poster.png,[],https://pokopiadex.com/items/oil-painting-poster,pokopiadex_items_in_collection
placeable_item,2153,Sunny Poster,sunny-poster,A poster overflowing with personality. Hang it on a wall to show off your artistic sensibility,Other,[],[],,in-collection,,other_order,223,,,,,,,,[],[],https://pokopiadex.com/images/items/item_ui/sunny-poster.png,[],https://pokopiadex.com/items/sunny-poster,pokopiadex_items_in_collection
placeable_item,2154,Ice cream poster,ice-cream-poster,A poster overflowing with personality. Hang it on a wall to show off your artistic sensibility,Other,[],[],,in-collection,,other_order,224,,,,,,,,[],[],https://pokopiadex.com/images/items/item_ui/ice-cream-poster.png,[],https://pokopiadex.com/items/ice-cream-poster,pokopiadex_items_in_collection
placeable_item,2155,Windmill poster,windmill-poster,A poster overflowing with personality. Hang it on a wall to show off your artistic sensibility,Other,[],[],,in-collection,,other_order,225,,,,,,,,[],[],https://pokopiadex.com/images/items/item_ui/windmill-poster.png,[],https://pokopiadex.com/items/windmill-poster,pokopiadex_items_in_collection
placeable_item,2156,Townscape poster,townscape-poster,A poster overflowing with personality. Hang it on a wall to show off your artistic sensibility,Other,[],[],,in-collection,,other_order,226,,,,,,,,[],[],https://pokopiadex.com/images/items/item_ui/townscape-poster.png,[],https://pokopiadex.com/items/townscape-poster,pokopiadex_items_in_collection
placeable_item,2157,Mountain poster,mountain-poster,A poster overflowing with personality. Hang it on a wall to show off your artistic sensibility,Other,[],[],,in-collection,,other_order,227,,,,,,,,[],[],https://pokopiadex.com/images/items/item_ui/mountain-poster.png,[],https://pokopiadex.com/items/mountain-poster,pokopiadex_items_in_collection
placeable_item,2158,Acrylic poster,acrylic-poster,A poster overflowing with personality. Hang it on a wall to show off your artistic sensibility,Other,[],[],,in-collection,,other_order,228,,,,,,,,[],[],https://pokopiadex.com/images/items/item_ui/acrylic-poster.png,[],https://pokopiadex.com/items/acrylic-poster,pokopiadex_items_in_collection
placeable_item,2159,Watercolor poster,watercolor-poster,A poster overflowing with personality. Hang it on a wall to show off your artistic sensibility,Other,[],[],,in-collection,,other_order,229,,,,,,,,[],[],https://pokopiadex.com/images/items/item_ui/watercolor-poster.png,[],https://pokopiadex.com/items/watercolor-poster,pokopiadex_items_in_collection
placeable_item,2160,Passionate poster,passionate-poster,A poster overflowing with personality. Hang it on a wall to show off your artistic sensibility,Other,[],[],,in-collection,,other_order,230,,,,,,,,[],[],https://pokopiadex.com/images/items/item_ui/passionate-poster.png,[],https://pokopiadex.com/items/passionate-poster,pokopiadex_items_in_collection
placeable_item,2161,Speedy poster,speed-poster,A poster overflowing with personality. Hang it on a wall to show off your artistic sensibility,Other,[],[],,in-collection,,other_order,231,,,,,,,,[],[],https://pokopiadex.com/images/items/item_ui/speed-poster.png,[],https://pokopiadex.com/items/speed-poster,pokopiadex_items_in_collection
placeable_item,2162,Growth poster,growth-poster,A poster overflowing with personality. Hang it on a wall to show off your artistic sensibility,Other,[],[],,in-collection,,other_order,232,,,,,,,,[],[],https://pokopiadex.com/images/items/item_ui/growth-poster.png,[],https://pokopiadex.com/items/growth-poster,pokopiadex_items_in_collection
placeable_item,2163,Drink poster,drink-poster,A poster overflowing with personality. Hang it on a wall to show off your artistic sensibility,Other,[],[],,in-collection,,other_order,233,,,,,,,,[],[],https://pokopiadex.com/images/items/item_ui/drink-poster.png,[],https://pokopiadex.com/items/drink-poster,pokopiadex_items_in_collection
placeable_item,2164,Food poster,food-poster,A poster overflowing with personality. Hang it on a wall to show off your artistic sensibility,Other,[],[],,in-collection,,other_order,234,,,,,,,,[],[],https://pokopiadex.com/images/items/item_ui/food-poster.png,[],https://pokopiadex.com/items/food-poster,pokopiadex_items_in_collection
placeable_item,2165,Technology poster,technology-poster,A poster overflowing with personality. Hang it on a wall to show off your artistic sensibility,Other,[],[],,in-collection,,other_order,235,,,,,,,,[],[],https://pokopiadex.com/images/items/item_ui/technology-poster.png,[],https://pokopiadex.com/items/technology-poster,pokopiadex_items_in_collection
placeable_item,2166,Golden poster,golden-poster,A poster overflowing with personality. Hang it on a wall to show off your artistic sensibility,Other,[],[],,in-collection,,other_order,236,,,,,,,,[],[],https://pokopiadex.com/images/items/item_ui/golden-poster.png,[],https://pokopiadex.com/items/golden-poster,pokopiadex_items_in_collection
placeable_item,2167,Ocean poster,ocean-poster,A poster overflowing with personality. Hang it on a wall to show off your artistic sensibility,Other,[],[],,in-collection,,other_order,237,,,,,,,,[],[],https://pokopiadex.com/images/items/item_ui/ocean-poster.png,[],https://pokopiadex.com/items/ocean-poster,pokopiadex_items_in_collection
placeable_item,2168,Meadow poster,meadow-poster,A poster overflowing with personality. Hang it on a wall to show off your artistic sensibility,Other,[],[],,in-collection,,other_order,238,,,,,,,,[],[],https://pokopiadex.com/images/items/item_ui/meadow-poster.png,[],https://pokopiadex.com/items/meadow-poster,pokopiadex_items_in_collection
placeable_item,2169,Ninja poster,ninja-poster,A poster overflowing with personality. Hang it on a wall to show off your artistic sensibility,Other,[],[],,in-collection,,other_order,239,,,,,,,,[],[],https://pokopiadex.com/images/items/item_ui/ninja-poster.png,[],https://pokopiadex.com/items/ninja-poster,pokopiadex_items_in_collection
placeable_item,1961,Town map,town-map,A map of…somewhere. You can't make heads or tails of it but it looks pretty nice on a wall,Other,"[""Toy""]","[""Appraise Large lost relic""]",,in-collection,Lost Relics (L),lost_relics_l_order,36,,,,,,,,[],"[2198,2201,2239,2242]",https://pokopiadex.com/images/items/item_ui/town-map.png,[],https://pokopiadex.com/items/town-map,pokopiadex_items_in_collection
placeable_item,919,Team Rocket Wall Hanging,team-rocket-wall-hanging,The symbol of a certain organization. Just looking at it makes you want to get up to some mischief,Other,"[""Decoration""]","[""Appraise Large lost relic""]",,in-collection,Lost Relics (L),lost_relics_l_order,37,,,,,,,,[],"[2198,2222,2241,2242]",https://pokopiadex.com/images/items/item_ui/team-rocket-wall-hanging.png,[],https://pokopiadex.com/items/team-rocket-wall-hanging,pokopiadex_items_in_collection
placeable_item,949,Skull Fossil,skull-fossil,"An ancient Pokémon fossil. It looks like a hard, sturdy skull",Other,"[""Decoration""]","[""Dig shiny dirt spot""]",,in-collection,Fossils,fossils_order,1,,,,,,,,[],"[2213,2217,2221,2239]",https://pokopiadex.com/images/items/item_ui/skull-fossil.png,[],https://pokopiadex.com/items/skull-fossil,pokopiadex_items_in_collection
placeable_item,578,Armor Fossil,armor-fossil,An ancient Pokémon fossil. It looks like a smooth shield.,Other,"[""Decoration""]","[""Dig shiny dirt spot""]",,in-collection,Fossils,fossils_order,2,,,,,,,,[],"[2213,2217,2221,2229,2239]",https://pokopiadex.com/images/items/item_ui/armor-fossil.png,[],https://pokopiadex.com/items/armor-fossil,pokopiadex_items_in_collection
placeable_item,950,Jaw Fossil,jaw-fossil,An ancient Pokémon fossil. It looks like a large jaw.,Other,"[""Decoration""]","[""Dig shiny dirt spot""]",,in-collection,Fossils,fossils_order,3,,,,,,,,[],"[2213,2217,2221,2239]",https://pokopiadex.com/images/items/item_ui/jaw-fossil.png,[],https://pokopiadex.com/items/jaw-fossil,pokopiadex_items_in_collection
placeable_item,951,Sail Fossil,sail-fossil,An ancient Pokémon fossil. It looks like a thin sail from a Pokémon's body,Other,"[""Decoration""]","[""Dig shiny dirt spot""]",,in-collection,Fossils,fossils_order,4,,,,,,,,[],"[2213,2217,2221,2239]",https://pokopiadex.com/images/items/item_ui/sail-fossil.png,[],https://pokopiadex.com/items/sail-fossil,pokopiadex_items_in_collection
placeable_item,952,Wing Fossil (head),wing-fossil-head,A fossil of an ancient Pokémon's head. Its jagged fangs look just like a saw,Other,"[""Decoration""]","[""Dig shiny dirt spot""]",,in-collection,Fossils,fossils_order,5,,,,,,,,[],"[2213,2217,2221,2239]",https://pokopiadex.com/images/items/item_ui/wing-fossil-head.png,[],https://pokopiadex.com/items/wing-fossil-head,pokopiadex_items_in_collection
placeable_item,855,Wing Fossil (right wing),wing-fossil-right-wing,A fossil of an ancient Pokémon's right wing. Its finger bones have become part of the wing.,Other,"[""Decoration""]","[""Dig shiny dirt spot""]",,in-collection,Fossils,fossils_order,6,,,,,,,,[],"[2213,2217,2221,2232,2239]",https://pokopiadex.com/images/items/item_ui/wing-fossil-right-wing.png,[],https://pokopiadex.com/items/wing-fossil-right-wing,pokopiadex_items_in_collection
placeable_item,953,Wing Fossil (left wing),wing-fossil-left-wing,"A fossil of an ancient Pokémon's left wing. By joining its bones together, you can tell the size of the wing",Other,"[""Decoration""]","[""Dig shiny dirt spot""]",,in-collection,Fossils,fossils_order,7,,,,,,,,[],"[2213,2217,2221,2232,2239]",https://pokopiadex.com/images/items/item_ui/wing-fossil-left-wing.png,[],https://pokopiadex.com/items/wing-fossil-left-wing,pokopiadex_items_in_collection
placeable_item,954,Wing Fossil (body),wing-fossil-body,A fossil of an ancient Pokémon's body. A hump juts out from the middle of its rickety spine.,Other,"[""Decoration""]","[""Dig shiny dirt spot""]",,in-collection,Fossils,fossils_order,8,,,,,,,,[],"[2213,2217,2221,2232,2239]",https://pokopiadex.com/images/items/item_ui/wing-fossil-body.png,[],https://pokopiadex.com/items/wing-fossil-body,pokopiadex_items_in_collection
placeable_item,955,Wing Fossil (tail),wing-fossil-tail,"A fossil of an ancient Pokémon's tail. Long and slender, it looks like it could bend quite gracefully.",Other,"[""Decoration""]","[""Dig shiny dirt spot""]",,in-collection,Fossils,fossils_order,9,,,,,,,,[],"[2213,2217,2221,2232,2239]",https://pokopiadex.com/images/items/item_ui/wing-fossil-tail.png,[],https://pokopiadex.com/items/wing-fossil-tail,pokopiadex_items_in_collection
placeable_item,956,Headbutt Fossil (head),headbutt-fossil-head,A fossil of an ancient Pokémon's head. Its skull is dense and bulbous.,Other,"[""Decoration""]","[""Dig shiny dirt spot""]",,in-collection,Fossils,fossils_order,10,,,,,,,,[],"[2213,2217,2221,2239]",https://pokopiadex.com/images/items/item_ui/headbutt-fossil-head.png,[],https://pokopiadex.com/items/headbutt-fossil-head,pokopiadex_items_in_collection
placeable_item,957,Headbutt Fossil (body),headbutt-fossil-body,"A fossil of an ancient Pokémon's body. Its torso is big, but its arms are quite small",Other,"[""Decoration""]","[""Dig shiny dirt spot""]",,in-collection,Fossils,fossils_order,11,,,,,,,,[],"[2213,2217,2221,2232,2239]",https://pokopiadex.com/images/items/item_ui/headbutt-fossil-body.png,[],https://pokopiadex.com/items/headbutt-fossil-body,pokopiadex_items_in_collection
placeable_item,958,Headbutt Fossil (tail),headbutt-fossil-tail,A fossil of an ancient Pokémon's tail. Its base is thick and sturdy.,Other,"[""Decoration""]","[""Dig shiny dirt spot""]",,in-collection,Fossils,fossils_order,12,,,,,,,,[],"[2213,2217,2221,2232,2239]",https://pokopiadex.com/images/items/item_ui/headbutt-fossil-tail.png,[],https://pokopiadex.com/items/headbutt-fossil-tail,pokopiadex_items_in_collection
placeable_item,959,Shield Fossil (head),shield-fossil-head,"A fossil of an ancient Pokémon's head. It's sturdy, like a giant shield.",Other,"[""Decoration""]","[""Dig shiny dirt spot""]",,in-collection,Fossils,fossils_order,13,,,,,,,,[],"[2213,2217,2221,2239]",https://pokopiadex.com/images/items/item_ui/shield-fossil-head.png,[],https://pokopiadex.com/items/shield-fossil-head,pokopiadex_items_in_collection
placeable_item,856,Shield Fossil (body),shield-fossil-body,A fossil of an ancient Pokémon's body. Its thick bones supported a heavy head.,Other,"[""Decoration""]","[""Dig shiny dirt spot""]",,in-collection,Fossils,fossils_order,14,,,,,,,,[],"[2213,2217,2221,2232,2239]",https://pokopiadex.com/images/items/item_ui/shield-fossil-body.png,[],https://pokopiadex.com/items/shield-fossil-body,pokopiadex_items_in_collection
placeable_item,960,Shield Fossil (tail),shield-fossil-tail,A fossil of an ancient Pokémon's tail. Its hind hooves are particularly large.,Other,"[""Decoration""]","[""Dig shiny dirt spot""]",,in-collection,Fossils,fossils_order,15,,,,,,,,[],"[2213,2217,2221,2232,2239]",https://pokopiadex.com/images/items/item_ui/shield-fossil-tail.png,[],https://pokopiadex.com/items/shield-fossil-tail,pokopiadex_items_in_collection
placeable_item,961,Despot Fossil (head),despot-fossil-head,A fossil of an ancient Pokémon's head. Its large fangs are as sharp as knives.,Other,"[""Decoration""]","[""Dig shiny dirt spot""]",,in-collection,Fossils,fossils_order,16,,,,,,,,[],"[2213,2217,2221,2239]",https://pokopiadex.com/images/items/item_ui/despot-fossil-head.png,[],https://pokopiadex.com/items/despot-fossil-head,pokopiadex_items_in_collection
placeable_item,962,Despot Fossil (body),despot-fossil-body,A fossil of an ancient Pokémon's body. Its sharp claws look like they could slice through anything.,Other,"[""Decoration""]","[""Dig shiny dirt spot""]",,in-collection,Fossils,fossils_order,17,,,,,,,,[],"[2213,2217,2221,2232,2239]",https://pokopiadex.com/images/items/item_ui/despot-fossil-body.png,[],https://pokopiadex.com/items/despot-fossil-body,pokopiadex_items_in_collection
placeable_item,963,Despot Fossil (legs),despot-fossil-legs,A fossil of an ancient Pokémon's legs. Two stocky legs support the rest of its body.,Other,"[""Decoration""]","[""Dig shiny dirt spot"",""Museum""]",,in-collection,Fossils,fossils_order,18,,,,,,,,[],"[2213,2217,2221,2232,2239]",https://pokopiadex.com/images/items/item_ui/despot-fossil-legs.png,[],https://pokopiadex.com/items/despot-fossil-legs,pokopiadex_items_in_collection
placeable_item,964,Despot Fossil (tail),despot-fossil-tail,A fossil of an ancient Pokémon's tail. Even the very tip is spiky like its frill.,Other,"[""Decoration""]","[""Dig shiny dirt spot""]",,in-collection,Fossils,fossils_order,19,,,,,,,,[],"[2213,2217,2221,2232,2239]",https://pokopiadex.com/images/items/item_ui/despot-fossil-tail.png,[],https://pokopiadex.com/items/despot-fossil-tail,pokopiadex_items_in_collection
placeable_item,965,Tundra Fossil (head),tundra-fossil-head,A fossil of an ancient Pokémon's head. It has sails that resemble an aurora.,Other,"[""Decoration""]","[""Dig shiny dirt spot""]",,in-collection,Fossils,fossils_order,20,,,,,,,,[],"[2213,2217,2221,2239]",https://pokopiadex.com/images/items/item_ui/tundra-fossil-head.png,[],https://pokopiadex.com/items/tundra-fossil-head,pokopiadex_items_in_collection
placeable_item,966,Tundra Fossil (body),tundra-fossil-body,A fossil of an ancient Pokémon's body. It must have been pretty tall with a spine like this,Other,"[""Decoration""]","[""Dig shiny dirt spot""]",,in-collection,Fossils,fossils_order,21,,,,,,,,[],"[2213,2217,2221,2232,2239]",https://pokopiadex.com/images/items/item_ui/tundra-fossil-body.png,[],https://pokopiadex.com/items/tundra-fossil-body,pokopiadex_items_in_collection
placeable_item,967,Tundra Fossil (tail),tundra-fossil-tail,A fossil of an ancient Pokémon's tail. The tip is curled up and looks like a spring,Other,"[""Decoration""]","[""Dig shiny dirt spot""]",,in-collection,Fossils,fossils_order,22,,,,,,,,[],"[2213,2217,2221,2232,2239]",https://pokopiadex.com/images/items/item_ui/tundra-fossil-tail.png,[],https://pokopiadex.com/items/tundra-fossil-tail,pokopiadex_items_in_collection
placeable_item,880,Mysterious slate (A),mysterious-slate-a,"This mysterious stone tablet has some kind of design carved into it, and on the back are...letters?",Other,[],"[""Dig shiny dirt spot""]",,in-collection,,other_order,264,,,,,,,,[],[],https://pokopiadex.com/images/items/item_ui/mysterious-slate-a.png,[],https://pokopiadex.com/items/mysterious-slate-a,pokopiadex_items_in_collection
placeable_item,2170,Mysterious Slate (B),mysterious-slate-b,"This mysterious stone tablet has some kind of design carved into it, and on the back are...letters?",Other,[],[],,in-collection,,other_order,265,,,,,,,,[],[],https://pokopiadex.com/images/items/item_ui/mysterious-slate-b.png,[],https://pokopiadex.com/items/mysterious-slate-b,pokopiadex_items_in_collection
placeable_item,2171,Mysterious Slate (C),mysterious-slate-c,"This mysterious stone tablet has some kind of design carved into it, and on the back are...letters?",Other,[],[],,in-collection,,other_order,266,,,,,,,,[],[],https://pokopiadex.com/images/items/item_ui/mysterious-slate-c.png,[],https://pokopiadex.com/items/mysterious-slate-c,pokopiadex_items_in_collection
placeable_item,2172,Mysterious Slate (D),mysterious-slate-d,"This mysterious stone tablet has some kind of design carved into it, and on the back are...letters?",Other,[],[],,in-collection,,other_order,267,,,,,,,,[],[],https://pokopiadex.com/images/items/item_ui/mysterious-slate-d.png,[],https://pokopiadex.com/items/mysterious-slate-d,pokopiadex_items_in_collection
placeable_item,2173,Mysterious Slate (E),mysterious-slate-e,"This mysterious stone tablet has some kind of design carved into it, and on the back are...letters?",Other,[],[],,in-collection,,other_order,268,,,,,,,,[],[],https://pokopiadex.com/images/items/item_ui/mysterious-slate-e.png,[],https://pokopiadex.com/items/mysterious-slate-e,pokopiadex_items_in_collection
placeable_item,2174,Mysterious Slate (F),mysterious-slate-f,"This mysterious stone tablet has some kind of design carved into it, and on the back are...letters?",Other,[],[],,in-collection,,other_order,269,,,,,,,,[],[],https://pokopiadex.com/images/items/item_ui/mysterious-slate-f.png,[],https://pokopiadex.com/items/mysterious-slate-f,pokopiadex_items_in_collection
placeable_item,2175,Mysterious Slate (G),mysterious-slate-g,"This mysterious stone tablet has some kind of design carved into it, and on the back are...letters?",Other,[],[],,in-collection,,other_order,270,,,,,,,,[],[],https://pokopiadex.com/images/items/item_ui/mysterious-slate-g.png,[],https://pokopiadex.com/items/mysterious-slate-g,pokopiadex_items_in_collection
placeable_item,2176,Mysterious Slate (H),mysterious-slate-h,"This mysterious stone tablet has some kind of design carved into it, and on the back are...letters?",Other,[],[],,in-collection,,other_order,271,,,,,,,,[],[],https://pokopiadex.com/images/items/item_ui/mysterious-slate-h.png,[],https://pokopiadex.com/items/mysterious-slate-h,pokopiadex_items_in_collection
placeable_item,2177,Mysterious Slate (I),mysterious-slate-i,"This mysterious stone tablet has some kind of design carved into it, and on the back are...letters?",Other,[],[],,in-collection,,other_order,272,,,,,,,,[],[],https://pokopiadex.com/images/items/item_ui/mysterious-slate-i.png,[],https://pokopiadex.com/items/mysterious-slate-i,pokopiadex_items_in_collection
placeable_item,2178,Mysterious Slate (J),mysterious-slate-j,"This mysterious stone tablet has some kind of design carved into it, and on the back are...letters?",Other,[],[],,in-collection,,other_order,273,,,,,,,,[],[],https://pokopiadex.com/images/items/item_ui/mysterious-slate-j.png,[],https://pokopiadex.com/items/mysterious-slate-j,pokopiadex_items_in_collection
placeable_item,2179,Mysterious Slate (K),mysterious-slate-k,"This mysterious stone tablet has some kind of design carved into it, and on the back are...letters?",Other,[],[],,in-collection,,other_order,274,,,,,,,,[],[],https://pokopiadex.com/images/items/item_ui/mysterious-slate-k.png,[],https://pokopiadex.com/items/mysterious-slate-k,pokopiadex_items_in_collection
placeable_item,2180,Mysterious Slate (L),mysterious-slate-l,"This mysterious stone tablet has some kind of design carved into it, and on the back are...letters?",Other,[],[],,in-collection,,other_order,275,,,,,,,,[],[],https://pokopiadex.com/images/items/item_ui/mysterious-slate-l.png,[],https://pokopiadex.com/items/mysterious-slate-l,pokopiadex_items_in_collection
placeable_item,2181,Mysterious Slate (M),mysterious-slate-m,"This mysterious stone tablet has some kind of design carved into it, and on the back are...letters?",Other,[],[],,in-collection,,other_order,276,,,,,,,,[],[],https://pokopiadex.com/images/items/item_ui/mysterious-slate-m.png,[],https://pokopiadex.com/items/mysterious-slate-m,pokopiadex_items_in_collection
placeable_item,2182,Mysterious Slate (N),mysterious-slate-n,"This mysterious stone tablet has some kind of design carved into it, and on the back are...letters?",Other,[],[],,in-collection,,other_order,277,,,,,,,,[],[],https://pokopiadex.com/images/items/item_ui/mysterious-slate-n.png,[],https://pokopiadex.com/items/mysterious-slate-n,pokopiadex_items_in_collection
placeable_item,2183,Mysterious Slate (O),mysterious-slate-o,"This mysterious stone tablet has some kind of design carved into it, and on the back are...letters?",Other,[],[],,in-collection,,other_order,278,,,,,,,,[],[],https://pokopiadex.com/images/items/item_ui/mysterious-slate-o.png,[],https://pokopiadex.com/items/mysterious-slate-o,pokopiadex_items_in_collection
placeable_item,2184,Mysterious Slate (P),mysterious-slate-p,"This mysterious stone tablet has some kind of design carved into it, and on the back are...letters?",Other,[],[],,in-collection,,other_order,279,,,,,,,,[],[],https://pokopiadex.com/images/items/item_ui/mysterious-slate-p.png,[],https://pokopiadex.com/items/mysterious-slate-p,pokopiadex_items_in_collection
placeable_item,2185,Mysterious Slate (Q),mysterious-slate-q,"This mysterious stone tablet has some kind of design carved into it, and on the back are...letters?",Other,[],[],,in-collection,,other_order,280,,,,,,,,[],[],https://pokopiadex.com/images/items/item_ui/mysterious-slate-q.png,[],https://pokopiadex.com/items/mysterious-slate-q,pokopiadex_items_in_collection
placeable_item,2186,Mysterious Slate (R),mysterious-slate-r,"This mysterious stone tablet has some kind of design carved into it, and on the back are...letters?",Other,[],[],,in-collection,,other_order,281,,,,,,,,[],[],https://pokopiadex.com/images/items/item_ui/mysterious-slate-r.png,[],https://pokopiadex.com/items/mysterious-slate-r,pokopiadex_items_in_collection
placeable_item,2187,Mysterious Slate (S),mysterious-slate-s,"This mysterious stone tablet has some kind of design carved into it, and on the back are...letters?",Other,[],[],,in-collection,,other_order,282,,,,,,,,[],[],https://pokopiadex.com/images/items/item_ui/mysterious-slate-s.png,[],https://pokopiadex.com/items/mysterious-slate-s,pokopiadex_items_in_collection
placeable_item,2188,Mysterious Slate (T),mysterious-slate-t,"This mysterious stone tablet has some kind of design carved into it, and on the back are...letters?",Other,[],[],,in-collection,,other_order,283,,,,,,,,[],[],https://pokopiadex.com/images/items/item_ui/mysterious-slate-t.png,[],https://pokopiadex.com/items/mysterious-slate-t,pokopiadex_items_in_collection
placeable_item,2189,Mysterious Slate (U),mysterious-slate-u,"This mysterious stone tablet has some kind of design carved into it, and on the back are...letters?",Other,[],[],,in-collection,,other_order,284,,,,,,,,[],[],https://pokopiadex.com/images/items/item_ui/mysterious-slate-u.png,[],https://pokopiadex.com/items/mysterious-slate-u,pokopiadex_items_in_collection
placeable_item,2190,Mysterious Slate (V),mysterious-slate-v,"This mysterious stone tablet has some kind of design carved into it, and on the back are...letters?",Other,[],[],,in-collection,,other_order,285,,,,,,,,[],[],https://pokopiadex.com/images/items/item_ui/mysterious-slate-v.png,[],https://pokopiadex.com/items/mysterious-slate-v,pokopiadex_items_in_collection
placeable_item,2191,Mysterious Slate (W),mysterious-slate-w,"This mysterious stone tablet has some kind of design carved into it, and on the back are...letters?",Other,[],[],,in-collection,,other_order,286,,,,,,,,[],[],https://pokopiadex.com/images/items/item_ui/mysterious-slate-w.png,[],https://pokopiadex.com/items/mysterious-slate-w,pokopiadex_items_in_collection
placeable_item,2192,Mysterious Slate (X),mysterious-slate-x,"This mysterious stone tablet has some kind of design carved into it, and on the back are...letters?",Other,[],[],,in-collection,,other_order,287,,,,,,,,[],[],https://pokopiadex.com/images/items/item_ui/mysterious-slate-x.png,[],https://pokopiadex.com/items/mysterious-slate-x,pokopiadex_items_in_collection
placeable_item,2193,Mysterious Slate (Y),mysterious-slate-y,"This mysterious stone tablet has some kind of design carved into it, and on the back are...letters?",Other,[],[],,in-collection,,other_order,288,,,,,,,,[],[],https://pokopiadex.com/images/items/item_ui/mysterious-slate-y.png,[],https://pokopiadex.com/items/mysterious-slate-y,pokopiadex_items_in_collection
placeable_item,2194,Mysterious Slate (Z),mysterious-slate-z,"This mysterious stone tablet has some kind of design carved into it, and on the back are...letters?",Other,[],[],,in-collection,,other_order,289,,,,,,,,[],[],https://pokopiadex.com/images/items/item_ui/mysterious-slate-z.png,[],https://pokopiadex.com/items/mysterious-slate-z,pokopiadex_items_in_collection
placeable_item,2195,Mysterious Slate (?!),mysterious-slate,"This mysterious stone tablet has some kind of design carved into it, and on the back are...letters?",Other,[],[],,in-collection,,other_order,290,,,,,,,,[],[],https://pokopiadex.com/images/items/item_ui/mysterious-slate.png,[],https://pokopiadex.com/items/mysterious-slate,pokopiadex_items_in_collection
placeable_item,1526,Professor's treasure trove,professors-treasure-trove,"It may look like a bunch of junk, but every single piece here is worthy of study to a professor.",Other,"[""Decoration""]",[],,in-collection,,other_order,291,,,,,,,,[],[],https://pokopiadex.com/images/items/item_ui/professors-treasure-trove.png,[],https://pokopiadex.com/items/professors-treasure-trove,pokopiadex_items_in_collection
placeable_item,2196,Diploma,diploma,A certificate awarded to those who have completed their Pokédex. Time to show off your accomplishment.,Other,"[""Decoration""]",[],,in-collection,,other_order,292,,,,,,,,[],[],https://pokopiadex.com/images/items/item_ui/diploma.png,[],https://pokopiadex.com/items/diploma,pokopiadex_items_in_collection
placeable_item,1046,Picnic blanket,picnic-blanket,"Spread this blanket out on the ground and have a fun picnic with Hoppip, Skiploom, and other friends!",Other,[],"[""Trade 15 Cotton spores to Hoppip""]",More Spores for Hoppip,in-collection,,,,,,,,0,,,[],[],https://pokopiadex.com/images/items/item_ui/picnic-blanket.png,[],https://pokopiadex.com/items/picnic-blanket,pokopiadex_items_in_collection
