sequence,kind,name,name_zh_hans,filename,relative_path,image_url,source_page,source,translation_source,content_type,bytes,sha256,status,error
001,pokemon,Abra,凯西,001-abra.png,assets/pokopia_image_sources/pokemon_portraits/001-abra.png,https://pokopiadex.com/images/pokemon/sprites/abra.png,https://pokopiadex.com/pokedex,pokopiadex_pokedex,official_pokemon_zh_names,image/png,110701,cee7e3dc3d7bd3f0c3a8245726b9da35b14231327650b3e1eb9c77441d1cebe8,ok,
002,pokemon,Absol,阿勃梭鲁,002-absol.png,assets/pokopia_image_sources/pokemon_portraits/002-absol.png,https://pokopiadex.com/images/pokemon/sprites/absol.png,https://pokopiadex.com/pokedex,pokopiadex_pokedex,official_pokemon_zh_names,image/png,111362,d43a05e541c66debadc079f0ab1ff8f13320c777839f93a3a54f56873e584a9b,ok,
003,pokemon,Aerodactyl,化石翼龙,003-aerodactyl.png,assets/pokopia_image_sources/pokemon_portraits/003-aerodactyl.png,https://pokopiadex.com/images/pokemon/sprites/aerodactyl.png,https://pokopiadex.com/pokedex,pokopiadex_pokedex,official_pokemon_zh_names,image/png,90610,a042ce0156249507c4681e7e5f038fbe07c8bf4cbbd9468692371a13bd7f3c1e,ok,
004,pokemon,Alakazam,胡地,004-alakazam.png,assets/pokopia_image_sources/pokemon_portraits/004-alakazam.png,https://pokopiadex.com/images/pokemon/sprites/alakazam.png,https://pokopiadex.com/pokedex,pokopiadex_pokedex,official_pokemon_zh_names,image/png,143176,a8062be222beb498a638787ef218afab14af7724339d8be97b87ff3c01886d85,ok,
005,pokemon,Altaria,七夕青鸟,005-altaria.png,assets/pokopia_image_sources/pokemon_portraits/005-altaria.png,https://pokopiadex.com/images/pokemon/sprites/altaria.png,https://pokopiadex.com/pokedex,pokopiadex_pokedex,official_pokemon_zh_names,image/png,127509,6b95f27980cfe448aba22ecf7f9068725e1149b9c8fbfd4200b33522b145b624,ok,
006,pokemon,Amaura,冰雪龙,006-amaura.png,assets/pokopia_image_sources/pokemon_portraits/006-amaura.png,https://pokopiadex.com/images/pokemon/sprites/amaura.png,https://pokopiadex.com/pokedex,pokopiadex_pokedex,official_pokemon_zh_names,image/png,85422,2788ca565897633aee4492e177c5bf07a0134966fbc61904732143e70a0b5784,ok,
007,pokemon,Ampharos,电龙,007-ampharos.png,assets/pokopia_image_sources/pokemon_portraits/007-ampharos.png,https://pokopiadex.com/images/pokemon/sprites/ampharos.png,https://pokopiadex.com/pokedex,pokopiadex_pokedex,official_pokemon_zh_names,image/png,93913,80e0867c4f99a8f8bdf81766d5bfe6743741f63ed09ea7f592afc92fe238791f,ok,
008,pokemon,Arbok,阿柏怪,008-arbok.png,assets/pokopia_image_sources/pokemon_portraits/008-arbok.png,https://pokopiadex.com/images/pokemon/sprites/arbok.png,https://pokopiadex.com/pokedex,pokopiadex_pokedex,official_pokemon_zh_names,image/png,167986,853770aa56f527a12cb152fd253ddf3851a33562cdf2dc2b364d0f838fa2ed6f,ok,
009,pokemon,Arcanine,风速狗,009-arcanine.png,assets/pokopia_image_sources/pokemon_portraits/009-arcanine.png,https://pokopiadex.com/images/pokemon/sprites/arcanine.png,https://pokopiadex.com/pokedex,pokopiadex_pokedex,official_pokemon_zh_names,image/png,185699,551cf008b80ca6d1ef9b9687106b1307b4d88a1e510e5a337ff5bac2e7116bec,ok,
010,pokemon,Ariados,阿利多斯,010-ariados.png,assets/pokopia_image_sources/pokemon_portraits/010-ariados.png,https://pokopiadex.com/images/pokemon/sprites/ariados.png,https://pokopiadex.com/pokedex,pokopiadex_pokedex,official_pokemon_zh_names,image/png,136056,753fa72f7b1bfb92fe5f1f88cb8a79f4b617e86ecfc68acf77a84e13421d6313,ok,
011,pokemon,Armarouge,红莲铠骑,011-armarouge.png,assets/pokopia_image_sources/pokemon_portraits/011-armarouge.png,https://pokopiadex.com/images/pokemon/sprites/armarouge.png,https://pokopiadex.com/pokedex,pokopiadex_pokedex,official_pokemon_zh_names,image/png,112317,848ee7d2bfe6e64d8612fa723bd07b68259dfba8d0fe8cdf5dcb1473ba9a38ce,ok,
012,pokemon,Articuno,急冻鸟,012-articuno.png,assets/pokopia_image_sources/pokemon_portraits/012-articuno.png,https://pokopiadex.com/images/pokemon/sprites/articuno.png,https://pokopiadex.com/pokedex,pokopiadex_pokedex,official_pokemon_zh_names,image/png,144859,adddbdd5a8c8da91decfcd4f1a74db6650357542ff9b473349bec94ca2b1d483,ok,
013,pokemon,Audino,差不多娃娃,013-audino.png,assets/pokopia_image_sources/pokemon_portraits/013-audino.png,https://pokopiadex.com/images/pokemon/sprites/audino.png,https://pokopiadex.com/pokedex,pokopiadex_pokedex,official_pokemon_zh_names,image/png,140828,eeedbfdf682d80b7e551f8072ca4a119a5d15c22694bcb54191b98fb9af17a79,ok,
014,pokemon,Aurorus,冰雪巨龙,014-aurorus.png,assets/pokopia_image_sources/pokemon_portraits/014-aurorus.png,https://pokopiadex.com/images/pokemon/sprites/aurorus.png,https://pokopiadex.com/pokedex,pokopiadex_pokedex,official_pokemon_zh_names,image/png,148208,a526278ff710e67946a14022211c8aa709ce52ea260a6f524fa8f3978a0dfff6,ok,
015,pokemon,Axew,牙牙,015-axew.png,assets/pokopia_image_sources/pokemon_portraits/015-axew.png,https://pokopiadex.com/images/pokemon/sprites/axew.png,https://pokopiadex.com/pokedex,pokopiadex_pokedex,official_pokemon_zh_names,image/png,85677,84a8f6bdaefc52251831f059c188849d59585fc337a45335967e882db3673aca,ok,
016,pokemon,Azumarill,玛力露丽,016-azumarill.png,assets/pokopia_image_sources/pokemon_portraits/016-azumarill.png,https://pokopiadex.com/images/pokemon/sprites/azumarill.png,https://pokopiadex.com/pokedex,pokopiadex_pokedex,official_pokemon_zh_names,image/png,128399,419149e7c73103e94f29e4a873f16e8df6cf01b96c0f999f6a2b380b082679ab,ok,
017,pokemon,Azurill,露力丽,017-azurill.png,assets/pokopia_image_sources/pokemon_portraits/017-azurill.png,https://pokopiadex.com/images/pokemon/sprites/azurill.png,https://pokopiadex.com/pokedex,pokopiadex_pokedex,official_pokemon_zh_names,image/png,97727,f442f657cfccefa1e7a938f2eaac07dbe30b007a32bc69e0c3fc6d124adb3128,ok,
018,pokemon,Bastiodon,护城龙,018-bastiodon.png,assets/pokopia_image_sources/pokemon_portraits/018-bastiodon.png,https://pokopiadex.com/images/pokemon/sprites/bastiodon.png,https://pokopiadex.com/pokedex,pokopiadex_pokedex,official_pokemon_zh_names,image/png,163017,af9bebcda7d1d5cd780402bcce5ead23395339cef6ed725af09b635a2f4ed85d,ok,
019,pokemon,Beldum,铁哑铃,019-beldum.png,assets/pokopia_image_sources/pokemon_portraits/019-beldum.png,https://pokopiadex.com/images/pokemon/sprites/beldum.png,https://pokopiadex.com/pokedex,pokopiadex_pokedex,official_pokemon_zh_names,image/png,87292,06e9e275dde347edf1a8ed3a8bedee949499362cce77dba53cf5218727ca5bca,ok,
020,pokemon,Bellossom,美丽花,020-bellossom.png,assets/pokopia_image_sources/pokemon_portraits/020-bellossom.png,https://pokopiadex.com/images/pokemon/sprites/bellossom.png,https://pokopiadex.com/pokedex,pokopiadex_pokedex,official_pokemon_zh_names,image/png,137884,5e47738f97b0b096054a9b8c45e003e9447fa427d382cf40677a5e0def349d17,ok,
021,pokemon,Bellsprout,喇叭芽,021-bellsprout.png,assets/pokopia_image_sources/pokemon_portraits/021-bellsprout.png,https://pokopiadex.com/images/pokemon/sprites/bellsprout.png,https://pokopiadex.com/pokedex,pokopiadex_pokedex,official_pokemon_zh_names,image/png,78180,c12286532e73dd4cab5756b844722d661fc80c0f87f66f4c35bfd44d368c9fe9,ok,
022,pokemon,Blastoise,水箭龟,022-blastoise.png,assets/pokopia_image_sources/pokemon_portraits/022-blastoise.png,https://pokopiadex.com/images/pokemon/sprites/blastoise.png,https://pokopiadex.com/pokedex,pokopiadex_pokedex,official_pokemon_zh_names,image/png,161688,fffffbadcf20d81ff47cc60380314e1f4546b2e908ae215123845fddda0420a0,ok,
023,pokemon,Blaziken,火焰鸡,023-blaziken.png,assets/pokopia_image_sources/pokemon_portraits/023-blaziken.png,https://pokopiadex.com/images/pokemon/sprites/blaziken.png,https://pokopiadex.com/pokedex,pokopiadex_pokedex,official_pokemon_zh_names,image/png,117350,905dfc4fd9bf0a4fb14779c8977b7ba0dc8304dd0c39aab86fd5a17010d9a4d9,ok,
024,pokemon,Blissey,幸福蛋,024-blissey.png,assets/pokopia_image_sources/pokemon_portraits/024-blissey.png,https://pokopiadex.com/images/pokemon/sprites/blissey.png,https://pokopiadex.com/pokedex,pokopiadex_pokedex,official_pokemon_zh_names,image/png,143212,1eb9d0b01898ca84730101d5b86744ee1fefc6cd646744036d7a28ab157c6d83,ok,
025,pokemon,Bonsly,盆才怪,025-bonsly.png,assets/pokopia_image_sources/pokemon_portraits/025-bonsly.png,https://pokopiadex.com/images/pokemon/sprites/bonsly.png,https://pokopiadex.com/pokedex,pokopiadex_pokedex,official_pokemon_zh_names,image/png,89985,248fcb1f4c824eafd4e742a69f44a092e469416fce0d0711c852ba061af61ddd,ok,
026,pokemon,Bulbasaur,妙蛙种子,026-bulbasaur.png,assets/pokopia_image_sources/pokemon_portraits/026-bulbasaur.png,https://pokopiadex.com/images/pokemon/sprites/bulbasaur.png,https://pokopiadex.com/pokedex,pokopiadex_pokedex,official_pokemon_zh_names,image/png,143991,c7cb8e9545e13ab399506fb5fb1f68112be9fff2b68d0ac3ff3b1f531b9c5c38,ok,
027,pokemon,Cacnea,刺球仙人掌,027-cacnea.png,assets/pokopia_image_sources/pokemon_portraits/027-cacnea.png,https://pokopiadex.com/images/pokemon/sprites/cacnea.png,https://pokopiadex.com/pokedex,pokopiadex_pokedex,official_pokemon_zh_names,image/png,100724,5455e11b9af237aaef19e86820e5f11c9361f5bc49489ec235037c1a8f9f68c0,ok,
028,pokemon,Cacturne,梦歌仙人掌,028-cacturne.png,assets/pokopia_image_sources/pokemon_portraits/028-cacturne.png,https://pokopiadex.com/images/pokemon/sprites/cacturne.png,https://pokopiadex.com/pokedex,pokopiadex_pokedex,official_pokemon_zh_names,image/png,116154,b7650abd4e3859a4f13eba1428aff70a307a8c031763a4225bb1befbf464ee80,ok,
029,pokemon,Carkol,大炭车,029-carkol.png,assets/pokopia_image_sources/pokemon_portraits/029-carkol.png,https://pokopiadex.com/images/pokemon/sprites/carkol.png,https://pokopiadex.com/pokedex,pokopiadex_pokedex,official_pokemon_zh_names,image/png,147331,068b9a351df2039bb9d001cc2f2a01eec5d10c45579aeb1993033b857eac21fd,ok,
030,pokemon,Ceruledge,苍炎刃鬼,030-ceruledge.png,assets/pokopia_image_sources/pokemon_portraits/030-ceruledge.png,https://pokopiadex.com/images/pokemon/sprites/ceruledge.png,https://pokopiadex.com/pokedex,pokopiadex_pokedex,official_pokemon_zh_names,image/png,114319,a7b322352d1ed9bbf91226b0bd555d0e3c774eb875495bc46be2e2bec2a2702c,ok,
031,pokemon,Chandelure,水晶灯火灵,031-chandelure.png,assets/pokopia_image_sources/pokemon_portraits/031-chandelure.png,https://pokopiadex.com/images/pokemon/sprites/chandelure.png,https://pokopiadex.com/pokedex,pokopiadex_pokedex,official_pokemon_zh_names,image/png,128010,f9c7fbe8eb540c40ae985c2520f9f75021d7f0a7af5ec4c330ee0611ec8bcfbb,ok,
032,pokemon,Chansey,吉利蛋,032-chansey.png,assets/pokopia_image_sources/pokemon_portraits/032-chansey.png,https://pokopiadex.com/images/pokemon/sprites/chansey.png,https://pokopiadex.com/pokedex,pokopiadex_pokedex,official_pokemon_zh_names,image/png,142085,d8f69b7695769ea4a04e025987861c96ca71ff4ff7d9334dc62ba6b67e10d9c7,ok,
033,pokemon,Charcadet,炭小侍,033-charcadet.png,assets/pokopia_image_sources/pokemon_portraits/033-charcadet.png,https://pokopiadex.com/images/pokemon/sprites/charcadet.png,https://pokopiadex.com/pokedex,pokopiadex_pokedex,official_pokemon_zh_names,image/png,56418,157bf0bd6ed6b01537318877074ea6974abf48fcdae2334443b88f4fe6c1a70b,ok,
034,pokemon,Charizard,喷火龙,034-charizard.png,assets/pokopia_image_sources/pokemon_portraits/034-charizard.png,https://pokopiadex.com/images/pokemon/sprites/charizard.png,https://pokopiadex.com/pokedex,pokopiadex_pokedex,official_pokemon_zh_names,image/png,130368,ffe2db1065f91feda24f21c81c461e4ca6b863cf31afb4e4918aba79fb31ee70,ok,
035,pokemon,Charjabug,虫电宝,035-charjabug.png,assets/pokopia_image_sources/pokemon_portraits/035-charjabug.png,https://pokopiadex.com/images/pokemon/sprites/charjabug.png,https://pokopiadex.com/pokedex,pokopiadex_pokedex,official_pokemon_zh_names,image/png,110217,0b7432a9b31dbd4ac88ba2223e3ccc07da51f4328220584452a7573d88be8443,ok,
036,pokemon,Charmander,小火龙,036-charmander.png,assets/pokopia_image_sources/pokemon_portraits/036-charmander.png,https://pokopiadex.com/images/pokemon/sprites/charmander.png,https://pokopiadex.com/pokedex,pokopiadex_pokedex,official_pokemon_zh_names,image/png,107318,c6d932596f03ef73dec2ba27f728e085db63f27b9f9617d60b3e7690061eee93,ok,
037,pokemon,Charmeleon,火恐龙,037-charmeleon.png,assets/pokopia_image_sources/pokemon_portraits/037-charmeleon.png,https://pokopiadex.com/images/pokemon/sprites/charmeleon.png,https://pokopiadex.com/pokedex,pokopiadex_pokedex,official_pokemon_zh_names,image/png,114295,e80c8e201846e586d3b169d218fda1c44d045a44bc9aa8ef542ee78fa58b0bf8,ok,
038,pokemon,Chatot,聒噪鸟,038-chatot.png,assets/pokopia_image_sources/pokemon_portraits/038-chatot.png,https://pokopiadex.com/images/pokemon/sprites/chatot.png,https://pokopiadex.com/pokedex,pokopiadex_pokedex,official_pokemon_zh_names,image/png,97821,20cc75b4c9f21d59cfbe04e5981e53360d9e253f84664c305f29f202a2cc4e29,ok,
039,pokemon,Chef Dente,藏饱栗鼠（厨师）,039-chef-dente.webp,assets/pokopia_image_sources/pokemon_portraits/039-chef-dente.webp,https://img.rankedboost.com/wp-content/plugins/pokopia/assets/npcs/chef-dente.png,https://rankedboost.com/pokopia/pokedex/,rankedboost_pokedex,official_pokopia_sc_pokemon,image/webp,140372,f597e2ee7ab4931e90c02579a1ce8b38e1ef40332f8b9fe313da49f33df990ec,ok,
040,pokemon,Cinccino,奇诺栗鼠,040-cinccino.png,assets/pokopia_image_sources/pokemon_portraits/040-cinccino.png,https://pokopiadex.com/images/pokemon/sprites/cinccino.png,https://pokopiadex.com/pokedex,pokopiadex_pokedex,official_pokemon_zh_names,image/png,140459,103e547c88a71a7e4afad770cceae344d50c4176d3c4b7f39493168efab91cbc,ok,
041,pokemon,Cinderace,闪焰王牌,041-cinderace.png,assets/pokopia_image_sources/pokemon_portraits/041-cinderace.png,https://pokopiadex.com/images/pokemon/sprites/cinderace.png,https://pokopiadex.com/pokedex,pokopiadex_pokedex,official_pokemon_zh_names,image/png,79437,ec5dbe1e3c82f690c47bf039853ba132eb1b7ec854b78d0339abb55a9f70ffe3,ok,
042,pokemon,Clefable,皮可西,042-clefable.png,assets/pokopia_image_sources/pokemon_portraits/042-clefable.png,https://pokopiadex.com/images/pokemon/sprites/clefable.png,https://pokopiadex.com/pokedex,pokopiadex_pokedex,official_pokemon_zh_names,image/png,138246,ee602a464354bc7f39d28927362fa8b96fa57a605bbee463b86c0ef106975514,ok,
043,pokemon,Clefairy,皮皮,043-clefairy.png,assets/pokopia_image_sources/pokemon_portraits/043-clefairy.png,https://pokopiadex.com/images/pokemon/sprites/clefairy.png,https://pokopiadex.com/pokedex,pokopiadex_pokedex,official_pokemon_zh_names,image/png,113686,1a16f1de86f574dc1eb8dc5f189abfd9196e9e6790e7e4ed8514d43189bedfcf,ok,
044,pokemon,Cleffa,皮宝宝,044-cleffa.png,assets/pokopia_image_sources/pokemon_portraits/044-cleffa.png,https://pokopiadex.com/images/pokemon/sprites/cleffa.png,https://pokopiadex.com/pokedex,pokopiadex_pokedex,official_pokemon_zh_names,image/png,107834,2c4e439da17a888de38642a7a96b7362881ee0b52992aabf5157caf04f42a8bd,ok,
045,pokemon,Clodsire,土王,045-clodsire.png,assets/pokopia_image_sources/pokemon_portraits/045-clodsire.png,https://pokopiadex.com/images/pokemon/sprites/clodsire.png,https://pokopiadex.com/pokedex,pokopiadex_pokedex,official_pokemon_zh_names,image/png,95913,7df3d9ae55fc482e76a40f17fd5f54f30ffe73f4fe2c3271ec195de495b92fbf,ok,
046,pokemon,Coalossal,巨炭山,046-coalossal.png,assets/pokopia_image_sources/pokemon_portraits/046-coalossal.png,https://pokopiadex.com/images/pokemon/sprites/coalossal.png,https://pokopiadex.com/pokedex,pokopiadex_pokedex,official_pokemon_zh_names,image/png,147778,507de59b5384a1c100cc8847c1b1707a926b627796a9b43334bd103c48529012,ok,
047,pokemon,Combee,三蜜蜂,047-combee.png,assets/pokopia_image_sources/pokemon_portraits/047-combee.png,https://pokopiadex.com/images/pokemon/sprites/combee.png,https://pokopiadex.com/pokedex,pokopiadex_pokedex,official_pokemon_zh_names,image/png,65049,cd0992b6b6b8e6c2144dea097d8deaf0aabf41a57d751e388c52aa25ce28ae77,ok,
048,pokemon,Combusken,力壮鸡,048-combusken.png,assets/pokopia_image_sources/pokemon_portraits/048-combusken.png,https://pokopiadex.com/images/pokemon/sprites/combusken.png,https://pokopiadex.com/pokedex,pokopiadex_pokedex,official_pokemon_zh_names,image/png,113601,8b339d6aedeb91126fb8515a57943a04e009b89e3a63b97a03c16481e6da7444,ok,
049,pokemon,Conkeldurr,修建老匠,049-conkeldurr.png,assets/pokopia_image_sources/pokemon_portraits/049-conkeldurr.png,https://pokopiadex.com/images/pokemon/sprites/conkeldurr.png,https://pokopiadex.com/pokedex,pokopiadex_pokedex,official_pokemon_zh_names,image/png,145442,a75d23a4c93c22f632cac47e016b9bcf0604841976b353b457c3bcf50f470417,ok,
050,pokemon,Corviknight,钢铠鸦,050-corviknight.png,assets/pokopia_image_sources/pokemon_portraits/050-corviknight.png,https://pokopiadex.com/images/pokemon/sprites/corviknight.png,https://pokopiadex.com/pokedex,pokopiadex_pokedex,official_pokemon_zh_names,image/png,130233,eb2baa718519b9f42b4066ae1ccd40f64fae869c2ac75d553ddd91a9c348ce5d,ok,
051,pokemon,Corvisquire,蓝鸦,051-corvisquire.png,assets/pokopia_image_sources/pokemon_portraits/051-corvisquire.png,https://pokopiadex.com/images/pokemon/sprites/corvisquire.png,https://pokopiadex.com/pokedex,pokopiadex_pokedex,official_pokemon_zh_names,image/png,132376,abe82c45ca6a17d0a8aa7136d28a24b86605f5237d02a73766f5b51831f56ccf,ok,
052,pokemon,Cramorant,古月鸟,052-cramorant.png,assets/pokopia_image_sources/pokemon_portraits/052-cramorant.png,https://pokopiadex.com/images/pokemon/sprites/cramorant.png,https://pokopiadex.com/pokedex,pokopiadex_pokedex,official_pokemon_zh_names,image/png,101145,b204b84b57c797f5f573be010adda6ff60bdc032f57246f4032cdde92c61ea2e,ok,
053,pokemon,Cranidos,头盖龙,053-cranidos.png,assets/pokopia_image_sources/pokemon_portraits/053-cranidos.png,https://pokopiadex.com/images/pokemon/sprites/cranidos.png,https://pokopiadex.com/pokedex,pokopiadex_pokedex,official_pokemon_zh_names,image/png,128154,085e9e07de2d0d43b1dc7638eaf203839971d2b15eabf606f8912661d1e4ea56,ok,
054,pokemon,Crobat,叉字蝠,054-crobat.png,assets/pokopia_image_sources/pokemon_portraits/054-crobat.png,https://pokopiadex.com/images/pokemon/sprites/crobat.png,https://pokopiadex.com/pokedex,pokopiadex_pokedex,official_pokemon_zh_names,image/png,87781,f9fae55b5042f9744282b4638053cf34275a3b79ef8b0db4cf04e056d74bd7ae,ok,
055,pokemon,Cubone,卡拉卡拉,055-cubone.png,assets/pokopia_image_sources/pokemon_portraits/055-cubone.png,https://pokopiadex.com/images/pokemon/sprites/cubone.png,https://pokopiadex.com/pokedex,pokopiadex_pokedex,official_pokemon_zh_names,image/png,125802,f96411fafb80acdba748ca272a9456e7a2847813d5460076c24b65f2c1b4b9d9,ok,
056,pokemon,Cyndaquil,火球鼠,056-cyndaquil.png,assets/pokopia_image_sources/pokemon_portraits/056-cyndaquil.png,https://pokopiadex.com/images/pokemon/sprites/cyndaquil.png,https://pokopiadex.com/pokedex,pokopiadex_pokedex,official_pokemon_zh_names,image/png,90335,ce59a396e70f5188d0e5db93c71003c7a72a1df5cbb204965b774f7df15c629f,ok,
057,pokemon,DJ Rotom,洛托姆（立体音响洛托姆）,057-dj-rotom.webp,assets/pokopia_image_sources/pokemon_portraits/057-dj-rotom.webp,https://img.rankedboost.com/wp-content/plugins/pokopia/assets/npcs/dj-rotom.png,https://rankedboost.com/pokopia/pokedex/,rankedboost_pokedex,official_pokopia_sc_pokemon,image/webp,116574,d9673243cbc88749e8131b0f605b684ef86ac1af39075b522af8dbadc173ddd1,ok,
058,pokemon,Dachsbun,麻花犬,058-dachsbun.png,assets/pokopia_image_sources/pokemon_portraits/058-dachsbun.png,https://pokopiadex.com/images/pokemon/sprites/dachsbun.png,https://pokopiadex.com/pokedex,pokopiadex_pokedex,official_pokemon_zh_names,image/png,138480,d76d074ccaf2148748bfbfb6c3b256228443192ee783fa94279a9399de15a3c7,ok,
059,pokemon,Dartrix,投羽枭,059-dartrix.png,assets/pokopia_image_sources/pokemon_portraits/059-dartrix.png,https://pokopiadex.com/images/pokemon/sprites/dartrix.png,https://pokopiadex.com/pokedex,pokopiadex_pokedex,official_pokemon_zh_names,image/png,143269,d262741cc30c9c4c1a0af4a157e42edb2ece0a30f79f4fec2b454a35995d9612,ok,
060,pokemon,Decidueye,狙射树枭,060-decidueye.png,assets/pokopia_image_sources/pokemon_portraits/060-decidueye.png,https://pokopiadex.com/images/pokemon/sprites/decidueye.png,https://pokopiadex.com/pokedex,pokopiadex_pokedex,official_pokemon_zh_names,image/png,147478,3d91c8a40d9f732de039c0a87b0eb29e78aa0a549354bde3cb39281fe8712532,ok,
061,pokemon,Dedenne,咚咚鼠,061-dedenne.png,assets/pokopia_image_sources/pokemon_portraits/061-dedenne.png,https://pokopiadex.com/images/pokemon/sprites/dedenne.png,https://pokopiadex.com/pokedex,pokopiadex_pokedex,official_pokemon_zh_names,image/png,128432,07106d1ff067690fb39c2e686d00c995a79dd33ff0f40898bda9e1d093fd4a36,ok,
062,pokemon,Diglett,地鼠,062-diglett.png,assets/pokopia_image_sources/pokemon_portraits/062-diglett.png,https://pokopiadex.com/images/pokemon/sprites/diglett.png,https://pokopiadex.com/pokedex,pokopiadex_pokedex,official_pokemon_zh_names,image/png,88593,0b3f8ff02c364a613392668f0571becba57e9e0e6d53d368106a07c5aad777ce,ok,
063,pokemon,Ditto,百变怪,063-ditto.png,assets/pokopia_image_sources/pokemon_portraits/063-ditto.png,https://pokopiadex.com/images/pokemon/sprites/ditto.png,https://pokopiadex.com/pokedex,pokopiadex_pokedex,official_pokemon_zh_names,image/png,94191,d01441c74f64607e6fd62f916a90be627e9ab4b5eb830ef8f9939ca3230d58ab,ok,
064,pokemon,Dragapult,多龙巴鲁托,064-dragapult.png,assets/pokopia_image_sources/pokemon_portraits/064-dragapult.png,https://pokopiadex.com/images/pokemon/sprites/dragapult.png,https://pokopiadex.com/pokedex,pokopiadex_pokedex,official_pokemon_zh_names,image/png,149772,3c2fd74d355c40f6d77ab552d15d3fd28e183975e76a36fe3b78723dde21c80d,ok,
065,pokemon,Dragonair,哈克龙,065-dragonair.png,assets/pokopia_image_sources/pokemon_portraits/065-dragonair.png,https://pokopiadex.com/images/pokemon/sprites/dragonair.png,https://pokopiadex.com/pokedex,pokopiadex_pokedex,official_pokemon_zh_names,image/png,88558,2d7293a0e3e87994ec90295be880e943dc93631af6144e97c8ad021dedffe1d9,ok,
066,pokemon,Dragonite,快龙,066-dragonite.png,assets/pokopia_image_sources/pokemon_portraits/066-dragonite.png,https://pokopiadex.com/images/pokemon/sprites/dragonite.png,https://pokopiadex.com/pokedex,pokopiadex_pokedex,official_pokemon_zh_names,image/png,137783,1594662fcb0cfbf7a0d2928b8e1fc680a0deff1cb0b2b4db0372a6f4835b6b31,ok,
067,pokemon,Drakloak,多龙奇,067-drakloak.png,assets/pokopia_image_sources/pokemon_portraits/067-drakloak.png,https://pokopiadex.com/images/pokemon/sprites/drakloak.png,https://pokopiadex.com/pokedex,pokopiadex_pokedex,official_pokemon_zh_names,image/png,124131,70f44b6389f4af5f27a9242dcac623bed9470bd6971cc11e4ca4f7432777bd96,ok,
068,pokemon,Dratini,迷你龙,068-dratini.png,assets/pokopia_image_sources/pokemon_portraits/068-dratini.png,https://pokopiadex.com/images/pokemon/sprites/dratini.png,https://pokopiadex.com/pokedex,pokopiadex_pokedex,official_pokemon_zh_names,image/png,91091,ea3ce3c89878be58df63f32bb501bbfcc8554fbe8fe2ac1ecee71bd16d175f99,ok,
069,pokemon,Dreepy,多龙梅西亚,069-dreepy.png,assets/pokopia_image_sources/pokemon_portraits/069-dreepy.png,https://pokopiadex.com/images/pokemon/sprites/dreepy.png,https://pokopiadex.com/pokedex,pokopiadex_pokedex,official_pokemon_zh_names,image/png,73924,8862a350d377b7e3b46ebf2c20f7052d14a87f9d336738ba1a620b69045b4cdb,ok,
070,pokemon,Drifblim,随风球,070-drifblim.png,assets/pokopia_image_sources/pokemon_portraits/070-drifblim.png,https://pokopiadex.com/images/pokemon/sprites/drifblim.png,https://pokopiadex.com/pokedex,pokopiadex_pokedex,official_pokemon_zh_names,image/png,120257,a3b14f52c52ad9bbbbfd1d02c97c16cb5c222090d5adb11fe70e8195d804286c,ok,
071,pokemon,Drifloon,飘飘球,071-drifloon.png,assets/pokopia_image_sources/pokemon_portraits/071-drifloon.png,https://pokopiadex.com/images/pokemon/sprites/drifloon.png,https://pokopiadex.com/pokedex,pokopiadex_pokedex,official_pokemon_zh_names,image/png,67612,b12cdaf12b0021d4dba7ae26d623b938fdf1fa5c82156aac72cf902dd97099c8,ok,
072,pokemon,Drilbur,螺钉地鼠,072-drilbur.png,assets/pokopia_image_sources/pokemon_portraits/072-drilbur.png,https://pokopiadex.com/images/pokemon/sprites/drilbur.png,https://pokopiadex.com/pokedex,pokopiadex_pokedex,official_pokemon_zh_names,image/png,124034,53ab58cfd835418406ec72bb43b1181a635d832dc55c8a647a7af7179ecd1113,ok,
073,pokemon,Dugtrio,三地鼠,073-dugtrio.png,assets/pokopia_image_sources/pokemon_portraits/073-dugtrio.png,https://pokopiadex.com/images/pokemon/sprites/dugtrio.png,https://pokopiadex.com/pokedex,pokopiadex_pokedex,official_pokemon_zh_names,image/png,145805,4fe2dd7f3f5d580f811c81d0057bcc6408f5cae04d1f9ede02553c1a5a7d9c05,ok,
074,pokemon,Dusclops,彷徨夜灵,074-dusclops.png,assets/pokopia_image_sources/pokemon_portraits/074-dusclops.png,https://pokopiadex.com/images/pokemon/sprites/dusclops.png,https://pokopiadex.com/pokedex,pokopiadex_pokedex,official_pokemon_zh_names,image/png,117066,32944af995b7cf8209f5085925a6e444ef8bd0861160ceb45ed6ea11a352c9eb,ok,
075,pokemon,Dusknoir,黑夜魔灵,075-dusknoir.png,assets/pokopia_image_sources/pokemon_portraits/075-dusknoir.png,https://pokopiadex.com/images/pokemon/sprites/dusknoir.png,https://pokopiadex.com/pokedex,pokopiadex_pokedex,official_pokemon_zh_names,image/png,144302,cb45c57b436b9e2606316e6bfabbea4343d941b49c9e579645e49ada562c1a87,ok,
076,pokemon,Duskull,夜巡灵,076-duskull.png,assets/pokopia_image_sources/pokemon_portraits/076-duskull.png,https://pokopiadex.com/images/pokemon/sprites/duskull.png,https://pokopiadex.com/pokedex,pokopiadex_pokedex,official_pokemon_zh_names,image/png,100758,c052506b4a38c6db4a22aa7f9d673c94a92233a7be9d500fbe248925226ac1da,ok,
077,pokemon,Eevee,伊布,077-eevee.png,assets/pokopia_image_sources/pokemon_portraits/077-eevee.png,https://pokopiadex.com/images/pokemon/sprites/eevee.png,https://pokopiadex.com/pokedex,pokopiadex_pokedex,official_pokemon_zh_names,image/png,107485,78febefb2aba3614b96528455e9c90242cc025d0eb392ee3a43256671962655f,ok,
078,pokemon,Ekans,阿柏蛇,078-ekans.png,assets/pokopia_image_sources/pokemon_portraits/078-ekans.png,https://pokopiadex.com/images/pokemon/sprites/ekans.png,https://pokopiadex.com/pokedex,pokopiadex_pokedex,official_pokemon_zh_names,image/png,144437,cceec7b1dcd620322fc744eb3d03add82ff9df682671d0b27a520a052a5b43c8,ok,
079,pokemon,Electabuzz,电击兽,079-electabuzz.png,assets/pokopia_image_sources/pokemon_portraits/079-electabuzz.png,https://pokopiadex.com/images/pokemon/sprites/electabuzz.png,https://pokopiadex.com/pokedex,pokopiadex_pokedex,official_pokemon_zh_names,image/png,127624,4652a69042b36d43676adbca86f2ee86f3e2b8a0c1e2faa490e141d426891ff2,ok,
080,pokemon,Electivire,电击魔兽,080-electivire.png,assets/pokopia_image_sources/pokemon_portraits/080-electivire.png,https://pokopiadex.com/images/pokemon/sprites/electivire.png,https://pokopiadex.com/pokedex,pokopiadex_pokedex,official_pokemon_zh_names,image/png,154397,830c2126acf62c97952a1e0168c445eb9c93c639095650860f56971e4eff87b2,ok,
081,pokemon,Electrode,顽皮雷弹,081-electrode.png,assets/pokopia_image_sources/pokemon_portraits/081-electrode.png,https://pokopiadex.com/images/pokemon/sprites/electrode.png,https://pokopiadex.com/pokedex,pokopiadex_pokedex,official_pokemon_zh_names,image/png,139452,b688e97087d6a69a385f3319a3c44df885b13a614c7d8cd264a77da86fb71ebd,ok,
082,pokemon,Elekid,电击怪,082-elekid.png,assets/pokopia_image_sources/pokemon_portraits/082-elekid.png,https://pokopiadex.com/images/pokemon/sprites/elekid.png,https://pokopiadex.com/pokedex,pokopiadex_pokedex,official_pokemon_zh_names,image/png,60634,c4e33df0423d91a9dc1511c5afa8b7fdac111cd201844bf0904078b17b1cd32d,ok,
083,pokemon,Empoleon,帝王拿波,083-empoleon.png,assets/pokopia_image_sources/pokemon_portraits/083-empoleon.png,https://pokopiadex.com/images/pokemon/sprites/empoleon.png,https://pokopiadex.com/pokedex,pokopiadex_pokedex,official_pokemon_zh_names,image/png,111431,617fa4e280cb7d2d9b669e05e5dfc313280b3532fd29e540374c2b1cc1d1546c,ok,
084,pokemon,Entei,炎帝,084-entei.png,assets/pokopia_image_sources/pokemon_portraits/084-entei.png,https://pokopiadex.com/images/pokemon/sprites/entei.png,https://pokopiadex.com/pokedex,pokopiadex_pokedex,official_pokemon_zh_names,image/png,169552,b8d23049e59d556f3c96c5699b257a3e7a64d33103ef6c3e20fdfd1d388ea918,ok,
085,pokemon,Espeon,太阳伊布,085-espeon.png,assets/pokopia_image_sources/pokemon_portraits/085-espeon.png,https://pokopiadex.com/images/pokemon/sprites/espeon.png,https://pokopiadex.com/pokedex,pokopiadex_pokedex,official_pokemon_zh_names,image/png,117519,d9d66ad88b063e1ee2f89371e229df0f4ab1e018ab1e1d5122c3079adbf9872c,ok,
086,pokemon,Excadrill,龙头地鼠,086-excadrill.png,assets/pokopia_image_sources/pokemon_portraits/086-excadrill.png,https://pokopiadex.com/images/pokemon/sprites/excadrill.png,https://pokopiadex.com/pokedex,pokopiadex_pokedex,official_pokemon_zh_names,image/png,127464,1097157a81463d2503371c18c2d3c7d2b294ecd85d5b67900f0b0ebad9ca0860,ok,
087,pokemon,Exeggcute,蛋蛋,087-exeggcute.png,assets/pokopia_image_sources/pokemon_portraits/087-exeggcute.png,https://pokopiadex.com/images/pokemon/sprites/exeggcute.png,https://pokopiadex.com/pokedex,pokopiadex_pokedex,official_pokemon_zh_names,image/png,150515,b949109d5c5e052efd8e8787d8cc9403d23723561161f3a03f0365391626d203,ok,
088,pokemon,Exeggutor,椰蛋树,088-exeggutor.png,assets/pokopia_image_sources/pokemon_portraits/088-exeggutor.png,https://pokopiadex.com/images/pokemon/sprites/exeggutor.png,https://pokopiadex.com/pokedex,pokopiadex_pokedex,official_pokemon_zh_names,image/png,145674,e5f6bd4422f2fce33d5598ec27847a57314c49fae25b9775d440d8eb09e89632,ok,
089,pokemon,Farfetch'd,大葱鸭,089-farfetchd.png,assets/pokopia_image_sources/pokemon_portraits/089-farfetchd.png,https://pokopiadex.com/images/pokemon/sprites/farfetchd.png,https://pokopiadex.com/pokedex,pokopiadex_pokedex,official_pokemon_zh_names,image/png,127000,48a577615a90f8206ec6213de506fd79b8bac903480fed0cc4f3bd9fb35e6208,ok,
090,pokemon,Farigiraf,奇麒麟,090-farigiraf.png,assets/pokopia_image_sources/pokemon_portraits/090-farigiraf.png,https://pokopiadex.com/images/pokemon/sprites/farigiraf.png,https://pokopiadex.com/pokedex,pokopiadex_pokedex,official_pokemon_zh_names,image/png,75224,0ec780321a385a8febeaa5f27cb0b2d12a0ec36585d348e2518a915d260ceac8,ok,
091,pokemon,Fidough,狗仔包,091-fidough.png,assets/pokopia_image_sources/pokemon_portraits/091-fidough.png,https://pokopiadex.com/images/pokemon/sprites/fidough.png,https://pokopiadex.com/pokedex,pokopiadex_pokedex,official_pokemon_zh_names,image/png,97019,6c0334e8903a5242a475a5353fb208827c964aead0fe36690fd79ba26b945dcc,ok,
092,pokemon,Flaaffy,茸茸羊,092-flaaffy.png,assets/pokopia_image_sources/pokemon_portraits/092-flaaffy.png,https://pokopiadex.com/images/pokemon/sprites/flaaffy.png,https://pokopiadex.com/pokedex,pokopiadex_pokedex,official_pokemon_zh_names,image/png,123314,5b2378593922ec12e61a720becd8554763913584f55e20e5dcc18cbc60fe7e7b,ok,
093,pokemon,Flareon,火伊布,093-flareon.png,assets/pokopia_image_sources/pokemon_portraits/093-flareon.png,https://pokopiadex.com/images/pokemon/sprites/flareon.png,https://pokopiadex.com/pokedex,pokopiadex_pokedex,official_pokemon_zh_names,image/png,144568,5ab9c05469d776951b2497414faacfcba15dc7187377131227777dd2e5e6b302,ok,
094,pokemon,Floragato,蒂蕾喵,094-floragato.png,assets/pokopia_image_sources/pokemon_portraits/094-floragato.png,https://pokopiadex.com/images/pokemon/sprites/floragato.png,https://pokopiadex.com/pokedex,pokopiadex_pokedex,official_pokemon_zh_names,image/png,111217,70fef2b799cba98686c8916f7b12f40a41564906ab4b01c99c6e70ec5924f8e1,ok,
095,pokemon,Flygon,沙漠蜻蜓,095-flygon.png,assets/pokopia_image_sources/pokemon_portraits/095-flygon.png,https://pokopiadex.com/images/pokemon/sprites/flygon.png,https://pokopiadex.com/pokedex,pokopiadex_pokedex,official_pokemon_zh_names,image/png,125522,e68614f48c243eccddc80aac7375d21789bb81cad2e11123352671bd926cb29c,ok,
096,pokemon,Fraxure,斧牙龙,096-fraxure.png,assets/pokopia_image_sources/pokemon_portraits/096-fraxure.png,https://pokopiadex.com/images/pokemon/sprites/fraxure.png,https://pokopiadex.com/pokedex,pokopiadex_pokedex,official_pokemon_zh_names,image/png,155160,c2db5379838c22852b0c453caeb1e6f1b9ab531f4001c11a7c2fd408b5265409,ok,
097,pokemon,Froakie,呱呱泡蛙,097-froakie.png,assets/pokopia_image_sources/pokemon_portraits/097-froakie.png,https://pokopiadex.com/images/pokemon/sprites/froakie.png,https://pokopiadex.com/pokedex,pokopiadex_pokedex,official_pokemon_zh_names,image/png,151649,e64ca71d4ee83869de01f9c9e063425c330d5985150fd0bb8031028d12792639,ok,
098,pokemon,Frogadier,呱头蛙,098-frogadier.png,assets/pokopia_image_sources/pokemon_portraits/098-frogadier.png,https://pokopiadex.com/images/pokemon/sprites/frogadier.png,https://pokopiadex.com/pokedex,pokopiadex_pokedex,official_pokemon_zh_names,image/png,118645,6c0ba62d06281bd279e93a714a4e215c9fa00975c67cc681c7b7b2e81e5a9824,ok,
099,pokemon,Gallade,艾路雷朵,099-gallade.png,assets/pokopia_image_sources/pokemon_portraits/099-gallade.png,https://pokopiadex.com/images/pokemon/sprites/gallade.png,https://pokopiadex.com/pokedex,pokopiadex_pokedex,official_pokemon_zh_names,image/png,83312,4a1689dbc3490e21bf2696ce513da2580d0477673f4628e918034fbecbcec401,ok,
100,pokemon,Garbodor,灰尘山,100-garbodor.png,assets/pokopia_image_sources/pokemon_portraits/100-garbodor.png,https://pokopiadex.com/images/pokemon/sprites/garbodor.png,https://pokopiadex.com/pokedex,pokopiadex_pokedex,official_pokemon_zh_names,image/png,158018,bc29734fe76c0efc624508dc74c9115aaaa601d3ded41ab5590afaff0f594203,ok,
101,pokemon,Gardevoir,沙奈朵,101-gardevoir.png,assets/pokopia_image_sources/pokemon_portraits/101-gardevoir.png,https://pokopiadex.com/images/pokemon/sprites/gardevoir.png,https://pokopiadex.com/pokedex,pokopiadex_pokedex,official_pokemon_zh_names,image/png,92756,aaa7378834a35229be63c15d76ad751a0d8b42dd3ed863cacf91bf16c4183c0b,ok,
102,pokemon,Gastly,鬼斯,102-gastly.png,assets/pokopia_image_sources/pokemon_portraits/102-gastly.png,https://pokopiadex.com/images/pokemon/sprites/gastly.png,https://pokopiadex.com/pokedex,pokopiadex_pokedex,official_pokemon_zh_names,image/png,134446,3cb7929e58e509dd036ab0b81cdd8dacae62ca3d1ef87be89404f7bc876bbc1c,ok,
103,pokemon,Gastrodon (East Sea),海兔兽（东海）,103-gastrodon-east-sea.png,assets/pokopia_image_sources/pokemon_portraits/103-gastrodon-east-sea.png,https://pokopiadex.com/images/pokemon/sprites/gastrodon-east-sea.png,https://pokopiadex.com/pokedex,pokopiadex_pokedex,official_pokemon_zh_names_or_pokopia_special_forms,image/png,155483,da9822ca619d30f00c909107e477d6b9e07bf0259d2363a1e09715006875bdaf,ok,
104,pokemon,Gastrodon (West Sea),海兔兽（西海）,104-gastrodon-west-sea.png,assets/pokopia_image_sources/pokemon_portraits/104-gastrodon-west-sea.png,https://pokopiadex.com/images/pokemon/sprites/gastrodon-west-sea.png,https://pokopiadex.com/pokedex,pokopiadex_pokedex,official_pokemon_zh_names_or_pokopia_special_forms,image/png,138767,38a85d0bd8a9e23a880624770c6ffa5f71424ed94fb8fc4cd640881f59c2a08e,ok,
105,pokemon,Gengar,耿鬼,105-gengar.png,assets/pokopia_image_sources/pokemon_portraits/105-gengar.png,https://pokopiadex.com/images/pokemon/sprites/gengar.png,https://pokopiadex.com/pokedex,pokopiadex_pokedex,official_pokemon_zh_names,image/png,139101,33c68a1f380d80d89c4ea1505a7d6d2a10358665a18acb3fd3e069a091659744,ok,
106,pokemon,Geodude,小拳石,106-geodude.png,assets/pokopia_image_sources/pokemon_portraits/106-geodude.png,https://pokopiadex.com/images/pokemon/sprites/geodude.png,https://pokopiadex.com/pokedex,pokopiadex_pokedex,official_pokemon_zh_names,image/png,70203,65a8f8ccf0d690a2035780c343e01416d9c07d039fb192b52647377ef946d772,ok,
107,pokemon,Gholdengo,赛富豪,107-gholdengo.png,assets/pokopia_image_sources/pokemon_portraits/107-gholdengo.png,https://pokopiadex.com/images/pokemon/sprites/gholdengo.png,https://pokopiadex.com/pokedex,pokopiadex_pokedex,official_pokemon_zh_names,image/png,92744,235497e793578e4d403aa0bded1d029205300a79c7495773df2a320b9546d1a9,ok,
108,pokemon,Gimmighoul,索财灵,108-gimmighoul.png,assets/pokopia_image_sources/pokemon_portraits/108-gimmighoul.png,https://pokopiadex.com/images/pokemon/sprites/gimmighoul.png,https://pokopiadex.com/pokedex,pokopiadex_pokedex,official_pokemon_zh_names,image/png,83118,c54f4d36090bf5ee0d4980ed1131720a001b3d9109a2d6ab36184a36f9faefd5,ok,
109,pokemon,Girafarig,麒麟奇,109-girafarig.png,assets/pokopia_image_sources/pokemon_portraits/109-girafarig.png,https://pokopiadex.com/images/pokemon/sprites/girafarig.png,https://pokopiadex.com/pokedex,pokopiadex_pokedex,official_pokemon_zh_names,image/png,89431,62a4d24ee2c619e151265ec8a9209b77fc36b8a7efb707a83789a8ff9f613bea,ok,
110,pokemon,Glaceon,冰伊布,110-glaceon.png,assets/pokopia_image_sources/pokemon_portraits/110-glaceon.png,https://pokopiadex.com/images/pokemon/sprites/glaceon.png,https://pokopiadex.com/pokedex,pokopiadex_pokedex,official_pokemon_zh_names,image/png,99027,62519e474c7f54fbbfaaecae1a7f372f1d6335bb8ff586ad3790534af5fc6f88,ok,
111,pokemon,Glimmet,晶光芽,111-glimmet.png,assets/pokopia_image_sources/pokemon_portraits/111-glimmet.png,https://pokopiadex.com/images/pokemon/sprites/glimmet.png,https://pokopiadex.com/pokedex,pokopiadex_pokedex,official_pokemon_zh_names,image/png,67918,514ce6290feecd266b34be04887ee162c4d69c9d30ce8e7409fc354beb6ace48,ok,
112,pokemon,Glimmora,晶光花,112-glimmora.png,assets/pokopia_image_sources/pokemon_portraits/112-glimmora.png,https://pokopiadex.com/images/pokemon/sprites/glimmora.png,https://pokopiadex.com/pokedex,pokopiadex_pokedex,official_pokemon_zh_names,image/png,115953,6a398535aa1e9b6a20223d453d5784d047ec0d25e1bc9f1ef1c6936e28e3ff7b,ok,
113,pokemon,Gloom,臭臭花,113-gloom.png,assets/pokopia_image_sources/pokemon_portraits/113-gloom.png,https://pokopiadex.com/images/pokemon/sprites/gloom.png,https://pokopiadex.com/pokedex,pokopiadex_pokedex,official_pokemon_zh_names,image/png,139863,bc60e461f91712423c13b9ee2dbbc625397c01429e8688548681200de9dd50a4,ok,
114,pokemon,Golbat,大嘴蝠,114-golbat.png,assets/pokopia_image_sources/pokemon_portraits/114-golbat.png,https://pokopiadex.com/images/pokemon/sprites/golbat.png,https://pokopiadex.com/pokedex,pokopiadex_pokedex,official_pokemon_zh_names,image/png,106488,d82c0991993ce21240487e0eb3cc1575665300d55a2f9c291040f75d6c87fc35,ok,
115,pokemon,Golduck,哥达鸭,115-golduck.png,assets/pokopia_image_sources/pokemon_portraits/115-golduck.png,https://pokopiadex.com/images/pokemon/sprites/golduck.png,https://pokopiadex.com/pokedex,pokopiadex_pokedex,official_pokemon_zh_names,image/png,131518,9ed048efb2a856a7f097dea38d51c130ad8514c029ef016acc91575a34efa6ed,ok,
116,pokemon,Golem,隆隆岩,116-golem.png,assets/pokopia_image_sources/pokemon_portraits/116-golem.png,https://pokopiadex.com/images/pokemon/sprites/golem.png,https://pokopiadex.com/pokedex,pokopiadex_pokedex,official_pokemon_zh_names,image/png,160030,5c3b916b2efe1643cb0f693490cea2c9dd4a1514a9789feb289ad1a73443c9b9,ok,
117,pokemon,Goodra,黏美龙,117-goodra.png,assets/pokopia_image_sources/pokemon_portraits/117-goodra.png,https://pokopiadex.com/images/pokemon/sprites/goodra.png,https://pokopiadex.com/pokedex,pokopiadex_pokedex,official_pokemon_zh_names,image/png,138207,21d789be7edd23814dc2d9f7bc4144f2b66c6e0bd585cba106fea94f0e5721ed,ok,
118,pokemon,Goomy,黏黏宝,118-goomy.png,assets/pokopia_image_sources/pokemon_portraits/118-goomy.png,https://pokopiadex.com/images/pokemon/sprites/goomy.png,https://pokopiadex.com/pokedex,pokopiadex_pokedex,official_pokemon_zh_names,image/png,125502,014526649a1b8fff147223e722920bb8b07d5b0b99319fbf653d35c0234f65a9,ok,
119,pokemon,Graveler,隆隆石,119-graveler.png,assets/pokopia_image_sources/pokemon_portraits/119-graveler.png,https://pokopiadex.com/images/pokemon/sprites/graveler.png,https://pokopiadex.com/pokedex,pokopiadex_pokedex,official_pokemon_zh_names,image/png,93864,9afec2e3af15656d0d33f35ad8dacb0b558ea22c5c49b2ec8004c5b90a1ce230,ok,
120,pokemon,Greedent,藏饱栗鼠,120-greedent.png,assets/pokopia_image_sources/pokemon_portraits/120-greedent.png,https://pokopiadex.com/images/pokemon/sprites/greedent.png,https://pokopiadex.com/pokedex,pokopiadex_pokedex,official_pokemon_zh_names,image/png,238484,2558882855eb6396b8960d9c81a4f17b2a58f2767c596af5a2a76b2ea107f370,ok,
121,pokemon,Greninja,甲贺忍蛙,121-greninja.png,assets/pokopia_image_sources/pokemon_portraits/121-greninja.png,https://pokopiadex.com/images/pokemon/sprites/greninja.png,https://pokopiadex.com/pokedex,pokopiadex_pokedex,official_pokemon_zh_names,image/png,85647,8a360e99f0c4e493964883698065a913aea672a8267eaad5fc8954dbf57bbbf4,ok,
122,pokemon,Grimer,臭泥,122-grimer.png,assets/pokopia_image_sources/pokemon_portraits/122-grimer.png,https://pokopiadex.com/images/pokemon/sprites/grimer.png,https://pokopiadex.com/pokedex,pokopiadex_pokedex,official_pokemon_zh_names,image/png,120806,d9cf21654c52a1a68d477f4056460f293b29df9d3ba729d76a92a34b87d020ac,ok,
123,pokemon,Growlithe,卡蒂狗,123-growlithe.png,assets/pokopia_image_sources/pokemon_portraits/123-growlithe.png,https://pokopiadex.com/images/pokemon/sprites/growlithe.png,https://pokopiadex.com/pokedex,pokopiadex_pokedex,official_pokemon_zh_names,image/png,142893,e66fd75b178c4efee642e9b674828e2be06b3656df88005610b9e4e3f7eecbc9,ok,
124,pokemon,Grubbin,强颚鸡母虫,124-grubbin.png,assets/pokopia_image_sources/pokemon_portraits/124-grubbin.png,https://pokopiadex.com/images/pokemon/sprites/grubbin.png,https://pokopiadex.com/pokedex,pokopiadex_pokedex,official_pokemon_zh_names,image/png,76275,0c5af6288a452fa85d1e5f2df9b711933ab52c5955a2f9d24e54900516b7457d,ok,
125,pokemon,Gulpin,溶食兽,125-gulpin.png,assets/pokopia_image_sources/pokemon_portraits/125-gulpin.png,https://pokopiadex.com/images/pokemon/sprites/gulpin.png,https://pokopiadex.com/pokedex,pokopiadex_pokedex,official_pokemon_zh_names,image/png,88618,201086e69fee09ca8ee6b4e467b1dd4e08070b067c54eac4efe6307ea3b63ce1,ok,
126,pokemon,Gurdurr,铁骨土人,126-gurdurr.png,assets/pokopia_image_sources/pokemon_portraits/126-gurdurr.png,https://pokopiadex.com/images/pokemon/sprites/gurdurr.png,https://pokopiadex.com/pokedex,pokopiadex_pokedex,official_pokemon_zh_names,image/png,135951,8257a0fa1c9afba10c7bf7bb2bd425522da42dce75b64759d05334cbd7bae9e8,ok,
127,pokemon,Gyarados,暴鲤龙,127-gyarados.png,assets/pokopia_image_sources/pokemon_portraits/127-gyarados.png,https://pokopiadex.com/images/pokemon/sprites/gyarados.png,https://pokopiadex.com/pokedex,pokopiadex_pokedex,official_pokemon_zh_names,image/png,146223,60867e5140838c17e09d0eb514114be0cff439e9f47b64989993043ce787e5b6,ok,
128,pokemon,Happiny,小福蛋,128-happiny.png,assets/pokopia_image_sources/pokemon_portraits/128-happiny.png,https://pokopiadex.com/images/pokemon/sprites/happiny.png,https://pokopiadex.com/pokedex,pokopiadex_pokedex,official_pokemon_zh_names,image/png,95819,a4d8dda1be03ee02c3bcb2ede7137db9399fa5522a82424edf6947c13a96a009,ok,
129,pokemon,Hariyama,铁掌力士,129-hariyama.png,assets/pokopia_image_sources/pokemon_portraits/129-hariyama.png,https://pokopiadex.com/images/pokemon/sprites/hariyama.png,https://pokopiadex.com/pokedex,pokopiadex_pokedex,official_pokemon_zh_names,image/png,154224,46b9def596b3393e99860d981b807386edea77972f544667375edabc0c424c20,ok,
130,pokemon,Haunter,鬼斯通,130-haunter.png,assets/pokopia_image_sources/pokemon_portraits/130-haunter.png,https://pokopiadex.com/images/pokemon/sprites/haunter.png,https://pokopiadex.com/pokedex,pokopiadex_pokedex,official_pokemon_zh_names,image/png,126165,5aa261dd756d85986345bd96fcd33fa73ff0d6c3782a08e370dfe15b962da94d,ok,
131,pokemon,Haxorus,双斧战龙,131-haxorus.png,assets/pokopia_image_sources/pokemon_portraits/131-haxorus.png,https://pokopiadex.com/images/pokemon/sprites/haxorus.png,https://pokopiadex.com/pokedex,pokopiadex_pokedex,official_pokemon_zh_names,image/png,128907,9aadc8cc9e8b4ec43ef624efe7bbdaad2b232ccf84b3c449f12e254672d90593,ok,
132,pokemon,Heracross,赫拉克罗斯,132-heracross.png,assets/pokopia_image_sources/pokemon_portraits/132-heracross.png,https://pokopiadex.com/images/pokemon/sprites/heracross.png,https://pokopiadex.com/pokedex,pokopiadex_pokedex,official_pokemon_zh_names,image/png,131266,682af1e0f43609497ea14e8ca3914cec5f3d14eef29f6c67088d89e3950531d0,ok,
133,pokemon,Hitmonchan,快拳郎,133-hitmonchan.png,assets/pokopia_image_sources/pokemon_portraits/133-hitmonchan.png,https://pokopiadex.com/images/pokemon/sprites/hitmonchan.png,https://pokopiadex.com/pokedex,pokopiadex_pokedex,official_pokemon_zh_names,image/png,98559,514e767a426d5426d037fe560950f6bdd34a1e14d7e4cee1aeca89bee663eafe,ok,
134,pokemon,Hitmonlee,飞腿郎,134-hitmonlee.png,assets/pokopia_image_sources/pokemon_portraits/134-hitmonlee.png,https://pokopiadex.com/images/pokemon/sprites/hitmonlee.png,https://pokopiadex.com/pokedex,pokopiadex_pokedex,official_pokemon_zh_names,image/png,95975,4647a122f3f9a8a8c9309b3ccd2cd3bc023e781483e2dbfa950775a01611244e,ok,
135,pokemon,Hitmontop,战舞郎,135-hitmontop.png,assets/pokopia_image_sources/pokemon_portraits/135-hitmontop.png,https://pokopiadex.com/images/pokemon/sprites/hitmontop.png,https://pokopiadex.com/pokedex,pokopiadex_pokedex,official_pokemon_zh_names,image/png,143376,67609cbb18ecf5b17225b6de5a403a1d52969c05d4be172852e9e1b6aba1499a,ok,
136,pokemon,Ho-Oh,凤王,136-ho-oh.png,assets/pokopia_image_sources/pokemon_portraits/136-ho-oh.png,https://pokopiadex.com/images/pokemon/sprites/ho-oh.png,https://pokopiadex.com/pokedex,pokopiadex_pokedex,official_pokemon_zh_names,image/png,133094,e6e6d0e821e5213e282aa5b7d46011da9220df3f479143f5358415c54e8c7f4a,ok,
137,pokemon,Honchkrow,乌鸦头头,137-honchkrow.png,assets/pokopia_image_sources/pokemon_portraits/137-honchkrow.png,https://pokopiadex.com/images/pokemon/sprites/honchkrow.png,https://pokopiadex.com/pokedex,pokopiadex_pokedex,official_pokemon_zh_names,image/png,102382,469a38d87e76a83109f03d89907ed933fbe1cbe11c5ee405cb0b5493b619e7e8,ok,
138,pokemon,Hoothoot,咕咕,138-hoothoot.png,assets/pokopia_image_sources/pokemon_portraits/138-hoothoot.png,https://pokopiadex.com/images/pokemon/sprites/hoothoot.png,https://pokopiadex.com/pokedex,pokopiadex_pokedex,official_pokemon_zh_names,image/png,105606,11745c55eb63b1647e1597c7ced523c8b2e47018cf655eea3b7bccca09be7f43,ok,
139,pokemon,Igglybuff,宝宝丁,139-igglybuff.png,assets/pokopia_image_sources/pokemon_portraits/139-igglybuff.png,https://pokopiadex.com/images/pokemon/sprites/igglybuff.png,https://pokopiadex.com/pokedex,pokopiadex_pokedex,official_pokemon_zh_names,image/png,94841,4ab9f5505b96c24c1517ca6fa3065b50a83195fb1b6bbfba391d0e4ab601b383,ok,
140,pokemon,Illumise,甜甜萤,140-illumise.png,assets/pokopia_image_sources/pokemon_portraits/140-illumise.png,https://pokopiadex.com/images/pokemon/sprites/illumise.png,https://pokopiadex.com/pokedex,pokopiadex_pokedex,official_pokemon_zh_names,image/png,123978,a371f9b5f4e2e557d5acc3ba01d60438d52e8f5229e1907453137e49ea40f0a4,ok,
141,pokemon,Ivysaur,妙蛙草,141-ivysaur.png,assets/pokopia_image_sources/pokemon_portraits/141-ivysaur.png,https://pokopiadex.com/images/pokemon/sprites/ivysaur.png,https://pokopiadex.com/pokedex,pokopiadex_pokedex,official_pokemon_zh_names,image/png,162605,d8600af0fe844be4e6641cee780aacc40adab5c93b40bf187d08b58f590a1a98,ok,
142,pokemon,Jigglypuff,胖丁,142-jigglypuff.png,assets/pokopia_image_sources/pokemon_portraits/142-jigglypuff.png,https://pokopiadex.com/images/pokemon/sprites/jigglypuff.png,https://pokopiadex.com/pokedex,pokopiadex_pokedex,official_pokemon_zh_names,image/png,120584,8514f906e321d304f785429716983a83c40d7a1cd39a10fcb324ba146816cd04,ok,
143,pokemon,Jolteon,雷伊布,143-jolteon.png,assets/pokopia_image_sources/pokemon_portraits/143-jolteon.png,https://pokopiadex.com/images/pokemon/sprites/jolteon.png,https://pokopiadex.com/pokedex,pokopiadex_pokedex,official_pokemon_zh_names,image/png,124761,f7ba4d22ea6c7a5ab3b5ec3990b0dbea4afa940038b468b1f174c8c6d09fd8e8,ok,
144,pokemon,Kadabra,勇基拉,144-kadabra.png,assets/pokopia_image_sources/pokemon_portraits/144-kadabra.png,https://pokopiadex.com/images/pokemon/sprites/kadabra.png,https://pokopiadex.com/pokedex,pokopiadex_pokedex,official_pokemon_zh_names,image/png,128959,8b9c74f25153b6a6ccee0edbbed1dcbd918b10d2263a39ba5634edd0752582f6,ok,
145,pokemon,Kilowattrel,大电海燕,145-kilowattrel.png,assets/pokopia_image_sources/pokemon_portraits/145-kilowattrel.png,https://pokopiadex.com/images/pokemon/sprites/kilowattrel.png,https://pokopiadex.com/pokedex,pokopiadex_pokedex,official_pokemon_zh_names,image/png,70890,919cf50356ff185bda7a4a4718fa314b917b2ebb3dff9261f7056a3635bf00e1,ok,
146,pokemon,Kirlia,奇鲁莉安,146-kirlia.png,assets/pokopia_image_sources/pokemon_portraits/146-kirlia.png,https://pokopiadex.com/images/pokemon/sprites/kirlia.png,https://pokopiadex.com/pokedex,pokopiadex_pokedex,official_pokemon_zh_names,image/png,100448,77c72cfe2e237624fac1e2eba7f7dc662038b62e5864cffe9449c63b3fef5a60,ok,
147,pokemon,Koffing,瓦斯弹,147-koffing.png,assets/pokopia_image_sources/pokemon_portraits/147-koffing.png,https://pokopiadex.com/images/pokemon/sprites/koffing.png,https://pokopiadex.com/pokedex,pokopiadex_pokedex,official_pokemon_zh_names,image/png,124106,a7f3ec162cca5f47c911457914d5ab34cc472292aaa07150063887a62fcbfe4e,ok,
148,pokemon,Kricketot,圆法师,148-kricketot.png,assets/pokopia_image_sources/pokemon_portraits/148-kricketot.png,https://pokopiadex.com/images/pokemon/sprites/kricketot.png,https://pokopiadex.com/pokedex,pokopiadex_pokedex,official_pokemon_zh_names,image/png,101748,f9b2bbe8d780cc4aa0f5360d6bfd947058e7e3bb552659a84b7a05085c3093f6,ok,
149,pokemon,Kricketune,音箱蟀,149-kricketune.png,assets/pokopia_image_sources/pokemon_portraits/149-kricketune.png,https://pokopiadex.com/images/pokemon/sprites/kricketune.png,https://pokopiadex.com/pokedex,pokopiadex_pokedex,official_pokemon_zh_names,image/png,123477,7564f4da2bf4c5c8c603676965290a6ae759d16a533fac5c3f6960c695d56128,ok,
150,pokemon,Kyogre,盖欧卡,150-kyogre.png,assets/pokopia_image_sources/pokemon_portraits/150-kyogre.png,https://pokopiadex.com/images/pokemon/sprites/kyogre.png,https://pokopiadex.com/pokedex,pokopiadex_pokedex,official_pokemon_zh_names,image/png,93149,fb2f520c08f1fd5a7cac07edd5e45ad1c2f5f03e5abd876a4d2dc442cf1c4921,ok,
151,pokemon,Lampent,灯火幽灵,151-lampent.png,assets/pokopia_image_sources/pokemon_portraits/151-lampent.png,https://pokopiadex.com/images/pokemon/sprites/lampent.png,https://pokopiadex.com/pokedex,pokopiadex_pokedex,official_pokemon_zh_names,image/png,109432,89a429af3aad6342f95014a433d86e8b04919e296f98e164d56726adb8b81a4c,ok,
152,pokemon,Lapras,拉普拉斯,152-lapras.png,assets/pokopia_image_sources/pokemon_portraits/152-lapras.png,https://pokopiadex.com/images/pokemon/sprites/lapras.png,https://pokopiadex.com/pokedex,pokopiadex_pokedex,official_pokemon_zh_names,image/png,131725,9aa02ff66c5fed806a8ca74f7374d33cc5cb95a47a709156c756611d24598550,ok,
153,pokemon,Larvesta,燃烧虫,153-larvesta.png,assets/pokopia_image_sources/pokemon_portraits/153-larvesta.png,https://pokopiadex.com/images/pokemon/sprites/larvesta.png,https://pokopiadex.com/pokedex,pokopiadex_pokedex,official_pokemon_zh_names,image/png,131655,d9075d3fc6b350d6b48b9428e54f913e3682f306e65e72e94b0ee23e8fcde306,ok,
154,pokemon,Larvitar,幼基拉斯,154-larvitar.png,assets/pokopia_image_sources/pokemon_portraits/154-larvitar.png,https://pokopiadex.com/images/pokemon/sprites/larvitar.png,https://pokopiadex.com/pokedex,pokopiadex_pokedex,official_pokemon_zh_names,image/png,80030,2dfaf332a3428cd4e01d3c91a556413b277b7cc918ca479b535ed0dbfee8551c,ok,
155,pokemon,Leafeon,叶伊布,155-leafeon.png,assets/pokopia_image_sources/pokemon_portraits/155-leafeon.png,https://pokopiadex.com/images/pokemon/sprites/leafeon.png,https://pokopiadex.com/pokedex,pokopiadex_pokedex,official_pokemon_zh_names,image/png,136225,28435f2027ed1a12fbd3437ec68a09ffe57fbfc67345a3f081429f96d9aef0ef,ok,
156,pokemon,Litwick,烛光灵,156-litwick.png,assets/pokopia_image_sources/pokemon_portraits/156-litwick.png,https://pokopiadex.com/images/pokemon/sprites/litwick.png,https://pokopiadex.com/pokedex,pokopiadex_pokedex,official_pokemon_zh_names,image/png,78146,0b6b2fde34de5c45c05a834dbf861b8ea2b0225e95c3768ce02d3bb71ea56854,ok,
157,pokemon,Lombre,莲帽小童,157-lombre.png,assets/pokopia_image_sources/pokemon_portraits/157-lombre.png,https://pokopiadex.com/images/pokemon/sprites/lombre.png,https://pokopiadex.com/pokedex,pokopiadex_pokedex,official_pokemon_zh_names,image/png,143176,8d4040715d38513a149ce54d021b3f686b4fcafb02d158cae066da01fbc8f738,ok,
158,pokemon,Lotad,莲叶童子,158-lotad.png,assets/pokopia_image_sources/pokemon_portraits/158-lotad.png,https://pokopiadex.com/images/pokemon/sprites/lotad.png,https://pokopiadex.com/pokedex,pokopiadex_pokedex,official_pokemon_zh_names,image/png,116765,6ea6e6755c6e85aad39759ba6b2eed023cdd2937073c4b230f7b18657506281f,ok,
159,pokemon,Lucario,路卡利欧,159-lucario.png,assets/pokopia_image_sources/pokemon_portraits/159-lucario.png,https://pokopiadex.com/images/pokemon/sprites/lucario.png,https://pokopiadex.com/pokedex,pokopiadex_pokedex,official_pokemon_zh_names,image/png,103778,4c034a663b3110274605a3d3b8d212fe1380c1d147998e6c0e181382424454d3,ok,
160,pokemon,Ludicolo,乐天河童,160-ludicolo.png,assets/pokopia_image_sources/pokemon_portraits/160-ludicolo.png,https://pokopiadex.com/images/pokemon/sprites/ludicolo.png,https://pokopiadex.com/pokedex,pokopiadex_pokedex,official_pokemon_zh_names,image/png,148925,fe121c8fc202025b87a357f3e931a80d6debdab89f39f19f355d44ba6ebe94e5,ok,
161,pokemon,Lugia,洛奇亚,161-lugia.png,assets/pokopia_image_sources/pokemon_portraits/161-lugia.png,https://pokopiadex.com/images/pokemon/sprites/lugia.png,https://pokopiadex.com/pokedex,pokopiadex_pokedex,official_pokemon_zh_names,image/png,119374,bfc61527b4ca2775fc6df6ce46b942027607f272421a4c8266c0a1ef743e937f,ok,
162,pokemon,Machamp,怪力,162-machamp.png,assets/pokopia_image_sources/pokemon_portraits/162-machamp.png,https://pokopiadex.com/images/pokemon/sprites/machamp.png,https://pokopiadex.com/pokedex,pokopiadex_pokedex,official_pokemon_zh_names,image/png,173719,c535a81d675bb0ef9184e44b33da04bac5894dde32ca80713b4bb0b328063f9b,ok,
163,pokemon,Machoke,豪力,163-machoke.png,assets/pokopia_image_sources/pokemon_portraits/163-machoke.png,https://pokopiadex.com/images/pokemon/sprites/machoke.png,https://pokopiadex.com/pokedex,pokopiadex_pokedex,official_pokemon_zh_names,image/png,161049,1f02156b2b361ebad917f83b79d0e8539cec12a64e41e3a160aa2d2d76c39e1f,ok,
164,pokemon,Machop,腕力,164-machop.png,assets/pokopia_image_sources/pokemon_portraits/164-machop.png,https://pokopiadex.com/images/pokemon/sprites/machop.png,https://pokopiadex.com/pokedex,pokopiadex_pokedex,official_pokemon_zh_names,image/png,121546,36ec58bdad40513ada2920b674aa30ba82f00bc150992cc5eadf8d29403e5a45,ok,
165,pokemon,Magby,鸭嘴宝宝,165-magby.png,assets/pokopia_image_sources/pokemon_portraits/165-magby.png,https://pokopiadex.com/images/pokemon/sprites/magby.png,https://pokopiadex.com/pokedex,pokopiadex_pokedex,official_pokemon_zh_names,image/png,90261,47ab0262f197edcc9e7c8ec7d3483f315c058e7a0aabda844bbca1654ae5bbef,ok,
166,pokemon,Magikarp,鲤鱼王,166-magikarp.png,assets/pokopia_image_sources/pokemon_portraits/166-magikarp.png,https://pokopiadex.com/images/pokemon/sprites/magikarp.png,https://pokopiadex.com/pokedex,pokopiadex_pokedex,official_pokemon_zh_names,image/png,129978,366c709d6446ad0bdd8151b6b448030b6ec6872ccfd327d8bb1a47cb1c6b29b8,ok,
167,pokemon,Magmar,鸭嘴火兽,167-magmar.png,assets/pokopia_image_sources/pokemon_portraits/167-magmar.png,https://pokopiadex.com/images/pokemon/sprites/magmar.png,https://pokopiadex.com/pokedex,pokopiadex_pokedex,official_pokemon_zh_names,image/png,141130,e491872720d786cbb38156f5b70e3cb4bf0d0740c8cc0c6358fb9ce883a3d165,ok,
168,pokemon,Magmortar,鸭嘴炎兽,168-magmortar.png,assets/pokopia_image_sources/pokemon_portraits/168-magmortar.png,https://pokopiadex.com/images/pokemon/sprites/magmortar.png,https://pokopiadex.com/pokedex,pokopiadex_pokedex,official_pokemon_zh_names,image/png,174799,1b450fca592a5750c97cd5a39c40b43ecd3597693090c7b8aa4fb1eff6e05f05,ok,
169,pokemon,Magnemite,小磁怪,169-magnemite.png,assets/pokopia_image_sources/pokemon_portraits/169-magnemite.png,https://pokopiadex.com/images/pokemon/sprites/magnemite.png,https://pokopiadex.com/pokedex,pokopiadex_pokedex,official_pokemon_zh_names,image/png,74876,2be5ff84bbad9fc2986493eb7d5d78adacaab119e003549870fd907090547546,ok,
170,pokemon,Magneton,三合一磁怪,170-magneton.png,assets/pokopia_image_sources/pokemon_portraits/170-magneton.png,https://pokopiadex.com/images/pokemon/sprites/magneton.png,https://pokopiadex.com/pokedex,pokopiadex_pokedex,official_pokemon_zh_names,image/png,129888,e7af873adccb99099cb17454f9f0f7b871271951da4fb1a53e47121c5cb36716,ok,
171,pokemon,Magnezone,自爆磁怪,171-magnezone.png,assets/pokopia_image_sources/pokemon_portraits/171-magnezone.png,https://pokopiadex.com/images/pokemon/sprites/magnezone.png,https://pokopiadex.com/pokedex,pokopiadex_pokedex,official_pokemon_zh_names,image/png,101637,c2da782a349cc1487b9033b7bac44ddb1f37eca84648d630703f22f8f21dc72d,ok,
172,pokemon,Makuhita,幕下力士,172-makuhita.png,assets/pokopia_image_sources/pokemon_portraits/172-makuhita.png,https://pokopiadex.com/images/pokemon/sprites/makuhita.png,https://pokopiadex.com/pokedex,pokopiadex_pokedex,official_pokemon_zh_names,image/png,129770,e00cfb4b6d54861e29408053012901cd1ab7a31834bab738bef2ca691d061d09,ok,
173,pokemon,Mareep,咩利羊,173-mareep.png,assets/pokopia_image_sources/pokemon_portraits/173-mareep.png,https://pokopiadex.com/images/pokemon/sprites/mareep.png,https://pokopiadex.com/pokedex,pokopiadex_pokedex,official_pokemon_zh_names,image/png,161766,d7180868cbe7d6a085f20d4014ff9aa8fddc7d29d9eb153bb7112a0b3ab992c6,ok,
174,pokemon,Marill,玛力露,174-marill.png,assets/pokopia_image_sources/pokemon_portraits/174-marill.png,https://pokopiadex.com/images/pokemon/sprites/marill.png,https://pokopiadex.com/pokedex,pokopiadex_pokedex,official_pokemon_zh_names,image/png,100512,782d17d46e24aa1cb33996a6544552cc2e5664fa51944ed5a051b29a22082437,ok,
175,pokemon,Marowak,嘎啦嘎啦,175-marowak.png,assets/pokopia_image_sources/pokemon_portraits/175-marowak.png,https://pokopiadex.com/images/pokemon/sprites/marowak.png,https://pokopiadex.com/pokedex,pokopiadex_pokedex,official_pokemon_zh_names,image/png,132550,71c1fcf3624b4568e30b36181e12b8dbc34ecab56043c971dd216c11c39bb94c,ok,
176,pokemon,Mawile,大嘴娃,176-mawile.png,assets/pokopia_image_sources/pokemon_portraits/176-mawile.png,https://pokopiadex.com/images/pokemon/sprites/mawile.png,https://pokopiadex.com/pokedex,pokopiadex_pokedex,official_pokemon_zh_names,image/png,113406,f3aa9065cc01a57e41e7ee42bde757c583fdc71c4e6cd79790668f1b60995a95,ok,
177,pokemon,Meowscarada,魔幻假面喵,177-meowscarada.png,assets/pokopia_image_sources/pokemon_portraits/177-meowscarada.png,https://pokopiadex.com/images/pokemon/sprites/meowscarada.png,https://pokopiadex.com/pokedex,pokopiadex_pokedex,official_pokemon_zh_names,image/png,117075,2d75ae1b49d8f2ffebacb5b517c8bb201cfb042ec765bc2a8f130921e6d24be7,ok,
178,pokemon,Meowth,喵喵,178-meowth.png,assets/pokopia_image_sources/pokemon_portraits/178-meowth.png,https://pokopiadex.com/images/pokemon/sprites/meowth.png,https://pokopiadex.com/pokedex,pokopiadex_pokedex,official_pokemon_zh_names,image/png,106986,70336b6d39242f31d929f042c9e58926de7e9ff1f6f3212e2237892fa4bf974d,ok,
179,pokemon,Metagross,巨金怪,179-metagross.png,assets/pokopia_image_sources/pokemon_portraits/179-metagross.png,https://pokopiadex.com/images/pokemon/sprites/metagross.png,https://pokopiadex.com/pokedex,pokopiadex_pokedex,official_pokemon_zh_names,image/png,113711,ee30389a224fe243bc20ae8647d51b9e8d7b98cb0a0b320504d2de4d7bbdff8c,ok,
180,pokemon,Metang,金属怪,180-metang.png,assets/pokopia_image_sources/pokemon_portraits/180-metang.png,https://pokopiadex.com/images/pokemon/sprites/metang.png,https://pokopiadex.com/pokedex,pokopiadex_pokedex,official_pokemon_zh_names,image/png,133815,1a64b717b51d9444c9f11ef886f686355b9410dbe29f73b779a0bfc88047934a,ok,
181,pokemon,Mew,梦幻,181-mew.png,assets/pokopia_image_sources/pokemon_portraits/181-mew.png,https://pokopiadex.com/images/pokemon/sprites/mew.png,https://pokopiadex.com/pokedex,pokopiadex_pokedex,official_pokemon_zh_names,image/png,84401,73429b41c859df02c2d8cf5313150e908b42e29fe327e0554aa3e190f85d3f8c,ok,
182,pokemon,Mewtwo,超梦,182-mewtwo.png,assets/pokopia_image_sources/pokemon_portraits/182-mewtwo.png,https://pokopiadex.com/images/pokemon/sprites/mewtwo.png,https://pokopiadex.com/pokedex,pokopiadex_pokedex,official_pokemon_zh_names,image/png,115869,e9dc9acae7c82b705fb06460b0a51c7c28ec2bf8ef4854482b0befbb73f5c97c,ok,
183,pokemon,Mime Jr.,魔尼尼,183-mime-jr.png,assets/pokopia_image_sources/pokemon_portraits/183-mime-jr.png,https://pokopiadex.com/images/pokemon/sprites/mime-jr.png,https://pokopiadex.com/pokedex,pokopiadex_pokedex,official_pokemon_zh_names,image/png,88236,e2372861bca9b0e0c9c5b72612d1949f77743868b70a1edec57986fb020c203b,ok,
184,pokemon,Mimikyu,谜拟丘,184-mimikyu.png,assets/pokopia_image_sources/pokemon_portraits/184-mimikyu.png,https://pokopiadex.com/images/pokemon/sprites/mimikyu.png,https://pokopiadex.com/pokedex,pokopiadex_pokedex,official_pokemon_zh_names,image/png,95376,af053bf501737fce44fac161a76cd41d5fd7cc444ef3340e6631051d4504df3b,ok,
185,pokemon,Minccino,泡沫栗鼠,185-minccino.png,assets/pokopia_image_sources/pokemon_portraits/185-minccino.png,https://pokopiadex.com/images/pokemon/sprites/minccino.png,https://pokopiadex.com/pokedex,pokopiadex_pokedex,official_pokemon_zh_names,image/png,118264,131d97400dad9222bc989e986ee31799e33d1a1f3bc9f8f81de92344fdf39aa7,ok,
186,pokemon,Minun,负电拍拍,186-minun.png,assets/pokopia_image_sources/pokemon_portraits/186-minun.png,https://pokopiadex.com/images/pokemon/sprites/minun.png,https://pokopiadex.com/pokedex,pokopiadex_pokedex,official_pokemon_zh_names,image/png,73835,8519fd8d2d980b682f79d016704fda9463a830c9cfb5146ce0852e06f17a6c4f,ok,
187,pokemon,Misdreavus,梦妖,187-misdreavus.png,assets/pokopia_image_sources/pokemon_portraits/187-misdreavus.png,https://pokopiadex.com/images/pokemon/sprites/misdreavus.png,https://pokopiadex.com/pokedex,pokopiadex_pokedex,official_pokemon_zh_names,image/png,157612,c28388e6cb0bbaf024ae27e979696dc1f2b157af882050e99903541a19470065,ok,
188,pokemon,Mismagius,梦妖魔,188-mismagius.png,assets/pokopia_image_sources/pokemon_portraits/188-mismagius.png,https://pokopiadex.com/images/pokemon/sprites/mismagius.png,https://pokopiadex.com/pokedex,pokopiadex_pokedex,official_pokemon_zh_names,image/png,109402,a8797bee19e11dd953813b5fcc2ba4e8798b9004bbbe3e2b3b13c96f73d33726,ok,
189,pokemon,Moltres,火焰鸟,189-moltres.png,assets/pokopia_image_sources/pokemon_portraits/189-moltres.png,https://pokopiadex.com/images/pokemon/sprites/moltres.png,https://pokopiadex.com/pokedex,pokopiadex_pokedex,official_pokemon_zh_names,image/png,97970,8b6082bd305f19d8c0eabc009880190305b2622d6c377986f9b50585f8c742cc,ok,
190,pokemon,Mosslax,卡比兽（萌苔）,190-mosslax.webp,assets/pokopia_image_sources/pokemon_portraits/190-mosslax.webp,https://img.rankedboost.com/wp-content/plugins/pokopia/assets/npcs/mosslax.png,https://rankedboost.com/pokopia/pokedex/,rankedboost_pokedex,official_pokopia_sc_pokemon,image/webp,78680,90113357de0359e045fb96e555a0357aed7d6a75fb0888713ea4deb6c810bfe5,ok,
191,pokemon,Mr. Mime,魔墙人偶,191-mr-mime.png,assets/pokopia_image_sources/pokemon_portraits/191-mr-mime.png,https://pokopiadex.com/images/pokemon/sprites/mr-mime.png,https://pokopiadex.com/pokedex,pokopiadex_pokedex,official_pokemon_zh_names,image/png,150777,e8d2c1ed924b4249f6af1e10e3dc392cf2729366a0a58b1112bbc35ae088a89c,ok,
192,pokemon,Muk,臭臭泥,192-muk.png,assets/pokopia_image_sources/pokemon_portraits/192-muk.png,https://pokopiadex.com/images/pokemon/sprites/muk.png,https://pokopiadex.com/pokedex,pokopiadex_pokedex,official_pokemon_zh_names,image/png,96518,15fac973527bbffa98a16d6f0854e7e927026f29e3b5d9ea90daa99c44e8c7e1,ok,
193,pokemon,Munchlax,小卡比兽,193-munchlax.png,assets/pokopia_image_sources/pokemon_portraits/193-munchlax.png,https://pokopiadex.com/images/pokemon/sprites/munchlax.png,https://pokopiadex.com/pokedex,pokopiadex_pokedex,official_pokemon_zh_names,image/png,103612,126fa3d605434e8c9b50f9e33edbbc2c3b3625e3675d3632610687df7e0f4c78,ok,
194,pokemon,Murkrow,黑暗鸦,194-murkrow.png,assets/pokopia_image_sources/pokemon_portraits/194-murkrow.png,https://pokopiadex.com/images/pokemon/sprites/murkrow.png,https://pokopiadex.com/pokedex,pokopiadex_pokedex,official_pokemon_zh_names,image/png,88915,a22686c76c043299e361afc9b8ec67b9c3135677f5d4a9635d3970eb767dc033,ok,
195,pokemon,Ninetales,九尾,195-ninetales.png,assets/pokopia_image_sources/pokemon_portraits/195-ninetales.png,https://pokopiadex.com/images/pokemon/sprites/ninetales.png,https://pokopiadex.com/pokedex,pokopiadex_pokedex,official_pokemon_zh_names,image/png,173368,af8f38a82130db2fbb0228fa61f753079ebefa326751d5017c546e226bc0b502,ok,
196,pokemon,Noctowl,猫头夜鹰,196-noctowl.png,assets/pokopia_image_sources/pokemon_portraits/196-noctowl.png,https://pokopiadex.com/images/pokemon/sprites/noctowl.png,https://pokopiadex.com/pokedex,pokopiadex_pokedex,official_pokemon_zh_names,image/png,114502,3edf1bdccb528160f280221792930a82e8b71de2128201f81ef0ed454a032974,ok,
197,pokemon,Noibat,嗡蝠,197-noibat.png,assets/pokopia_image_sources/pokemon_portraits/197-noibat.png,https://pokopiadex.com/images/pokemon/sprites/noibat.png,https://pokopiadex.com/pokedex,pokopiadex_pokedex,official_pokemon_zh_names,image/png,128711,8c1decb22f2bdb54916202c220f81510f18c9023c20d8dcdf44b9cedd7ccf263,ok,
198,pokemon,Noivern,音波龙,198-noivern.png,assets/pokopia_image_sources/pokemon_portraits/198-noivern.png,https://pokopiadex.com/images/pokemon/sprites/noivern.png,https://pokopiadex.com/pokedex,pokopiadex_pokedex,official_pokemon_zh_names,image/png,130600,9e3929b988fc7a00bce6e1b0f4f15909df694b4ad18eff01bc935e1adeba4de4,ok,
199,pokemon,Oddish,走路草,199-oddish.png,assets/pokopia_image_sources/pokemon_portraits/199-oddish.png,https://pokopiadex.com/images/pokemon/sprites/oddish.png,https://pokopiadex.com/pokedex,pokopiadex_pokedex,official_pokemon_zh_names,image/png,121698,1c02c396a02758cf10185e82dd26684bfa9ff11c55e8af403957b161a9d3cb85,ok,
200,pokemon,Onix,大岩蛇,200-onix.png,assets/pokopia_image_sources/pokemon_portraits/200-onix.png,https://pokopiadex.com/images/pokemon/sprites/onix.png,https://pokopiadex.com/pokedex,pokopiadex_pokedex,official_pokemon_zh_names,image/png,138944,706d9efc646b7aa2f385448e03e406133d16c6cb37e1d386d3e8bce6d66fde7f,ok,
201,pokemon,Paras,派拉斯,201-paras.png,assets/pokopia_image_sources/pokemon_portraits/201-paras.png,https://pokopiadex.com/images/pokemon/sprites/paras.png,https://pokopiadex.com/pokedex,pokopiadex_pokedex,official_pokemon_zh_names,image/png,111421,7e8b017b76d22e9cd4cf737ee61a20832c232e6bcb2d09df5b05545a31d94117,ok,
202,pokemon,Parasect,派拉斯特,202-parasect.png,assets/pokopia_image_sources/pokemon_portraits/202-parasect.png,https://pokopiadex.com/images/pokemon/sprites/parasect.png,https://pokopiadex.com/pokedex,pokopiadex_pokedex,official_pokemon_zh_names,image/png,137302,3cfc8fea5e6109da4e65f32b04ed99bec503de8ecef3bb6b6acb46486d1ff4ed,ok,
203,pokemon,Pawmi,布拨,203-pawmi.png,assets/pokopia_image_sources/pokemon_portraits/203-pawmi.png,https://pokopiadex.com/images/pokemon/sprites/pawmi.png,https://pokopiadex.com/pokedex,pokopiadex_pokedex,official_pokemon_zh_names,image/png,106467,508fad283aa75eccdac526e7c947fa6f9e66a28af2766ac9af0c1cb62acf482f,ok,
204,pokemon,Pawmo,布土拨,204-pawmo.png,assets/pokopia_image_sources/pokemon_portraits/204-pawmo.png,https://pokopiadex.com/images/pokemon/sprites/pawmo.png,https://pokopiadex.com/pokedex,pokopiadex_pokedex,official_pokemon_zh_names,image/png,103759,412bfa17f86c5332b61f7360ce0e04301e5fa7f6ea84521ed7aee45dd2c36e9f,ok,
205,pokemon,Pawmot,巴布土拨,205-pawmot.png,assets/pokopia_image_sources/pokemon_portraits/205-pawmot.png,https://pokopiadex.com/images/pokemon/sprites/pawmot.png,https://pokopiadex.com/pokedex,pokopiadex_pokedex,official_pokemon_zh_names,image/png,118462,d345976a73a99ac0bddb852349fad05be3a81fa4902e3601f9a40e444bae9a89,ok,
206,pokemon,Peakychu,皮卡丘（浅色）,206-peakychu.webp,assets/pokopia_image_sources/pokemon_portraits/206-peakychu.webp,https://img.rankedboost.com/wp-content/plugins/pokopia/assets/npcs/peakychu.png,https://rankedboost.com/pokopia/pokedex/,rankedboost_pokedex,official_pokopia_sc_pokemon,image/webp,82814,574e083c773b368a8a6f0a1777ee6ba4abe38a9e7121ea7b973de85df4c04489,ok,
207,pokemon,Pelipper,大嘴鸥,207-pelipper.png,assets/pokopia_image_sources/pokemon_portraits/207-pelipper.png,https://pokopiadex.com/images/pokemon/sprites/pelipper.png,https://pokopiadex.com/pokedex,pokopiadex_pokedex,official_pokemon_zh_names,image/png,118291,eec46085a5c938032399a48bf34e173b21ee8ddba0da0ab1a4eb67cdf81e9128,ok,
208,pokemon,Persian,猫老大,208-persian.png,assets/pokopia_image_sources/pokemon_portraits/208-persian.png,https://pokopiadex.com/images/pokemon/sprites/persian.png,https://pokopiadex.com/pokedex,pokopiadex_pokedex,official_pokemon_zh_names,image/png,123733,af5bbda097ef00c2e342a95ed79bcb4f6d128715021099d6cb9575133e7a2486,ok,
209,pokemon,Pichu,皮丘,209-pichu.png,assets/pokopia_image_sources/pokemon_portraits/209-pichu.png,https://pokopiadex.com/images/pokemon/sprites/pichu.png,https://pokopiadex.com/pokedex,pokopiadex_pokedex,official_pokemon_zh_names,image/png,89251,229ea01720aea239680c2f0aa9a413dd192b26a72a822016816c13b2b768ed75,ok,
210,pokemon,Pidgeot,大比鸟,210-pidgeot.png,assets/pokopia_image_sources/pokemon_portraits/210-pidgeot.png,https://pokopiadex.com/images/pokemon/sprites/pidgeot.png,https://pokopiadex.com/pokedex,pokopiadex_pokedex,official_pokemon_zh_names,image/png,135668,ea96e8153eea966386b0566da7411c2932df6abc23e20df71f4adeea7d764825,ok,
211,pokemon,Pidgeotto,比比鸟,211-pidgeotto.png,assets/pokopia_image_sources/pokemon_portraits/211-pidgeotto.png,https://pokopiadex.com/images/pokemon/sprites/pidgeotto.png,https://pokopiadex.com/pokedex,pokopiadex_pokedex,official_pokemon_zh_names,image/png,122788,e240bf5640073e4d3391b655685f52aba7f736a620a91ae7003824e8abe07d8b,ok,
212,pokemon,Pidgey,波波,212-pidgey.png,assets/pokopia_image_sources/pokemon_portraits/212-pidgey.png,https://pokopiadex.com/images/pokemon/sprites/pidgey.png,https://pokopiadex.com/pokedex,pokopiadex_pokedex,official_pokemon_zh_names,image/png,101705,f22b103dc9c0b7059348a265dd081c81bf887d3e386b111400869b5f35c336c7,ok,
213,pokemon,Pikachu,皮卡丘,213-pikachu.png,assets/pokopia_image_sources/pokemon_portraits/213-pikachu.png,https://pokopiadex.com/images/pokemon/sprites/pikachu.png,https://pokopiadex.com/pokedex,pokopiadex_pokedex,official_pokemon_zh_names,image/png,79086,6a9305fbd6f02345153567f4142faf019380b1a1c839cfa3f2349cc36d536a40,ok,
214,pokemon,Pinsir,凯罗斯,214-pinsir.png,assets/pokopia_image_sources/pokemon_portraits/214-pinsir.png,https://pokopiadex.com/images/pokemon/sprites/pinsir.png,https://pokopiadex.com/pokedex,pokopiadex_pokedex,official_pokemon_zh_names,image/png,136491,0eb57067071e69b8d115336ee46cb1b230a5b680754eff5ab1c9d6f59851466d,ok,
215,pokemon,Piplup,波加曼,215-piplup.png,assets/pokopia_image_sources/pokemon_portraits/215-piplup.png,https://pokopiadex.com/images/pokemon/sprites/piplup.png,https://pokopiadex.com/pokedex,pokopiadex_pokedex,official_pokemon_zh_names,image/png,91422,6d2b550683d142fd875e0704bf7795b3c6a9ebba75d2bf8053e84ab9ff837e59,ok,
216,pokemon,Plusle,正电拍拍,216-plusle.png,assets/pokopia_image_sources/pokemon_portraits/216-plusle.png,https://pokopiadex.com/images/pokemon/sprites/plusle.png,https://pokopiadex.com/pokedex,pokopiadex_pokedex,official_pokemon_zh_names,image/png,82553,d61e55180c8e651fe38fd2e8d5f410fc1b8f5d257f1d9c371d6185d4080a68d7,ok,
217,pokemon,Politoed,蚊香蛙皇,217-politoed.png,assets/pokopia_image_sources/pokemon_portraits/217-politoed.png,https://pokopiadex.com/images/pokemon/sprites/politoed.png,https://pokopiadex.com/pokedex,pokopiadex_pokedex,official_pokemon_zh_names,image/png,125059,69c3853a6c36d861acff28808d2d54cf22966df38c15c1fcc89ce2f8ec92430f,ok,
218,pokemon,Poliwag,蚊香蝌蚪,218-poliwag.png,assets/pokopia_image_sources/pokemon_portraits/218-poliwag.png,https://pokopiadex.com/images/pokemon/sprites/poliwag.png,https://pokopiadex.com/pokedex,pokopiadex_pokedex,official_pokemon_zh_names,image/png,100702,72c49bcdd36943a21718aca70c2da446fc9a106dffe48223cfab82024eff397e,ok,
219,pokemon,Poliwhirl,蚊香君,219-poliwhirl.png,assets/pokopia_image_sources/pokemon_portraits/219-poliwhirl.png,https://pokopiadex.com/images/pokemon/sprites/poliwhirl.png,https://pokopiadex.com/pokedex,pokopiadex_pokedex,official_pokemon_zh_names,image/png,148935,64590f6e9eab65bcd6046258fe0d96224fae5c45408bea973459a715d69b8e5b,ok,
220,pokemon,Poliwrath,蚊香泳士,220-poliwrath.png,assets/pokopia_image_sources/pokemon_portraits/220-poliwrath.png,https://pokopiadex.com/images/pokemon/sprites/poliwrath.png,https://pokopiadex.com/pokedex,pokopiadex_pokedex,official_pokemon_zh_names,image/png,114523,7caec1ba21a6b97cd1d8850fe14bff7834bb0b7293d4659184dfc44efdecec31,ok,
221,pokemon,Porygon,多边兽,221-porygon.png,assets/pokopia_image_sources/pokemon_portraits/221-porygon.png,https://pokopiadex.com/images/pokemon/sprites/porygon.png,https://pokopiadex.com/pokedex,pokopiadex_pokedex,official_pokemon_zh_names,image/png,104546,c8826b22036cc98d1220b0c7b46b537bcfd8e10c4f15f5a688bd7ffa7c1f72d7,ok,
222,pokemon,Porygon-Z,多边兽Ｚ,222-porygon-z.png,assets/pokopia_image_sources/pokemon_portraits/222-porygon-z.png,https://pokopiadex.com/images/pokemon/sprites/porygon-z.png,https://pokopiadex.com/pokedex,pokopiadex_pokedex,official_pokemon_zh_names,image/png,87170,77577cad7d812438278e546db2ed73c79cbd4113d838a5394c5c73549317474e,ok,
223,pokemon,Porygon2,多边兽Ⅱ,223-porygon2.png,assets/pokopia_image_sources/pokemon_portraits/223-porygon2.png,https://pokopiadex.com/images/pokemon/sprites/porygon2.png,https://pokopiadex.com/pokedex,pokopiadex_pokedex,official_pokemon_zh_names,image/png,125445,ee3eca09bfb6d95b3e5da3e4cb4edd48f95113bbc1064a1d211791859fcfcb49,ok,
224,pokemon,Prinplup,波皇子,224-prinplup.png,assets/pokopia_image_sources/pokemon_portraits/224-prinplup.png,https://pokopiadex.com/images/pokemon/sprites/prinplup.png,https://pokopiadex.com/pokedex,pokopiadex_pokedex,official_pokemon_zh_names,image/png,114877,434b1751b58b95a7d10bbe16a90cb9ba324a402f9857089ba5894b33288ba119,ok,
225,pokemon,Prof. Tangrowth,巨蔓藤（博士）,225-prof-tangrowth.webp,assets/pokopia_image_sources/pokemon_portraits/225-prof-tangrowth.webp,https://img.rankedboost.com/wp-content/plugins/pokopia/assets/npcs/professor-tangrowth.png,https://rankedboost.com/pokopia/pokedex/,rankedboost_pokedex,official_pokopia_sc_pokemon,image/webp,150862,171c7339fa41f9db468c1d11ad537cc77ffe120ce233268e7a8d83e6bc6e146f,ok,
226,pokemon,Psyduck,可达鸭,226-psyduck.png,assets/pokopia_image_sources/pokemon_portraits/226-psyduck.png,https://pokopiadex.com/images/pokemon/sprites/psyduck.png,https://pokopiadex.com/pokedex,pokopiadex_pokedex,official_pokemon_zh_names,image/png,119722,89669dd7f33c87dce7dd58f4f11dfbc4e55a14cb51c9b540a4ca9eccb92e1e9b,ok,
227,pokemon,Pupitar,沙基拉斯,227-pupitar.png,assets/pokopia_image_sources/pokemon_portraits/227-pupitar.png,https://pokopiadex.com/images/pokemon/sprites/pupitar.png,https://pokopiadex.com/pokedex,pokopiadex_pokedex,official_pokemon_zh_names,image/png,141404,98a23b7d405a42c700bc50a1cac5d5c94519fe8c948b7591b875d9edf1d42408,ok,
228,pokemon,Quilava,火岩鼠,228-quilava.png,assets/pokopia_image_sources/pokemon_portraits/228-quilava.png,https://pokopiadex.com/images/pokemon/sprites/quilava.png,https://pokopiadex.com/pokedex,pokopiadex_pokedex,official_pokemon_zh_names,image/png,92302,33046693ae000066aa98ab5d48eac8bf1b64444eb6ba3c5ffc4c8501ddc90daa,ok,
229,pokemon,Raboot,腾蹴小将,229-raboot.png,assets/pokopia_image_sources/pokemon_portraits/229-raboot.png,https://pokopiadex.com/images/pokemon/sprites/raboot.png,https://pokopiadex.com/pokedex,pokopiadex_pokedex,official_pokemon_zh_names,image/png,131236,79e42956a205a31b6e0f11973d251fe9bcc4a4a096e638865f44a94accb4667b,ok,
230,pokemon,Raichu,雷丘,230-raichu.png,assets/pokopia_image_sources/pokemon_portraits/230-raichu.png,https://pokopiadex.com/images/pokemon/sprites/raichu.png,https://pokopiadex.com/pokedex,pokopiadex_pokedex,official_pokemon_zh_names,image/png,100388,0ae7e20b0b847c4f68a1867cc1a3f8ff180cb0301fbed4c84b83a7e64c779858,ok,
231,pokemon,Raikou,雷公,231-raikou.png,assets/pokopia_image_sources/pokemon_portraits/231-raikou.png,https://pokopiadex.com/images/pokemon/sprites/raikou.png,https://pokopiadex.com/pokedex,pokopiadex_pokedex,official_pokemon_zh_names,image/png,162571,5c3d1f09ab717e80337e88f891d5a0d5bf9f014571e41983cf8b51280c4d68f4,ok,
232,pokemon,Ralts,拉鲁拉丝,232-ralts.png,assets/pokopia_image_sources/pokemon_portraits/232-ralts.png,https://pokopiadex.com/images/pokemon/sprites/ralts.png,https://pokopiadex.com/pokedex,pokopiadex_pokedex,official_pokemon_zh_names,image/png,72337,e27328a4aae1a66e40dadd6fc0e3423129ca67f53e3515c6f87abacb2b75e9ee,ok,
233,pokemon,Rampardos,战槌龙,233-rampardos.png,assets/pokopia_image_sources/pokemon_portraits/233-rampardos.png,https://pokopiadex.com/images/pokemon/sprites/rampardos.png,https://pokopiadex.com/pokedex,pokopiadex_pokedex,official_pokemon_zh_names,image/png,129066,e37e2505362d26c9d7f08627ba4761fca68c0469839f0ad4e0e36dda7eae2d41,ok,
234,pokemon,Riolu,利欧路,234-riolu.png,assets/pokopia_image_sources/pokemon_portraits/234-riolu.png,https://pokopiadex.com/images/pokemon/sprites/riolu.png,https://pokopiadex.com/pokedex,pokopiadex_pokedex,official_pokemon_zh_names,image/png,106799,33b53a49e3ed4f818967532fcf55fc852c2fdcbf35e03675f9aff0c61d4006c2,ok,
235,pokemon,Rolycoly,小炭仔,235-rolycoly.png,assets/pokopia_image_sources/pokemon_portraits/235-rolycoly.png,https://pokopiadex.com/images/pokemon/sprites/rolycoly.png,https://pokopiadex.com/pokedex,pokopiadex_pokedex,official_pokemon_zh_names,image/png,103555,214221757a4190c82062067d1602277b3933af45c7851922f7a284e9636bb65c,ok,
236,pokemon,Rookidee,稚山雀,236-rookidee.png,assets/pokopia_image_sources/pokemon_portraits/236-rookidee.png,https://pokopiadex.com/images/pokemon/sprites/rookidee.png,https://pokopiadex.com/pokedex,pokopiadex_pokedex,official_pokemon_zh_names,image/png,82242,91d16aab7a02e403741f13de9be21e97dfec1c8d2ca86571052a6c52da2ce6ce,ok,
237,pokemon,Rotom,洛托姆,237-rotom.png,assets/pokopia_image_sources/pokemon_portraits/237-rotom.png,https://pokopiadex.com/images/pokemon/sprites/rotom.png,https://pokopiadex.com/pokedex,pokopiadex_pokedex,official_pokemon_zh_names,image/png,157520,411794ab13bc25db4d8184857eea426808667ac27f90cc40340ee922ab74f801,ok,
238,pokemon,Rowlet,木木枭,238-rowlet.png,assets/pokopia_image_sources/pokemon_portraits/238-rowlet.png,https://pokopiadex.com/images/pokemon/sprites/rowlet.png,https://pokopiadex.com/pokedex,pokopiadex_pokedex,official_pokemon_zh_names,image/png,107827,2fc7065cdcb6308c7886673d5a36ce8f2e41fb7857197a80b0edadf2ec1016d8,ok,
239,pokemon,Scizor,巨钳螳螂,239-scizor.png,assets/pokopia_image_sources/pokemon_portraits/239-scizor.png,https://pokopiadex.com/images/pokemon/sprites/scizor.png,https://pokopiadex.com/pokedex,pokopiadex_pokedex,official_pokemon_zh_names,image/png,124236,048bf71c7de507484a9f1c49073745123d7aab6d51da78c921161f30c21c2b55,ok,
240,pokemon,Scorbunny,炎兔儿,240-scorbunny.png,assets/pokopia_image_sources/pokemon_portraits/240-scorbunny.png,https://pokopiadex.com/images/pokemon/sprites/scorbunny.png,https://pokopiadex.com/pokedex,pokopiadex_pokedex,official_pokemon_zh_names,image/png,70442,9c21e6e5777f0bb4e0d0ac16340210bfb3a53a0751cf880653d0286568f9824d,ok,
241,pokemon,Scyther,飞天螳螂,241-scyther.png,assets/pokopia_image_sources/pokemon_portraits/241-scyther.png,https://pokopiadex.com/images/pokemon/sprites/scyther.png,https://pokopiadex.com/pokedex,pokopiadex_pokedex,official_pokemon_zh_names,image/png,123885,4d43489ed9ad0ffed4c1197c6d62ca2a6d1bcd08426495dd4b1a1694cefdb24c,ok,
242,pokemon,Serperior,君主蛇,242-serperior.png,assets/pokopia_image_sources/pokemon_portraits/242-serperior.png,https://pokopiadex.com/images/pokemon/sprites/serperior.png,https://pokopiadex.com/pokedex,pokopiadex_pokedex,official_pokemon_zh_names,image/png,122914,62944ea962db984dbd8d77cba53becf4172f15395ea9669d56186a2e86c2dc30,ok,
243,pokemon,Servine,青藤蛇,243-servine.png,assets/pokopia_image_sources/pokemon_portraits/243-servine.png,https://pokopiadex.com/images/pokemon/sprites/servine.png,https://pokopiadex.com/pokedex,pokopiadex_pokedex,official_pokemon_zh_names,image/png,92729,9158e590222070eb9fa646da90f33bbe3fe814031faf74ea224752fb0d3ae2c0,ok,
244,pokemon,Shellos (East Sea),无壳海兔（东海）,244-shellos-east-sea.png,assets/pokopia_image_sources/pokemon_portraits/244-shellos-east-sea.png,https://pokopiadex.com/images/pokemon/sprites/shellos-east-sea.png,https://pokopiadex.com/pokedex,pokopiadex_pokedex,official_pokemon_zh_names_or_pokopia_special_forms,image/png,105144,6222c6afc6216ca68d1d45ee38d1a51e02794d1c228e429a7c6358382fb0e6e9,ok,
245,pokemon,Shellos (West Sea),无壳海兔（西海）,245-shellos-west-sea.png,assets/pokopia_image_sources/pokemon_portraits/245-shellos-west-sea.png,https://pokopiadex.com/images/pokemon/sprites/shellos-west-sea.png,https://pokopiadex.com/pokedex,pokopiadex_pokedex,official_pokemon_zh_names_or_pokopia_special_forms,image/png,88337,0ac8231bd55a09ac2e0dfc20c77025faacaaec1dc4919a788600e0ca0435fb62,ok,
246,pokemon,Shieldon,盾甲龙,246-shieldon.png,assets/pokopia_image_sources/pokemon_portraits/246-shieldon.png,https://pokopiadex.com/images/pokemon/sprites/shieldon.png,https://pokopiadex.com/pokedex,pokopiadex_pokedex,official_pokemon_zh_names,image/png,135699,fc1de24443300586e75bbe942e5311a4d3f98ec6d693dbbf21d0c696d96ae00c,ok,
247,pokemon,Skwovet,贪心栗鼠,247-skwovet.png,assets/pokopia_image_sources/pokemon_portraits/247-skwovet.png,https://pokopiadex.com/images/pokemon/sprites/skwovet.png,https://pokopiadex.com/pokedex,pokopiadex_pokedex,official_pokemon_zh_names,image/png,91182,cc9b825b47be7866399de5530e9073cdc532c6a57f68c7f19263979c3d870b3e,ok,
248,pokemon,Sliggoo,黏美儿,248-sliggoo.png,assets/pokopia_image_sources/pokemon_portraits/248-sliggoo.png,https://pokopiadex.com/images/pokemon/sprites/sliggoo.png,https://pokopiadex.com/pokedex,pokopiadex_pokedex,official_pokemon_zh_names,image/png,100689,b72caf6f6e41dc338a66943856db2c9349467cd52d98b79aced0afdc67c319f9,ok,
249,pokemon,Slowbro,呆壳兽,249-slowbro.png,assets/pokopia_image_sources/pokemon_portraits/249-slowbro.png,https://pokopiadex.com/images/pokemon/sprites/slowbro.png,https://pokopiadex.com/pokedex,pokopiadex_pokedex,official_pokemon_zh_names,image/png,180269,fd884e3d5ec7a2d5037debdcb931631c2cd502d35ad0be3cc511fb69c55171f9,ok,
250,pokemon,Slowking,呆呆王,250-slowking.png,assets/pokopia_image_sources/pokemon_portraits/250-slowking.png,https://pokopiadex.com/images/pokemon/sprites/slowking.png,https://pokopiadex.com/pokedex,pokopiadex_pokedex,official_pokemon_zh_names,image/png,126678,506be2cae57022525853ac1c30bd5771e7dc7223b03ec278ed70c920c22c6281,ok,
251,pokemon,Slowpoke,呆呆兽,251-slowpoke.png,assets/pokopia_image_sources/pokemon_portraits/251-slowpoke.png,https://pokopiadex.com/images/pokemon/sprites/slowpoke.png,https://pokopiadex.com/pokedex,pokopiadex_pokedex,official_pokemon_zh_names,image/png,128558,ddb6192f78618ad479d8d8ff13f44bbbf610742f43c95dcc878a6038e5d3c70c,ok,
252,pokemon,Smeargle,图图犬,252-smeargle.png,assets/pokopia_image_sources/pokemon_portraits/252-smeargle.png,https://pokopiadex.com/images/pokemon/sprites/smeargle.png,https://pokopiadex.com/pokedex,pokopiadex_pokedex,official_pokemon_zh_names,image/png,164962,a8cedf42d08127a545908f9cc784427f7885635dc381021a9bf8a625b7772afd,ok,
253,pokemon,Smearguru,图图犬（彩绘匠）,253-smearguru.webp,assets/pokopia_image_sources/pokemon_portraits/253-smearguru.webp,https://img.rankedboost.com/wp-content/plugins/pokopia/assets/npcs/smearguru.png,https://rankedboost.com/pokopia/pokedex/,rankedboost_pokedex,official_pokopia_sc_pokemon,image/webp,128094,c80112fe1ae35a47c7c7ae7bf7612aa8c3da0e720e5327fe7c6ec2a7f8998825,ok,
254,pokemon,Snivy,藤藤蛇,254-snivy.png,assets/pokopia_image_sources/pokemon_portraits/254-snivy.png,https://pokopiadex.com/images/pokemon/sprites/snivy.png,https://pokopiadex.com/pokedex,pokopiadex_pokedex,official_pokemon_zh_names,image/png,101615,0c1002d91ca4d25f584f75e908ed3eadd827972acb362e86656781997c146e59,ok,
255,pokemon,Snorlax,卡比兽,255-snorlax.png,assets/pokopia_image_sources/pokemon_portraits/255-snorlax.png,https://pokopiadex.com/images/pokemon/sprites/snorlax.png,https://pokopiadex.com/pokedex,pokopiadex_pokedex,official_pokemon_zh_names,image/png,128642,40ae73f6fd804026ae8e6a61e931cfd5c8b4594d81e492e9dbf445c8d2e497eb,ok,
256,pokemon,Spinarak,圆丝蛛,256-spinarak.png,assets/pokopia_image_sources/pokemon_portraits/256-spinarak.png,https://pokopiadex.com/images/pokemon/sprites/spinarak.png,https://pokopiadex.com/pokedex,pokopiadex_pokedex,official_pokemon_zh_names,image/png,95207,b7f19d841ac3a159c5d897540f3254cb450dfa1c317fcf4daaf5eb6681bc78fb,ok,
257,pokemon,Sprigatito,新叶喵,257-sprigatito.png,assets/pokopia_image_sources/pokemon_portraits/257-sprigatito.png,https://pokopiadex.com/images/pokemon/sprites/sprigatito.png,https://pokopiadex.com/pokedex,pokopiadex_pokedex,official_pokemon_zh_names,image/png,97681,27e82b99554d81d8c6ee0bfafa46077ae812fe7d01faf41d2d1c88c315365436,ok,
258,pokemon,Squirtle,杰尼龟,258-squirtle.png,assets/pokopia_image_sources/pokemon_portraits/258-squirtle.png,https://pokopiadex.com/images/pokemon/sprites/squirtle.png,https://pokopiadex.com/pokedex,pokopiadex_pokedex,official_pokemon_zh_names,image/png,114376,d63efd7617e6fba9d2c9505c69891da692fda30999b3edc79ca0fecc18d19480,ok,
259,pokemon,Steelix,大钢蛇,259-steelix.png,assets/pokopia_image_sources/pokemon_portraits/259-steelix.png,https://pokopiadex.com/images/pokemon/sprites/steelix.png,https://pokopiadex.com/pokedex,pokopiadex_pokedex,official_pokemon_zh_names,image/png,122985,a190061853361de139e442256be3e38eb1a6ca64d2ab532af54cf180da9605ce,ok,
260,pokemon,Sudowoodo,树才怪,260-sudowoodo.png,assets/pokopia_image_sources/pokemon_portraits/260-sudowoodo.png,https://pokopiadex.com/images/pokemon/sprites/sudowoodo.png,https://pokopiadex.com/pokedex,pokopiadex_pokedex,official_pokemon_zh_names,image/png,125708,2fa50114aab0b1a514629b1fff9f88072dd00f3af895f151bd7e1c704b38c516,ok,
261,pokemon,Suicune,水君,261-suicune.png,assets/pokopia_image_sources/pokemon_portraits/261-suicune.png,https://pokopiadex.com/images/pokemon/sprites/suicune.png,https://pokopiadex.com/pokedex,pokopiadex_pokedex,official_pokemon_zh_names,image/png,164987,497ea60c3e5e3e27a14ebec7473f802d1d4d9479b263f10f8f7f428433dbaf77,ok,
262,pokemon,Swablu,青绵鸟,262-swablu.png,assets/pokopia_image_sources/pokemon_portraits/262-swablu.png,https://pokopiadex.com/images/pokemon/sprites/swablu.png,https://pokopiadex.com/pokedex,pokopiadex_pokedex,official_pokemon_zh_names,image/png,83822,824e0d522a84f108f76e13e229a9201f06c13c0d2ba3554ea3998412fc05d058,ok,
263,pokemon,Swalot,吞食兽,263-swalot.png,assets/pokopia_image_sources/pokemon_portraits/263-swalot.png,https://pokopiadex.com/images/pokemon/sprites/swalot.png,https://pokopiadex.com/pokedex,pokopiadex_pokedex,official_pokemon_zh_names,image/png,132561,411eb4c220cdc1c364cd1a122e3d7b393d829f209b959501d142289e6b0b3328,ok,
264,pokemon,Sylveon,仙子伊布,264-sylveon.png,assets/pokopia_image_sources/pokemon_portraits/264-sylveon.png,https://pokopiadex.com/images/pokemon/sprites/sylveon.png,https://pokopiadex.com/pokedex,pokopiadex_pokedex,official_pokemon_zh_names,image/png,122075,8aebdf0ee69b7ae0312836454e02a5a1cd7debfab31cd6b47be8eb095fd2fefe,ok,
265,pokemon,Tangela,蔓藤怪,265-tangela.png,assets/pokopia_image_sources/pokemon_portraits/265-tangela.png,https://pokopiadex.com/images/pokemon/sprites/tangela.png,https://pokopiadex.com/pokedex,pokopiadex_pokedex,official_pokemon_zh_names,image/png,212989,69379d9fddd1fb86bf5d7dbdd7e263863cdbb4191377cc838b3af290556e0fc9,ok,
266,pokemon,Tangrowth,巨蔓藤,266-tangrowth.png,assets/pokopia_image_sources/pokemon_portraits/266-tangrowth.png,https://pokopiadex.com/images/pokemon/sprites/tangrowth.png,https://pokopiadex.com/pokedex,pokopiadex_pokedex,official_pokemon_zh_names,image/png,142490,b5c2934b83608a8c07171188ee0a4bfc5bd15a123be78d9e821b8f0cb92a266d,ok,
267,pokemon,Tatsugiri (Curly Form),米立龙（上弓姿势）,267-tatsugiri-curly-form.png,assets/pokopia_image_sources/pokemon_portraits/267-tatsugiri-curly-form.png,https://pokopiadex.com/images/pokemon/sprites/tatsugiri-curly-form.png,https://pokopiadex.com/pokedex,pokopiadex_pokedex,official_pokemon_zh_names_or_pokopia_special_forms,image/png,81734,e6423214f5cb9781f8a808c350545aaba94ac6cf2a726aa08ab082725922fc8e,ok,
268,pokemon,Tatsugiri (Droopy Form),米立龙（下垂姿势）,268-tatsugiri-droopy-form.png,assets/pokopia_image_sources/pokemon_portraits/268-tatsugiri-droopy-form.png,https://pokopiadex.com/images/pokemon/sprites/tatsugiri-droopy-form.png,https://pokopiadex.com/pokedex,pokopiadex_pokedex,official_pokemon_zh_names_or_pokopia_special_forms,image/png,54555,d492e3479cd873696e32ec820d0283e69d52505da78784c6d5e603eb10d2d668,ok,
269,pokemon,Tatsugiri (Stretchy Form),米立龙（平挺姿势）,269-tatsugiri-stretchy-form.png,assets/pokopia_image_sources/pokemon_portraits/269-tatsugiri-stretchy-form.png,https://pokopiadex.com/images/pokemon/sprites/tatsugiri-stretchy-form.png,https://pokopiadex.com/pokedex,pokopiadex_pokedex,official_pokemon_zh_names_or_pokopia_special_forms,image/png,43482,d70b7e29b9ff66cbfa481ea5cd9e6198387b0b2b9b3e66a2e37024e045d73e9a,ok,
270,pokemon,Timburr,搬运小匠,270-timburr.png,assets/pokopia_image_sources/pokemon_portraits/270-timburr.png,https://pokopiadex.com/images/pokemon/sprites/timburr.png,https://pokopiadex.com/pokedex,pokopiadex_pokedex,official_pokemon_zh_names,image/png,97003,f75d9a31b322d844114581a78ad8a3f931535f5d9b8797fb96bf86e6bdaaa349,ok,
271,pokemon,Tinkatink,小锻匠,271-tinkatink.png,assets/pokopia_image_sources/pokemon_portraits/271-tinkatink.png,https://pokopiadex.com/images/pokemon/sprites/tinkatink.png,https://pokopiadex.com/pokedex,pokopiadex_pokedex,official_pokemon_zh_names,image/png,73545,397b0e724d2ffe5099a47cbd2000d48c882e3b0fb28de6d6abb2454ee4466aba,ok,
272,pokemon,Tinkaton,巨锻匠,272-tinkaton.png,assets/pokopia_image_sources/pokemon_portraits/272-tinkaton.png,https://pokopiadex.com/images/pokemon/sprites/tinkaton.png,https://pokopiadex.com/pokedex,pokopiadex_pokedex,official_pokemon_zh_names,image/png,188900,ea632c7d7c540830ec83519d95c5c55701c3461e906afe73ad7272a3c38b5e53,ok,
273,pokemon,Tinkatuff,巧锻匠,273-tinkatuff.png,assets/pokopia_image_sources/pokemon_portraits/273-tinkatuff.png,https://pokopiadex.com/images/pokemon/sprites/tinkatuff.png,https://pokopiadex.com/pokedex,pokopiadex_pokedex,official_pokemon_zh_names,image/png,130212,8ca4f0e96ab5bf2cdb760d94cd7faf0b0836755f297f44e768f0019b7cdc26b5,ok,
274,pokemon,Torchic,火稚鸡,274-torchic.png,assets/pokopia_image_sources/pokemon_portraits/274-torchic.png,https://pokopiadex.com/images/pokemon/sprites/torchic.png,https://pokopiadex.com/pokedex,pokopiadex_pokedex,official_pokemon_zh_names,image/png,64800,50ab2995173cbcd6105f61681c94ae854ac0ee53a157ec63dbeab86c987daa4a,ok,
275,pokemon,Torkoal,煤炭龟,275-torkoal.png,assets/pokopia_image_sources/pokemon_portraits/275-torkoal.png,https://pokopiadex.com/images/pokemon/sprites/torkoal.png,https://pokopiadex.com/pokedex,pokopiadex_pokedex,official_pokemon_zh_names,image/png,189700,8c04a2cfdc7ea2bc62fae3b599d8f51a2532d0f7272de814d21684e0cc92b443,ok,
276,pokemon,Toxel,毒电婴,276-toxel.png,assets/pokopia_image_sources/pokemon_portraits/276-toxel.png,https://pokopiadex.com/images/pokemon/sprites/toxel.png,https://pokopiadex.com/pokedex,pokopiadex_pokedex,official_pokemon_zh_names,image/png,106420,2ee4945213709e658551d8e1d51d31cb968f67312964f38aa96a5d0bc9dbbc05,ok,
277,pokemon,Toxtricity (Amped Form),颤弦蝾螈（高调的样子）,277-toxtricity-amped-form.png,assets/pokopia_image_sources/pokemon_portraits/277-toxtricity-amped-form.png,https://pokopiadex.com/images/pokemon/sprites/toxtricity-amped-form.png,https://pokopiadex.com/pokedex,pokopiadex_pokedex,official_pokemon_zh_names_or_pokopia_special_forms,image/png,130625,875872dc21d17704c50b5560229a785cff6ce39adcb2b805c2a59eb21f6b68df,ok,
278,pokemon,Toxtricity (Low Key Form),颤弦蝾螈（低调的样子）,278-toxtricity-low-key-form.png,assets/pokopia_image_sources/pokemon_portraits/278-toxtricity-low-key-form.png,https://pokopiadex.com/images/pokemon/sprites/toxtricity-low-key-form.png,https://pokopiadex.com/pokedex,pokopiadex_pokedex,official_pokemon_zh_names_or_pokopia_special_forms,image/png,101304,41660667195d03c3bc7601ebfaea395f85d27c8f5bc85f124ca0b589939e7a82,ok,
279,pokemon,Trapinch,大颚蚁,279-trapinch.png,assets/pokopia_image_sources/pokemon_portraits/279-trapinch.png,https://pokopiadex.com/images/pokemon/sprites/trapinch.png,https://pokopiadex.com/pokedex,pokopiadex_pokedex,official_pokemon_zh_names,image/png,106252,406b23ce77e1f48035b8384dafe11290cc7e1afd582fa6476ba22fbaba507e48,ok,
280,pokemon,Trubbish,破破袋,280-trubbish.png,assets/pokopia_image_sources/pokemon_portraits/280-trubbish.png,https://pokopiadex.com/images/pokemon/sprites/trubbish.png,https://pokopiadex.com/pokedex,pokopiadex_pokedex,official_pokemon_zh_names,image/png,98197,c815757fc6caa999e9ac54a5a9c4de734ed1bf1431a889115db46261f8b536e4,ok,
281,pokemon,Typhlosion,火暴兽,281-typhlosion.png,assets/pokopia_image_sources/pokemon_portraits/281-typhlosion.png,https://pokopiadex.com/images/pokemon/sprites/typhlosion.png,https://pokopiadex.com/pokedex,pokopiadex_pokedex,official_pokemon_zh_names,image/png,115508,8e0702a7ae5bd6b36082c70f0a429ea75f3c30f2b04ea17f1fdfa0647d0ef8b6,ok,
282,pokemon,Tyranitar,班基拉斯,282-tyranitar.png,assets/pokopia_image_sources/pokemon_portraits/282-tyranitar.png,https://pokopiadex.com/images/pokemon/sprites/tyranitar.png,https://pokopiadex.com/pokedex,pokopiadex_pokedex,official_pokemon_zh_names,image/png,147878,771eddd5177c3328a4b71768332d7523cc0df8d24fc837924255acafda94d7ed,ok,
283,pokemon,Tyrantrum,怪颚龙,283-tyrantrum.png,assets/pokopia_image_sources/pokemon_portraits/283-tyrantrum.png,https://pokopiadex.com/images/pokemon/sprites/tyrantrum.png,https://pokopiadex.com/pokedex,pokopiadex_pokedex,official_pokemon_zh_names,image/png,157233,4c0fb15177f0365970bd5b12ce0a32805db5faba579dca5700e199b3224e85a6,ok,
284,pokemon,Tyrogue,无畏小子,284-tyrogue.png,assets/pokopia_image_sources/pokemon_portraits/284-tyrogue.png,https://pokopiadex.com/images/pokemon/sprites/tyrogue.png,https://pokopiadex.com/pokedex,pokopiadex_pokedex,official_pokemon_zh_names,image/png,116812,2daa1a768b2c1075667cd61e68bc7e2314f8692ba9b37b053fe5f3541aec55fd,ok,
285,pokemon,Tyrunt,宝宝暴龙,285-tyrunt.png,assets/pokopia_image_sources/pokemon_portraits/285-tyrunt.png,https://pokopiadex.com/images/pokemon/sprites/tyrunt.png,https://pokopiadex.com/pokedex,pokopiadex_pokedex,official_pokemon_zh_names,image/png,163529,1852a780aa13e1e29f68fefcd87a0d6fe6908cd2e52a9dd852b9a33ba15cbb4f,ok,
286,pokemon,Umbreon,月亮伊布,286-umbreon.png,assets/pokopia_image_sources/pokemon_portraits/286-umbreon.png,https://pokopiadex.com/images/pokemon/sprites/umbreon.png,https://pokopiadex.com/pokedex,pokopiadex_pokedex,official_pokemon_zh_names,image/png,117971,263c504663419d5b87170e608fb0e5cf01887bd1c2bc65d35a77aee1f5da78dd,ok,
287,pokemon,Vaporeon,水伊布,287-vaporeon.png,assets/pokopia_image_sources/pokemon_portraits/287-vaporeon.png,https://pokopiadex.com/images/pokemon/sprites/vaporeon.png,https://pokopiadex.com/pokedex,pokopiadex_pokedex,official_pokemon_zh_names,image/png,156253,7f5fe01da014ce9adb3efe1a75675a364db17250cc155b2a1939f325bc9d2504,ok,
288,pokemon,Venomoth,摩鲁蛾,288-venomoth.png,assets/pokopia_image_sources/pokemon_portraits/288-venomoth.png,https://pokopiadex.com/images/pokemon/sprites/venomoth.png,https://pokopiadex.com/pokedex,pokopiadex_pokedex,official_pokemon_zh_names,image/png,113680,862085f93120f69e8968a143529e48f0e96855c222a9088a0a808af2f40061fa,ok,
289,pokemon,Venonat,毛球,289-venonat.png,assets/pokopia_image_sources/pokemon_portraits/289-venonat.png,https://pokopiadex.com/images/pokemon/sprites/venonat.png,https://pokopiadex.com/pokedex,pokopiadex_pokedex,official_pokemon_zh_names,image/png,147214,7e21be3c07f89f793a74e2b0f0bb2b79faea6bc7da788620b685aa70f447bf62,ok,
290,pokemon,Venusaur,妙蛙花,290-venusaur.png,assets/pokopia_image_sources/pokemon_portraits/290-venusaur.png,https://pokopiadex.com/images/pokemon/sprites/venusaur.png,https://pokopiadex.com/pokedex,pokopiadex_pokedex,official_pokemon_zh_names,image/png,168874,988fab8eaea3dfa16b7ec9dff74d7b9177a59fa56e0339ec42af69d95355064a,ok,
291,pokemon,Vespiquen,蜂女王,291-vespiquen.png,assets/pokopia_image_sources/pokemon_portraits/291-vespiquen.png,https://pokopiadex.com/images/pokemon/sprites/vespiquen.png,https://pokopiadex.com/pokedex,pokopiadex_pokedex,official_pokemon_zh_names,image/png,136867,7f4cc450178a00c6df73dfcc26169580aea0b4a71e1b5e6369952601aae75494,ok,
292,pokemon,Vibrava,超音波幼虫,292-vibrava.png,assets/pokopia_image_sources/pokemon_portraits/292-vibrava.png,https://pokopiadex.com/images/pokemon/sprites/vibrava.png,https://pokopiadex.com/pokedex,pokopiadex_pokedex,official_pokemon_zh_names,image/png,104796,50be92f512b822f1dea3e5f55a8765322e2074aefe079370c46c56f3dc38721c,ok,
293,pokemon,Victreebel,大食花,293-victreebel.png,assets/pokopia_image_sources/pokemon_portraits/293-victreebel.png,https://pokopiadex.com/images/pokemon/sprites/victreebel.png,https://pokopiadex.com/pokedex,pokopiadex_pokedex,official_pokemon_zh_names,image/png,140275,bff032ad68d08f11922cb3da0aebbf75576cc88e4e05539502f7a1e4a22d4194,ok,
294,pokemon,Vikavolt,锹农炮虫,294-vikavolt.png,assets/pokopia_image_sources/pokemon_portraits/294-vikavolt.png,https://pokopiadex.com/images/pokemon/sprites/vikavolt.png,https://pokopiadex.com/pokedex,pokopiadex_pokedex,official_pokemon_zh_names,image/png,102921,d116bb7c7eb96ea5ca24691e2588aebadf7380e5f0635c4f71cc884ca833d011,ok,
295,pokemon,Vileplume,霸王花,295-vileplume.png,assets/pokopia_image_sources/pokemon_portraits/295-vileplume.png,https://pokopiadex.com/images/pokemon/sprites/vileplume.png,https://pokopiadex.com/pokedex,pokopiadex_pokedex,official_pokemon_zh_names,image/png,147830,679a0dc498b403fb80ae7949ccb8e5911d6164d6319cea926960ddaf0f311144,ok,
296,pokemon,Volbeat,电萤虫,296-volbeat.png,assets/pokopia_image_sources/pokemon_portraits/296-volbeat.png,https://pokopiadex.com/images/pokemon/sprites/volbeat.png,https://pokopiadex.com/pokedex,pokopiadex_pokedex,official_pokemon_zh_names,image/png,107998,a37631a33f56eb738247e0df3034eed878fb14f69740dc9e96458d0a076c37e6,ok,
297,pokemon,Volcanion,波尔凯尼恩,297-volcanion.png,assets/pokopia_image_sources/pokemon_portraits/297-volcanion.png,https://pokopiadex.com/images/pokemon/sprites/volcanion.png,https://pokopiadex.com/pokedex,pokopiadex_pokedex,official_pokemon_zh_names,image/png,159748,e46d1bba80d2b372316ed3d914b3a6058e9ba8a3ea13de86ea89023b3754f726,ok,
298,pokemon,Volcarona,火神蛾,298-volcarona.png,assets/pokopia_image_sources/pokemon_portraits/298-volcarona.png,https://pokopiadex.com/images/pokemon/sprites/volcarona.png,https://pokopiadex.com/pokedex,pokopiadex_pokedex,official_pokemon_zh_names,image/png,136110,a9ca013be1118fce640c6bf2d298ea9c79b85e9a048d6279a5d90516044e48ff,ok,
299,pokemon,Voltorb,霹雳电球,299-voltorb.png,assets/pokopia_image_sources/pokemon_portraits/299-voltorb.png,https://pokopiadex.com/images/pokemon/sprites/voltorb.png,https://pokopiadex.com/pokedex,pokopiadex_pokedex,official_pokemon_zh_names,image/png,137664,7515111e948b0af47396407abec95c4ba6002d120699dd2893382e1c45489fd8,ok,
300,pokemon,Vulpix,六尾,300-vulpix.png,assets/pokopia_image_sources/pokemon_portraits/300-vulpix.png,https://pokopiadex.com/images/pokemon/sprites/vulpix.png,https://pokopiadex.com/pokedex,pokopiadex_pokedex,official_pokemon_zh_names,image/png,128996,0b2aea058c11e12415e9731d4d4f7286979122d812898225aa428ac8ac1cdec4,ok,
301,pokemon,Wartortle,卡咪龟,301-wartortle.png,assets/pokopia_image_sources/pokemon_portraits/301-wartortle.png,https://pokopiadex.com/images/pokemon/sprites/wartortle.png,https://pokopiadex.com/pokedex,pokopiadex_pokedex,official_pokemon_zh_names,image/png,152561,8ddb79651e411410fe1e91031bacb53155019404430f30e48576cba8f2deeddf,ok,
302,pokemon,Wattrel,电海燕,302-wattrel.png,assets/pokopia_image_sources/pokemon_portraits/302-wattrel.png,https://pokopiadex.com/images/pokemon/sprites/wattrel.png,https://pokopiadex.com/pokedex,pokopiadex_pokedex,official_pokemon_zh_names,image/png,73502,94aa92d4c42a5c9486b976e61c16e58eda58c321c3305e3ba7f72aa556dbbf9e,ok,
303,pokemon,Weepinbell,口呆花,303-weepinbell.png,assets/pokopia_image_sources/pokemon_portraits/303-weepinbell.png,https://pokopiadex.com/images/pokemon/sprites/weepinbell.png,https://pokopiadex.com/pokedex,pokopiadex_pokedex,official_pokemon_zh_names,image/png,109322,6256b8e1ec0904ada6fd11fe048f696fbdcaae7c31b473e0ae9067e8a242c3b6,ok,
304,pokemon,Weezing,双弹瓦斯,304-weezing.png,assets/pokopia_image_sources/pokemon_portraits/304-weezing.png,https://pokopiadex.com/images/pokemon/sprites/weezing.png,https://pokopiadex.com/pokedex,pokopiadex_pokedex,official_pokemon_zh_names,image/png,125098,534d3b8e4a709fb488c3907892a218de1bc9f4ace73ad54f73a9cab16cdc22d8,ok,
305,pokemon,Wigglytuff,胖可丁,305-wigglytuff.png,assets/pokopia_image_sources/pokemon_portraits/305-wigglytuff.png,https://pokopiadex.com/images/pokemon/sprites/wigglytuff.png,https://pokopiadex.com/pokedex,pokopiadex_pokedex,official_pokemon_zh_names,image/png,135930,2c1246fbf875966b1761d9365d77f0d47c1929da519b8ea8bb479e558484c531,ok,
306,pokemon,Wingull,长翅鸥,306-wingull.png,assets/pokopia_image_sources/pokemon_portraits/306-wingull.png,https://pokopiadex.com/images/pokemon/sprites/wingull.png,https://pokopiadex.com/pokedex,pokopiadex_pokedex,official_pokemon_zh_names,image/png,61598,414e60e1719cb6689eccb29e21f8412cd7043bdf25a6005c60406934d6060f37,ok,
307,pokemon,Wooper,乌波,307-wooper.png,assets/pokopia_image_sources/pokemon_portraits/307-wooper.png,https://pokopiadex.com/images/pokemon/sprites/wooper.png,https://pokopiadex.com/pokedex,pokopiadex_pokedex,official_pokemon_zh_names,image/png,89114,533b3b0d24eeaa17290c72933af5a6a7f54c238571481f314fbf027b3db92e50,ok,
308,pokemon,Zapdos,闪电鸟,308-zapdos.png,assets/pokopia_image_sources/pokemon_portraits/308-zapdos.png,https://pokopiadex.com/images/pokemon/sprites/zapdos.png,https://pokopiadex.com/pokedex,pokopiadex_pokedex,official_pokemon_zh_names,image/png,118848,b6524d452c379bee2c86890d70741f3129f33dd520619254970e30d22dbd1fd3,ok,
309,pokemon,Zoroark,索罗亚克,309-zoroark.png,assets/pokopia_image_sources/pokemon_portraits/309-zoroark.png,https://pokopiadex.com/images/pokemon/sprites/zoroark.png,https://pokopiadex.com/pokedex,pokopiadex_pokedex,official_pokemon_zh_names,image/png,146844,5710367059e4ecaaf0a554e70cfc9bf9fe0def461767803c012e7cdf771ed7ca,ok,
310,pokemon,Zorua,索罗亚,310-zorua.png,assets/pokopia_image_sources/pokemon_portraits/310-zorua.png,https://pokopiadex.com/images/pokemon/sprites/zorua.png,https://pokopiadex.com/pokedex,pokopiadex_pokedex,official_pokemon_zh_names,image/png,128805,6b8cab14058f494b1bd833aafd7f272e9662b46052bd33a286d6610bc372acc0,ok,
311,pokemon,Zubat,超音蝠,311-zubat.png,assets/pokopia_image_sources/pokemon_portraits/311-zubat.png,https://pokopiadex.com/images/pokemon/sprites/zubat.png,https://pokopiadex.com/pokedex,pokopiadex_pokedex,official_pokemon_zh_names,image/png,112424,954c4b2e30950706b3c2879003742d28723bcf54b1e13f4024e4f656d4e164d3,ok,
