sequence,kind,name,name_zh_hans,category,tag,selection_reasons,image_url,image_source,fallback_image_url,pokopiadex_slug,pokopiadex_category,pokopiadex_tags,infipoke_slug,infipoke_category,infipoke_tag,source_pages,filename,relative_path,downloaded_url,downloaded_source,content_type,bytes,sha256,status,error
001,decorative_item,Adventure kit,,Misc.,Toy,pokopiadex_tag:toy,https://pokopiadex.com/images/items/item_ui/adventure-kit.png,pokopiadex_items,,adventure-kit,Misc.,Toy,,,,https://pokopiadex.com/items;https://infipoke.com/zh/game/pokopia/items,001-adventure-kit.png,assets/pokopia_image_sources/decorative_item_portraits/001-adventure-kit.png,https://pokopiadex.com/images/items/item_ui/adventure-kit.png,pokopiadex_items,image/png,133993,0186302ba18ec0d10babf09b0d43a688f5179f041fa0a9f24d0c7d738d4d68f9,ok,
002,decorative_item,Afternoon tea set,下午茶套餐,Misc.,Decoration,infipoke_tag:decoration;pokopiadex_tag:decoration,https://pokopiadex.com/images/items/item_ui/afternoon-tea-set.png,pokopiadex_items,https://infipoke.com/img/pokopia/items/afternoonteaset.webp,afternoon-tea-set,Misc.,Decoration,afternoonteaset,Misc.,Decoration,https://pokopiadex.com/items;https://infipoke.com/zh/game/pokopia/items,002-afternoon-tea-set.png,assets/pokopia_image_sources/decorative_item_portraits/002-afternoon-tea-set.png,https://pokopiadex.com/images/items/item_ui/afternoon-tea-set.png,pokopiadex_items,image/png,32240,bf0c8637ff5b2caf0494abfc7c99846e09f6a7b883ee2c0f89c7943839e1b173,ok,
003,decorative_item,Aged-stone flooring,风化石地板,Blocks,Road,infipoke_category:blocks;pokopiadex_category:blocks,https://pokopiadex.com/images/items/crafting_ui/aged-stone-flooring.png,pokopiadex_items,https://infipoke.com/img/pokopia/items/aged-stoneflooring.webp,aged-stone-flooring,Blocks,Road,aged-stoneflooring,Blocks,Road,https://pokopiadex.com/items;https://infipoke.com/zh/game/pokopia/items,003-aged-stone-flooring.png,assets/pokopia_image_sources/decorative_item_portraits/003-aged-stone-flooring.png,https://pokopiadex.com/images/items/crafting_ui/aged-stone-flooring.png,pokopiadex_items,image/png,106964,67b99fc14385b974b736bd9512ed6d083491b10eef182e017d13057ff6c2f158,ok,
004,decorative_item,Aged-stone wall,风化石墙,Blocks,,infipoke_category:blocks;pokopiadex_category:blocks,https://pokopiadex.com/images/items/crafting_ui/aged-stone-wall.png,pokopiadex_items,https://infipoke.com/img/pokopia/items/aged-stonewall.webp,aged-stone-wall,Blocks,,aged-stonewall,Blocks,,https://pokopiadex.com/items;https://infipoke.com/zh/game/pokopia/items,004-aged-stone-wall.png,assets/pokopia_image_sources/decorative_item_portraits/004-aged-stone-wall.png,https://pokopiadex.com/images/items/crafting_ui/aged-stone-wall.png,pokopiadex_items,image/png,114499,444aaea37c6deb31a4c105e433d53f67ec4975ad451ffbb34e3d3bc46f9421c2,ok,
005,decorative_item,Air conditioner,空调,Misc.,Decoration,infipoke_tag:decoration;pokopiadex_tag:decoration,https://pokopiadex.com/images/items/item_ui/air-conditioner.png,pokopiadex_items,https://infipoke.com/img/pokopia/items/airconditioner.webp,air-conditioner,Misc.,Decoration,airconditioner,Misc.,Decoration,https://pokopiadex.com/items;https://infipoke.com/zh/game/pokopia/items,005-air-conditioner.png,assets/pokopia_image_sources/decorative_item_portraits/005-air-conditioner.png,https://pokopiadex.com/images/items/item_ui/air-conditioner.png,pokopiadex_items,image/png,13590,fdd51323e434ed84633a765d0330601f280f4031d37ca382469934c5b5bd19b6,ok,
006,decorative_item,Alarm clock,闹钟,Misc.,Toy,infipoke_tag:toy;pokopiadex_tag:toy,https://pokopiadex.com/images/items/crafting_ui/alarm-clock.png,pokopiadex_items,https://infipoke.com/img/pokopia/items/alarmclock.webp,alarm-clock,Misc.,Toy,alarmclock,Misc.,Toy,https://pokopiadex.com/items;https://infipoke.com/zh/game/pokopia/items,006-alarm-clock.png,assets/pokopia_image_sources/decorative_item_portraits/006-alarm-clock.png,https://pokopiadex.com/images/items/crafting_ui/alarm-clock.png,pokopiadex_items,image/png,146827,f74797b40dd76bd5eac5962916a7c73c053ddeefd080732d7a6f6375c77517fb,ok,
007,decorative_item,Alpine grass,高山草,Blocks,,infipoke_category:blocks;pokopiadex_category:blocks,https://pokopiadex.com/images/items/item_ui/alpine-grass.png,pokopiadex_items,https://infipoke.com/img/pokopia/items/alpinegrass.webp,alpine-grass,Blocks,,alpinegrass,Blocks,,https://pokopiadex.com/items;https://infipoke.com/zh/game/pokopia/items,007-alpine-grass.png,assets/pokopia_image_sources/decorative_item_portraits/007-alpine-grass.png,https://pokopiadex.com/images/items/item_ui/alpine-grass.png,pokopiadex_items,image/png,102681,716c5bc54e98cab83d316e2db71fdce2c3a9e1ebf080a0077de3582e6c569770,ok,
008,decorative_item,Antique bed,古董床,Furniture,Relaxation,infipoke_category:furniture;pokopiadex_category:furniture,https://pokopiadex.com/images/items/item_ui/antique-bed.png,pokopiadex_items,https://infipoke.com/img/pokopia/items/antiquebed.webp,antique-bed,Furniture,Relaxation,antiquebed,Furniture,Relaxation,https://pokopiadex.com/items;https://infipoke.com/zh/game/pokopia/items,008-antique-bed.png,assets/pokopia_image_sources/decorative_item_portraits/008-antique-bed.png,https://pokopiadex.com/images/items/item_ui/antique-bed.png,pokopiadex_items,image/png,40639,15094eb81ed1b7a7b2815a0001d4ed230deca8537abe84ecf52b3cc22745336a,ok,
009,decorative_item,Antique chair,古董椅,Furniture,Relaxation,infipoke_category:furniture;pokopiadex_category:furniture,https://pokopiadex.com/images/items/item_ui/antique-chair.png,pokopiadex_items,https://infipoke.com/img/pokopia/items/antiquechair.webp,antique-chair,Furniture,Relaxation,antiquechair,Furniture,Relaxation,https://pokopiadex.com/items;https://infipoke.com/zh/game/pokopia/items,009-antique-chair.png,assets/pokopia_image_sources/decorative_item_portraits/009-antique-chair.png,https://pokopiadex.com/images/items/item_ui/antique-chair.png,pokopiadex_items,image/png,27009,117948a0b65273226e9e5e6a5c81281913e856cf6dd9f0737397ceb594bdbafc,ok,
010,decorative_item,Antique chandelier,古董吊灯,Utilities,Decoration,infipoke_tag:decoration;pokopiadex_tag:decoration,https://pokopiadex.com/images/items/item_ui/antique-chandelier.png,pokopiadex_items,https://infipoke.com/img/pokopia/items/antiquechandelier.webp,antique-chandelier,Utilities,Decoration,antiquechandelier,Utilities,Decoration,https://pokopiadex.com/items;https://infipoke.com/zh/game/pokopia/items,010-antique-chandelier.png,assets/pokopia_image_sources/decorative_item_portraits/010-antique-chandelier.png,https://pokopiadex.com/images/items/item_ui/antique-chandelier.png,pokopiadex_items,image/png,28385,dc6d64a315d2274ba1fbbeb0cf82f46195a4b9f1137d3d3f1c3f5e11a448ae8e,ok,
011,decorative_item,Antique chest,古董宝箱,Furniture,Decoration,infipoke_category:furniture;infipoke_tag:decoration;pokopiadex_category:furniture;pokopiadex_tag:decoration,https://pokopiadex.com/images/items/item_ui/antique-chest.png,pokopiadex_items,https://infipoke.com/img/pokopia/items/antiquechest.webp,antique-chest,Furniture,Decoration,antiquechest,Furniture,Decoration,https://pokopiadex.com/items;https://infipoke.com/zh/game/pokopia/items,011-antique-chest.png,assets/pokopia_image_sources/decorative_item_portraits/011-antique-chest.png,https://pokopiadex.com/images/items/item_ui/antique-chest.png,pokopiadex_items,image/png,25304,8110bdf1e0abee5ccdb86a9ae4c01ab0d38c6080f6f2284f3de397c3ee587dba,ok,
012,decorative_item,Antique clock,古董钟,Misc.,Decoration,infipoke_tag:decoration;pokopiadex_tag:toy,https://pokopiadex.com/images/items/item_ui/antique-clock.png,pokopiadex_items,https://infipoke.com/img/pokopia/items/antiqueclock.webp,antique-clock,Misc.,Toy,antiqueclock,Misc.,Decoration,https://pokopiadex.com/items;https://infipoke.com/zh/game/pokopia/items,012-antique-clock.png,assets/pokopia_image_sources/decorative_item_portraits/012-antique-clock.png,https://pokopiadex.com/images/items/item_ui/antique-clock.png,pokopiadex_items,image/png,31680,ae924adb9088a582971c0d02ab80f4f587b254dffdcbf255f82792e2fc9e654e,ok,
013,decorative_item,Antique closet,古董衣柜,Furniture,Decoration,infipoke_category:furniture;infipoke_tag:decoration;pokopiadex_category:furniture;pokopiadex_tag:decoration,https://pokopiadex.com/images/items/item_ui/antique-closet.png,pokopiadex_items,https://infipoke.com/img/pokopia/items/antiquecloset.webp,antique-closet,Furniture,Decoration,antiquecloset,Furniture,Decoration,https://pokopiadex.com/items;https://infipoke.com/zh/game/pokopia/items,013-antique-closet.png,assets/pokopia_image_sources/decorative_item_portraits/013-antique-closet.png,https://pokopiadex.com/images/items/item_ui/antique-closet.png,pokopiadex_items,image/png,26996,ab9226bf4b864a04b3009c951fbd4005960fc5288096c74a71c379c83afad315,ok,
014,decorative_item,Antique dresser,古董梳妆台,Furniture,Toy,infipoke_category:furniture;infipoke_tag:toy;pokopiadex_category:furniture;pokopiadex_tag:toy,https://pokopiadex.com/images/items/item_ui/antique-dresser.png,pokopiadex_items,https://infipoke.com/img/pokopia/items/antiquedresser.webp,antique-dresser,Furniture,Toy,antiquedresser,Furniture,Toy,https://pokopiadex.com/items;https://infipoke.com/zh/game/pokopia/items,014-antique-dresser.png,assets/pokopia_image_sources/decorative_item_portraits/014-antique-dresser.png,https://pokopiadex.com/images/items/item_ui/antique-dresser.png,pokopiadex_items,image/png,29897,75dd060de0913dd6d84cf298636a45f57707bbe11940b26d9df6b59c60bf34ec,ok,
015,decorative_item,Antique sofa,古董沙发,Furniture,Relaxation,infipoke_category:furniture;pokopiadex_category:furniture,https://pokopiadex.com/images/items/item_ui/antique-sofa.png,pokopiadex_items,https://infipoke.com/img/pokopia/items/antiquesofa.webp,antique-sofa,Furniture,Relaxation,antiquesofa,Furniture,Relaxation,https://pokopiadex.com/items;https://infipoke.com/zh/game/pokopia/items,015-antique-sofa.png,assets/pokopia_image_sources/decorative_item_portraits/015-antique-sofa.png,https://pokopiadex.com/images/items/item_ui/antique-sofa.png,pokopiadex_items,image/png,30593,47074dbe948fa3fb1e60e433a78313da4e611af0c23520acb0f0a29af8decb88,ok,
016,decorative_item,Antique table,古董桌,Furniture,,infipoke_category:furniture;pokopiadex_category:furniture,https://pokopiadex.com/images/items/item_ui/antique-table.png,pokopiadex_items,https://infipoke.com/img/pokopia/items/antiquetable.webp,antique-table,Furniture,,antiquetable,Furniture,,https://pokopiadex.com/items;https://infipoke.com/zh/game/pokopia/items,016-antique-table.png,assets/pokopia_image_sources/decorative_item_portraits/016-antique-table.png,https://pokopiadex.com/images/items/item_ui/antique-table.png,pokopiadex_items,image/png,14937,6647e490b72bf331d6ff3959513ecd50c225b4b9c330fb971d5ab45f31ccd3f8,ok,
017,decorative_item,Antique wall (lower),古董墙（下）,Blocks,,infipoke_category:blocks;pokopiadex_category:blocks,https://pokopiadex.com/images/items/item_ui/antique-wall-lower.png,pokopiadex_items,https://infipoke.com/img/pokopia/items/antiquewall%28lower%29.webp,antique-wall-lower,Blocks,,antiquewall(lower),Blocks,,https://pokopiadex.com/items;https://infipoke.com/zh/game/pokopia/items,017-antique-wall-lower.png,assets/pokopia_image_sources/decorative_item_portraits/017-antique-wall-lower.png,https://pokopiadex.com/images/items/item_ui/antique-wall-lower.png,pokopiadex_items,image/png,33499,4e4f0830e33e5d6ce829d7a3a4b6d57e1cf25858a00bd92f8d7b0c7f9abc8fca,ok,
018,decorative_item,Antique wall (middle),古董墙（中）,Blocks,,infipoke_category:blocks;pokopiadex_category:blocks,https://pokopiadex.com/images/items/item_ui/antique-wall-middle.png,pokopiadex_items,https://infipoke.com/img/pokopia/items/antiquewall%28middle%29.webp,antique-wall-middle,Blocks,,antiquewall(middle),Blocks,,https://pokopiadex.com/items;https://infipoke.com/zh/game/pokopia/items,018-antique-wall-middle.png,assets/pokopia_image_sources/decorative_item_portraits/018-antique-wall-middle.png,https://pokopiadex.com/images/items/item_ui/antique-wall-middle.png,pokopiadex_items,image/png,34653,fbe0a4595965631d4b462763d7ce1e1cf377736886080dc7c7deb5f89ba45298,ok,
019,decorative_item,Antique wall (upper),古董墙（上）,Blocks,,infipoke_category:blocks;pokopiadex_category:blocks,https://pokopiadex.com/images/items/item_ui/antique-wall-upper.png,pokopiadex_items,https://infipoke.com/img/pokopia/items/antiquewall%28upper%29.webp,antique-wall-upper,Blocks,,antiquewall(upper),Blocks,,https://pokopiadex.com/items;https://infipoke.com/zh/game/pokopia/items,019-antique-wall-upper.png,assets/pokopia_image_sources/decorative_item_portraits/019-antique-wall-upper.png,https://pokopiadex.com/images/items/item_ui/antique-wall-upper.png,pokopiadex_items,image/png,33884,ac61b629837e5a5e8ced9e1213d85dd495c69d202c5dfe5d92d4ec889ca1d618,ok,
020,decorative_item,Arcade machine,街机,Misc.,Toy,infipoke_tag:toy;pokopiadex_tag:toy,https://pokopiadex.com/images/items/item_ui/arcade-machine.png,pokopiadex_items,https://infipoke.com/img/pokopia/items/arcademachine.webp,arcade-machine,Misc.,Toy,arcademachine,Misc.,Toy,https://pokopiadex.com/items;https://infipoke.com/zh/game/pokopia/items,020-arcade-machine.png,assets/pokopia_image_sources/decorative_item_portraits/020-arcade-machine.png,https://pokopiadex.com/images/items/item_ui/arcade-machine.png,pokopiadex_items,image/png,106241,40ddb55f2e4f590ed80b49769dd30f47675fd22d63a85f8681b2d0735d7ff751,ok,
021,decorative_item,Arcanine doll,风速狗玩偶,Misc.,Toy,infipoke_tag:toy;pokopiadex_tag:toy,https://pokopiadex.com/images/items/item_ui/arcanine-doll.png,pokopiadex_items,https://infipoke.com/img/pokopia/items/arcaninedoll.webp,arcanine-doll,Misc.,Toy,arcaninedoll,Misc.,Toy,https://pokopiadex.com/items;https://infipoke.com/zh/game/pokopia/items,021-arcanine-doll.png,assets/pokopia_image_sources/decorative_item_portraits/021-arcanine-doll.png,https://pokopiadex.com/images/items/item_ui/arcanine-doll.png,pokopiadex_items,image/png,151923,1036b81812ea3b40980580175937336e47ece624b11e1e06f8c66333ec6a4dd2,ok,
022,decorative_item,Arched tiling,拱形砖,Blocks,Road,infipoke_category:blocks;pokopiadex_category:blocks,https://pokopiadex.com/images/items/crafting_ui/arched-tiling.png,pokopiadex_items,https://infipoke.com/img/pokopia/items/archedtiling.webp,arched-tiling,Blocks,Road,archedtiling,Blocks,Road,https://pokopiadex.com/items;https://infipoke.com/zh/game/pokopia/items,022-arched-tiling.png,assets/pokopia_image_sources/decorative_item_portraits/022-arched-tiling.png,https://pokopiadex.com/images/items/crafting_ui/arched-tiling.png,pokopiadex_items,image/png,146493,205f7fadec2acf4302619f4b0f69d7193764613ec80148c3c13763bc131c0a0b,ok,
023,decorative_item,Argyle print,菱格纹花纹,Blocks,,infipoke_category:blocks;pokopiadex_category:blocks,https://pokopiadex.com/images/items/item_ui/argyle-print.png,pokopiadex_items,https://infipoke.com/img/pokopia/items/argyleprint.webp,argyle-print,Blocks,,argyleprint,Blocks,,https://pokopiadex.com/items;https://infipoke.com/zh/game/pokopia/items,023-argyle-print.png,assets/pokopia_image_sources/decorative_item_portraits/023-argyle-print.png,https://pokopiadex.com/images/items/item_ui/argyle-print.png,pokopiadex_items,image/png,47052,70d510afe24fef003cda2d68a25156617530ce569e87dad5e453576e0729c788,ok,
024,decorative_item,Armor Fossil,盾甲化石,Other,Decoration,infipoke_tag:decoration;pokopiadex_tag:decoration,https://pokopiadex.com/images/items/item_ui/armor-fossil.png,pokopiadex_items,https://infipoke.com/img/pokopia/items/armorfossil.webp,armor-fossil,Other,Decoration,armorfossil,Other,Decoration,https://pokopiadex.com/items;https://infipoke.com/zh/game/pokopia/items,024-armor-fossil.png,assets/pokopia_image_sources/decorative_item_portraits/024-armor-fossil.png,https://pokopiadex.com/images/items/item_ui/armor-fossil.png,pokopiadex_items,image/png,140707,8f699160ab684781a10d883646cf0f32a4b00e4db73a31ecc3749a796e891814,ok,
025,decorative_item,Arrow sign,箭头指示牌,Outdoor,Decoration,infipoke_tag:decoration;pokopiadex_tag:decoration,https://pokopiadex.com/images/items/item_ui/arrow-sign.png,pokopiadex_items,https://infipoke.com/img/pokopia/items/arrowsign.webp,arrow-sign,Outdoor,Decoration,arrowsign,Outdoor,Decoration,https://pokopiadex.com/items;https://infipoke.com/zh/game/pokopia/items,025-arrow-sign.png,assets/pokopia_image_sources/decorative_item_portraits/025-arrow-sign.png,https://pokopiadex.com/images/items/item_ui/arrow-sign.png,pokopiadex_items,image/png,92842,bdbb872e852c5fe99bb35e7b9c57fcb4017533192c6f65c039f925263b7f91af,ok,
026,decorative_item,Asphalt road,柏油路,Blocks,Road,infipoke_category:blocks;pokopiadex_category:blocks,https://pokopiadex.com/images/items/crafting_ui/asphalt-road.png,pokopiadex_items,https://infipoke.com/img/pokopia/items/asphaltroad.webp,asphalt-road,Blocks,Road,asphaltroad,Blocks,Road,https://pokopiadex.com/items;https://infipoke.com/zh/game/pokopia/items,026-asphalt-road.png,assets/pokopia_image_sources/decorative_item_portraits/026-asphalt-road.png,https://pokopiadex.com/images/items/crafting_ui/asphalt-road.png,pokopiadex_items,image/png,126578,a0101f8671e5186323e148d2245f50ac77e940b7cc8c774d8140a6d39d713846,ok,
027,decorative_item,Audio mixer,调音台,Misc.,Toy,infipoke_tag:toy;pokopiadex_tag:toy,https://pokopiadex.com/images/items/item_ui/audio-mixer.png,pokopiadex_items,https://infipoke.com/img/pokopia/items/audiomixer.webp,audio-mixer,Misc.,Toy,audiomixer,Misc.,Toy,https://pokopiadex.com/items;https://infipoke.com/zh/game/pokopia/items,027-audio-mixer.png,assets/pokopia_image_sources/decorative_item_portraits/027-audio-mixer.png,https://pokopiadex.com/images/items/item_ui/audio-mixer.png,pokopiadex_items,image/png,26689,a5c56dbb459bca3c78aaac92fd4bd3f116a0ff951ef10ffc5d459ff6a74c315e,ok,
028,decorative_item,Auspicious Armor,祝庆铠甲,Misc.,Toy,infipoke_tag:toy;pokopiadex_tag:decoration,https://pokopiadex.com/images/items/item_ui/auspicious-armor.png,pokopiadex_items,https://infipoke.com/img/pokopia/items/auspiciousarmor.webp,auspicious-armor,Misc.,Decoration,auspiciousarmor,Misc.,Toy,https://pokopiadex.com/items;https://infipoke.com/zh/game/pokopia/items,028-auspicious-armor.png,assets/pokopia_image_sources/decorative_item_portraits/028-auspicious-armor.png,https://pokopiadex.com/images/items/item_ui/auspicious-armor.png,pokopiadex_items,image/png,38156,4957d5b6398f9c1692c2fb06184e3804c14cc827c27721e778b3026ba844ada3,ok,
029,decorative_item,Avalugg Table,冰岩怪桌,Furniture,,infipoke_category:furniture;pokopiadex_category:furniture,https://pokopiadex.com/images/items/item_ui/avalugg-table.png,pokopiadex_items,https://infipoke.com/img/pokopia/items/avaluggtable.webp,avalugg-table,Furniture,,avaluggtable,Furniture,,https://pokopiadex.com/items;https://infipoke.com/zh/game/pokopia/items,029-avalugg-table.png,assets/pokopia_image_sources/decorative_item_portraits/029-avalugg-table.png,https://pokopiadex.com/images/items/item_ui/avalugg-table.png,pokopiadex_items,image/png,117273,d1729629d398e7120353927724f4cede0f790b67bece67c9f5026532596a7191,ok,
030,decorative_item,Balloons,气球,Misc.,Toy,infipoke_tag:toy;pokopiadex_tag:toy,https://pokopiadex.com/images/items/shop_ui/balloons.png,pokopiadex_items,https://infipoke.com/img/pokopia/items/balloons.webp,balloons,Misc.,Toy,balloons,Misc.,Toy,https://pokopiadex.com/items;https://infipoke.com/zh/game/pokopia/items,030-balloons.png,assets/pokopia_image_sources/decorative_item_portraits/030-balloons.png,https://pokopiadex.com/images/items/shop_ui/balloons.png,pokopiadex_items,image/png,156810,6b743f97a78b1a51d98974bf41fbb3787ea2e0023b89eaedce22f39cb04a70cc,ok,
031,decorative_item,Barrel,木桶,Outdoor,Decoration,infipoke_tag:decoration;pokopiadex_tag:decoration,https://pokopiadex.com/images/items/item_ui/barrel.png,pokopiadex_items,https://infipoke.com/img/pokopia/items/barrel.webp,barrel,Outdoor,Decoration,barrel,Outdoor,Decoration,https://pokopiadex.com/items;https://infipoke.com/zh/game/pokopia/items,031-barrel.png,assets/pokopia_image_sources/decorative_item_portraits/031-barrel.png,https://pokopiadex.com/images/items/item_ui/barrel.png,pokopiadex_items,image/png,35096,ffda5ecca078056c717540b095822d7d004ecdd9733e8283a2f1b22ed185b0f7,ok,
032,decorative_item,Barren ordinary soil,荒芜普通泥土,Blocks,,infipoke_category:blocks;pokopiadex_category:blocks,https://pokopiadex.com/images/items/item_ui/barren-ordinary-soil.png,pokopiadex_items,https://infipoke.com/img/pokopia/items/barrenordinarysoil.webp,barren-ordinary-soil,Blocks,,barrenordinarysoil,Blocks,,https://pokopiadex.com/items;https://infipoke.com/zh/game/pokopia/items,032-barren-ordinary-soil.png,assets/pokopia_image_sources/decorative_item_portraits/032-barren-ordinary-soil.png,https://pokopiadex.com/images/items/item_ui/barren-ordinary-soil.png,pokopiadex_items,image/png,22122,28572b2ee040770c68078b42a0498aa1761a76aff9d1c8c01959be12d23a8abb,ok,
033,decorative_item,Barren pure-white soil,荒芜纯白泥土,Blocks,,infipoke_category:blocks,https://infipoke.com/img/pokopia/items/barrenpure-whitesoil.webp,infipoke_items,,,,,barrenpure-whitesoil,Blocks,,https://pokopiadex.com/items;https://infipoke.com/zh/game/pokopia/items,033-barren-pure-white-soil.webp,assets/pokopia_image_sources/decorative_item_portraits/033-barren-pure-white-soil.webp,https://infipoke.com/img/pokopia/items/barrenpure-whitesoil.webp,infipoke_items,image/webp,1070,318793b61783332944d0e9df85b7694f2e1378efc75c618eb234305e144dd360,ok,
034,decorative_item,Barren striped soil,荒芜条纹泥土,Blocks,,infipoke_category:blocks;pokopiadex_category:blocks,https://pokopiadex.com/images/items/item_ui/barren-striped-soil.png,pokopiadex_items,https://infipoke.com/img/pokopia/items/barrenstripedsoil.webp,barren-striped-soil,Blocks,,barrenstripedsoil,Blocks,,https://pokopiadex.com/items;https://infipoke.com/zh/game/pokopia/items,034-barren-striped-soil.png,assets/pokopia_image_sources/decorative_item_portraits/034-barren-striped-soil.png,https://pokopiadex.com/images/items/item_ui/barren-striped-soil.png,pokopiadex_items,image/png,22995,08eb18d0e92d081d55709ee53d36888af641d82a3f22aa4dacc9a97006cd4dd7,ok,
035,decorative_item,Bathtime set,沐浴套装,Misc.,Toy,infipoke_tag:toy;pokopiadex_tag:toy,https://pokopiadex.com/images/items/item_ui/bathtime-set.png,pokopiadex_items,https://infipoke.com/img/pokopia/items/bathtimeset.webp,bathtime-set,Misc.,Toy,bathtimeset,Misc.,Toy,https://pokopiadex.com/items;https://infipoke.com/zh/game/pokopia/items,035-bathtime-set.png,assets/pokopia_image_sources/decorative_item_portraits/035-bathtime-set.png,https://pokopiadex.com/images/items/item_ui/bathtime-set.png,pokopiadex_items,image/png,41032,ea598d1549cba57281e58bc04d0a4f204b486d02a2c47b559b830989462874ed,ok,
036,decorative_item,Bathtub,浴缸,Misc.,Toy,infipoke_tag:toy;pokopiadex_tag:decoration,https://pokopiadex.com/images/items/item_ui/bathtub.png,pokopiadex_items,https://infipoke.com/img/pokopia/items/bathtub.webp,bathtub,Misc.,Decoration,bathtub,Misc.,Toy,https://pokopiadex.com/items;https://infipoke.com/zh/game/pokopia/items,036-bathtub.png,assets/pokopia_image_sources/decorative_item_portraits/036-bathtub.png,https://pokopiadex.com/images/items/item_ui/bathtub.png,pokopiadex_items,image/png,18724,a28b20b62708cd8fc690a6a51ac89808fe281c866816fa4630576442e2af0599,ok,
037,decorative_item,Beach chair,沙滩椅,Furniture,Relaxation,infipoke_category:furniture;pokopiadex_category:furniture,https://pokopiadex.com/images/items/crafting_ui/beach-chair.png,pokopiadex_items,https://infipoke.com/img/pokopia/items/beachchair.webp,beach-chair,Furniture,Relaxation,beachchair,Furniture,Relaxation,https://pokopiadex.com/items;https://infipoke.com/zh/game/pokopia/items,037-beach-chair.png,assets/pokopia_image_sources/decorative_item_portraits/037-beach-chair.png,https://pokopiadex.com/images/items/crafting_ui/beach-chair.png,pokopiadex_items,image/png,137627,df9a1420cc93c46b87993171583815fcafa3ec1a57ea9a44c79b6dff21e1a883,ok,
038,decorative_item,Beach sand,海滩沙子,Blocks,,infipoke_category:blocks;pokopiadex_category:blocks,https://pokopiadex.com/images/items/item_ui/beach-sand.png,pokopiadex_items,https://infipoke.com/img/pokopia/items/beachsand.webp,beach-sand,Blocks,,beachsand,Blocks,,https://pokopiadex.com/items;https://infipoke.com/zh/game/pokopia/items,038-beach-sand.png,assets/pokopia_image_sources/decorative_item_portraits/038-beach-sand.png,https://pokopiadex.com/images/items/item_ui/beach-sand.png,pokopiadex_items,image/png,82013,4a74c2fecbd7d5dd5df5d6574df27e9b9e41a6a83a09a23bc2f44f321e942345,ok,
039,decorative_item,Bell,钟,Outdoor,Toy,pokopiadex_tag:toy,https://pokopiadex.com/images/items/crafting_ui/bell.png,pokopiadex_items,https://infipoke.com/img/pokopia/items/bell.webp,bell,Outdoor,Toy,bell,Outdoor,,https://pokopiadex.com/items;https://infipoke.com/zh/game/pokopia/items,039-bell.png,assets/pokopia_image_sources/decorative_item_portraits/039-bell.png,https://pokopiadex.com/images/items/crafting_ui/bell.png,pokopiadex_items,image/png,122290,3c44adc0df6bc79dda67973b7ea8a858f48e144247bb3d33ca67ec4795e13821,ok,
040,decorative_item,Berry basket,树果篮,Misc.,Decoration,infipoke_tag:decoration;pokopiadex_tag:decoration,https://pokopiadex.com/images/items/crafting_ui/berry-basket.png,pokopiadex_items,https://infipoke.com/img/pokopia/items/berrybasket.webp,berry-basket,Misc.,Decoration,berrybasket,Misc.,Decoration,https://pokopiadex.com/items;https://infipoke.com/zh/game/pokopia/items,040-berry-basket.png,assets/pokopia_image_sources/decorative_item_portraits/040-berry-basket.png,https://pokopiadex.com/images/items/crafting_ui/berry-basket.png,pokopiadex_items,image/png,218198,cd6efde06f194dccad7c99bb365448b0506cb4b3f1ccf40a3353f4db8c89d490,ok,
041,decorative_item,Berry bed,树果床,Furniture,Relaxation,infipoke_category:furniture;pokopiadex_category:furniture,https://pokopiadex.com/images/items/item_ui/berry-bed.png,pokopiadex_items,https://infipoke.com/img/pokopia/items/berrybed.webp,berry-bed,Furniture,Relaxation,berrybed,Furniture,Relaxation,https://pokopiadex.com/items;https://infipoke.com/zh/game/pokopia/items,041-berry-bed.png,assets/pokopia_image_sources/decorative_item_portraits/041-berry-bed.png,https://pokopiadex.com/images/items/item_ui/berry-bed.png,pokopiadex_items,image/png,26804,95902a6dd2f1af219d8ff89ad345c980f8c766079bec3c6385b3f80dff072e49,ok,
042,decorative_item,Berry case,树果箱,Furniture,Decoration,infipoke_category:furniture;infipoke_tag:decoration;pokopiadex_category:furniture;pokopiadex_tag:decoration,https://pokopiadex.com/images/items/item_ui/berry-case.png,pokopiadex_items,https://infipoke.com/img/pokopia/items/berrycase.webp,berry-case,Furniture,Decoration,berrycase,Furniture,Decoration,https://pokopiadex.com/items;https://infipoke.com/zh/game/pokopia/items,042-berry-case.png,assets/pokopia_image_sources/decorative_item_portraits/042-berry-case.png,https://pokopiadex.com/images/items/item_ui/berry-case.png,pokopiadex_items,image/png,29321,80155316749ad465dfa45590930ff83096846ebeeb87196f39504fe2d04e9c26,ok,
043,decorative_item,Berry chair,树果椅,Furniture,Relaxation,infipoke_category:furniture;pokopiadex_category:furniture,https://pokopiadex.com/images/items/item_ui/berry-chair.png,pokopiadex_items,https://infipoke.com/img/pokopia/items/berrychair.webp,berry-chair,Furniture,Relaxation,berrychair,Furniture,Relaxation,https://pokopiadex.com/items;https://infipoke.com/zh/game/pokopia/items,043-berry-chair.png,assets/pokopia_image_sources/decorative_item_portraits/043-berry-chair.png,https://pokopiadex.com/images/items/item_ui/berry-chair.png,pokopiadex_items,image/png,24220,0ae6459b6ae8ea39bfb85872e297ce437a4402bfc541ae79610f423e573dc5c6,ok,
044,decorative_item,Berry clock,树果钟,Misc.,Decoration,infipoke_tag:decoration;pokopiadex_tag:toy,https://pokopiadex.com/images/items/item_ui/berry-clock.png,pokopiadex_items,https://infipoke.com/img/pokopia/items/berryclock.webp,berry-clock,Misc.,Toy,berryclock,Misc.,Decoration,https://pokopiadex.com/items;https://infipoke.com/zh/game/pokopia/items,044-berry-clock.png,assets/pokopia_image_sources/decorative_item_portraits/044-berry-clock.png,https://pokopiadex.com/images/items/item_ui/berry-clock.png,pokopiadex_items,image/png,32001,e5bd4e0c76ad441e3415f7a988a69a24e9c3e187b23e375346ab166c519197c7,ok,
045,decorative_item,Berry hanging lamp,树果吊灯,Utilities,Decoration,infipoke_tag:decoration;pokopiadex_tag:decoration,https://pokopiadex.com/images/items/item_ui/berry-hanging-lamp.png,pokopiadex_items,https://infipoke.com/img/pokopia/items/berryhanginglamp.webp,berry-hanging-lamp,Utilities,Decoration,berryhanginglamp,Utilities,Decoration,https://pokopiadex.com/items;https://infipoke.com/zh/game/pokopia/items,045-berry-hanging-lamp.png,assets/pokopia_image_sources/decorative_item_portraits/045-berry-hanging-lamp.png,https://pokopiadex.com/images/items/item_ui/berry-hanging-lamp.png,pokopiadex_items,image/png,11329,3b2cf5b5b33cc3902d7a33bc1d7ba9d91358ca7a139fdecf903184891de19101,ok,
046,decorative_item,Berry print,树果花纹,Blocks,,infipoke_category:blocks;pokopiadex_category:blocks,https://pokopiadex.com/images/items/item_ui/berry-print.png,pokopiadex_items,https://infipoke.com/img/pokopia/items/berryprint.webp,berry-print,Blocks,,berryprint,Blocks,,https://pokopiadex.com/items;https://infipoke.com/zh/game/pokopia/items,046-berry-print.png,assets/pokopia_image_sources/decorative_item_portraits/046-berry-print.png,https://pokopiadex.com/images/items/item_ui/berry-print.png,pokopiadex_items,image/png,27749,ecf9fb04c2cb8fd11a9ef64b2d324aba07b0b88456f30ee62b8308e174eb6367,ok,
047,decorative_item,Berry table,树果桌,Furniture,,infipoke_category:furniture;pokopiadex_category:furniture,https://pokopiadex.com/images/items/item_ui/berry-table.png,pokopiadex_items,https://infipoke.com/img/pokopia/items/berrytable.webp,berry-table,Furniture,,berrytable,Furniture,,https://pokopiadex.com/items;https://infipoke.com/zh/game/pokopia/items,047-berry-table.png,assets/pokopia_image_sources/decorative_item_portraits/047-berry-table.png,https://pokopiadex.com/images/items/item_ui/berry-table.png,pokopiadex_items,image/png,28193,1701847924229f9c1b0a703779c9e330917ab5ea3bfd60af721d4e2e8c2a2f1f,ok,
048,decorative_item,Berry table lamp,树果台灯,Utilities,Decoration,infipoke_tag:decoration;pokopiadex_tag:decoration,https://pokopiadex.com/images/items/item_ui/berry-table-lamp.png,pokopiadex_items,https://infipoke.com/img/pokopia/items/berrytablelamp.webp,berry-table-lamp,Utilities,Decoration,berrytablelamp,Utilities,Decoration,https://pokopiadex.com/items;https://infipoke.com/zh/game/pokopia/items,048-berry-table-lamp.png,assets/pokopia_image_sources/decorative_item_portraits/048-berry-table-lamp.png,https://pokopiadex.com/images/items/item_ui/berry-table-lamp.png,pokopiadex_items,image/png,27883,564a6ae603d7661cdd9527bdeff6238ae2b2a7b94496e0c880ade43f24fc8bbd,ok,
049,decorative_item,Berry wall decoration,树果墙饰,Misc.,Decoration,infipoke_tag:decoration;pokopiadex_tag:decoration,https://pokopiadex.com/images/items/item_ui/berry-wall-decoration.png,pokopiadex_items,https://infipoke.com/img/pokopia/items/berrywalldecoration.webp,berry-wall-decoration,Misc.,Decoration,berrywalldecoration,Misc.,Decoration,https://pokopiadex.com/items;https://infipoke.com/zh/game/pokopia/items,049-berry-wall-decoration.png,assets/pokopia_image_sources/decorative_item_portraits/049-berry-wall-decoration.png,https://pokopiadex.com/images/items/item_ui/berry-wall-decoration.png,pokopiadex_items,image/png,41571,ed08bdf95b7ee0fd1fd84032e82dde24d03a7085ce640cb933034a4ba31c97b8,ok,
050,decorative_item,Big drum,大鼓,Misc.,Toy,infipoke_tag:toy;pokopiadex_tag:toy,https://pokopiadex.com/images/items/item_ui/big-drum.png,pokopiadex_items,https://infipoke.com/img/pokopia/items/bigdrum.webp,big-drum,Misc.,Toy,bigdrum,Misc.,Toy,https://pokopiadex.com/items;https://infipoke.com/zh/game/pokopia/items,050-big-drum.png,assets/pokopia_image_sources/decorative_item_portraits/050-big-drum.png,https://pokopiadex.com/images/items/item_ui/big-drum.png,pokopiadex_items,image/png,31760,3b02f72cee3c88357c0a1965ce7d8d67f75388dff0eecc5ed17b060178a5d450,ok,
051,decorative_item,Big Nugget,巨型金珠,Misc.,Decoration,infipoke_tag:decoration;pokopiadex_tag:toy,https://pokopiadex.com/images/items/item_ui/big-nugget.png,pokopiadex_items,https://infipoke.com/img/pokopia/items/bignugget.webp,big-nugget,Misc.,Toy,bignugget,Misc.,Decoration,https://pokopiadex.com/items;https://infipoke.com/zh/game/pokopia/items,051-big-nugget.png,assets/pokopia_image_sources/decorative_item_portraits/051-big-nugget.png,https://pokopiadex.com/images/items/item_ui/big-nugget.png,pokopiadex_items,image/png,81010,dc6d8abfe7dec2190373dcc4e784d32107bfb33eabf7a6ab27b9953762df089a,ok,
052,decorative_item,Big storage box,大型收纳箱,Furniture,,infipoke_category:furniture;pokopiadex_category:furniture,https://pokopiadex.com/images/items/crafting_ui/big-storage-box.png,pokopiadex_items,https://infipoke.com/img/pokopia/items/bigstoragebox.webp,big-storage-box,Furniture,,bigstoragebox,Furniture,,https://pokopiadex.com/items;https://infipoke.com/zh/game/pokopia/items,052-big-storage-box.png,assets/pokopia_image_sources/decorative_item_portraits/052-big-storage-box.png,https://pokopiadex.com/images/items/crafting_ui/big-storage-box.png,pokopiadex_items,image/png,135463,0f224b970abf78d4f7cb46b6514042ad54886ed6e5497eee8c5ab0a1686d99dc,ok,
053,decorative_item,Bike,自行车,Outdoor,Decoration,infipoke_tag:decoration;pokopiadex_tag:toy,https://pokopiadex.com/images/items/item_ui/bike.png,pokopiadex_items,https://infipoke.com/img/pokopia/items/bike.webp,bike,Outdoor,Toy,bike,Outdoor,Decoration,https://pokopiadex.com/items;https://infipoke.com/zh/game/pokopia/items,053-bike.png,assets/pokopia_image_sources/decorative_item_portraits/053-bike.png,https://pokopiadex.com/images/items/item_ui/bike.png,pokopiadex_items,image/png,136351,4aac659ef5eefe4af162bb3437e04f49a814b30924c84fedc76173c10f51b669,ok,
054,decorative_item,Black cliff rock,黑色悬崖岩石,Blocks,,infipoke_category:blocks;pokopiadex_category:blocks,https://pokopiadex.com/images/items/item_ui/black-cliff-rock.png,pokopiadex_items,https://infipoke.com/img/pokopia/items/blackcliffrock.webp,black-cliff-rock,Blocks,,blackcliffrock,Blocks,,https://pokopiadex.com/items;https://infipoke.com/zh/game/pokopia/items,054-black-cliff-rock.png,assets/pokopia_image_sources/decorative_item_portraits/054-black-cliff-rock.png,https://pokopiadex.com/images/items/item_ui/black-cliff-rock.png,pokopiadex_items,image/png,31274,935a57c41bc0440d81c339d0cf02049603f27748f16655b35f89d1803c803076,ok,
055,decorative_item,Black rock,黑色岩石,Blocks,,infipoke_category:blocks;pokopiadex_category:blocks,https://pokopiadex.com/images/items/item_ui/black-rock.png,pokopiadex_items,https://infipoke.com/img/pokopia/items/blackrock.webp,black-rock,Blocks,,blackrock,Blocks,,https://pokopiadex.com/items;https://infipoke.com/zh/game/pokopia/items,055-black-rock.png,assets/pokopia_image_sources/decorative_item_portraits/055-black-rock.png,https://pokopiadex.com/images/items/item_ui/black-rock.png,pokopiadex_items,image/png,95563,e43408d396c3387201d2b14ed5667f61fbfe42626b11bf6b8d00186c65fe8ac9,ok,
056,decorative_item,Black spotted cliff rock,黑色斑纹悬崖岩石,Blocks,,infipoke_category:blocks;pokopiadex_category:blocks,https://pokopiadex.com/images/items/item_ui/black-spotted-cliff-rock.png,pokopiadex_items,https://infipoke.com/img/pokopia/items/blackspottedcliffrock.webp,black-spotted-cliff-rock,Blocks,,blackspottedcliffrock,Blocks,,https://pokopiadex.com/items;https://infipoke.com/zh/game/pokopia/items,056-black-spotted-cliff-rock.png,assets/pokopia_image_sources/decorative_item_portraits/056-black-spotted-cliff-rock.png,https://pokopiadex.com/images/items/item_ui/black-spotted-cliff-rock.png,pokopiadex_items,image/png,31187,68b889b735b9fe1c12d847372111397089a09901b2314e5bd0e7e0478830cc19,ok,
057,decorative_item,Blank canvas,空白画布,Outdoor,Decoration,infipoke_tag:decoration;pokopiadex_tag:decoration,https://pokopiadex.com/images/items/item_ui/blank-canvas.png,pokopiadex_items,https://infipoke.com/img/pokopia/items/blankcanvas.webp,blank-canvas,Outdoor,Decoration,blankcanvas,Outdoor,Decoration,https://pokopiadex.com/items;https://infipoke.com/zh/game/pokopia/items,057-blank-canvas.png,assets/pokopia_image_sources/decorative_item_portraits/057-blank-canvas.png,https://pokopiadex.com/images/items/item_ui/blank-canvas.png,pokopiadex_items,image/png,21541,a7d0090c5aade8f07125c6a46149249fc62a26104c13d28ac3ac79144bc33965,ok,
058,decorative_item,Blue meteor lamp,蓝色流星灯,Utilities,Decoration,infipoke_tag:decoration;pokopiadex_tag:decoration,https://pokopiadex.com/images/items/item_ui/blue-meteor-lamp.png,pokopiadex_items,https://infipoke.com/img/pokopia/items/bluemeteorlamp.webp,blue-meteor-lamp,Utilities,Decoration,bluemeteorlamp,Utilities,Decoration,https://pokopiadex.com/items;https://infipoke.com/zh/game/pokopia/items,058-blue-meteor-lamp.png,assets/pokopia_image_sources/decorative_item_portraits/058-blue-meteor-lamp.png,https://pokopiadex.com/images/items/item_ui/blue-meteor-lamp.png,pokopiadex_items,image/png,33805,868869d235e7ba2ae22d11e7dec7d0d57abb94cf4d567f865bc47ae6d70e7db0,ok,
059,decorative_item,Bonfire,篝火,Outdoor,Decoration,infipoke_tag:decoration;pokopiadex_tag:decoration,https://pokopiadex.com/images/items/shop_ui/bonfire.png,pokopiadex_items,https://infipoke.com/img/pokopia/items/bonfire.webp,bonfire,Outdoor,Decoration,bonfire,Outdoor,Decoration,https://pokopiadex.com/items;https://infipoke.com/zh/game/pokopia/items,059-bonfire.png,assets/pokopia_image_sources/decorative_item_portraits/059-bonfire.png,https://pokopiadex.com/images/items/shop_ui/bonfire.png,pokopiadex_items,image/png,351479,8f0b65010182e2e213e598ab3489301b11be81528557f714bde368cdf51e9f1f,ok,
060,decorative_item,Boo-in-the-box,惊吓盒,Misc.,Toy,infipoke_tag:toy;pokopiadex_tag:toy,https://pokopiadex.com/images/items/item_ui/boo-in-the-box.png,pokopiadex_items,https://infipoke.com/img/pokopia/items/boo-in-the-box.webp,boo-in-the-box,Misc.,Toy,boo-in-the-box,Misc.,Toy,https://pokopiadex.com/items;https://infipoke.com/zh/game/pokopia/items,060-boo-in-the-box.png,assets/pokopia_image_sources/decorative_item_portraits/060-boo-in-the-box.png,https://pokopiadex.com/images/items/item_ui/boo-in-the-box.png,pokopiadex_items,image/png,125310,e76729b2a3ddc42f2c4041ca1db82940bf6e82a57b05b7d4362b0fe55cd77820,ok,
061,decorative_item,Book,书本,Misc.,Toy,infipoke_tag:toy;pokopiadex_tag:toy,https://pokopiadex.com/images/items/item_ui/book.png,pokopiadex_items,https://infipoke.com/img/pokopia/items/book.webp,book,Misc.,Toy,book,Misc.,Toy,https://pokopiadex.com/items;https://infipoke.com/zh/game/pokopia/items,061-book.png,assets/pokopia_image_sources/decorative_item_portraits/061-book.png,https://pokopiadex.com/images/items/item_ui/book.png,pokopiadex_items,image/png,111131,02203a49ff5b34752f0e91fbc47298d69b8fd044842da9b3460afc937692567e,ok,
062,decorative_item,Book pile,书堆,Misc.,Toy,infipoke_tag:toy;pokopiadex_tag:toy,https://pokopiadex.com/images/items/item_ui/book-pile.png,pokopiadex_items,https://infipoke.com/img/pokopia/items/bookpile.webp,book-pile,Misc.,Toy,bookpile,Misc.,Toy,https://pokopiadex.com/items;https://infipoke.com/zh/game/pokopia/items,062-book-pile.png,assets/pokopia_image_sources/decorative_item_portraits/062-book-pile.png,https://pokopiadex.com/images/items/item_ui/book-pile.png,pokopiadex_items,image/png,19952,ae716d1f529728dd47f1ca7ccd5e39daae5f545a17057e87b5dccdcc48cfc54d,ok,
063,decorative_item,Bookcase,书柜,Misc.,Decoration,infipoke_tag:decoration;pokopiadex_tag:decoration,https://pokopiadex.com/images/items/item_ui/bookcase.png,pokopiadex_items,https://infipoke.com/img/pokopia/items/bookcase.webp,bookcase,Misc.,Decoration,bookcase,Misc.,Decoration,https://pokopiadex.com/items;https://infipoke.com/zh/game/pokopia/items,063-bookcase.png,assets/pokopia_image_sources/decorative_item_portraits/063-bookcase.png,https://pokopiadex.com/images/items/item_ui/bookcase.png,pokopiadex_items,image/png,36085,dd4a1e317a2a5c4eb2da7e962a9895bb3a9131001ce6c7e188002f5ddc724055,ok,
064,decorative_item,Bouncy blue bathtub,弹弹蓝浴缸,Misc.,Toy,infipoke_tag:toy;pokopiadex_tag:decoration,https://pokopiadex.com/images/items/item_ui/bouncy-blue-bathtub.png,pokopiadex_items,https://infipoke.com/img/pokopia/items/bouncybluebathtub.webp,bouncy-blue-bathtub,Misc.,Decoration,bouncybluebathtub,Misc.,Toy,https://pokopiadex.com/items;https://infipoke.com/zh/game/pokopia/items,064-bouncy-blue-bathtub.png,assets/pokopia_image_sources/decorative_item_portraits/064-bouncy-blue-bathtub.png,https://pokopiadex.com/images/items/item_ui/bouncy-blue-bathtub.png,pokopiadex_items,image/png,107860,3a26d187cdb899a1623fc858ba27a4fca964e80a3ea52bac584047e3d3a8179e,ok,
065,decorative_item,Box sofa,箱型沙发,Furniture,Relaxation,infipoke_category:furniture;pokopiadex_category:furniture,https://pokopiadex.com/images/items/item_ui/box-sofa.png,pokopiadex_items,https://infipoke.com/img/pokopia/items/boxsofa.webp,box-sofa,Furniture,Relaxation,boxsofa,Furniture,Relaxation,https://pokopiadex.com/items;https://infipoke.com/zh/game/pokopia/items,065-box-sofa.png,assets/pokopia_image_sources/decorative_item_portraits/065-box-sofa.png,https://pokopiadex.com/images/items/item_ui/box-sofa.png,pokopiadex_items,image/png,20478,9ccfd8f61fbdcbcd1361f018cb818b9b2a1752513048b2cfd2d957b6e9791455,ok,
066,decorative_item,Brick flooring,砖块地板,Blocks,Road,infipoke_category:blocks;pokopiadex_category:blocks,https://pokopiadex.com/images/items/crafting_ui/brick-flooring.png,pokopiadex_items,https://infipoke.com/img/pokopia/items/brickflooring.webp,brick-flooring,Blocks,Road,brickflooring,Blocks,Road,https://pokopiadex.com/items;https://infipoke.com/zh/game/pokopia/items,066-brick-flooring.png,assets/pokopia_image_sources/decorative_item_portraits/066-brick-flooring.png,https://pokopiadex.com/images/items/crafting_ui/brick-flooring.png,pokopiadex_items,image/png,130812,60198f57e343bfab0b92eb6dc2fb104ef8f0748fef36faa048c95ae34a7a189c,ok,
067,decorative_item,Brick wall,砖墙,Blocks,,infipoke_category:blocks;pokopiadex_category:blocks,https://pokopiadex.com/images/items/crafting_ui/brick-wall.png,pokopiadex_items,https://infipoke.com/img/pokopia/items/brickwall.webp,brick-wall,Blocks,,brickwall,Blocks,,https://pokopiadex.com/items;https://infipoke.com/zh/game/pokopia/items,067-brick-wall.png,assets/pokopia_image_sources/decorative_item_portraits/067-brick-wall.png,https://pokopiadex.com/images/items/crafting_ui/brick-wall.png,pokopiadex_items,image/png,137830,943cc7d46a8c9f75c31e4cfc504158fb4dc0cdcd80704c7e0e0fc8310e46a20f,ok,
068,decorative_item,Broken-tiling wall,碎瓷砖墙,Blocks,,infipoke_category:blocks;pokopiadex_category:blocks,https://pokopiadex.com/images/items/item_ui/broken-tiling-wall.png,pokopiadex_items,https://infipoke.com/img/pokopia/items/broken-tilingwall.webp,broken-tiling-wall,Blocks,,broken-tilingwall,Blocks,,https://pokopiadex.com/items;https://infipoke.com/zh/game/pokopia/items,068-broken-tiling-wall.png,assets/pokopia_image_sources/decorative_item_portraits/068-broken-tiling-wall.png,https://pokopiadex.com/images/items/item_ui/broken-tiling-wall.png,pokopiadex_items,image/png,44879,f2108293b7c0728545c850d26deeaf6e8dbd0ff3ad8a0ac6bd12e97f599271fd,ok,
069,decorative_item,Bronze wall,青铜墙,Blocks,,infipoke_category:blocks;pokopiadex_category:blocks,https://pokopiadex.com/images/items/item_ui/bronze-wall.png,pokopiadex_items,https://infipoke.com/img/pokopia/items/bronzewall.webp,bronze-wall,Blocks,,bronzewall,Blocks,,https://pokopiadex.com/items;https://infipoke.com/zh/game/pokopia/items,069-bronze-wall.png,assets/pokopia_image_sources/decorative_item_portraits/069-bronze-wall.png,https://pokopiadex.com/images/items/item_ui/bronze-wall.png,pokopiadex_items,image/png,29600,4aa6aeb68165e20bfc739e843afa5f3fbdc9652ce013f73be41d381e9b64284f,ok,
070,decorative_item,Bubble print,气泡花纹,Blocks,,infipoke_category:blocks;pokopiadex_category:blocks,https://pokopiadex.com/images/items/item_ui/bubble-print.png,pokopiadex_items,https://infipoke.com/img/pokopia/items/bubbleprint.webp,bubble-print,Blocks,,bubbleprint,Blocks,,https://pokopiadex.com/items;https://infipoke.com/zh/game/pokopia/items,070-bubble-print.png,assets/pokopia_image_sources/decorative_item_portraits/070-bubble-print.png,https://pokopiadex.com/images/items/item_ui/bubble-print.png,pokopiadex_items,image/png,28848,dac569b9b85074b45f26e2bdf5d451f0030652be6cb73f79623d04b779f46afc,ok,
071,decorative_item,Bumpy beach sand,凹凸海沙,Blocks,,infipoke_category:blocks;pokopiadex_category:blocks,https://pokopiadex.com/images/items/item_ui/bumpy-beach-sand.png,pokopiadex_items,https://infipoke.com/img/pokopia/items/bumpybeachsand.webp,bumpy-beach-sand,Blocks,,bumpybeachsand,Blocks,,https://pokopiadex.com/items;https://infipoke.com/zh/game/pokopia/items,071-bumpy-beach-sand.png,assets/pokopia_image_sources/decorative_item_portraits/071-bumpy-beach-sand.png,https://pokopiadex.com/images/items/item_ui/bumpy-beach-sand.png,pokopiadex_items,image/png,26566,3c809d96821dd4e4036cd38afebb54df4519ef19883a0f311e3faa0f3be56ca9,ok,
072,decorative_item,Camping chair,,Furniture,Relaxation,pokopiadex_category:furniture,https://pokopiadex.com/images/items/item_ui/camping-chair.png,pokopiadex_items,,camping-chair,Furniture,Relaxation,,,,https://pokopiadex.com/items;https://infipoke.com/zh/game/pokopia/items,072-camping-chair.png,assets/pokopia_image_sources/decorative_item_portraits/072-camping-chair.png,https://pokopiadex.com/images/items/item_ui/camping-chair.png,pokopiadex_items,image/png,89874,5d738a97c2a999c7fde28a08a43188c5ab654cb11d20960862a57fabe1ed1542,ok,
073,decorative_item,Cannon,大炮,Outdoor,Toy,infipoke_tag:toy;pokopiadex_tag:toy,https://pokopiadex.com/images/items/crafting_ui/cannon.png,pokopiadex_items,https://infipoke.com/img/pokopia/items/cannon.webp,cannon,Outdoor,Toy,cannon,Outdoor,Toy,https://pokopiadex.com/items;https://infipoke.com/zh/game/pokopia/items,073-cannon.png,assets/pokopia_image_sources/decorative_item_portraits/073-cannon.png,https://pokopiadex.com/images/items/crafting_ui/cannon.png,pokopiadex_items,image/png,110542,e7e6d61da7c7369ecfb1f1514dfbf519ac4057b518d097828aff85224b8d51bc,ok,
074,decorative_item,Canoe,独木舟,Outdoor,Toy,infipoke_tag:toy;pokopiadex_tag:toy,https://pokopiadex.com/images/items/item_ui/canoe.png,pokopiadex_items,https://infipoke.com/img/pokopia/items/canoe.webp,canoe,Outdoor,Toy,canoe,Outdoor,Toy,https://pokopiadex.com/items;https://infipoke.com/zh/game/pokopia/items,074-canoe.png,assets/pokopia_image_sources/decorative_item_portraits/074-canoe.png,https://pokopiadex.com/images/items/item_ui/canoe.png,pokopiadex_items,image/png,24773,71377d7e75e18d34dba73e6eb811b5917c9e836c4e63cc931146f11768269f55,ok,
075,decorative_item,Card reader,读卡器,Utilities,Decoration,infipoke_tag:decoration;pokopiadex_tag:decoration,https://pokopiadex.com/images/items/item_ui/card-reader.png,pokopiadex_items,https://infipoke.com/img/pokopia/items/cardreader.webp,card-reader,Utilities,Decoration,cardreader,Utilities,Decoration,https://pokopiadex.com/items;https://infipoke.com/zh/game/pokopia/items,075-card-reader.png,assets/pokopia_image_sources/decorative_item_portraits/075-card-reader.png,https://pokopiadex.com/images/items/item_ui/card-reader.png,pokopiadex_items,image/png,17223,72b5e8379056f0bc3d84c21eaccc8d7b3a4be6854398ad7036ee87204bbb57f6,ok,
076,decorative_item,Cardboard boxes,纸箱,Misc.,Toy,infipoke_tag:toy;pokopiadex_tag:decoration,https://pokopiadex.com/images/items/item_ui/cardboard-boxes.png,pokopiadex_items,https://infipoke.com/img/pokopia/items/cardboardboxes.webp,cardboard-boxes,Misc.,Decoration,cardboardboxes,Misc.,Toy,https://pokopiadex.com/items;https://infipoke.com/zh/game/pokopia/items,076-cardboard-boxes.png,assets/pokopia_image_sources/decorative_item_portraits/076-cardboard-boxes.png,https://pokopiadex.com/images/items/item_ui/cardboard-boxes.png,pokopiadex_items,image/png,19626,ad4ec329b051e6cf181a192d6187bd7c61db32db298011e351510a8d55a065d7,ok,
077,decorative_item,Carved coarse rock,雕刻粗岩,Blocks,,infipoke_category:blocks;pokopiadex_category:blocks,https://pokopiadex.com/images/items/item_ui/carved-coarse-rock.png,pokopiadex_items,https://infipoke.com/img/pokopia/items/carvedcoarserock.webp,carved-coarse-rock,Blocks,,carvedcoarserock,Blocks,,https://pokopiadex.com/items;https://infipoke.com/zh/game/pokopia/items,077-carved-coarse-rock.png,assets/pokopia_image_sources/decorative_item_portraits/077-carved-coarse-rock.png,https://pokopiadex.com/images/items/item_ui/carved-coarse-rock.png,pokopiadex_items,image/png,24088,8890d1fcbfd543a9f4f45766dd0a4eda94300c4b38de6ea10f5b3c761168586c,ok,
078,decorative_item,Carved light-brown rock,雕刻浅棕岩,Blocks,,infipoke_category:blocks;pokopiadex_category:blocks,https://pokopiadex.com/images/items/item_ui/carved-light-brown-rock.png,pokopiadex_items,https://infipoke.com/img/pokopia/items/carvedlight-brownrock.webp,carved-light-brown-rock,Blocks,,carvedlight-brownrock,Blocks,,https://pokopiadex.com/items;https://infipoke.com/zh/game/pokopia/items,078-carved-light-brown-rock.png,assets/pokopia_image_sources/decorative_item_portraits/078-carved-light-brown-rock.png,https://pokopiadex.com/images/items/item_ui/carved-light-brown-rock.png,pokopiadex_items,image/png,25412,adf6fa83be9507b016e8578110f1e965cdbb5d9407f4fa9ecf4b52005da6a268,ok,
079,decorative_item,Carved red rock,雕刻红岩,Blocks,,infipoke_category:blocks;pokopiadex_category:blocks,https://pokopiadex.com/images/items/item_ui/carved-red-rock.png,pokopiadex_items,https://infipoke.com/img/pokopia/items/carvedredrock.webp,carved-red-rock,Blocks,,carvedredrock,Blocks,,https://pokopiadex.com/items;https://infipoke.com/zh/game/pokopia/items,079-carved-red-rock.png,assets/pokopia_image_sources/decorative_item_portraits/079-carved-red-rock.png,https://pokopiadex.com/images/items/item_ui/carved-red-rock.png,pokopiadex_items,image/png,25775,7c21b8bd9f50792d8a35ceb1535fb85e99c03f2ef0227afe99cd857fc29cbd19,ok,
080,decorative_item,Carved white rock,雕刻白岩,Blocks,,infipoke_category:blocks;pokopiadex_category:blocks,https://pokopiadex.com/images/items/item_ui/carved-white-rock.png,pokopiadex_items,https://infipoke.com/img/pokopia/items/carvedwhiterock.webp,carved-white-rock,Blocks,,carvedwhiterock,Blocks,,https://pokopiadex.com/items;https://infipoke.com/zh/game/pokopia/items,080-carved-white-rock.png,assets/pokopia_image_sources/decorative_item_portraits/080-carved-white-rock.png,https://pokopiadex.com/images/items/item_ui/carved-white-rock.png,pokopiadex_items,image/png,22623,2ca7463bc7dad58f304a32db2e01b81b36eab44c31ff7112b4eb225b34b4ea27,ok,
081,decorative_item,Carved yellow rock,雕刻黄岩,Blocks,,infipoke_category:blocks;pokopiadex_category:blocks,https://pokopiadex.com/images/items/item_ui/carved-yellow-rock.png,pokopiadex_items,https://infipoke.com/img/pokopia/items/carvedyellowrock.webp,carved-yellow-rock,Blocks,,carvedyellowrock,Blocks,,https://pokopiadex.com/items;https://infipoke.com/zh/game/pokopia/items,081-carved-yellow-rock.png,assets/pokopia_image_sources/decorative_item_portraits/081-carved-yellow-rock.png,https://pokopiadex.com/images/items/item_ui/carved-yellow-rock.png,pokopiadex_items,image/png,27846,a7ecd9f73dae7a3c43987c27b45db08940c6db1ff8c752cad6584535838aa330,ok,
082,decorative_item,Castform weather charm,飘浮泡泡晴天娃娃,Misc.,Decoration,infipoke_tag:decoration;pokopiadex_tag:toy,https://pokopiadex.com/images/items/shop_ui/castform-weather-charm.png,pokopiadex_items,https://infipoke.com/img/pokopia/items/castformweathercharm.webp,castform-weather-charm,Misc.,Toy,castformweathercharm,Misc.,Decoration,https://pokopiadex.com/items;https://infipoke.com/zh/game/pokopia/items,082-castform-weather-charm.png,assets/pokopia_image_sources/decorative_item_portraits/082-castform-weather-charm.png,https://pokopiadex.com/images/items/shop_ui/castform-weather-charm.png,pokopiadex_items,image/png,122389,79578a72e85cb405f3e2ff5767b196c0425edf1f1fd56ef8dd7b9b5439a483ad,ok,
083,decorative_item,Cave rock,洞穴岩石,Blocks,,infipoke_category:blocks;pokopiadex_category:blocks,https://pokopiadex.com/images/items/item_ui/cave-rock.png,pokopiadex_items,https://infipoke.com/img/pokopia/items/caverock.webp,cave-rock,Blocks,,caverock,Blocks,,https://pokopiadex.com/items;https://infipoke.com/zh/game/pokopia/items,083-cave-rock.png,assets/pokopia_image_sources/decorative_item_portraits/083-cave-rock.png,https://pokopiadex.com/images/items/item_ui/cave-rock.png,pokopiadex_items,image/png,26061,a51311f514c2de04e9a31a7623542276073843f0142a0d0ad27fde8b83be3fbe,ok,
084,decorative_item,CD player,CD播放器,Misc.,Toy,infipoke_tag:toy;pokopiadex_tag:toy,https://pokopiadex.com/images/items/shop_ui/cd-player.png,pokopiadex_items,https://infipoke.com/img/pokopia/items/cdplayer.webp,cd-player,Misc.,Toy,cdplayer,Misc.,Toy,https://pokopiadex.com/items;https://infipoke.com/zh/game/pokopia/items,084-cd-player.png,assets/pokopia_image_sources/decorative_item_portraits/084-cd-player.png,https://pokopiadex.com/images/items/shop_ui/cd-player.png,pokopiadex_items,image/png,158453,bb34e3d48ecf36a864eb1065877749644709b6b2c311da0bfcddac2cb4282671,ok,
085,decorative_item,CD rack,CD架,Misc.,Decoration,infipoke_tag:decoration;pokopiadex_tag:decoration,https://pokopiadex.com/images/items/item_ui/cd-rack.png,pokopiadex_items,https://infipoke.com/img/pokopia/items/cdrack.webp,cd-rack,Misc.,Decoration,cdrack,Misc.,Decoration,https://pokopiadex.com/items;https://infipoke.com/zh/game/pokopia/items,085-cd-rack.png,assets/pokopia_image_sources/decorative_item_portraits/085-cd-rack.png,https://pokopiadex.com/images/items/item_ui/cd-rack.png,pokopiadex_items,image/png,30513,5083bfc94bae1993b9cd56aa40f8a3e24f5e569a61ad1d6149306dcb302be9f0,ok,
086,decorative_item,Ceiling fan,吊扇,Misc.,Decoration,infipoke_tag:decoration;pokopiadex_tag:decoration,https://pokopiadex.com/images/items/item_ui/ceiling-fan.png,pokopiadex_items,https://infipoke.com/img/pokopia/items/ceilingfan.webp,ceiling-fan,Misc.,Decoration,ceilingfan,Misc.,Decoration,https://pokopiadex.com/items;https://infipoke.com/zh/game/pokopia/items,086-ceiling-fan.png,assets/pokopia_image_sources/decorative_item_portraits/086-ceiling-fan.png,https://pokopiadex.com/images/items/item_ui/ceiling-fan.png,pokopiadex_items,image/png,15616,9c794aad8cbc7861b80757b08d0aba462a701a43b50e42221b82279e043745da,ok,
087,decorative_item,Cell phone,手机,Misc.,Toy,infipoke_tag:toy;pokopiadex_tag:toy,https://pokopiadex.com/images/items/item_ui/cell-phone.png,pokopiadex_items,https://infipoke.com/img/pokopia/items/cellphone.webp,cell-phone,Misc.,Toy,cellphone,Misc.,Toy,https://pokopiadex.com/items;https://infipoke.com/zh/game/pokopia/items,087-cell-phone.png,assets/pokopia_image_sources/decorative_item_portraits/087-cell-phone.png,https://pokopiadex.com/images/items/item_ui/cell-phone.png,pokopiadex_items,image/png,23549,35e318353eac949e26c4244745cc1a5665c02f7229a39d5a3fe48e3c4213140f,ok,
088,decorative_item,Chansey plant,吉利蛋盆栽,Outdoor,Decoration,infipoke_tag:decoration;pokopiadex_tag:decoration,https://pokopiadex.com/images/items/item_ui/chansey-plant.png,pokopiadex_items,https://infipoke.com/img/pokopia/items/chanseyplant.webp,chansey-plant,Outdoor,Decoration,chanseyplant,Outdoor,Decoration,https://pokopiadex.com/items;https://infipoke.com/zh/game/pokopia/items,088-chansey-plant.png,assets/pokopia_image_sources/decorative_item_portraits/088-chansey-plant.png,https://pokopiadex.com/images/items/item_ui/chansey-plant.png,pokopiadex_items,image/png,37144,f26f16195d957b74d249d85e0462540318610c4cdeb87f50130ef468d17eec22,ok,
089,decorative_item,Chic chair,时尚椅,Furniture,Relaxation,infipoke_category:furniture;pokopiadex_category:furniture,https://pokopiadex.com/images/items/crafting_ui/chic-chair.png,pokopiadex_items,https://infipoke.com/img/pokopia/items/chicchair.webp,chic-chair,Furniture,Relaxation,chicchair,Furniture,Relaxation,https://pokopiadex.com/items;https://infipoke.com/zh/game/pokopia/items,089-chic-chair.png,assets/pokopia_image_sources/decorative_item_portraits/089-chic-chair.png,https://pokopiadex.com/images/items/crafting_ui/chic-chair.png,pokopiadex_items,image/png,124979,eb01858ca5a328efba5e427fa7f27cd750f3bd59f694f37ff8cd495474b4549c,ok,
090,decorative_item,Chic sofa,时尚沙发,Furniture,Relaxation,infipoke_category:furniture;pokopiadex_category:furniture,https://pokopiadex.com/images/items/item_ui/chic-sofa.png,pokopiadex_items,https://infipoke.com/img/pokopia/items/chicsofa.webp,chic-sofa,Furniture,Relaxation,chicsofa,Furniture,Relaxation,https://pokopiadex.com/items;https://infipoke.com/zh/game/pokopia/items,090-chic-sofa.png,assets/pokopia_image_sources/decorative_item_portraits/090-chic-sofa.png,https://pokopiadex.com/images/items/item_ui/chic-sofa.png,pokopiadex_items,image/png,34566,e613f584bcc13e2726b57eb641f92678faec8b4c88599c06e1ba56f0b6bb463c,ok,
091,decorative_item,Chic streetlight,雅致路灯,Utilities,Decoration,infipoke_tag:decoration;pokopiadex_tag:decoration,https://pokopiadex.com/images/items/item_ui/chic-streetlight.png,pokopiadex_items,https://infipoke.com/img/pokopia/items/chicstreetlight.webp,chic-streetlight,Utilities,Decoration,chicstreetlight,Utilities,Decoration,https://pokopiadex.com/items;https://infipoke.com/zh/game/pokopia/items,091-chic-streetlight.png,assets/pokopia_image_sources/decorative_item_portraits/091-chic-streetlight.png,https://pokopiadex.com/images/items/item_ui/chic-streetlight.png,pokopiadex_items,image/png,11164,220f08bdce079e3e0a9ef0f9c96d22f67e2fc41c0a07135588f7d0a472be7617,ok,
092,decorative_item,Chic table,时尚桌,Furniture,,infipoke_category:furniture;pokopiadex_category:furniture,https://pokopiadex.com/images/items/shop_ui/chic-table.png,pokopiadex_items,https://infipoke.com/img/pokopia/items/chictable.webp,chic-table,Furniture,,chictable,Furniture,,https://pokopiadex.com/items;https://infipoke.com/zh/game/pokopia/items,092-chic-table.png,assets/pokopia_image_sources/decorative_item_portraits/092-chic-table.png,https://pokopiadex.com/images/items/shop_ui/chic-table.png,pokopiadex_items,image/png,166445,b9b14df4bafc357d8d16979c3dd43abbe81b428f0bb446dd40fa8b9977591ab3,ok,
093,decorative_item,Chocolate cookies,巧克力曲奇,Misc.,Decoration,infipoke_tag:decoration;pokopiadex_tag:decoration,https://pokopiadex.com/images/items/item_ui/chocolate-cookies.png,pokopiadex_items,https://infipoke.com/img/pokopia/items/chocolatecookies.webp,chocolate-cookies,Misc.,Decoration,chocolatecookies,Misc.,Decoration,https://pokopiadex.com/items;https://infipoke.com/zh/game/pokopia/items,093-chocolate-cookies.png,assets/pokopia_image_sources/decorative_item_portraits/093-chocolate-cookies.png,https://pokopiadex.com/images/items/item_ui/chocolate-cookies.png,pokopiadex_items,image/png,33843,28258913aaff903ddf1fca43b62134f2b9c730fa005805f49901da3ebd493079,ok,
094,decorative_item,Clay,黏土,Blocks,,infipoke_category:blocks;pokopiadex_category:blocks,https://pokopiadex.com/images/items/item_ui/clay.png,pokopiadex_items,https://infipoke.com/img/pokopia/items/clay.webp,clay,Blocks,,clay,Blocks,,https://pokopiadex.com/items;https://infipoke.com/zh/game/pokopia/items,094-clay.png,assets/pokopia_image_sources/decorative_item_portraits/094-clay.png,https://pokopiadex.com/images/items/item_ui/clay.png,pokopiadex_items,image/png,26221,1e845d780831c74f1ce99489b3f34687e6326a67e0b622af9ea8e0fb8392472c,ok,
095,decorative_item,Cleaning supplies,清洁用品,Misc.,Toy,infipoke_tag:toy;pokopiadex_tag:toy,https://pokopiadex.com/images/items/item_ui/cleaning-supplies.png,pokopiadex_items,https://infipoke.com/img/pokopia/items/cleaningsupplies.webp,cleaning-supplies,Misc.,Toy,cleaningsupplies,Misc.,Toy,https://pokopiadex.com/items;https://infipoke.com/zh/game/pokopia/items,095-cleaning-supplies.png,assets/pokopia_image_sources/decorative_item_portraits/095-cleaning-supplies.png,https://pokopiadex.com/images/items/item_ui/cleaning-supplies.png,pokopiadex_items,image/png,30886,1086d5c43721ba71c3db2a0b2b2bd29dbde8484571487815d61dc4dedef1aede,ok,
096,decorative_item,Clear Bell,清澈铃铛,Misc.,Toy,infipoke_tag:toy;pokopiadex_tag:toy,https://pokopiadex.com/images/items/item_ui/clear-bell.png,pokopiadex_items,https://infipoke.com/img/pokopia/items/clearbell.webp,clear-bell,Misc.,Toy,clearbell,Misc.,Toy,https://pokopiadex.com/items;https://infipoke.com/zh/game/pokopia/items,096-clear-bell.png,assets/pokopia_image_sources/decorative_item_portraits/096-clear-bell.png,https://pokopiadex.com/images/items/item_ui/clear-bell.png,pokopiadex_items,image/png,26668,a2600e0c35a6f9d873dddf1be9cd350e736482799cb00e0712fb2bd6f0e1eb9f,ok,
097,decorative_item,Clefairy doll,皮皮玩偶,Misc.,Toy,infipoke_tag:toy;pokopiadex_tag:toy,https://pokopiadex.com/images/items/item_ui/clefairy-doll.png,pokopiadex_items,https://infipoke.com/img/pokopia/items/clefairydoll.webp,clefairy-doll,Misc.,Toy,clefairydoll,Misc.,Toy,https://pokopiadex.com/items;https://infipoke.com/zh/game/pokopia/items,097-clefairy-doll.png,assets/pokopia_image_sources/decorative_item_portraits/097-clefairy-doll.png,https://pokopiadex.com/images/items/item_ui/clefairy-doll.png,pokopiadex_items,image/png,108282,d864f294eb4388164608af1559fef88a3a020fbd4acdae44db2d48e1ff6e4954,ok,
098,decorative_item,Cliff rock,悬崖岩石,Blocks,,infipoke_category:blocks;pokopiadex_category:blocks,https://pokopiadex.com/images/items/item_ui/cliff-rock.png,pokopiadex_items,https://infipoke.com/img/pokopia/items/cliffrock.webp,cliff-rock,Blocks,,cliffrock,Blocks,,https://pokopiadex.com/items;https://infipoke.com/zh/game/pokopia/items,098-cliff-rock.png,assets/pokopia_image_sources/decorative_item_portraits/098-cliff-rock.png,https://pokopiadex.com/images/items/item_ui/cliff-rock.png,pokopiadex_items,image/png,104198,998872ac16e3d46e55f00ad968a4c82b0115c8d858c4f5896fe1c9e4e61aa0fd,ok,
099,decorative_item,Cloth wall,布艺墙,Blocks,,infipoke_category:blocks;pokopiadex_category:blocks,https://pokopiadex.com/images/items/item_ui/cloth-wall.png,pokopiadex_items,https://infipoke.com/img/pokopia/items/clothwall.webp,cloth-wall,Blocks,,clothwall,Blocks,,https://pokopiadex.com/items;https://infipoke.com/zh/game/pokopia/items,099-cloth-wall.png,assets/pokopia_image_sources/decorative_item_portraits/099-cloth-wall.png,https://pokopiadex.com/images/items/item_ui/cloth-wall.png,pokopiadex_items,image/png,22433,453a4cfba5a81ef0aae766db0a2b2881bf1b6f47cb9a98e210355c1e752a729b,ok,
100,decorative_item,Coarse rock,粗糙岩石,Blocks,,infipoke_category:blocks;pokopiadex_category:blocks,https://pokopiadex.com/images/items/item_ui/coarse-rock.png,pokopiadex_items,https://infipoke.com/img/pokopia/items/coarserock.webp,coarse-rock,Blocks,,coarserock,Blocks,,https://pokopiadex.com/items;https://infipoke.com/zh/game/pokopia/items,100-coarse-rock.png,assets/pokopia_image_sources/decorative_item_portraits/100-coarse-rock.png,https://pokopiadex.com/images/items/item_ui/coarse-rock.png,pokopiadex_items,image/png,25139,49b4c4f3845c575522f53ba78bc50e2918eb1bd2a4dfa807c0c6074d949b107e,ok,
101,decorative_item,Cobblestone wall,鹅卵石墙,Blocks,,infipoke_category:blocks;pokopiadex_category:blocks,https://pokopiadex.com/images/items/crafting_ui/cobblestone-wall.png,pokopiadex_items,https://infipoke.com/img/pokopia/items/cobblestonewall.webp,cobblestone-wall,Blocks,,cobblestonewall,Blocks,,https://pokopiadex.com/items;https://infipoke.com/zh/game/pokopia/items,101-cobblestone-wall.png,assets/pokopia_image_sources/decorative_item_portraits/101-cobblestone-wall.png,https://pokopiadex.com/images/items/crafting_ui/cobblestone-wall.png,pokopiadex_items,image/png,130846,f3f7dac8881017d888ff6289973f720a251028a793ca7fbf894545b035e37e2a,ok,
102,decorative_item,Computer,电脑,Misc.,Toy,infipoke_tag:toy;pokopiadex_tag:toy,https://pokopiadex.com/images/items/item_ui/computer.png,pokopiadex_items,https://infipoke.com/img/pokopia/items/computer.webp,computer,Misc.,Toy,computer,Misc.,Toy,https://pokopiadex.com/items;https://infipoke.com/zh/game/pokopia/items,102-computer.png,assets/pokopia_image_sources/decorative_item_portraits/102-computer.png,https://pokopiadex.com/images/items/item_ui/computer.png,pokopiadex_items,image/png,27933,4adbc46c3ef1af4de2a5f12acdc5d70726ba8b31d096c7b6c37272c57ed6c66d,ok,
103,decorative_item,Concrete pipe,水泥管,Outdoor,Decoration,infipoke_tag:decoration;pokopiadex_tag:decoration,https://pokopiadex.com/images/items/crafting_ui/concrete-pipe.png,pokopiadex_items,https://infipoke.com/img/pokopia/items/concretepipe.webp,concrete-pipe,Outdoor,Decoration,concretepipe,Outdoor,Decoration,https://pokopiadex.com/items;https://infipoke.com/zh/game/pokopia/items,103-concrete-pipe.png,assets/pokopia_image_sources/decorative_item_portraits/103-concrete-pipe.png,https://pokopiadex.com/images/items/crafting_ui/concrete-pipe.png,pokopiadex_items,image/png,109327,4cc82f2ac170a82d1a25e74b1aa3908c1e3ff39a6b1d08bc6cd4055c62b65580,ok,
104,decorative_item,Concrete wall,混凝土墙,Blocks,,infipoke_category:blocks;pokopiadex_category:blocks,https://pokopiadex.com/images/items/crafting_ui/concrete-wall.png,pokopiadex_items,https://infipoke.com/img/pokopia/items/concretewall.webp,concrete-wall,Blocks,,concretewall,Blocks,,https://pokopiadex.com/items;https://infipoke.com/zh/game/pokopia/items,104-concrete-wall.png,assets/pokopia_image_sources/decorative_item_portraits/104-concrete-wall.png,https://pokopiadex.com/images/items/crafting_ui/concrete-wall.png,pokopiadex_items,image/png,98045,ce77abd203b75473963781cb07b74bb74ab492c434d42505f636d9e7e1001c9a,ok,
105,decorative_item,Confectionery wall (lower),糖果墙（下）,Blocks,,infipoke_category:blocks;pokopiadex_category:blocks,https://pokopiadex.com/images/items/item_ui/confectionery-wall-lower.png,pokopiadex_items,https://infipoke.com/img/pokopia/items/confectionerywall%28lower%29.webp,confectionery-wall-lower,Blocks,,confectionerywall(lower),Blocks,,https://pokopiadex.com/items;https://infipoke.com/zh/game/pokopia/items,105-confectionery-wall-lower.png,assets/pokopia_image_sources/decorative_item_portraits/105-confectionery-wall-lower.png,https://pokopiadex.com/images/items/item_ui/confectionery-wall-lower.png,pokopiadex_items,image/png,32815,33ea3524b70ce609d76d5e43be80752b91af2af38ef1fcd08f76296cd73ebcd7,ok,
106,decorative_item,Confectionery wall (middle),糖果墙（中）,Blocks,,infipoke_category:blocks;pokopiadex_category:blocks,https://pokopiadex.com/images/items/item_ui/confectionery-wall-middle.png,pokopiadex_items,https://infipoke.com/img/pokopia/items/confectionerywall%28middle%29.webp,confectionery-wall-middle,Blocks,,confectionerywall(middle),Blocks,,https://pokopiadex.com/items;https://infipoke.com/zh/game/pokopia/items,106-confectionery-wall-middle.png,assets/pokopia_image_sources/decorative_item_portraits/106-confectionery-wall-middle.png,https://pokopiadex.com/images/items/item_ui/confectionery-wall-middle.png,pokopiadex_items,image/png,25929,e6538ee635f5bba4ba5ddaec177638f54576dee94ff2f6c1f08e0169583b958e,ok,
107,decorative_item,Confectionery wall (upper),糖果墙（上）,Blocks,,infipoke_category:blocks;pokopiadex_category:blocks,https://pokopiadex.com/images/items/item_ui/confectionery-wall-upper.png,pokopiadex_items,https://infipoke.com/img/pokopia/items/confectionerywall%28upper%29.webp,confectionery-wall-upper,Blocks,,confectionerywall(upper),Blocks,,https://pokopiadex.com/items;https://infipoke.com/zh/game/pokopia/items,107-confectionery-wall-upper.png,assets/pokopia_image_sources/decorative_item_portraits/107-confectionery-wall-upper.png,https://pokopiadex.com/images/items/item_ui/confectionery-wall-upper.png,pokopiadex_items,image/png,31754,9f23f21b02605f91c3f1c660b2a0130a2abd423946c7bd9ab79a91d24d5161e0,ok,
108,decorative_item,Construction supplies,建筑材料,Outdoor,Decoration,infipoke_tag:decoration;pokopiadex_tag:decoration,https://pokopiadex.com/images/items/item_ui/construction-supplies.png,pokopiadex_items,https://infipoke.com/img/pokopia/items/constructionsupplies.webp,construction-supplies,Outdoor,Decoration,constructionsupplies,Outdoor,Decoration,https://pokopiadex.com/items;https://infipoke.com/zh/game/pokopia/items,108-construction-supplies.png,assets/pokopia_image_sources/decorative_item_portraits/108-construction-supplies.png,https://pokopiadex.com/images/items/item_ui/construction-supplies.png,pokopiadex_items,image/png,30757,d7eea03bb1b942c6078e888232bcb0eaedcd4c33070be114896ea26da18b7324,ok,
109,decorative_item,Control unit,控制单元,Misc.,Toy,infipoke_tag:toy;pokopiadex_tag:toy,https://pokopiadex.com/images/items/item_ui/control-unit.png,pokopiadex_items,https://infipoke.com/img/pokopia/items/controlunit.webp,control-unit,Misc.,Toy,controlunit,Misc.,Toy,https://pokopiadex.com/items;https://infipoke.com/zh/game/pokopia/items,109-control-unit.png,assets/pokopia_image_sources/decorative_item_portraits/109-control-unit.png,https://pokopiadex.com/images/items/item_ui/control-unit.png,pokopiadex_items,image/png,31702,857d1fd280f5a8d59d6fa167434726142acc2ee1b8dd9d21e85c2dfe35619e45,ok,
110,decorative_item,Cooking stove,炉灶,Misc.,Decoration,infipoke_tag:decoration;pokopiadex_tag:decoration,https://pokopiadex.com/images/items/item_ui/cooking-stove.png,pokopiadex_items,https://infipoke.com/img/pokopia/items/cookingstove.webp,cooking-stove,Misc.,Decoration,cookingstove,Misc.,Decoration,https://pokopiadex.com/items;https://infipoke.com/zh/game/pokopia/items,110-cooking-stove.png,assets/pokopia_image_sources/decorative_item_portraits/110-cooking-stove.png,https://pokopiadex.com/images/items/item_ui/cooking-stove.png,pokopiadex_items,image/png,26863,fa12839d7d9614ddaae3ed628bad025db7ecff66b0661e56c4dfb5ce969cda71,ok,
111,decorative_item,Cool bass guitar,酷炫贝斯吉他,Misc.,Toy,infipoke_tag:toy;pokopiadex_tag:toy,https://pokopiadex.com/images/items/crafting_ui/cool-bass-guitar.png,pokopiadex_items,https://infipoke.com/img/pokopia/items/coolbassguitar.webp,cool-bass-guitar,Misc.,Toy,coolbassguitar,Misc.,Toy,https://pokopiadex.com/items;https://infipoke.com/zh/game/pokopia/items,111-cool-bass-guitar.png,assets/pokopia_image_sources/decorative_item_portraits/111-cool-bass-guitar.png,https://pokopiadex.com/images/items/crafting_ui/cool-bass-guitar.png,pokopiadex_items,image/png,183658,ee2e70afb94d0ba35096805fdf70b82f0b2f2738edc8ed8ac0097a482cc10b96,ok,
112,decorative_item,Cool electric guitar,酷炫电吉他,Misc.,Toy,infipoke_tag:toy;pokopiadex_tag:toy,https://pokopiadex.com/images/items/crafting_ui/cool-electric-guitar.png,pokopiadex_items,https://infipoke.com/img/pokopia/items/coolelectricguitar.webp,cool-electric-guitar,Misc.,Toy,coolelectricguitar,Misc.,Toy,https://pokopiadex.com/items;https://infipoke.com/zh/game/pokopia/items,112-cool-electric-guitar.png,assets/pokopia_image_sources/decorative_item_portraits/112-cool-electric-guitar.png,https://pokopiadex.com/images/items/crafting_ui/cool-electric-guitar.png,pokopiadex_items,image/png,171349,901623a39bdeb77adf3e779d0ce388356a5e055c71968b5b2f39cb11648e4a67,ok,
113,decorative_item,Copper deposit (Beach),铜矿石（海边）,Blocks,,infipoke_category:blocks;pokopiadex_category:blocks,https://pokopiadex.com/images/items/item_ui/copper-deposit-beach.png,pokopiadex_items,https://infipoke.com/img/pokopia/items/copperdeposit%28beach%29.webp,copper-deposit-beach,Blocks,,copperdeposit(beach),Blocks,,https://pokopiadex.com/items;https://infipoke.com/zh/game/pokopia/items,113-copper-deposit-beach.png,assets/pokopia_image_sources/decorative_item_portraits/113-copper-deposit-beach.png,https://pokopiadex.com/images/items/item_ui/copper-deposit-beach.png,pokopiadex_items,image/png,43362,c070719f57ca8dfb7cfa7e3793fcd795214aacc9cc2d2dd55f84d2c08946abeb,ok,
114,decorative_item,Copper deposit (Ridge),铜矿石（山地）,Blocks,,infipoke_category:blocks;pokopiadex_category:blocks,https://pokopiadex.com/images/items/item_ui/copper-deposit-ridge.png,pokopiadex_items,https://infipoke.com/img/pokopia/items/copperdeposit%28ridge%29.webp,copper-deposit-ridge,Blocks,,copperdeposit(ridge),Blocks,,https://pokopiadex.com/items;https://infipoke.com/zh/game/pokopia/items,114-copper-deposit-ridge.png,assets/pokopia_image_sources/decorative_item_portraits/114-copper-deposit-ridge.png,https://pokopiadex.com/images/items/item_ui/copper-deposit-ridge.png,pokopiadex_items,image/png,42705,1181c81c018c18b286889a7ee73ba7c632ec6b5a9116fd2709176bd5912f0c2f,ok,
115,decorative_item,Copper deposit (Skyland),铜矿石（浮岛）,Blocks,,infipoke_category:blocks;pokopiadex_category:blocks,https://pokopiadex.com/images/items/item_ui/copper-deposit-skyland.png,pokopiadex_items,https://infipoke.com/img/pokopia/items/copperdeposit%28skyland%29.webp,copper-deposit-skyland,Blocks,,copperdeposit(skyland),Blocks,,https://pokopiadex.com/items;https://infipoke.com/zh/game/pokopia/items,115-copper-deposit-skyland.png,assets/pokopia_image_sources/decorative_item_portraits/115-copper-deposit-skyland.png,https://pokopiadex.com/images/items/item_ui/copper-deposit-skyland.png,pokopiadex_items,image/png,43965,5cdc791b92af3d0b641c8ad65228785d445adc827ddc0ad6f30858c703f49c74,ok,
116,decorative_item,Copper deposit (Wasteland),铜矿石（荒野）,Blocks,,infipoke_category:blocks;pokopiadex_category:blocks,https://pokopiadex.com/images/items/item_ui/copper-deposit-wasteland.png,pokopiadex_items,https://infipoke.com/img/pokopia/items/copperdeposit%28wasteland%29.webp,copper-deposit-wasteland,Blocks,,copperdeposit(wasteland),Blocks,,https://pokopiadex.com/items;https://infipoke.com/zh/game/pokopia/items,116-copper-deposit-wasteland.png,assets/pokopia_image_sources/decorative_item_portraits/116-copper-deposit-wasteland.png,https://pokopiadex.com/images/items/item_ui/copper-deposit-wasteland.png,pokopiadex_items,image/png,43108,0e4c0100e4c65053d359b4379f2d4a63211eee7a465e0aa607fe31432e6dea0f,ok,
117,decorative_item,Corkboard,软木板,Misc.,Decoration,infipoke_tag:decoration;pokopiadex_tag:decoration,https://pokopiadex.com/images/items/crafting_ui/corkboard.png,pokopiadex_items,https://infipoke.com/img/pokopia/items/corkboard.webp,corkboard,Misc.,Decoration,corkboard,Misc.,Decoration,https://pokopiadex.com/items;https://infipoke.com/zh/game/pokopia/items,117-corkboard.png,assets/pokopia_image_sources/decorative_item_portraits/117-corkboard.png,https://pokopiadex.com/images/items/crafting_ui/corkboard.png,pokopiadex_items,image/png,179519,7113225e81500ecd8e8c8b27443b3e55029067b26a8112e8004c1d0b337d0324,ok,
118,decorative_item,Counter,柜台,Furniture,,infipoke_category:furniture;pokopiadex_category:furniture,https://pokopiadex.com/images/items/item_ui/counter.png,pokopiadex_items,https://infipoke.com/img/pokopia/items/counter.webp,counter,Furniture,,counter,Furniture,,https://pokopiadex.com/items;https://infipoke.com/zh/game/pokopia/items,118-counter.png,assets/pokopia_image_sources/decorative_item_portraits/118-counter.png,https://pokopiadex.com/images/items/item_ui/counter.png,pokopiadex_items,image/png,21917,5b59aa59100eb3d5837152ab23c6d324c0da5788e21fc584565ae796a2ff0aed,ok,
119,decorative_item,Cracked sandstone,裂纹砂岩,Blocks,,infipoke_category:blocks;pokopiadex_category:blocks,https://pokopiadex.com/images/items/item_ui/cracked-sandstone.png,pokopiadex_items,https://infipoke.com/img/pokopia/items/crackedsandstone.webp,cracked-sandstone,Blocks,,crackedsandstone,Blocks,,https://pokopiadex.com/items;https://infipoke.com/zh/game/pokopia/items,119-cracked-sandstone.png,assets/pokopia_image_sources/decorative_item_portraits/119-cracked-sandstone.png,https://pokopiadex.com/images/items/item_ui/cracked-sandstone.png,pokopiadex_items,image/png,36955,d48df9895dd86829952c046af4437c665e7876dbae949deca0694c29688c1173,ok,
120,decorative_item,Crisscross wooden flooring,交错木地板,Blocks,Road,infipoke_category:blocks;pokopiadex_category:blocks,https://pokopiadex.com/images/items/crafting_ui/crisscross-wooden-flooring.png,pokopiadex_items,https://infipoke.com/img/pokopia/items/crisscrosswoodenflooring.webp,crisscross-wooden-flooring,Blocks,Road,crisscrosswoodenflooring,Blocks,Road,https://pokopiadex.com/items;https://infipoke.com/zh/game/pokopia/items,120-crisscross-wooden-flooring.png,assets/pokopia_image_sources/decorative_item_portraits/120-crisscross-wooden-flooring.png,https://pokopiadex.com/images/items/crafting_ui/crisscross-wooden-flooring.png,pokopiadex_items,image/png,123486,56bc74954551811522bb517e415c3926bfcb7bd8002605571a69b231f0b442d8,ok,
121,decorative_item,Crystal ball,水晶球,Misc.,Toy,infipoke_tag:toy;pokopiadex_tag:toy,https://pokopiadex.com/images/items/crafting_ui/crystal-ball.png,pokopiadex_items,https://infipoke.com/img/pokopia/items/crystalball.webp,crystal-ball,Misc.,Toy,crystalball,Misc.,Toy,https://pokopiadex.com/items;https://infipoke.com/zh/game/pokopia/items,121-crystal-ball.png,assets/pokopia_image_sources/decorative_item_portraits/121-crystal-ball.png,https://pokopiadex.com/images/items/crafting_ui/crystal-ball.png,pokopiadex_items,image/png,94585,eeb758b00fc04132915875da56836a352e8ce8209df2a605ee5f120ed7b37e76,ok,
122,decorative_item,Crystal wall,水晶墙,Blocks,,infipoke_category:blocks;pokopiadex_category:blocks,https://pokopiadex.com/images/items/crafting_ui/crystal-wall.png,pokopiadex_items,https://infipoke.com/img/pokopia/items/crystalwall.webp,crystal-wall,Blocks,,crystalwall,Blocks,,https://pokopiadex.com/items;https://infipoke.com/zh/game/pokopia/items,122-crystal-wall.png,assets/pokopia_image_sources/decorative_item_portraits/122-crystal-wall.png,https://pokopiadex.com/images/items/crafting_ui/crystal-wall.png,pokopiadex_items,image/png,139056,de21a19ec1e18af770eb96c1e96ad03a6e8febea2bf7a5f90308139b16dd69c9,ok,
123,decorative_item,Cube light,方块灯,Blocks,,infipoke_category:blocks;pokopiadex_category:blocks,https://pokopiadex.com/images/items/item_ui/cube-light.png,pokopiadex_items,https://infipoke.com/img/pokopia/items/cubelight.webp,cube-light,Blocks,,cubelight,Blocks,,https://pokopiadex.com/items;https://infipoke.com/zh/game/pokopia/items,123-cube-light.png,assets/pokopia_image_sources/decorative_item_portraits/123-cube-light.png,https://pokopiadex.com/images/items/item_ui/cube-light.png,pokopiadex_items,image/png,77782,382e46b68cc251445d724b48b8c4a279af9972dea2ba5b569b320a4117674ef2,ok,
124,decorative_item,Curry print,咖喱花纹,Blocks,,infipoke_category:blocks;pokopiadex_category:blocks,https://pokopiadex.com/images/items/item_ui/curry-print.png,pokopiadex_items,https://infipoke.com/img/pokopia/items/curryprint.webp,curry-print,Blocks,,curryprint,Blocks,,https://pokopiadex.com/items;https://infipoke.com/zh/game/pokopia/items,124-curry-print.png,assets/pokopia_image_sources/decorative_item_portraits/124-curry-print.png,https://pokopiadex.com/images/items/item_ui/curry-print.png,pokopiadex_items,image/png,44430,4a60988c95be3ca3c8b389418ee2b945ab87ed56cddc36aae21eb739334a7f08,ok,
125,decorative_item,Cushy wall,软垫墙,Blocks,,infipoke_category:blocks;pokopiadex_category:blocks,https://pokopiadex.com/images/items/item_ui/cushy-wall.png,pokopiadex_items,https://infipoke.com/img/pokopia/items/cushywall.webp,cushy-wall,Blocks,,cushywall,Blocks,,https://pokopiadex.com/items;https://infipoke.com/zh/game/pokopia/items,125-cushy-wall.png,assets/pokopia_image_sources/decorative_item_portraits/125-cushy-wall.png,https://pokopiadex.com/images/items/item_ui/cushy-wall.png,pokopiadex_items,image/png,42493,4c972e66453c44a059853fb52cf216f6f21404197428f9c89239607ff6abe0f6,ok,
126,decorative_item,Cute bed,可爱床,Furniture,Relaxation,infipoke_category:furniture;pokopiadex_category:furniture,https://pokopiadex.com/images/items/item_ui/cute-bed.png,pokopiadex_items,https://infipoke.com/img/pokopia/items/cutebed.webp,cute-bed,Furniture,Relaxation,cutebed,Furniture,Relaxation,https://pokopiadex.com/items;https://infipoke.com/zh/game/pokopia/items,126-cute-bed.png,assets/pokopia_image_sources/decorative_item_portraits/126-cute-bed.png,https://pokopiadex.com/images/items/item_ui/cute-bed.png,pokopiadex_items,image/png,40941,50d343a078eacec030988cbc57cbcf148eda164540d1311a5ffec4b78fd3d883,ok,
127,decorative_item,Cute chair,可爱椅,Furniture,Relaxation,infipoke_category:furniture;pokopiadex_category:furniture,https://pokopiadex.com/images/items/item_ui/cute-chair.png,pokopiadex_items,https://infipoke.com/img/pokopia/items/cutechair.webp,cute-chair,Furniture,Relaxation,cutechair,Furniture,Relaxation,https://pokopiadex.com/items;https://infipoke.com/zh/game/pokopia/items,127-cute-chair.png,assets/pokopia_image_sources/decorative_item_portraits/127-cute-chair.png,https://pokopiadex.com/images/items/item_ui/cute-chair.png,pokopiadex_items,image/png,25511,b2738b685f465d46a4b044dc523af1785e44d9a748cbc34aac174b990a8a478a,ok,
128,decorative_item,Cute dresser,可爱梳妆台,Furniture,Toy,infipoke_category:furniture;infipoke_tag:toy;pokopiadex_category:furniture;pokopiadex_tag:toy,https://pokopiadex.com/images/items/item_ui/cute-dresser.png,pokopiadex_items,https://infipoke.com/img/pokopia/items/cutedresser.webp,cute-dresser,Furniture,Toy,cutedresser,Furniture,Toy,https://pokopiadex.com/items;https://infipoke.com/zh/game/pokopia/items,128-cute-dresser.png,assets/pokopia_image_sources/decorative_item_portraits/128-cute-dresser.png,https://pokopiadex.com/images/items/item_ui/cute-dresser.png,pokopiadex_items,image/png,32363,d4dda0544f615030a41596c0ac062b3e2805e64df83fcc13ba8598a49e4242ec,ok,
129,decorative_item,Cute lamp,可爱灯,Utilities,Decoration,infipoke_tag:decoration;pokopiadex_tag:decoration,https://pokopiadex.com/images/items/item_ui/cute-lamp.png,pokopiadex_items,https://infipoke.com/img/pokopia/items/cutelamp.webp,cute-lamp,Utilities,Decoration,cutelamp,Utilities,Decoration,https://pokopiadex.com/items;https://infipoke.com/zh/game/pokopia/items,129-cute-lamp.png,assets/pokopia_image_sources/decorative_item_portraits/129-cute-lamp.png,https://pokopiadex.com/images/items/item_ui/cute-lamp.png,pokopiadex_items,image/png,28997,2fa6e8cdd740d8c422f328d5a1c14408b518ccffed04f20776a9df672d61413c,ok,
130,decorative_item,Cute sofa,可爱沙发,Furniture,Relaxation,infipoke_category:furniture;pokopiadex_category:furniture,https://pokopiadex.com/images/items/item_ui/cute-sofa.png,pokopiadex_items,https://infipoke.com/img/pokopia/items/cutesofa.webp,cute-sofa,Furniture,Relaxation,cutesofa,Furniture,Relaxation,https://pokopiadex.com/items;https://infipoke.com/zh/game/pokopia/items,130-cute-sofa.png,assets/pokopia_image_sources/decorative_item_portraits/130-cute-sofa.png,https://pokopiadex.com/images/items/item_ui/cute-sofa.png,pokopiadex_items,image/png,25393,48dc42eb75c6d5708ebf3119c1028e04071e3056650f5a341c9003341d9e5ae2,ok,
131,decorative_item,Cute table,可爱桌,Furniture,,infipoke_category:furniture;pokopiadex_category:furniture,https://pokopiadex.com/images/items/item_ui/cute-table.png,pokopiadex_items,https://infipoke.com/img/pokopia/items/cutetable.webp,cute-table,Furniture,,cutetable,Furniture,,https://pokopiadex.com/items;https://infipoke.com/zh/game/pokopia/items,131-cute-table.png,assets/pokopia_image_sources/decorative_item_portraits/131-cute-table.png,https://pokopiadex.com/images/items/item_ui/cute-table.png,pokopiadex_items,image/png,24291,3f115ac5ed6b91dc229a7a5ff7c8b3e81f49632eb621d7c0e20e4703e4f932f0,ok,
132,decorative_item,Cyber flooring,赛博地板,Blocks,Road,infipoke_category:blocks;pokopiadex_category:blocks,https://pokopiadex.com/images/items/item_ui/cyber-flooring.png,pokopiadex_items,https://infipoke.com/img/pokopia/items/cyberflooring.webp,cyber-flooring,Blocks,Road,cyberflooring,Blocks,Road,https://pokopiadex.com/items;https://infipoke.com/zh/game/pokopia/items,132-cyber-flooring.png,assets/pokopia_image_sources/decorative_item_portraits/132-cyber-flooring.png,https://pokopiadex.com/images/items/item_ui/cyber-flooring.png,pokopiadex_items,image/png,31658,13ace07e5c207ef8aff617c05b22f843e0403773058de5f1805b608e0e219869,ok,
133,decorative_item,Damaged arched tiling,破损拱形地砖,Blocks,,infipoke_category:blocks,https://infipoke.com/img/pokopia/items/damagedarchedtiling.webp,infipoke_items,,,,,damagedarchedtiling,Blocks,,https://pokopiadex.com/items;https://infipoke.com/zh/game/pokopia/items,133-damaged-arched-tiling.webp,assets/pokopia_image_sources/decorative_item_portraits/133-damaged-arched-tiling.webp,https://infipoke.com/img/pokopia/items/damagedarchedtiling.webp,infipoke_items,image/webp,1592,2b4a14264da2482f22c96ba199b0cb1fb34e518943e7342f1b8b7289e4978372,ok,
134,decorative_item,Damaged asphalt road,破损沥青路,Blocks,,infipoke_category:blocks,https://infipoke.com/img/pokopia/items/damagedasphaltroad.webp,infipoke_items,,,,,damagedasphaltroad,Blocks,,https://pokopiadex.com/items;https://infipoke.com/zh/game/pokopia/items,134-damaged-asphalt-road.webp,assets/pokopia_image_sources/decorative_item_portraits/134-damaged-asphalt-road.webp,https://infipoke.com/img/pokopia/items/damagedasphaltroad.webp,infipoke_items,image/webp,1112,050452f3ad0e700d154bc5c7154600f7fc4223dbc8a3324875805ca52677ca55,ok,
135,decorative_item,Damaged mosaic tiling,破损马赛克地砖,Blocks,,infipoke_category:blocks,https://infipoke.com/img/pokopia/items/damagedmosaictiling.webp,infipoke_items,,,,,damagedmosaictiling,Blocks,,https://pokopiadex.com/items;https://infipoke.com/zh/game/pokopia/items,135-damaged-mosaic-tiling.webp,assets/pokopia_image_sources/decorative_item_portraits/135-damaged-mosaic-tiling.webp,https://infipoke.com/img/pokopia/items/damagedmosaictiling.webp,infipoke_items,image/webp,1700,2cdd657a8e130f5899c14d26a075a72ec7d59cf38b744e721a62d1f91931e5af,ok,
136,decorative_item,Damaged square tiling,破损方砖,Blocks,,infipoke_category:blocks,https://infipoke.com/img/pokopia/items/damagedsquaretiling.webp,infipoke_items,,,,,damagedsquaretiling,Blocks,,https://pokopiadex.com/items;https://infipoke.com/zh/game/pokopia/items,136-damaged-square-tiling.webp,assets/pokopia_image_sources/decorative_item_portraits/136-damaged-square-tiling.webp,https://infipoke.com/img/pokopia/items/damagedsquaretiling.webp,infipoke_items,image/webp,1464,403e8ddeb57d74c0c92b16dc8c0b3b4ad49965600f6ce67a1e7b7a3e6b22d31b,ok,
137,decorative_item,Damaged stone flooring,破损石地板,Blocks,,infipoke_category:blocks,https://infipoke.com/img/pokopia/items/damagedstoneflooring.webp,infipoke_items,,,,,damagedstoneflooring,Blocks,,https://pokopiadex.com/items;https://infipoke.com/zh/game/pokopia/items,137-damaged-stone-flooring.webp,assets/pokopia_image_sources/decorative_item_portraits/137-damaged-stone-flooring.webp,https://infipoke.com/img/pokopia/items/damagedstoneflooring.webp,infipoke_items,image/webp,1190,8006928bd8f88c8aa52662b88373c601bbef362d7b7e9cec26e16d267235f8f9,ok,
138,decorative_item,Damaged wooden flooring,破损木地板,Blocks,,infipoke_category:blocks,https://infipoke.com/img/pokopia/items/damagedwoodenflooring.webp,infipoke_items,,,,,damagedwoodenflooring,Blocks,,https://pokopiadex.com/items;https://infipoke.com/zh/game/pokopia/items,138-damaged-wooden-flooring.webp,assets/pokopia_image_sources/decorative_item_portraits/138-damaged-wooden-flooring.webp,https://infipoke.com/img/pokopia/items/damagedwoodenflooring.webp,infipoke_items,image/webp,1322,61fa6964f3f367ba7c03f503bfbf3c27dfffb8c87f0a3e2c964f24be58b6b3f5,ok,
139,decorative_item,Dark marble flooring,深色大理石地板,Blocks,Road,infipoke_category:blocks;pokopiadex_category:blocks,https://pokopiadex.com/images/items/crafting_ui/dark-marble-flooring.png,pokopiadex_items,https://infipoke.com/img/pokopia/items/darkmarbleflooring.webp,dark-marble-flooring,Blocks,Road,darkmarbleflooring,Blocks,Road,https://pokopiadex.com/items;https://infipoke.com/zh/game/pokopia/items,139-dark-marble-flooring.png,assets/pokopia_image_sources/decorative_item_portraits/139-dark-marble-flooring.png,https://pokopiadex.com/images/items/crafting_ui/dark-marble-flooring.png,pokopiadex_items,image/png,98137,fdd7c105f1b8f392fbc980c6015642922b7784dc222d690f9f2eea294593839b,ok,
140,decorative_item,Deck chair,躺椅,Furniture,Relaxation,infipoke_category:furniture;pokopiadex_category:furniture,https://pokopiadex.com/images/items/item_ui/deck-chair.png,pokopiadex_items,https://infipoke.com/img/pokopia/items/deckchair.webp,deck-chair,Furniture,Relaxation,deckchair,Furniture,Relaxation,https://pokopiadex.com/items;https://infipoke.com/zh/game/pokopia/items,140-deck-chair.png,assets/pokopia_image_sources/decorative_item_portraits/140-deck-chair.png,https://pokopiadex.com/images/items/item_ui/deck-chair.png,pokopiadex_items,image/png,26241,c104ac087e35e2f9f524f6302a14eac60c258f948c678014f9e875c250a0832d,ok,
141,decorative_item,Decorative bookshelf,装饰书架,Misc.,Decoration,infipoke_tag:decoration;pokopiadex_tag:decoration,https://pokopiadex.com/images/items/crafting_ui/decorative-bookshelf.png,pokopiadex_items,https://infipoke.com/img/pokopia/items/decorativebookshelf.webp,decorative-bookshelf,Misc.,Decoration,decorativebookshelf,Misc.,Decoration,https://pokopiadex.com/items;https://infipoke.com/zh/game/pokopia/items,141-decorative-bookshelf.png,assets/pokopia_image_sources/decorative_item_portraits/141-decorative-bookshelf.png,https://pokopiadex.com/images/items/crafting_ui/decorative-bookshelf.png,pokopiadex_items,image/png,139091,3e6bede62868d26b1cc90734ff5daaea05b464e512d468f8e259ff533bb2a9b8,ok,
142,decorative_item,Decorative plant shelf,装饰花架,Misc.,Decoration,infipoke_tag:decoration;pokopiadex_tag:decoration,https://pokopiadex.com/images/items/crafting_ui/decorative-plant-shelf.png,pokopiadex_items,https://infipoke.com/img/pokopia/items/decorativeplantshelf.webp,decorative-plant-shelf,Misc.,Decoration,decorativeplantshelf,Misc.,Decoration,https://pokopiadex.com/items;https://infipoke.com/zh/game/pokopia/items,142-decorative-plant-shelf.png,assets/pokopia_image_sources/decorative_item_portraits/142-decorative-plant-shelf.png,https://pokopiadex.com/images/items/crafting_ui/decorative-plant-shelf.png,pokopiadex_items,image/png,122738,5a61fd2860d0242bd03e09383c0a15f7eaf898748d5469d52c93c61401d95b87,ok,
143,decorative_item,Decorative storage shelf,装饰置物架,Misc.,Decoration,infipoke_tag:decoration;pokopiadex_tag:decoration,https://pokopiadex.com/images/items/crafting_ui/decorative-storage-shelf.png,pokopiadex_items,https://infipoke.com/img/pokopia/items/decorativestorageshelf.webp,decorative-storage-shelf,Misc.,Decoration,decorativestorageshelf,Misc.,Decoration,https://pokopiadex.com/items;https://infipoke.com/zh/game/pokopia/items,143-decorative-storage-shelf.png,assets/pokopia_image_sources/decorative_item_portraits/143-decorative-storage-shelf.png,https://pokopiadex.com/images/items/crafting_ui/decorative-storage-shelf.png,pokopiadex_items,image/png,150761,dc20a05391af2b20c4f091e8b9122def06d55aac6d65257327e146a71a2d3f22,ok,
144,decorative_item,Desk light,台灯,Utilities,Decoration,infipoke_tag:decoration;pokopiadex_tag:decoration,https://pokopiadex.com/images/items/shop_ui/desk-light.png,pokopiadex_items,https://infipoke.com/img/pokopia/items/desklight.webp,desk-light,Utilities,Decoration,desklight,Utilities,Decoration,https://pokopiadex.com/items;https://infipoke.com/zh/game/pokopia/items,144-desk-light.png,assets/pokopia_image_sources/decorative_item_portraits/144-desk-light.png,https://pokopiadex.com/images/items/shop_ui/desk-light.png,pokopiadex_items,image/png,74250,f5da0c782b68107aaeb5bb619ae0892d37238d3d7ec83baf82ec3dfe0c0b60d6,ok,
145,decorative_item,Despot Fossil (body),暴君化石（身体）,Other,Decoration,infipoke_tag:decoration;pokopiadex_tag:decoration,https://pokopiadex.com/images/items/item_ui/despot-fossil-body.png,pokopiadex_items,https://infipoke.com/img/pokopia/items/despotfossil%28body%29.webp,despot-fossil-body,Other,Decoration,despotfossil(body),Other,Decoration,https://pokopiadex.com/items;https://infipoke.com/zh/game/pokopia/items,145-despot-fossil-body.png,assets/pokopia_image_sources/decorative_item_portraits/145-despot-fossil-body.png,https://pokopiadex.com/images/items/item_ui/despot-fossil-body.png,pokopiadex_items,image/png,84307,55734015f777f3637208d17fde03b2f471f344a6a7a1f04e158d67b328620f02,ok,
146,decorative_item,Despot Fossil (head),暴君化石（头）,Other,Decoration,infipoke_tag:decoration;pokopiadex_tag:decoration,https://pokopiadex.com/images/items/item_ui/despot-fossil-head.png,pokopiadex_items,https://infipoke.com/img/pokopia/items/despotfossil%28head%29.webp,despot-fossil-head,Other,Decoration,despotfossil(head),Other,Decoration,https://pokopiadex.com/items;https://infipoke.com/zh/game/pokopia/items,146-despot-fossil-head.png,assets/pokopia_image_sources/decorative_item_portraits/146-despot-fossil-head.png,https://pokopiadex.com/images/items/item_ui/despot-fossil-head.png,pokopiadex_items,image/png,124874,94c83cb531495ae815415cb756c462be9d5532a93a0edcb05bad1d4612f90203,ok,
147,decorative_item,Despot Fossil (legs),暴君化石（腿）,Other,Decoration,infipoke_tag:decoration;pokopiadex_tag:decoration,https://pokopiadex.com/images/items/item_ui/despot-fossil-legs.png,pokopiadex_items,https://infipoke.com/img/pokopia/items/despotfossil%28legs%29.webp,despot-fossil-legs,Other,Decoration,despotfossil(legs),Other,Decoration,https://pokopiadex.com/items;https://infipoke.com/zh/game/pokopia/items,147-despot-fossil-legs.png,assets/pokopia_image_sources/decorative_item_portraits/147-despot-fossil-legs.png,https://pokopiadex.com/images/items/item_ui/despot-fossil-legs.png,pokopiadex_items,image/png,105438,f91478d1744a4a3e9a1ec8531e0b4bac186358bfe47eb2820dfbafb75c61cf67,ok,
148,decorative_item,Despot Fossil (tail),暴君化石（尾）,Other,Decoration,infipoke_tag:decoration;pokopiadex_tag:decoration,https://pokopiadex.com/images/items/item_ui/despot-fossil-tail.png,pokopiadex_items,https://infipoke.com/img/pokopia/items/despotfossil%28tail%29.webp,despot-fossil-tail,Other,Decoration,despotfossil(tail),Other,Decoration,https://pokopiadex.com/items;https://infipoke.com/zh/game/pokopia/items,148-despot-fossil-tail.png,assets/pokopia_image_sources/decorative_item_portraits/148-despot-fossil-tail.png,https://pokopiadex.com/images/items/item_ui/despot-fossil-tail.png,pokopiadex_items,image/png,68089,f9f11ec8e17b6ebd35b41cd872d17d2d1f951ba529065e9040e05838b30c0af2,ok,
149,decorative_item,Diagonal wooden flooring,斜纹木地板,Blocks,Road,infipoke_category:blocks;pokopiadex_category:blocks,https://pokopiadex.com/images/items/item_ui/diagonal-wooden-flooring.png,pokopiadex_items,https://infipoke.com/img/pokopia/items/diagonalwoodenflooring.webp,diagonal-wooden-flooring,Blocks,Road,diagonalwoodenflooring,Blocks,Road,https://pokopiadex.com/items;https://infipoke.com/zh/game/pokopia/items,149-diagonal-wooden-flooring.png,assets/pokopia_image_sources/decorative_item_portraits/149-diagonal-wooden-flooring.png,https://pokopiadex.com/images/items/item_ui/diagonal-wooden-flooring.png,pokopiadex_items,image/png,23367,a1a40099993bdcf9a275a117ff756efacd73dad856ed6bcdca1fa37b1792ef0b,ok,
150,decorative_item,Digital camera,,Misc.,Toy,pokopiadex_tag:toy,https://pokopiadex.com/images/items/item_ui/digital-camera.png,pokopiadex_items,,digital-camera,Misc.,Toy,,,,https://pokopiadex.com/items;https://infipoke.com/zh/game/pokopia/items,150-digital-camera.png,assets/pokopia_image_sources/decorative_item_portraits/150-digital-camera.png,https://pokopiadex.com/images/items/item_ui/digital-camera.png,pokopiadex_items,image/png,130514,fb87ad2e40f57197fa93dec8924dbbc39c36652a8c2335bf96d52f2a5cc04021,ok,
151,decorative_item,Dining cabinet,餐边柜,Misc.,Decoration,infipoke_tag:decoration;pokopiadex_tag:decoration,https://pokopiadex.com/images/items/item_ui/dining-cabinet.png,pokopiadex_items,https://infipoke.com/img/pokopia/items/diningcabinet.webp,dining-cabinet,Misc.,Decoration,diningcabinet,Misc.,Decoration,https://pokopiadex.com/items;https://infipoke.com/zh/game/pokopia/items,151-dining-cabinet.png,assets/pokopia_image_sources/decorative_item_portraits/151-dining-cabinet.png,https://pokopiadex.com/images/items/item_ui/dining-cabinet.png,pokopiadex_items,image/png,31100,59e01ea9953fb62d04581b620ee6459519ecbf743e11ac5479eb281c372de20f,ok,
152,decorative_item,Diploma,完成证书,Other,Decoration,infipoke_tag:decoration;pokopiadex_tag:decoration,https://pokopiadex.com/images/items/item_ui/diploma.png,pokopiadex_items,https://infipoke.com/img/pokopia/items/diploma.webp,diploma,Other,Decoration,diploma,Other,Decoration,https://pokopiadex.com/items;https://infipoke.com/zh/game/pokopia/items,152-diploma.png,assets/pokopia_image_sources/decorative_item_portraits/152-diploma.png,https://pokopiadex.com/images/items/item_ui/diploma.png,pokopiadex_items,image/png,28788,a83c4c94a003c246fcbb936d53d8f7d8054fb17821b33b5b60a1bcadaeb38d6b,ok,
153,decorative_item,Ditto doll,百变怪玩偶,Misc.,Toy,infipoke_tag:toy;pokopiadex_tag:toy,https://pokopiadex.com/images/items/item_ui/ditto-doll.png,pokopiadex_items,https://infipoke.com/img/pokopia/items/dittodoll.webp,ditto-doll,Misc.,Toy,dittodoll,Misc.,Toy,https://pokopiadex.com/items;https://infipoke.com/zh/game/pokopia/items,153-ditto-doll.png,assets/pokopia_image_sources/decorative_item_portraits/153-ditto-doll.png,https://pokopiadex.com/images/items/item_ui/ditto-doll.png,pokopiadex_items,image/png,23051,d681c6b68dc776ead79c8ad3506050331e3c0eeaf2246ed5019a2793060184ab,ok,
154,decorative_item,Double streetlight,双头路灯,Utilities,Decoration,infipoke_tag:decoration;pokopiadex_tag:decoration,https://pokopiadex.com/images/items/item_ui/double-streetlight.png,pokopiadex_items,https://infipoke.com/img/pokopia/items/doublestreetlight.webp,double-streetlight,Utilities,Decoration,doublestreetlight,Utilities,Decoration,https://pokopiadex.com/items;https://infipoke.com/zh/game/pokopia/items,154-double-streetlight.png,assets/pokopia_image_sources/decorative_item_portraits/154-double-streetlight.png,https://pokopiadex.com/images/items/item_ui/double-streetlight.png,pokopiadex_items,image/png,13113,15e82d0c8e462ce0d8def0e6ec3f31864c41b22efacb86f8c28d13be80131d0c,ok,
155,decorative_item,Dragonite doll,快龙玩偶,Misc.,Toy,infipoke_tag:toy;pokopiadex_tag:toy,https://pokopiadex.com/images/items/item_ui/dragonite-doll.png,pokopiadex_items,https://infipoke.com/img/pokopia/items/dragonitedoll.webp,dragonite-doll,Misc.,Toy,dragonitedoll,Misc.,Toy,https://pokopiadex.com/items;https://infipoke.com/zh/game/pokopia/items,155-dragonite-doll.png,assets/pokopia_image_sources/decorative_item_portraits/155-dragonite-doll.png,https://pokopiadex.com/images/items/item_ui/dragonite-doll.png,pokopiadex_items,image/png,36681,49468bcd2f9dc939c5447ebfd7bc63124a44c3ac3a75737bc104b51dbabeae50,ok,
156,decorative_item,Dry alpine grass,枯萎高山草,Blocks,,infipoke_category:blocks;pokopiadex_category:blocks,https://pokopiadex.com/images/items/item_ui/dry-alpine-grass.png,pokopiadex_items,https://infipoke.com/img/pokopia/items/dryalpinegrass.webp,dry-alpine-grass,Blocks,,dryalpinegrass,Blocks,,https://pokopiadex.com/items;https://infipoke.com/zh/game/pokopia/items,156-dry-alpine-grass.png,assets/pokopia_image_sources/decorative_item_portraits/156-dry-alpine-grass.png,https://pokopiadex.com/images/items/item_ui/dry-alpine-grass.png,pokopiadex_items,image/png,26204,8aed91a61ed5f7a47b394f3c4fefae6274ebc99b08266199d65c10143f2c36b1,ok,
157,decorative_item,Dry field grass,枯萎田野草,Blocks,,infipoke_category:blocks,https://infipoke.com/img/pokopia/items/dryfieldgrass.webp,infipoke_items,,,,,dryfieldgrass,Blocks,,https://pokopiadex.com/items;https://infipoke.com/zh/game/pokopia/items,157-dry-field-grass.webp,assets/pokopia_image_sources/decorative_item_portraits/157-dry-field-grass.webp,https://infipoke.com/img/pokopia/items/dryfieldgrass.webp,infipoke_items,image/webp,1156,1cee991522cf4fb02950f0d24d0f0d738b3c37f01e68287dd45e883a15d7f8ad,ok,
158,decorative_item,Dry red tall grass,枯萎红色草丛,Nature,,pokopiadex_category:blocks,https://infipoke.com/img/pokopia/items/dryredtallgrass.webp,infipoke_items,,dry-red-tall-grass,Blocks,,dryredtallgrass,Nature,,https://pokopiadex.com/items;https://infipoke.com/zh/game/pokopia/items,158-dry-red-tall-grass.webp,assets/pokopia_image_sources/decorative_item_portraits/158-dry-red-tall-grass.webp,https://infipoke.com/img/pokopia/items/dryredtallgrass.webp,infipoke_items,image/webp,1544,681196dc99b4acc0d53716122c696665a2040c4a470ba8aa36ce66f06c03b1f2,ok,
159,decorative_item,Dry seashore grass,枯萎海边草,Blocks,,infipoke_category:blocks;pokopiadex_category:blocks,https://pokopiadex.com/images/items/item_ui/dry-seashore-grass.png,pokopiadex_items,https://infipoke.com/img/pokopia/items/dryseashoregrass.webp,dry-seashore-grass,Blocks,,dryseashoregrass,Blocks,,https://pokopiadex.com/items;https://infipoke.com/zh/game/pokopia/items,159-dry-seashore-grass.png,assets/pokopia_image_sources/decorative_item_portraits/159-dry-seashore-grass.png,https://pokopiadex.com/images/items/item_ui/dry-seashore-grass.png,pokopiadex_items,image/png,25743,ab987a53f34f51f23a19bda07ad25d9a5f2e47ff03f9ec905036db28aac419c7,ok,
160,decorative_item,Dry sky-high grass,枯萎高空草,Blocks,,infipoke_category:blocks,https://infipoke.com/img/pokopia/items/drysky-highgrass.webp,infipoke_items,,,,,drysky-highgrass,Blocks,,https://pokopiadex.com/items;https://infipoke.com/zh/game/pokopia/items,160-dry-sky-high-grass.webp,assets/pokopia_image_sources/decorative_item_portraits/160-dry-sky-high-grass.webp,https://infipoke.com/img/pokopia/items/drysky-highgrass.webp,infipoke_items,image/webp,1144,54e99951781d39de7bd4993871f3e06135141980f22bff998ebdab346db1d5b5,ok,
161,decorative_item,Eerie candle,诡异蜡烛,Outdoor,Decoration,infipoke_tag:decoration;pokopiadex_tag:decoration,https://pokopiadex.com/images/items/item_ui/eerie-candle.png,pokopiadex_items,https://infipoke.com/img/pokopia/items/eeriecandle.webp,eerie-candle,Outdoor,Decoration,eeriecandle,Outdoor,Decoration,https://pokopiadex.com/items;https://infipoke.com/zh/game/pokopia/items,161-eerie-candle.png,assets/pokopia_image_sources/decorative_item_portraits/161-eerie-candle.png,https://pokopiadex.com/images/items/item_ui/eerie-candle.png,pokopiadex_items,image/png,94962,d76a86e3e39e2f45972de1c1267e92adb7b003a19185732dbdd415d2ede7acf9,ok,
162,decorative_item,Eevee doll,伊布玩偶,Misc.,Toy,infipoke_tag:toy;pokopiadex_tag:toy,https://pokopiadex.com/images/items/shop_ui/eevee-doll.png,pokopiadex_items,https://infipoke.com/img/pokopia/items/eeveedoll.webp,eevee-doll,Misc.,Toy,eeveedoll,Misc.,Toy,https://pokopiadex.com/items;https://infipoke.com/zh/game/pokopia/items,162-eevee-doll.png,assets/pokopia_image_sources/decorative_item_portraits/162-eevee-doll.png,https://pokopiadex.com/images/items/shop_ui/eevee-doll.png,pokopiadex_items,image/png,122301,c5a02ebd5dce1495a6b83a68ddbe78bd16f28b2c473f391ddd7af15ade9f9326,ok,
163,decorative_item,Excavation tools,挖掘工具,Outdoor,Toy,infipoke_tag:toy;pokopiadex_tag:toy,https://pokopiadex.com/images/items/item_ui/excavation-tools.png,pokopiadex_items,https://infipoke.com/img/pokopia/items/excavationtools.webp,excavation-tools,Outdoor,Toy,excavationtools,Outdoor,Toy,https://pokopiadex.com/items;https://infipoke.com/zh/game/pokopia/items,163-excavation-tools.png,assets/pokopia_image_sources/decorative_item_portraits/163-excavation-tools.png,https://pokopiadex.com/images/items/item_ui/excavation-tools.png,pokopiadex_items,image/png,20754,8f9cdfc841b474ce2876adf6eab17553efc5d895ff3aab2e3c395ca1075ac0ce,ok,
164,decorative_item,Exhibition stand,展示架,Furniture,,infipoke_category:furniture;pokopiadex_category:furniture,https://pokopiadex.com/images/items/crafting_ui/exhibition-stand.png,pokopiadex_items,https://infipoke.com/img/pokopia/items/exhibitionstand.webp,exhibition-stand,Furniture,,exhibitionstand,Furniture,,https://pokopiadex.com/items;https://infipoke.com/zh/game/pokopia/items,164-exhibition-stand.png,assets/pokopia_image_sources/decorative_item_portraits/164-exhibition-stand.png,https://pokopiadex.com/images/items/crafting_ui/exhibition-stand.png,pokopiadex_items,image/png,116394,1d8d9b9cfa6fd52a0b1a9e5587aa9d98a2ce7bf0393f02ceed2308ac6e3662e3,ok,
165,decorative_item,Extravagant carpeting,奢华地毯,Blocks,Road,infipoke_category:blocks;pokopiadex_category:blocks,https://pokopiadex.com/images/items/item_ui/extravagant-carpeting.png,pokopiadex_items,https://infipoke.com/img/pokopia/items/extravagantcarpeting.webp,extravagant-carpeting,Blocks,Road,extravagantcarpeting,Blocks,Road,https://pokopiadex.com/items;https://infipoke.com/zh/game/pokopia/items,165-extravagant-carpeting.png,assets/pokopia_image_sources/decorative_item_portraits/165-extravagant-carpeting.png,https://pokopiadex.com/images/items/item_ui/extravagant-carpeting.png,pokopiadex_items,image/png,31949,dba8760246907a5cf68f2797446fc2646b2adf509539e174d03ca65483ff8634,ok,
166,decorative_item,Extravagant flowers,华丽花束,Misc.,Decoration,infipoke_tag:decoration;pokopiadex_tag:decoration,https://pokopiadex.com/images/items/crafting_ui/extravagant-flowers.png,pokopiadex_items,https://infipoke.com/img/pokopia/items/extravagantflowers.webp,extravagant-flowers,Misc.,Decoration,extravagantflowers,Misc.,Decoration,https://pokopiadex.com/items;https://infipoke.com/zh/game/pokopia/items,166-extravagant-flowers.png,assets/pokopia_image_sources/decorative_item_portraits/166-extravagant-flowers.png,https://pokopiadex.com/images/items/crafting_ui/extravagant-flowers.png,pokopiadex_items,image/png,147730,64934471a18baedb38102cb9788bdbae61b07749f38618c0446ea3f5bd7317f3,ok,
167,decorative_item,Fan,电风扇,Misc.,Toy,infipoke_tag:toy;pokopiadex_tag:toy,https://pokopiadex.com/images/items/item_ui/fan.png,pokopiadex_items,https://infipoke.com/img/pokopia/items/fan.webp,fan,Misc.,Toy,fan,Misc.,Toy,https://pokopiadex.com/items;https://infipoke.com/zh/game/pokopia/items,167-fan.png,assets/pokopia_image_sources/decorative_item_portraits/167-fan.png,https://pokopiadex.com/images/items/item_ui/fan.png,pokopiadex_items,image/png,34186,222a71316637196e52e84926db3e658f8a5d3c624195c4971ccf9264e68e2067,ok,
168,decorative_item,Fancy chair,华丽椅,Furniture,Relaxation,infipoke_category:furniture;pokopiadex_category:furniture,https://pokopiadex.com/images/items/item_ui/fancy-chair.png,pokopiadex_items,https://infipoke.com/img/pokopia/items/fancychair.webp,fancy-chair,Furniture,Relaxation,fancychair,Furniture,Relaxation,https://pokopiadex.com/items;https://infipoke.com/zh/game/pokopia/items,168-fancy-chair.png,assets/pokopia_image_sources/decorative_item_portraits/168-fancy-chair.png,https://pokopiadex.com/images/items/item_ui/fancy-chair.png,pokopiadex_items,image/png,32771,89d78b0c373ebd79edf6c001f89deb11f62682bf807f67f135597bc964d93186,ok,
169,decorative_item,Fancy pen,华丽钢笔,Misc.,Toy,infipoke_tag:toy;pokopiadex_tag:toy,https://pokopiadex.com/images/items/item_ui/fancy-pen.png,pokopiadex_items,https://infipoke.com/img/pokopia/items/fancypen.webp,fancy-pen,Misc.,Toy,fancypen,Misc.,Toy,https://pokopiadex.com/items;https://infipoke.com/zh/game/pokopia/items,169-fancy-pen.png,assets/pokopia_image_sources/decorative_item_portraits/169-fancy-pen.png,https://pokopiadex.com/images/items/item_ui/fancy-pen.png,pokopiadex_items,image/png,19455,f9795a9c4d77bc8b546b70bff71c84661cef509c5929baac8088b8ad81b85a09,ok,
170,decorative_item,Farm soil (Beach),农田土（海边）,Blocks,,infipoke_category:blocks,https://infipoke.com/img/pokopia/items/farmsoil%28beach%29.webp,infipoke_items,,,,,farmsoil(beach),Blocks,,https://pokopiadex.com/items;https://infipoke.com/zh/game/pokopia/items,170-farm-soil-beach.webp,assets/pokopia_image_sources/decorative_item_portraits/170-farm-soil-beach.webp,https://infipoke.com/img/pokopia/items/farmsoil%28beach%29.webp,infipoke_items,image/webp,1006,952c3b1efe6abd1e96c30c922e1fecb901ffa866f03425a05e6d40e5898269b6,ok,
171,decorative_item,Farm soil (Ridge),农田土（山地）,Blocks,,infipoke_category:blocks,https://infipoke.com/img/pokopia/items/farmsoil%28ridge%29.webp,infipoke_items,,,,,farmsoil(ridge),Blocks,,https://pokopiadex.com/items;https://infipoke.com/zh/game/pokopia/items,171-farm-soil-ridge.webp,assets/pokopia_image_sources/decorative_item_portraits/171-farm-soil-ridge.webp,https://infipoke.com/img/pokopia/items/farmsoil%28ridge%29.webp,infipoke_items,image/webp,1006,952c3b1efe6abd1e96c30c922e1fecb901ffa866f03425a05e6d40e5898269b6,ok,
172,decorative_item,Farm soil (Skyland),农田土（浮岛）,Blocks,,infipoke_category:blocks,https://infipoke.com/img/pokopia/items/farmsoil%28beach%29.webp,infipoke_items_shared_farm_soil_fallback,https://infipoke.com/img/pokopia/items/farmsoil%28skyland%29.webp,,,,farmsoil(skyland),Blocks,,https://pokopiadex.com/items;https://infipoke.com/zh/game/pokopia/items,172-farm-soil-skyland.webp,assets/pokopia_image_sources/decorative_item_portraits/172-farm-soil-skyland.webp,https://infipoke.com/img/pokopia/items/farmsoil%28beach%29.webp,infipoke_items_shared_farm_soil_fallback,image/webp,1006,952c3b1efe6abd1e96c30c922e1fecb901ffa866f03425a05e6d40e5898269b6,ok,
173,decorative_item,Farm soil (Wastelands),农田土（荒野）,Blocks,,infipoke_category:blocks,https://infipoke.com/img/pokopia/items/farmsoil%28wastelands%29.webp,infipoke_items,,,,,farmsoil(wastelands),Blocks,,https://pokopiadex.com/items;https://infipoke.com/zh/game/pokopia/items,173-farm-soil-wastelands.webp,assets/pokopia_image_sources/decorative_item_portraits/173-farm-soil-wastelands.webp,https://infipoke.com/img/pokopia/items/farmsoil%28wastelands%29.webp,infipoke_items,image/webp,1006,952c3b1efe6abd1e96c30c922e1fecb901ffa866f03425a05e6d40e5898269b6,ok,
174,decorative_item,Felt mat,毛毡垫,Blocks,Road,infipoke_category:blocks;pokopiadex_category:blocks,https://pokopiadex.com/images/items/crafting_ui/felt-mat.png,pokopiadex_items,https://infipoke.com/img/pokopia/items/feltmat.webp,felt-mat,Blocks,Road,feltmat,Blocks,Road,https://pokopiadex.com/items;https://infipoke.com/zh/game/pokopia/items,174-felt-mat.png,assets/pokopia_image_sources/decorative_item_portraits/174-felt-mat.png,https://pokopiadex.com/images/items/crafting_ui/felt-mat.png,pokopiadex_items,image/png,111681,f50506ea6a18faad843cc4e292b73b0bc85bda8828f3a9d1fb014f8225a8a9f3,ok,
175,decorative_item,Field grass,田野草,Blocks,,infipoke_category:blocks;pokopiadex_category:blocks,https://pokopiadex.com/images/items/item_ui/field-grass.png,pokopiadex_items,https://infipoke.com/img/pokopia/items/fieldgrass.webp,field-grass,Blocks,,fieldgrass,Blocks,,https://pokopiadex.com/items;https://infipoke.com/zh/game/pokopia/items,175-field-grass.png,assets/pokopia_image_sources/decorative_item_portraits/175-field-grass.png,https://pokopiadex.com/images/items/item_ui/field-grass.png,pokopiadex_items,image/png,109455,b413f7dc8cc078662f4204c30162a05ed9decb6840cfce6d8627e6403cb91766,ok,
176,decorative_item,Fiery Magby statue,鸭嘴宝宝火焰雕像,Misc.,Decoration,infipoke_tag:decoration;pokopiadex_tag:toy,https://pokopiadex.com/images/items/item_ui/fiery-magby-statue.png,pokopiadex_items,https://infipoke.com/img/pokopia/items/fierymagbystatue.webp,fiery-magby-statue,Misc.,Toy,fierymagbystatue,Misc.,Decoration,https://pokopiadex.com/items;https://infipoke.com/zh/game/pokopia/items,176-fiery-magby-statue.png,assets/pokopia_image_sources/decorative_item_portraits/176-fiery-magby-statue.png,https://pokopiadex.com/images/items/item_ui/fiery-magby-statue.png,pokopiadex_items,image/png,115572,ed3b308dc1324c8375c7bb11299dbe7181b3bcd54e33e194d7137eccde302b53,ok,
177,decorative_item,Fire hydrant,消防栓,Outdoor,Toy,infipoke_tag:toy;pokopiadex_tag:decoration,https://pokopiadex.com/images/items/item_ui/fire-hydrant.png,pokopiadex_items,https://infipoke.com/img/pokopia/items/firehydrant.webp,fire-hydrant,Outdoor,Decoration,firehydrant,Outdoor,Toy,https://pokopiadex.com/items;https://infipoke.com/zh/game/pokopia/items,177-fire-hydrant.png,assets/pokopia_image_sources/decorative_item_portraits/177-fire-hydrant.png,https://pokopiadex.com/images/items/item_ui/fire-hydrant.png,pokopiadex_items,image/png,26650,3361c39a790aaaed76117f64ea7142bdfb1aa495a98a25295e4f7bc356743e03,ok,
178,decorative_item,Firepit,火坑,Outdoor,Decoration,infipoke_tag:decoration;pokopiadex_tag:decoration,https://pokopiadex.com/images/items/item_ui/firepit.png,pokopiadex_items,https://infipoke.com/img/pokopia/items/firepit.webp,firepit,Outdoor,Decoration,firepit,Outdoor,Decoration,https://pokopiadex.com/items;https://infipoke.com/zh/game/pokopia/items,178-firepit.png,assets/pokopia_image_sources/decorative_item_portraits/178-firepit.png,https://pokopiadex.com/images/items/item_ui/firepit.png,pokopiadex_items,image/png,29105,c25c3de68c443730f60098513fe84edbfc7097c705ff170ae5740c24065da524,ok,
179,decorative_item,First aid kit,急救箱,Misc.,Toy,infipoke_tag:toy;pokopiadex_tag:toy,https://pokopiadex.com/images/items/shop_ui/first-aid-kit.png,pokopiadex_items,https://infipoke.com/img/pokopia/items/firstaidkit.webp,first-aid-kit,Misc.,Toy,firstaidkit,Misc.,Toy,https://pokopiadex.com/items;https://infipoke.com/zh/game/pokopia/items,179-first-aid-kit.png,assets/pokopia_image_sources/decorative_item_portraits/179-first-aid-kit.png,https://pokopiadex.com/images/items/shop_ui/first-aid-kit.png,pokopiadex_items,image/png,119422,9bd1a9056600a656c9b5e18aa6b6d4d01bdc42ae76b09a39bddbe3aa7a9a8f99,ok,
180,decorative_item,Fish-scale tiling,鱼鳞砖,Blocks,Road,infipoke_category:blocks;pokopiadex_category:blocks,https://pokopiadex.com/images/items/crafting_ui/fish-scale-tiling.png,pokopiadex_items,https://infipoke.com/img/pokopia/items/fish-scaletiling.webp,fish-scale-tiling,Blocks,Road,fish-scaletiling,Blocks,Road,https://pokopiadex.com/items;https://infipoke.com/zh/game/pokopia/items,180-fish-scale-tiling.png,assets/pokopia_image_sources/decorative_item_portraits/180-fish-scale-tiling.png,https://pokopiadex.com/images/items/crafting_ui/fish-scale-tiling.png,pokopiadex_items,image/png,136898,02621f0d90d85502827e9d771e98ffec94c8b7176fc3e71a5c455a72809683a3,ok,
181,decorative_item,Fishing rod,钓竿,Outdoor,Decoration,infipoke_tag:decoration;pokopiadex_tag:toy,https://pokopiadex.com/images/items/item_ui/fishing-rod.png,pokopiadex_items,https://infipoke.com/img/pokopia/items/fishingrod.webp,fishing-rod,Outdoor,Toy,fishingrod,Outdoor,Decoration,https://pokopiadex.com/items;https://infipoke.com/zh/game/pokopia/items,181-fishing-rod.png,assets/pokopia_image_sources/decorative_item_portraits/181-fishing-rod.png,https://pokopiadex.com/images/items/item_ui/fishing-rod.png,pokopiadex_items,image/png,127670,c0843e61ba00d1ecb58d76834d0dacb4b9e14acc4066ef4550a91fd8c91b18d1,ok,
182,decorative_item,Flat-leaf plant,扁叶植物,Misc.,Decoration,infipoke_tag:decoration;pokopiadex_tag:decoration,https://pokopiadex.com/images/items/item_ui/flat-leaf-plant.png,pokopiadex_items,https://infipoke.com/img/pokopia/items/flat-leafplant.webp,flat-leaf-plant,Misc.,Decoration,flat-leafplant,Misc.,Decoration,https://pokopiadex.com/items;https://infipoke.com/zh/game/pokopia/items,182-flat-leaf-plant.png,assets/pokopia_image_sources/decorative_item_portraits/182-flat-leaf-plant.png,https://pokopiadex.com/images/items/item_ui/flat-leaf-plant.png,pokopiadex_items,image/png,26738,416a525adb8ef83852a517dfbf3e617d9d3ca7e6582f648a32df3e272be62e2e,ok,
183,decorative_item,Flower cushion,花朵坐垫,Furniture,Relaxation,infipoke_category:furniture;pokopiadex_category:furniture,https://pokopiadex.com/images/items/item_ui/flower-cushion.png,pokopiadex_items,https://infipoke.com/img/pokopia/items/flowercushion.webp,flower-cushion,Furniture,Relaxation,flowercushion,Furniture,,https://pokopiadex.com/items;https://infipoke.com/zh/game/pokopia/items,183-flower-cushion.png,assets/pokopia_image_sources/decorative_item_portraits/183-flower-cushion.png,https://pokopiadex.com/images/items/item_ui/flower-cushion.png,pokopiadex_items,image/png,123121,f3570d997ad3f595780d80f4091c6dd8fee508c272e4c4a97337683f855982d8,ok,
184,decorative_item,Flower garland,花环,Misc.,Decoration,pokopiadex_tag:decoration,https://pokopiadex.com/images/items/item_ui/flower-garland.png,pokopiadex_items,https://infipoke.com/img/pokopia/items/flowergarland.webp,flower-garland,Misc.,Decoration,flowergarland,Misc.,,https://pokopiadex.com/items;https://infipoke.com/zh/game/pokopia/items,184-flower-garland.png,assets/pokopia_image_sources/decorative_item_portraits/184-flower-garland.png,https://pokopiadex.com/images/items/item_ui/flower-garland.png,pokopiadex_items,image/png,16290,f69a5446340dca39c2178c387f28e47923f9d65ff1dedec59b4dfab55d6e8a50,ok,
185,decorative_item,Flower print,花朵花纹,Blocks,,infipoke_category:blocks;pokopiadex_category:blocks,https://pokopiadex.com/images/items/crafting_ui/flower-print.png,pokopiadex_items,https://infipoke.com/img/pokopia/items/flowerprint.webp,flower-print,Blocks,,flowerprint,Blocks,,https://pokopiadex.com/items;https://infipoke.com/zh/game/pokopia/items,185-flower-print.png,assets/pokopia_image_sources/decorative_item_portraits/185-flower-print.png,https://pokopiadex.com/images/items/crafting_ui/flower-print.png,pokopiadex_items,image/png,154420,1f5728cb02258be9be6027bf31ba5b5afd4c43d72fa0ffe362188bf44ed73382,ok,
186,decorative_item,Flower table,花朵桌,Furniture,,infipoke_category:furniture;pokopiadex_category:furniture,https://pokopiadex.com/images/items/item_ui/flower-table.png,pokopiadex_items,https://infipoke.com/img/pokopia/items/flowertable.webp,flower-table,Furniture,,flowertable,Furniture,,https://pokopiadex.com/items;https://infipoke.com/zh/game/pokopia/items,186-flower-table.png,assets/pokopia_image_sources/decorative_item_portraits/186-flower-table.png,https://pokopiadex.com/images/items/item_ui/flower-table.png,pokopiadex_items,image/png,130313,d77e7614af493efc04008eaaea808598d596c535713963b6b84609a6dda7bd42,ok,
187,decorative_item,Flowery table setting,花朵餐桌布置,Misc.,Decoration,pokopiadex_tag:decoration,https://pokopiadex.com/images/items/item_ui/flowery-table-setting.png,pokopiadex_items,https://infipoke.com/img/pokopia/items/flowerytablesetting.webp,flowery-table-setting,Misc.,Decoration,flowerytablesetting,Misc.,,https://pokopiadex.com/items;https://infipoke.com/zh/game/pokopia/items,187-flowery-table-setting.png,assets/pokopia_image_sources/decorative_item_portraits/187-flowery-table-setting.png,https://pokopiadex.com/images/items/item_ui/flowery-table-setting.png,pokopiadex_items,image/png,156077,3b4cb5c7fe7d90b48015166538e6fadaadf72360b2ee1e37eedf26c9ddcdffdd,ok,
188,decorative_item,Fluffy flooring,毛绒地板,Blocks,Road,infipoke_category:blocks;pokopiadex_category:blocks,https://pokopiadex.com/images/items/crafting_ui/fluffy-flooring.png,pokopiadex_items,https://infipoke.com/img/pokopia/items/fluffyflooring.webp,fluffy-flooring,Blocks,Road,fluffyflooring,Blocks,Road,https://pokopiadex.com/items;https://infipoke.com/zh/game/pokopia/items,188-fluffy-flooring.png,assets/pokopia_image_sources/decorative_item_portraits/188-fluffy-flooring.png,https://pokopiadex.com/images/items/crafting_ui/fluffy-flooring.png,pokopiadex_items,image/png,95104,5e913f92e293e02154d0d956b702bd71e3db454daf13bfcbdfa9114a1cfc44be,ok,
189,decorative_item,Fluorescent light,荧光灯,Utilities,Decoration,infipoke_tag:decoration;pokopiadex_tag:decoration,https://pokopiadex.com/images/items/item_ui/fluorescent-light.png,pokopiadex_items,https://infipoke.com/img/pokopia/items/fluorescentlight.webp,fluorescent-light,Utilities,Decoration,fluorescentlight,Utilities,Decoration,https://pokopiadex.com/items;https://infipoke.com/zh/game/pokopia/items,189-fluorescent-light.png,assets/pokopia_image_sources/decorative_item_portraits/189-fluorescent-light.png,https://pokopiadex.com/images/items/item_ui/fluorescent-light.png,pokopiadex_items,image/png,12611,392e2d308e6c27ee99e144ce8073e0ecf5936308957099e27d9768ca680991ab,ok,
190,decorative_item,Folding chair,折叠椅,Furniture,Relaxation,infipoke_category:furniture;pokopiadex_category:furniture,https://pokopiadex.com/images/items/shop_ui/folding-chair.png,pokopiadex_items,https://infipoke.com/img/pokopia/items/foldingchair.webp,folding-chair,Furniture,Relaxation,foldingchair,Furniture,Relaxation,https://pokopiadex.com/items;https://infipoke.com/zh/game/pokopia/items,190-folding-chair.png,assets/pokopia_image_sources/decorative_item_portraits/190-folding-chair.png,https://pokopiadex.com/images/items/shop_ui/folding-chair.png,pokopiadex_items,image/png,142494,d14ffd3ce0ffd7ac33ea3ce5bb9016649f3ab5016e87092cb2c2480b9bbf9df9,ok,
191,decorative_item,Food counter,餐点柜台,Furniture,,infipoke_category:furniture;pokopiadex_category:furniture,https://pokopiadex.com/images/items/crafting_ui/food-counter.png,pokopiadex_items,https://infipoke.com/img/pokopia/items/foodcounter.webp,food-counter,Furniture,,foodcounter,Furniture,,https://pokopiadex.com/items;https://infipoke.com/zh/game/pokopia/items,191-food-counter.png,assets/pokopia_image_sources/decorative_item_portraits/191-food-counter.png,https://pokopiadex.com/images/items/crafting_ui/food-counter.png,pokopiadex_items,image/png,196092,62b2982d9468ce6efa7095deae9ddcaaa4e2c53717984a5a8a733d648de19a24,ok,
192,decorative_item,Foundation,地基,Blocks,,infipoke_category:blocks;pokopiadex_category:blocks,https://pokopiadex.com/images/items/item_ui/foundation.png,pokopiadex_items,https://infipoke.com/img/pokopia/items/foundation.webp,foundation,Blocks,,foundation,Blocks,,https://pokopiadex.com/items;https://infipoke.com/zh/game/pokopia/items,192-foundation.png,assets/pokopia_image_sources/decorative_item_portraits/192-foundation.png,https://pokopiadex.com/images/items/item_ui/foundation.png,pokopiadex_items,image/png,24269,9ecbf40c4b93f910ca5bffb102d33b25e3631f369437e6a4f702bb2017076a1d,ok,
193,decorative_item,Frame,画框,Utilities,Decoration,infipoke_tag:decoration;pokopiadex_tag:decoration,https://pokopiadex.com/images/items/crafting_ui/frame.png,pokopiadex_items,https://infipoke.com/img/pokopia/items/frame.webp,frame,Utilities,Decoration,frame,Utilities,Decoration,https://pokopiadex.com/items;https://infipoke.com/zh/game/pokopia/items,193-frame.png,assets/pokopia_image_sources/decorative_item_portraits/193-frame.png,https://pokopiadex.com/images/items/crafting_ui/frame.png,pokopiadex_items,image/png,86562,5852edd0ae14f316b20400ee9bb05baeea94232b3f3fda85ca8f37dfb3d75470,ok,
194,decorative_item,Fried Potatoes,炸薯条,Misc.,Decoration,infipoke_tag:decoration;pokopiadex_tag:decoration,https://pokopiadex.com/images/items/item_ui/fried-potatoes.png,pokopiadex_items,https://infipoke.com/img/pokopia/items/friedpotatoes.webp,fried-potatoes,Misc.,Decoration,friedpotatoes,Misc.,Decoration,https://pokopiadex.com/items;https://infipoke.com/zh/game/pokopia/items,194-fried-potatoes.png,assets/pokopia_image_sources/decorative_item_portraits/194-fried-potatoes.png,https://pokopiadex.com/images/items/item_ui/fried-potatoes.png,pokopiadex_items,image/png,34653,79407bbe00d078a989bc2156b31b8ddb462c0fe954096b56ee07c32fe6a8aba2,ok,
195,decorative_item,Funky diffuser,时尚扩香器,Misc.,Toy,infipoke_tag:toy;pokopiadex_tag:toy,https://pokopiadex.com/images/items/item_ui/funky-diffuser.png,pokopiadex_items,https://infipoke.com/img/pokopia/items/funkydiffuser.webp,funky-diffuser,Misc.,Toy,funkydiffuser,Misc.,Toy,https://pokopiadex.com/items;https://infipoke.com/zh/game/pokopia/items,195-funky-diffuser.png,assets/pokopia_image_sources/decorative_item_portraits/195-funky-diffuser.png,https://pokopiadex.com/images/items/item_ui/funky-diffuser.png,pokopiadex_items,image/png,106660,79e01a48dcf30709f281a28810e37c7d5a50b66bba0bc384cddc380f52db86e3,ok,
196,decorative_item,Game Boy system,Game Boy主机,Misc.,Toy,infipoke_tag:toy;pokopiadex_tag:toy,https://pokopiadex.com/images/items/item_ui/game-boy-system.png,pokopiadex_items,https://infipoke.com/img/pokopia/items/gameboysystem.webp,game-boy-system,Misc.,Toy,gameboysystem,Misc.,Toy,https://pokopiadex.com/items;https://infipoke.com/zh/game/pokopia/items,196-game-boy-system.png,assets/pokopia_image_sources/decorative_item_portraits/196-game-boy-system.png,https://pokopiadex.com/images/items/item_ui/game-boy-system.png,pokopiadex_items,image/png,28509,df059a9d8926e65f3396b21533488ebe813e8e21e88ade219568d6904d3fcc0e,ok,
197,decorative_item,Gaming bed,电竞床,Furniture,Relaxation,infipoke_category:furniture;pokopiadex_category:furniture,https://pokopiadex.com/images/items/item_ui/gaming-bed.png,pokopiadex_items,https://infipoke.com/img/pokopia/items/gamingbed.webp,gaming-bed,Furniture,Relaxation,gamingbed,Furniture,Relaxation,https://pokopiadex.com/items;https://infipoke.com/zh/game/pokopia/items,197-gaming-bed.png,assets/pokopia_image_sources/decorative_item_portraits/197-gaming-bed.png,https://pokopiadex.com/images/items/item_ui/gaming-bed.png,pokopiadex_items,image/png,29449,b40a0fb60f680159d9593ffdfe64bc94a3c9c2db001c0ce7ce30d49cff7b6188,ok,
198,decorative_item,Gaming Chair,电竞椅,Furniture,Relaxation,infipoke_category:furniture;pokopiadex_category:furniture,https://pokopiadex.com/images/items/item_ui/gaming-chair.png,pokopiadex_items,https://infipoke.com/img/pokopia/items/gamingchair.webp,gaming-chair,Furniture,Relaxation,gamingchair,Furniture,Relaxation,https://pokopiadex.com/items;https://infipoke.com/zh/game/pokopia/items,198-gaming-chair.png,assets/pokopia_image_sources/decorative_item_portraits/198-gaming-chair.png,https://pokopiadex.com/images/items/item_ui/gaming-chair.png,pokopiadex_items,image/png,30025,0bc50ae4ccce3b713fe8d02db5d204c2f6706bfef1234572433edd79b70b7293,ok,
199,decorative_item,Gaming Fridge,电竞冰箱,Furniture,Decoration,infipoke_category:furniture;infipoke_tag:decoration;pokopiadex_category:furniture;pokopiadex_tag:decoration,https://pokopiadex.com/images/items/item_ui/gaming-fridge.png,pokopiadex_items,https://infipoke.com/img/pokopia/items/gamingfridge.webp,gaming-fridge,Furniture,Decoration,gamingfridge,Furniture,Decoration,https://pokopiadex.com/items;https://infipoke.com/zh/game/pokopia/items,199-gaming-fridge.png,assets/pokopia_image_sources/decorative_item_portraits/199-gaming-fridge.png,https://pokopiadex.com/images/items/item_ui/gaming-fridge.png,pokopiadex_items,image/png,21766,ccefce034684663e568b19db240d59e6946a9f9363ff4d3c641734f8b86be37c,ok,
200,decorative_item,Gaming light,游戏灯,Utilities,Decoration,infipoke_tag:decoration;pokopiadex_tag:decoration,https://pokopiadex.com/images/items/item_ui/gaming-light.png,pokopiadex_items,https://infipoke.com/img/pokopia/items/gaminglight.webp,gaming-light,Utilities,Decoration,gaminglight,Utilities,Decoration,https://pokopiadex.com/items;https://infipoke.com/zh/game/pokopia/items,200-gaming-light.png,assets/pokopia_image_sources/decorative_item_portraits/200-gaming-light.png,https://pokopiadex.com/images/items/item_ui/gaming-light.png,pokopiadex_items,image/png,17851,59dc49349fd8204dd3e3fa492446816c32ac30904a0b351c8c92f287d179d8d1,ok,
201,decorative_item,Gaming PC,游戏电脑,Misc.,Toy,infipoke_tag:toy;pokopiadex_tag:toy,https://pokopiadex.com/images/items/item_ui/gaming-pc.png,pokopiadex_items,https://infipoke.com/img/pokopia/items/gamingpc.webp,gaming-pc,Misc.,Toy,gamingpc,Misc.,Toy,https://pokopiadex.com/items;https://infipoke.com/zh/game/pokopia/items,201-gaming-pc.png,assets/pokopia_image_sources/decorative_item_portraits/201-gaming-pc.png,https://pokopiadex.com/images/items/item_ui/gaming-pc.png,pokopiadex_items,image/png,33763,2c0fca619362ea7cedb52158c381cad2d0266b4020edc62c99a43a400056542f,ok,
202,decorative_item,Garbage bags,垃圾袋,Outdoor,Decoration,infipoke_tag:decoration;pokopiadex_tag:decoration,https://pokopiadex.com/images/items/crafting_ui/garbage-bags.png,pokopiadex_items,https://infipoke.com/img/pokopia/items/garbagebags.webp,garbage-bags,Outdoor,Decoration,garbagebags,Outdoor,Decoration,https://pokopiadex.com/items;https://infipoke.com/zh/game/pokopia/items,202-garbage-bags.png,assets/pokopia_image_sources/decorative_item_portraits/202-garbage-bags.png,https://pokopiadex.com/images/items/crafting_ui/garbage-bags.png,pokopiadex_items,image/png,122880,0f5c0d0050683ab0fec9dd4e3e29acad6aab022a23e29c07c261321d631d41c0,ok,
203,decorative_item,Garbage bin,垃圾桶,Outdoor,Decoration,infipoke_tag:decoration;pokopiadex_tag:decoration,https://pokopiadex.com/images/items/crafting_ui/garbage-bin.png,pokopiadex_items,https://infipoke.com/img/pokopia/items/garbagebin.webp,garbage-bin,Outdoor,Decoration,garbagebin,Outdoor,Decoration,https://pokopiadex.com/items;https://infipoke.com/zh/game/pokopia/items,203-garbage-bin.png,assets/pokopia_image_sources/decorative_item_portraits/203-garbage-bin.png,https://pokopiadex.com/images/items/crafting_ui/garbage-bin.png,pokopiadex_items,image/png,126921,a674689dc9e9e06d1b46fa60981bec000d26a11d67f867fae8d633f98a438e7d,ok,
204,decorative_item,Garden bench,庭院长椅,Furniture,Relaxation,infipoke_category:furniture;pokopiadex_category:furniture,https://pokopiadex.com/images/items/shop_ui/garden-bench.png,pokopiadex_items,https://infipoke.com/img/pokopia/items/gardenbench.webp,garden-bench,Furniture,Relaxation,gardenbench,Furniture,Relaxation,https://pokopiadex.com/items;https://infipoke.com/zh/game/pokopia/items,204-garden-bench.png,assets/pokopia_image_sources/decorative_item_portraits/204-garden-bench.png,https://pokopiadex.com/images/items/shop_ui/garden-bench.png,pokopiadex_items,image/png,327888,62a8967b54f063e4b911dccaac01426090efa073d99889359927583f574452f5,ok,
205,decorative_item,Garden chair,庭院椅,Furniture,Relaxation,infipoke_category:furniture;pokopiadex_category:furniture,https://pokopiadex.com/images/items/item_ui/garden-chair.png,pokopiadex_items,https://infipoke.com/img/pokopia/items/gardenchair.webp,garden-chair,Furniture,Relaxation,gardenchair,Furniture,Relaxation,https://pokopiadex.com/items;https://infipoke.com/zh/game/pokopia/items,205-garden-chair.png,assets/pokopia_image_sources/decorative_item_portraits/205-garden-chair.png,https://pokopiadex.com/images/items/item_ui/garden-chair.png,pokopiadex_items,image/png,27636,f86f1237e1e2486ef82559bb1fa61e5cc07e8f8d2dae2b367f9fa81d59495a49,ok,
206,decorative_item,Garden flowers,庭院花卉,Outdoor,Decoration,infipoke_tag:decoration;pokopiadex_tag:decoration,https://pokopiadex.com/images/items/item_ui/garden-flowers.png,pokopiadex_items,https://infipoke.com/img/pokopia/items/gardenflowers.webp,garden-flowers,Outdoor,Decoration,gardenflowers,Outdoor,Decoration,https://pokopiadex.com/items;https://infipoke.com/zh/game/pokopia/items,206-garden-flowers.png,assets/pokopia_image_sources/decorative_item_portraits/206-garden-flowers.png,https://pokopiadex.com/images/items/item_ui/garden-flowers.png,pokopiadex_items,image/png,33930,429f7f5938ee8fce475ccb72fcd917f2aef11bcb0f1296dbb6b5bda5cc00db90,ok,
207,decorative_item,Garden light,庭院灯,Utilities,Decoration,infipoke_tag:decoration;pokopiadex_tag:decoration,https://pokopiadex.com/images/items/shop_ui/garden-light.png,pokopiadex_items,https://infipoke.com/img/pokopia/items/gardenlight.webp,garden-light,Utilities,Decoration,gardenlight,Utilities,Decoration,https://pokopiadex.com/items;https://infipoke.com/zh/game/pokopia/items,207-garden-light.png,assets/pokopia_image_sources/decorative_item_portraits/207-garden-light.png,https://pokopiadex.com/images/items/shop_ui/garden-light.png,pokopiadex_items,image/png,71880,d8a9e4276c25a5d65015acccdecdda08d0269595b3af534096b54fe8a5e5f09d,ok,
208,decorative_item,Garden ornament,庭院摆饰,Outdoor,Decoration,pokopiadex_tag:decoration,https://pokopiadex.com/images/items/item_ui/garden-ornament.png,pokopiadex_items,https://infipoke.com/img/pokopia/items/gardenornament.webp,garden-ornament,Outdoor,Decoration,gardenornament,Outdoor,,https://pokopiadex.com/items;https://infipoke.com/zh/game/pokopia/items,208-garden-ornament.png,assets/pokopia_image_sources/decorative_item_portraits/208-garden-ornament.png,https://pokopiadex.com/images/items/item_ui/garden-ornament.png,pokopiadex_items,image/png,94586,9b11ed352d976214b968cda441f728d11d99226b74c48040a8821951d58e798e,ok,
209,decorative_item,Garden table,庭院桌,Furniture,,infipoke_category:furniture;pokopiadex_category:furniture,https://pokopiadex.com/images/items/shop_ui/garden-table.png,pokopiadex_items,https://infipoke.com/img/pokopia/items/gardentable.webp,garden-table,Furniture,,gardentable,Furniture,,https://pokopiadex.com/items;https://infipoke.com/zh/game/pokopia/items,209-garden-table.png,assets/pokopia_image_sources/decorative_item_portraits/209-garden-table.png,https://pokopiadex.com/images/items/shop_ui/garden-table.png,pokopiadex_items,image/png,85279,4cc0a667bdbf19b0a9976a9581542947372a105da663966757009cf51896b39a,ok,
210,decorative_item,Gingham print,格纹花纹,Blocks,,infipoke_category:blocks;pokopiadex_category:blocks,https://pokopiadex.com/images/items/item_ui/gingham-print.png,pokopiadex_items,https://infipoke.com/img/pokopia/items/ginghamprint.webp,gingham-print,Blocks,,ginghamprint,Blocks,,https://pokopiadex.com/items;https://infipoke.com/zh/game/pokopia/items,210-gingham-print.png,assets/pokopia_image_sources/decorative_item_portraits/210-gingham-print.png,https://pokopiadex.com/images/items/item_ui/gingham-print.png,pokopiadex_items,image/png,40166,7310a6460f048cd67e7f0d38224b4fa08c3ed9a085b7a8c32d6e51a3445195b0,ok,
211,decorative_item,Glowing stone,发光石,Blocks,,infipoke_category:blocks;pokopiadex_category:blocks,https://pokopiadex.com/images/items/dream_ui/glowing-stone.png,pokopiadex_items,https://infipoke.com/img/pokopia/items/glowingstone.webp,glowing-stone,Blocks,,glowingstone,Blocks,,https://pokopiadex.com/items;https://infipoke.com/zh/game/pokopia/items,211-glowing-stone.png,assets/pokopia_image_sources/decorative_item_portraits/211-glowing-stone.png,https://pokopiadex.com/images/items/dream_ui/glowing-stone.png,pokopiadex_items,image/png,189764,d1a981a9484a2e70c0976a26b22a513347b18c1ae853cc7f97f2f1c434da6ca0,ok,
212,decorative_item,Gold deposit,金矿石,Blocks,,infipoke_category:blocks;pokopiadex_category:blocks,https://pokopiadex.com/images/items/item_ui/gold-deposit.png,pokopiadex_items,https://infipoke.com/img/pokopia/items/golddeposit.webp,gold-deposit,Blocks,,golddeposit,Blocks,,https://pokopiadex.com/items;https://infipoke.com/zh/game/pokopia/items,212-gold-deposit.png,assets/pokopia_image_sources/decorative_item_portraits/212-gold-deposit.png,https://pokopiadex.com/images/items/item_ui/gold-deposit.png,pokopiadex_items,image/png,40936,8bb3d3874b3ce5e4cc4072825223a95ada1434c87ee3d2ee0c4605979efdd4a8,ok,
213,decorative_item,Gold Teeth,金牙,Misc.,Toy,infipoke_tag:toy;pokopiadex_tag:toy,https://pokopiadex.com/images/items/item_ui/gold-teeth.png,pokopiadex_items,https://infipoke.com/img/pokopia/items/goldteeth.webp,gold-teeth,Misc.,Toy,goldteeth,Misc.,Toy,https://pokopiadex.com/items;https://infipoke.com/zh/game/pokopia/items,213-gold-teeth.png,assets/pokopia_image_sources/decorative_item_portraits/213-gold-teeth.png,https://pokopiadex.com/images/items/item_ui/gold-teeth.png,pokopiadex_items,image/png,120980,0901c534c8498cc4866ce25f3536c5b0c93f6432c233d863d988c290eb3ef75d,ok,
214,decorative_item,Gold wall,金色墙壁,Blocks,,infipoke_category:blocks;pokopiadex_category:blocks,https://pokopiadex.com/images/items/crafting_ui/gold-wall.png,pokopiadex_items,https://infipoke.com/img/pokopia/items/goldwall.webp,gold-wall,Blocks,,goldwall,Blocks,,https://pokopiadex.com/items;https://infipoke.com/zh/game/pokopia/items,214-gold-wall.png,assets/pokopia_image_sources/decorative_item_portraits/214-gold-wall.png,https://pokopiadex.com/images/items/crafting_ui/gold-wall.png,pokopiadex_items,image/png,88179,824ab412c57499917646e824a7516cc21ef9066d75bae4a7074e13a7c06dd624,ok,
215,decorative_item,Grass flooring,草地地板,Blocks,Road,infipoke_category:blocks;pokopiadex_category:blocks,https://pokopiadex.com/images/items/crafting_ui/grass-flooring.png,pokopiadex_items,https://infipoke.com/img/pokopia/items/grassflooring.webp,grass-flooring,Blocks,Road,grassflooring,Blocks,Road,https://pokopiadex.com/items;https://infipoke.com/zh/game/pokopia/items,215-grass-flooring.png,assets/pokopia_image_sources/decorative_item_portraits/215-grass-flooring.png,https://pokopiadex.com/images/items/crafting_ui/grass-flooring.png,pokopiadex_items,image/png,125365,d571a9cc22910b5f9befaba8d79541b6c3fa7c12a138c7fc7d1927f9765f37bc,ok,
216,decorative_item,Gravel,砂砾,Blocks,,infipoke_category:blocks;pokopiadex_category:blocks,https://pokopiadex.com/images/items/item_ui/gravel.png,pokopiadex_items,https://infipoke.com/img/pokopia/items/gravel.webp,gravel,Blocks,,gravel,Blocks,,https://pokopiadex.com/items;https://infipoke.com/zh/game/pokopia/items,216-gravel.png,assets/pokopia_image_sources/decorative_item_portraits/216-gravel.png,https://pokopiadex.com/images/items/item_ui/gravel.png,pokopiadex_items,image/png,115600,2cbf37afb02ac491b0fcb37878119a87efcbbbff1aab3dc236567d0a285e7e58,ok,
217,decorative_item,Gravestone,墓碑,Outdoor,Decoration,infipoke_tag:decoration;pokopiadex_tag:decoration,https://pokopiadex.com/images/items/item_ui/gravestone.png,pokopiadex_items,https://infipoke.com/img/pokopia/items/gravestone.webp,gravestone,Outdoor,Decoration,gravestone,Outdoor,Decoration,https://pokopiadex.com/items;https://infipoke.com/zh/game/pokopia/items,217-gravestone.png,assets/pokopia_image_sources/decorative_item_portraits/217-gravestone.png,https://pokopiadex.com/images/items/item_ui/gravestone.png,pokopiadex_items,image/png,83921,6cfa725b4b9b0417caabec2acd2a25ea055e30d5538eecfceb09f69cc0a8c304,ok,
218,decorative_item,Gray circle flooring,灰色圆圈地板,Blocks,Road,infipoke_category:blocks;pokopiadex_category:blocks,https://pokopiadex.com/images/items/item_ui/gray-circle-flooring.png,pokopiadex_items,https://infipoke.com/img/pokopia/items/graycircleflooring.webp,gray-circle-flooring,Blocks,Road,graycircleflooring,Blocks,Road,https://pokopiadex.com/items;https://infipoke.com/zh/game/pokopia/items,218-gray-circle-flooring.png,assets/pokopia_image_sources/decorative_item_portraits/218-gray-circle-flooring.png,https://pokopiadex.com/images/items/item_ui/gray-circle-flooring.png,pokopiadex_items,image/png,27560,3c04c8f446f48c00f023fcad8be8f0ddd88e65b2541da2e0df0d0e7088944269,ok,
219,decorative_item,Green meteor lamp,绿色流星灯,Utilities,Decoration,infipoke_tag:decoration;pokopiadex_tag:decoration,https://pokopiadex.com/images/items/item_ui/green-meteor-lamp.png,pokopiadex_items,https://infipoke.com/img/pokopia/items/greenmeteorlamp.webp,green-meteor-lamp,Utilities,Decoration,greenmeteorlamp,Utilities,Decoration,https://pokopiadex.com/items;https://infipoke.com/zh/game/pokopia/items,219-green-meteor-lamp.png,assets/pokopia_image_sources/decorative_item_portraits/219-green-meteor-lamp.png,https://pokopiadex.com/images/items/item_ui/green-meteor-lamp.png,pokopiadex_items,image/png,35184,0bb72ccf67a881eb9fb7cf372cb66b6a8f558e6abe73179112ec45df7c99771c,ok,
220,decorative_item,Grubby book,脏乱书,Misc.,Toy,infipoke_tag:toy;pokopiadex_tag:toy,https://pokopiadex.com/images/items/item_ui/grubby-book.png,pokopiadex_items,https://infipoke.com/img/pokopia/items/grubbybook.webp,grubby-book,Misc.,Toy,grubbybook,Misc.,Toy,https://pokopiadex.com/items;https://infipoke.com/zh/game/pokopia/items,220-grubby-book.png,assets/pokopia_image_sources/decorative_item_portraits/220-grubby-book.png,https://pokopiadex.com/images/items/item_ui/grubby-book.png,pokopiadex_items,image/png,28818,f60efc52912a3ff1977d05eeed2db313ccf0670e47e3417f85c50b1a7e9b467a,ok,
221,decorative_item,Grubby cell phone,脏乱手机,Misc.,Toy,infipoke_tag:toy;pokopiadex_tag:toy,https://pokopiadex.com/images/items/item_ui/grubby-cell-phone.png,pokopiadex_items,https://infipoke.com/img/pokopia/items/grubbycellphone.webp,grubby-cell-phone,Misc.,Toy,grubbycellphone,Misc.,Toy,https://pokopiadex.com/items;https://infipoke.com/zh/game/pokopia/items,221-grubby-cell-phone.png,assets/pokopia_image_sources/decorative_item_portraits/221-grubby-cell-phone.png,https://pokopiadex.com/images/items/item_ui/grubby-cell-phone.png,pokopiadex_items,image/png,26529,3fc4ea03715e3dbdbe506a87a5f422cb14f9feef71699f7ccaa5ca8be2e7ef31,ok,
222,decorative_item,Grubby letter,脏乱信件,Misc.,Toy,infipoke_tag:toy;pokopiadex_tag:toy,https://pokopiadex.com/images/items/item_ui/grubby-letter.png,pokopiadex_items,https://infipoke.com/img/pokopia/items/grubbyletter.webp,grubby-letter,Misc.,Toy,grubbyletter,Misc.,Toy,https://pokopiadex.com/items;https://infipoke.com/zh/game/pokopia/items,222-grubby-letter.png,assets/pokopia_image_sources/decorative_item_portraits/222-grubby-letter.png,https://pokopiadex.com/images/items/item_ui/grubby-letter.png,pokopiadex_items,image/png,18983,48eeb0a565136e673c206ee09cb99a24f35cd0f3e73f35362f0027b4708205c2,ok,
223,decorative_item,Grubby newspaper,脏乱报纸,Misc.,Toy,infipoke_tag:toy;pokopiadex_tag:toy,https://pokopiadex.com/images/items/item_ui/grubby-newspaper.png,pokopiadex_items,https://infipoke.com/img/pokopia/items/grubbynewspaper.webp,grubby-newspaper,Misc.,Toy,grubbynewspaper,Misc.,Toy,https://pokopiadex.com/items;https://infipoke.com/zh/game/pokopia/items,223-grubby-newspaper.png,assets/pokopia_image_sources/decorative_item_portraits/223-grubby-newspaper.png,https://pokopiadex.com/images/items/item_ui/grubby-newspaper.png,pokopiadex_items,image/png,31158,c7849b11b9f6a2a75b08e64746c6a1586c69841d0304e4f85d1fed0ccea414c3,ok,
224,decorative_item,Grubby notepad,脏乱记事本,Misc.,Toy,infipoke_tag:toy;pokopiadex_tag:toy,https://pokopiadex.com/images/items/item_ui/grubby-notepad.png,pokopiadex_items,https://infipoke.com/img/pokopia/items/grubbynotepad.webp,grubby-notepad,Misc.,Toy,grubbynotepad,Misc.,Toy,https://pokopiadex.com/items;https://infipoke.com/zh/game/pokopia/items,224-grubby-notepad.png,assets/pokopia_image_sources/decorative_item_portraits/224-grubby-notepad.png,https://pokopiadex.com/images/items/item_ui/grubby-notepad.png,pokopiadex_items,image/png,25081,51c3ef4f73fca7f6192731a200789403c70191c81bb156670831a46673e1541a,ok,
225,decorative_item,Grubby papers,脏乱文件,Misc.,Toy,infipoke_tag:toy;pokopiadex_tag:toy,https://pokopiadex.com/images/items/item_ui/grubby-papers.png,pokopiadex_items,https://infipoke.com/img/pokopia/items/grubbypapers.webp,grubby-papers,Misc.,Toy,grubbypapers,Misc.,Toy,https://pokopiadex.com/items;https://infipoke.com/zh/game/pokopia/items,225-grubby-papers.png,assets/pokopia_image_sources/decorative_item_portraits/225-grubby-papers.png,https://pokopiadex.com/images/items/item_ui/grubby-papers.png,pokopiadex_items,image/png,26634,2f1e57926c19a32b692014493542458a86c58c7aa95f1c59d16880621f8805e8,ok,
226,decorative_item,Grubby tablet,脏乱平板,Misc.,Toy,infipoke_tag:toy;pokopiadex_tag:toy,https://pokopiadex.com/images/items/item_ui/grubby-tablet.png,pokopiadex_items,https://infipoke.com/img/pokopia/items/grubbytablet.webp,grubby-tablet,Misc.,Toy,grubbytablet,Misc.,Toy,https://pokopiadex.com/items;https://infipoke.com/zh/game/pokopia/items,226-grubby-tablet.png,assets/pokopia_image_sources/decorative_item_portraits/226-grubby-tablet.png,https://pokopiadex.com/images/items/item_ui/grubby-tablet.png,pokopiadex_items,image/png,29206,bd0b54682e01412aac27978ee05f0ea492f445fb0d93bf322455b691f422fb30,ok,
227,decorative_item,Guest-room bed,客房床,Furniture,Relaxation,infipoke_category:furniture;pokopiadex_category:furniture,https://pokopiadex.com/images/items/item_ui/guest-room-bed.png,pokopiadex_items,https://infipoke.com/img/pokopia/items/guest-roombed.webp,guest-room-bed,Furniture,Relaxation,guest-roombed,Furniture,Relaxation,https://pokopiadex.com/items;https://infipoke.com/zh/game/pokopia/items,227-guest-room-bed.png,assets/pokopia_image_sources/decorative_item_portraits/227-guest-room-bed.png,https://pokopiadex.com/images/items/item_ui/guest-room-bed.png,pokopiadex_items,image/png,32186,f926b56357ccc1123ded77ec7c8e72ebf5861aff8c5e9be01f0a668f8612d0fe,ok,
228,decorative_item,Guest-room wall,客房墙,Blocks,,infipoke_category:blocks;pokopiadex_category:blocks,https://pokopiadex.com/images/items/item_ui/guest-room-wall.png,pokopiadex_items,https://infipoke.com/img/pokopia/items/guest-roomwall.webp,guest-room-wall,Blocks,,guest-roomwall,Blocks,,https://pokopiadex.com/items;https://infipoke.com/zh/game/pokopia/items,228-guest-room-wall.png,assets/pokopia_image_sources/decorative_item_portraits/228-guest-room-wall.png,https://pokopiadex.com/images/items/item_ui/guest-room-wall.png,pokopiadex_items,image/png,24153,2334e835daed043e83e4d93ecf1c78d14fc97eac494be6a6740f078fb2cb40ac,ok,
229,decorative_item,Gym emblem statue,道馆徽章雕像,Misc.,Decoration,infipoke_tag:decoration;pokopiadex_tag:decoration,https://pokopiadex.com/images/items/item_ui/gym-emblem-statue.png,pokopiadex_items,https://infipoke.com/img/pokopia/items/gymemblemstatue.webp,gym-emblem-statue,Misc.,Decoration,gymemblemstatue,Misc.,Decoration,https://pokopiadex.com/items;https://infipoke.com/zh/game/pokopia/items,229-gym-emblem-statue.png,assets/pokopia_image_sources/decorative_item_portraits/229-gym-emblem-statue.png,https://pokopiadex.com/images/items/item_ui/gym-emblem-statue.png,pokopiadex_items,image/png,90801,2bbb86f028955244b6d0e8d7b2d061a231ab21f1635fcdca8dd35459f6e02949,ok,
230,decorative_item,Hanging banner,悬挂旗帜,Misc.,Decoration,infipoke_tag:decoration;pokopiadex_tag:decoration,https://pokopiadex.com/images/items/item_ui/hanging-banner.png,pokopiadex_items,https://infipoke.com/img/pokopia/items/hangingbanner.webp,hanging-banner,Misc.,Decoration,hangingbanner,Misc.,Decoration,https://pokopiadex.com/items;https://infipoke.com/zh/game/pokopia/items,230-hanging-banner.png,assets/pokopia_image_sources/decorative_item_portraits/230-hanging-banner.png,https://pokopiadex.com/images/items/item_ui/hanging-banner.png,pokopiadex_items,image/png,19348,a8474e2a2f9f73345bb205072733ce2dda1fb4b8848aee5c00a3647033becc3a,ok,
231,decorative_item,Hanging scroll,挂轴,Misc.,Decoration,infipoke_tag:decoration;pokopiadex_tag:decoration,https://pokopiadex.com/images/items/item_ui/hanging-scroll.png,pokopiadex_items,https://infipoke.com/img/pokopia/items/hangingscroll.webp,hanging-scroll,Misc.,Decoration,hangingscroll,Misc.,Decoration,https://pokopiadex.com/items;https://infipoke.com/zh/game/pokopia/items,231-hanging-scroll.png,assets/pokopia_image_sources/decorative_item_portraits/231-hanging-scroll.png,https://pokopiadex.com/images/items/item_ui/hanging-scroll.png,pokopiadex_items,image/png,24467,3de2b6bae4621df0903747592173d544a4258094c19aaea2d41a42063e47dea5,ok,
232,decorative_item,Harbor streetlight,港口路灯,Utilities,Decoration,infipoke_tag:decoration;pokopiadex_tag:decoration,https://pokopiadex.com/images/items/crafting_ui/harbor-streetlight.png,pokopiadex_items,https://infipoke.com/img/pokopia/items/harborstreetlight.webp,harbor-streetlight,Utilities,Decoration,harborstreetlight,Utilities,Decoration,https://pokopiadex.com/items;https://infipoke.com/zh/game/pokopia/items,232-harbor-streetlight.png,assets/pokopia_image_sources/decorative_item_portraits/232-harbor-streetlight.png,https://pokopiadex.com/images/items/crafting_ui/harbor-streetlight.png,pokopiadex_items,image/png,219374,aac411a7b28d96ad18e10ec9f337c658496f1387f700de571be1d5407f5e2565,ok,
233,decorative_item,Hardwood flooring,硬木地板,Blocks,Road,infipoke_category:blocks;pokopiadex_category:blocks,https://pokopiadex.com/images/items/crafting_ui/hardwood-flooring.png,pokopiadex_items,https://infipoke.com/img/pokopia/items/hardwoodflooring.webp,hardwood-flooring,Blocks,Road,hardwoodflooring,Blocks,Road,https://pokopiadex.com/items;https://infipoke.com/zh/game/pokopia/items,233-hardwood-flooring.png,assets/pokopia_image_sources/decorative_item_portraits/233-hardwood-flooring.png,https://pokopiadex.com/images/items/crafting_ui/hardwood-flooring.png,pokopiadex_items,image/png,127669,191195534f42011340f8c84bb766787b58b2543d13cdcd0e44b0225ce846cda2,ok,
234,decorative_item,Hay pile,干草堆,Blocks,,infipoke_category:blocks;pokopiadex_category:blocks,https://pokopiadex.com/images/items/crafting_ui/hay-pile.png,pokopiadex_items,https://infipoke.com/img/pokopia/items/haypile.webp,hay-pile,Blocks,,haypile,Blocks,,https://pokopiadex.com/items;https://infipoke.com/zh/game/pokopia/items,234-hay-pile.png,assets/pokopia_image_sources/decorative_item_portraits/234-hay-pile.png,https://pokopiadex.com/images/items/crafting_ui/hay-pile.png,pokopiadex_items,image/png,98347,ec9e61e89445285b8720f5e222b757f23b06030079a49657943d21861daebebe,ok,
235,decorative_item,Headbutt Fossil (body),头突化石（身体）,Other,Decoration,infipoke_tag:decoration;pokopiadex_tag:decoration,https://pokopiadex.com/images/items/item_ui/headbutt-fossil-body.png,pokopiadex_items,https://infipoke.com/img/pokopia/items/headbuttfossil%28body%29.webp,headbutt-fossil-body,Other,Decoration,headbuttfossil(body),Other,Decoration,https://pokopiadex.com/items;https://infipoke.com/zh/game/pokopia/items,235-headbutt-fossil-body.png,assets/pokopia_image_sources/decorative_item_portraits/235-headbutt-fossil-body.png,https://pokopiadex.com/images/items/item_ui/headbutt-fossil-body.png,pokopiadex_items,image/png,111197,a11f93ee3b8e19e5fb2637ab1111829f733a49a2ad1ce3d5a1a5fdcf8371d892,ok,
236,decorative_item,Headbutt Fossil (head),头突化石（头）,Other,Decoration,infipoke_tag:decoration;pokopiadex_tag:decoration,https://pokopiadex.com/images/items/item_ui/headbutt-fossil-head.png,pokopiadex_items,https://infipoke.com/img/pokopia/items/headbuttfossil%28head%29.webp,headbutt-fossil-head,Other,Decoration,headbuttfossil(head),Other,Decoration,https://pokopiadex.com/items;https://infipoke.com/zh/game/pokopia/items,236-headbutt-fossil-head.png,assets/pokopia_image_sources/decorative_item_portraits/236-headbutt-fossil-head.png,https://pokopiadex.com/images/items/item_ui/headbutt-fossil-head.png,pokopiadex_items,image/png,86291,eae730f4f76474601c4a9175aea2195b476075f1da313fd149b49196251dd8d8,ok,
237,decorative_item,Headbutt Fossil (tail),头突化石（尾）,Other,Decoration,infipoke_tag:decoration;pokopiadex_tag:decoration,https://pokopiadex.com/images/items/item_ui/headbutt-fossil-tail.png,pokopiadex_items,https://infipoke.com/img/pokopia/items/headbuttfossil%28tail%29.webp,headbutt-fossil-tail,Other,Decoration,headbuttfossil(tail),Other,Decoration,https://pokopiadex.com/items;https://infipoke.com/zh/game/pokopia/items,237-headbutt-fossil-tail.png,assets/pokopia_image_sources/decorative_item_portraits/237-headbutt-fossil-tail.png,https://pokopiadex.com/images/items/item_ui/headbutt-fossil-tail.png,pokopiadex_items,image/png,94243,6b7bb95680ab2d515f35a28099116166b72a6c38c58a1fb736e5fbe7ea3978b6,ok,
238,decorative_item,Hexagonal flooring,六边形地板,Blocks,Road,infipoke_category:blocks;pokopiadex_category:blocks,https://pokopiadex.com/images/items/crafting_ui/hexagonal-flooring.png,pokopiadex_items,https://infipoke.com/img/pokopia/items/hexagonalflooring.webp,hexagonal-flooring,Blocks,Road,hexagonalflooring,Blocks,Road,https://pokopiadex.com/items;https://infipoke.com/zh/game/pokopia/items,238-hexagonal-flooring.png,assets/pokopia_image_sources/decorative_item_portraits/238-hexagonal-flooring.png,https://pokopiadex.com/images/items/crafting_ui/hexagonal-flooring.png,pokopiadex_items,image/png,100819,58bcbf0be09efa0a3e309fa00802152cdd64d2ec9b1de11ddf15c5e56e66ebe2,ok,
239,decorative_item,Horizontal-stripe print,横条纹花纹,Blocks,,infipoke_category:blocks;pokopiadex_category:blocks,https://pokopiadex.com/images/items/item_ui/horizontal-stripe-print.png,pokopiadex_items,https://infipoke.com/img/pokopia/items/horizontal-stripeprint.webp,horizontal-stripe-print,Blocks,,horizontal-stripeprint,Blocks,,https://pokopiadex.com/items;https://infipoke.com/zh/game/pokopia/items,239-horizontal-stripe-print.png,assets/pokopia_image_sources/decorative_item_portraits/239-horizontal-stripe-print.png,https://pokopiadex.com/images/items/item_ui/horizontal-stripe-print.png,pokopiadex_items,image/png,38773,46a40e90e7b190b68f9fe2e4f9a8a7ca57ea3f49cbba5f524f7fed06df6b52ec,ok,
240,decorative_item,Horsea fountain,墨海马喷泉,Outdoor,Decoration,infipoke_tag:decoration;pokopiadex_tag:toy,https://pokopiadex.com/images/items/shop_ui/horsea-fountain.png,pokopiadex_items,https://infipoke.com/img/pokopia/items/horseafountain.webp,horsea-fountain,Outdoor,Toy,horseafountain,Outdoor,Decoration,https://pokopiadex.com/items;https://infipoke.com/zh/game/pokopia/items,240-horsea-fountain.png,assets/pokopia_image_sources/decorative_item_portraits/240-horsea-fountain.png,https://pokopiadex.com/images/items/shop_ui/horsea-fountain.png,pokopiadex_items,image/png,240001,75809129ad7863e36117a1e288ad20b515c2391b9e9739d476fd4bd52090f670,ok,
241,decorative_item,Houndstooth print,千鸟格纹花纹,Blocks,,infipoke_category:blocks;pokopiadex_category:blocks,https://pokopiadex.com/images/items/item_ui/houndstooth-print.png,pokopiadex_items,https://infipoke.com/img/pokopia/items/houndstoothprint.webp,houndstooth-print,Blocks,,houndstoothprint,Blocks,,https://pokopiadex.com/items;https://infipoke.com/zh/game/pokopia/items,241-houndstooth-print.png,assets/pokopia_image_sources/decorative_item_portraits/241-houndstooth-print.png,https://pokopiadex.com/images/items/item_ui/houndstooth-print.png,pokopiadex_items,image/png,47409,83580d02566f1d8ca07bc58f14bc911c6d1795f16e3d2c185fb27ef4e70f7e40,ok,
242,decorative_item,Humidifier,加湿器,Misc.,Toy,infipoke_tag:toy;pokopiadex_tag:toy,https://pokopiadex.com/images/items/item_ui/humidifier.png,pokopiadex_items,https://infipoke.com/img/pokopia/items/humidifier.webp,humidifier,Misc.,Toy,humidifier,Misc.,Toy,https://pokopiadex.com/items;https://infipoke.com/zh/game/pokopia/items,242-humidifier.png,assets/pokopia_image_sources/decorative_item_portraits/242-humidifier.png,https://pokopiadex.com/images/items/item_ui/humidifier.png,pokopiadex_items,image/png,22980,97f1ca8acca6dc805461155c3bd4f4a7cd3cf67240debfaebf5f2c3623f2257d,ok,
243,decorative_item,Ice,冰块,Blocks,,infipoke_category:blocks;pokopiadex_category:blocks,https://pokopiadex.com/images/items/item_ui/ice.png,pokopiadex_items,https://infipoke.com/img/pokopia/items/ice.webp,ice,Blocks,,ice,Blocks,,https://pokopiadex.com/items;https://infipoke.com/zh/game/pokopia/items,243-ice.png,assets/pokopia_image_sources/decorative_item_portraits/243-ice.png,https://pokopiadex.com/images/items/item_ui/ice.png,pokopiadex_items,image/png,101665,e7ca287e0ae2c461a84c295ce3b9063950a48512b3d1dbede494b44472cc244a,ok,
244,decorative_item,Indigo meteor lamp,靛色流星灯,Utilities,Decoration,infipoke_tag:decoration;pokopiadex_tag:decoration,https://pokopiadex.com/images/items/item_ui/indigo-meteor-lamp.png,pokopiadex_items,https://infipoke.com/img/pokopia/items/indigometeorlamp.webp,indigo-meteor-lamp,Utilities,Decoration,indigometeorlamp,Utilities,Decoration,https://pokopiadex.com/items;https://infipoke.com/zh/game/pokopia/items,244-indigo-meteor-lamp.png,assets/pokopia_image_sources/decorative_item_portraits/244-indigo-meteor-lamp.png,https://pokopiadex.com/images/items/item_ui/indigo-meteor-lamp.png,pokopiadex_items,image/png,30566,5f0039d9041c9599f790e6b1e2ea13c72004632f2793a5bb8571da56dfe885cb,ok,
245,decorative_item,Industrial bed,工业风床,Furniture,Relaxation,infipoke_category:furniture;pokopiadex_category:furniture,https://pokopiadex.com/images/items/crafting_ui/industrial-bed.png,pokopiadex_items,https://infipoke.com/img/pokopia/items/industrialbed.webp,industrial-bed,Furniture,Relaxation,industrialbed,Furniture,Relaxation,https://pokopiadex.com/items;https://infipoke.com/zh/game/pokopia/items,245-industrial-bed.png,assets/pokopia_image_sources/decorative_item_portraits/245-industrial-bed.png,https://pokopiadex.com/images/items/crafting_ui/industrial-bed.png,pokopiadex_items,image/png,142647,53da687de2f97b5f7707f1a3bf353fc6b501498abc5c7371ae7807116027e00a,ok,
246,decorative_item,Industrial bench,工业风长椅,Furniture,Relaxation,infipoke_category:furniture;pokopiadex_category:furniture,https://pokopiadex.com/images/items/item_ui/industrial-bench.png,pokopiadex_items,https://infipoke.com/img/pokopia/items/industrialbench.webp,industrial-bench,Furniture,Relaxation,industrialbench,Furniture,Relaxation,https://pokopiadex.com/items;https://infipoke.com/zh/game/pokopia/items,246-industrial-bench.png,assets/pokopia_image_sources/decorative_item_portraits/246-industrial-bench.png,https://pokopiadex.com/images/items/item_ui/industrial-bench.png,pokopiadex_items,image/png,20889,d5252f31f3c9e68f0ba3374188ddcd9d89e8d0b6659bfc82292da6afb91e8b38,ok,
247,decorative_item,Industrial chair,工业风椅,Furniture,Relaxation,infipoke_category:furniture;pokopiadex_category:furniture,https://pokopiadex.com/images/items/item_ui/industrial-chair.png,pokopiadex_items,https://infipoke.com/img/pokopia/items/industrialchair.webp,industrial-chair,Furniture,Relaxation,industrialchair,Furniture,Relaxation,https://pokopiadex.com/items;https://infipoke.com/zh/game/pokopia/items,247-industrial-chair.png,assets/pokopia_image_sources/decorative_item_portraits/247-industrial-chair.png,https://pokopiadex.com/images/items/item_ui/industrial-chair.png,pokopiadex_items,image/png,13318,11192743df6ae4deebfba790d606ff9993f66e0e6962b86f04bfea7d61d54e5b,ok,
248,decorative_item,Industrial desk,工业风书桌,Furniture,,infipoke_category:furniture;pokopiadex_category:furniture,https://pokopiadex.com/images/items/shop_ui/industrial-desk.png,pokopiadex_items,https://infipoke.com/img/pokopia/items/industrialdesk.webp,industrial-desk,Furniture,,industrialdesk,Furniture,,https://pokopiadex.com/items;https://infipoke.com/zh/game/pokopia/items,248-industrial-desk.png,assets/pokopia_image_sources/decorative_item_portraits/248-industrial-desk.png,https://pokopiadex.com/images/items/shop_ui/industrial-desk.png,pokopiadex_items,image/png,133084,a7e5f71cea66449cfb42121c1d64ece079d418b3eabffb3ace0961f7142c3673,ok,
249,decorative_item,Inflatable Sudowoodo,,Outdoor,Toy,pokopiadex_tag:toy,https://pokopiadex.com/images/items/item_ui/inflatable-sudowoodo.png,pokopiadex_items,,inflatable-sudowoodo,Outdoor,Toy,,,,https://pokopiadex.com/items;https://infipoke.com/zh/game/pokopia/items,249-inflatable-sudowoodo.png,assets/pokopia_image_sources/decorative_item_portraits/249-inflatable-sudowoodo.png,https://pokopiadex.com/images/items/item_ui/inflatable-sudowoodo.png,pokopiadex_items,image/png,92851,f591596b6b5d7711e9f76c766511654781aab999f9fb0cf8cb2cba8aee0fd4d6,ok,
250,decorative_item,Information board,信息板,Outdoor,Decoration,infipoke_tag:decoration;pokopiadex_tag:decoration,https://pokopiadex.com/images/items/crafting_ui/information-board.png,pokopiadex_items,https://infipoke.com/img/pokopia/items/informationboard.webp,information-board,Outdoor,Decoration,informationboard,Outdoor,Decoration,https://pokopiadex.com/items;https://infipoke.com/zh/game/pokopia/items,250-information-board.png,assets/pokopia_image_sources/decorative_item_portraits/250-information-board.png,https://pokopiadex.com/images/items/crafting_ui/information-board.png,pokopiadex_items,image/png,117730,fab214d18732da8f83d7d31093e7dec9e01d46b5b0521bf9d7ca77325438c399,ok,
251,decorative_item,Iron bed,铁艺床,Furniture,Relaxation,infipoke_category:furniture;pokopiadex_category:furniture,https://pokopiadex.com/images/items/crafting_ui/iron-bed.png,pokopiadex_items,https://infipoke.com/img/pokopia/items/ironbed.webp,iron-bed,Furniture,Relaxation,ironbed,Furniture,Relaxation,https://pokopiadex.com/items;https://infipoke.com/zh/game/pokopia/items,251-iron-bed.png,assets/pokopia_image_sources/decorative_item_portraits/251-iron-bed.png,https://pokopiadex.com/images/items/crafting_ui/iron-bed.png,pokopiadex_items,image/png,107830,98d23d2ea5b0344320dc22b2f1bc916dcac9673c43d35525aaf5780dbdccfbaf,ok,
252,decorative_item,Iron bench,铁长椅,Furniture,Relaxation,infipoke_category:furniture;pokopiadex_category:furniture,https://pokopiadex.com/images/items/crafting_ui/iron-bench.png,pokopiadex_items,https://infipoke.com/img/pokopia/items/ironbench.webp,iron-bench,Furniture,Relaxation,ironbench,Furniture,Relaxation,https://pokopiadex.com/items;https://infipoke.com/zh/game/pokopia/items,252-iron-bench.png,assets/pokopia_image_sources/decorative_item_portraits/252-iron-bench.png,https://pokopiadex.com/images/items/crafting_ui/iron-bench.png,pokopiadex_items,image/png,118949,a7618b5207d12c5d81f1029870860a68631edd5e6bea9f60bf3dbe5c1b43b747,ok,
253,decorative_item,Iron chair,铁椅,Furniture,Relaxation,infipoke_category:furniture;pokopiadex_category:furniture,https://pokopiadex.com/images/items/crafting_ui/iron-chair.png,pokopiadex_items,https://infipoke.com/img/pokopia/items/ironchair.webp,iron-chair,Furniture,Relaxation,ironchair,Furniture,Relaxation,https://pokopiadex.com/items;https://infipoke.com/zh/game/pokopia/items,253-iron-chair.png,assets/pokopia_image_sources/decorative_item_portraits/253-iron-chair.png,https://pokopiadex.com/images/items/crafting_ui/iron-chair.png,pokopiadex_items,image/png,93681,23a9f86fd481e90976aed329abc78371ccaf4e2f2c8efd9e07c474170ec946e4,ok,
254,decorative_item,Iron deposit,铁矿石,Blocks,,infipoke_category:blocks;pokopiadex_category:blocks,https://pokopiadex.com/images/items/item_ui/iron-deposit.png,pokopiadex_items,https://infipoke.com/img/pokopia/items/irondeposit.webp,iron-deposit,Blocks,,irondeposit,Blocks,,https://pokopiadex.com/items;https://infipoke.com/zh/game/pokopia/items,254-iron-deposit.png,assets/pokopia_image_sources/decorative_item_portraits/254-iron-deposit.png,https://pokopiadex.com/images/items/item_ui/iron-deposit.png,pokopiadex_items,image/png,36934,38745a8f8be626eb59a763d7d57ffe2bea17a2e6e34126a9b3db8d8276b1d682,ok,
255,decorative_item,Iron pipes,铁管,Outdoor,Decoration,infipoke_tag:decoration;pokopiadex_tag:decoration,https://pokopiadex.com/images/items/item_ui/iron-pipes.png,pokopiadex_items,https://infipoke.com/img/pokopia/items/ironpipes.webp,iron-pipes,Outdoor,Decoration,ironpipes,Outdoor,Decoration,https://pokopiadex.com/items;https://infipoke.com/zh/game/pokopia/items,255-iron-pipes.png,assets/pokopia_image_sources/decorative_item_portraits/255-iron-pipes.png,https://pokopiadex.com/images/items/item_ui/iron-pipes.png,pokopiadex_items,image/png,20990,c051b8a42bda88ea2b709991e66513cd9e6036e2c1cf6d9b6349357638784971,ok,
256,decorative_item,Iron plating,铁板,Blocks,,infipoke_category:blocks;pokopiadex_category:blocks,https://pokopiadex.com/images/items/crafting_ui/iron-plating.png,pokopiadex_items,https://infipoke.com/img/pokopia/items/ironplating.webp,iron-plating,Blocks,,ironplating,Blocks,,https://pokopiadex.com/items;https://infipoke.com/zh/game/pokopia/items,256-iron-plating.png,assets/pokopia_image_sources/decorative_item_portraits/256-iron-plating.png,https://pokopiadex.com/images/items/crafting_ui/iron-plating.png,pokopiadex_items,image/png,72996,6f698522f247b90aae8d3773f801aa056abd795cfb7a4e84d7df426606dc8690,ok,
257,decorative_item,Iron rack,铁架,Furniture,,infipoke_category:furniture;pokopiadex_category:furniture,https://pokopiadex.com/images/items/shop_ui/iron-rack.png,pokopiadex_items,https://infipoke.com/img/pokopia/items/ironrack.webp,iron-rack,Furniture,,ironrack,Furniture,,https://pokopiadex.com/items;https://infipoke.com/zh/game/pokopia/items,257-iron-rack.png,assets/pokopia_image_sources/decorative_item_portraits/257-iron-rack.png,https://pokopiadex.com/images/items/shop_ui/iron-rack.png,pokopiadex_items,image/png,100396,d6910b0b963bed972067413e64cb45ad3b6b862e85834b00b70bfb3eafa656d9,ok,
258,decorative_item,Iron stand,铁架,Furniture,Decoration,infipoke_category:furniture;pokopiadex_category:furniture;pokopiadex_tag:decoration,https://pokopiadex.com/images/items/crafting_ui/iron-stand.png,pokopiadex_items,https://infipoke.com/img/pokopia/items/ironstand.webp,iron-stand,Furniture,Decoration,ironstand,Furniture,,https://pokopiadex.com/items;https://infipoke.com/zh/game/pokopia/items,258-iron-stand.png,assets/pokopia_image_sources/decorative_item_portraits/258-iron-stand.png,https://pokopiadex.com/images/items/crafting_ui/iron-stand.png,pokopiadex_items,image/png,128321,1caaf4281f9fe0fbab3b838fd529510c0b860d4cb6420e3fe4166f0bb757096e,ok,
259,decorative_item,Iron table,铁桌,Furniture,,infipoke_category:furniture;pokopiadex_category:furniture,https://pokopiadex.com/images/items/crafting_ui/iron-table.png,pokopiadex_items,https://infipoke.com/img/pokopia/items/irontable.webp,iron-table,Furniture,,irontable,Furniture,,https://pokopiadex.com/items;https://infipoke.com/zh/game/pokopia/items,259-iron-table.png,assets/pokopia_image_sources/decorative_item_portraits/259-iron-table.png,https://pokopiadex.com/images/items/crafting_ui/iron-table.png,pokopiadex_items,image/png,104784,3c7873ff033a489d90d6e945ddf20f447f0acc0d095f35a6c955c0cda52aa619,ok,
260,decorative_item,Iron tiling,铁砖,Blocks,Road,infipoke_category:blocks;pokopiadex_category:blocks,https://pokopiadex.com/images/items/crafting_ui/iron-tiling.png,pokopiadex_items,https://infipoke.com/img/pokopia/items/irontiling.webp,iron-tiling,Blocks,Road,irontiling,Blocks,Road,https://pokopiadex.com/items;https://infipoke.com/zh/game/pokopia/items,260-iron-tiling.png,assets/pokopia_image_sources/decorative_item_portraits/260-iron-tiling.png,https://pokopiadex.com/images/items/crafting_ui/iron-tiling.png,pokopiadex_items,image/png,109110,5deb3d3ba32c8bb0e306381068efe643960a18efc6408b7bf6c2677f5ef51366,ok,
261,decorative_item,Iron wall,铁墙,Blocks,,infipoke_category:blocks;pokopiadex_category:blocks,https://pokopiadex.com/images/items/item_ui/iron-wall.png,pokopiadex_items,https://infipoke.com/img/pokopia/items/ironwall.webp,iron-wall,Blocks,,ironwall,Blocks,,https://pokopiadex.com/items;https://infipoke.com/zh/game/pokopia/items,261-iron-wall.png,assets/pokopia_image_sources/decorative_item_portraits/261-iron-wall.png,https://pokopiadex.com/images/items/item_ui/iron-wall.png,pokopiadex_items,image/png,18404,860a864e01d8a4bad826111a40f4f3ee7fb83ccf1b625a445eae85cb5b60c168,ok,
262,decorative_item,Iron-plate flooring,铁板地板,Blocks,Road,infipoke_category:blocks;pokopiadex_category:blocks,https://pokopiadex.com/images/items/item_ui/iron-plate-flooring.png,pokopiadex_items,https://infipoke.com/img/pokopia/items/iron-plateflooring.webp,iron-plate-flooring,Blocks,Road,iron-plateflooring,Blocks,Road,https://pokopiadex.com/items;https://infipoke.com/zh/game/pokopia/items,262-iron-plate-flooring.png,assets/pokopia_image_sources/decorative_item_portraits/262-iron-plate-flooring.png,https://pokopiadex.com/images/items/item_ui/iron-plate-flooring.png,pokopiadex_items,image/png,22499,4bba1bf3147fdff6859dfc8d84746f4d4e711c3100b114da93d0380a34e1bb59,ok,
263,decorative_item,Jaw Fossil,颚化石,Other,Decoration,infipoke_tag:decoration;pokopiadex_tag:decoration,https://pokopiadex.com/images/items/item_ui/jaw-fossil.png,pokopiadex_items,https://infipoke.com/img/pokopia/items/jawfossil.webp,jaw-fossil,Other,Decoration,jawfossil,Other,Decoration,https://pokopiadex.com/items;https://infipoke.com/zh/game/pokopia/items,263-jaw-fossil.png,assets/pokopia_image_sources/decorative_item_portraits/263-jaw-fossil.png,https://pokopiadex.com/images/items/item_ui/jaw-fossil.png,pokopiadex_items,image/png,100631,575532926825cdcd41333938c300ab3f3744cb148f53532ddd1072f5e15540ca,ok,
264,decorative_item,Jewel wall decoration,,Misc.,Decoration,pokopiadex_tag:decoration,https://pokopiadex.com/images/items/item_ui/jewel-wall-decoration.png,pokopiadex_items,,jewel-wall-decoration,Misc.,Decoration,,,,https://pokopiadex.com/items;https://infipoke.com/zh/game/pokopia/items,264-jewel-wall-decoration.png,assets/pokopia_image_sources/decorative_item_portraits/264-jewel-wall-decoration.png,https://pokopiadex.com/images/items/item_ui/jewel-wall-decoration.png,pokopiadex_items,image/png,145167,9cc4681cfdcf70127b011d58c275b6564632a701730e138ae37f936509fc5383,ok,
265,decorative_item,Juice trio,果汁三件套,Misc.,Decoration,pokopiadex_tag:decoration,https://pokopiadex.com/images/items/item_ui/juice-trio.png,pokopiadex_items,https://infipoke.com/img/pokopia/items/juicetrio.webp,juice-trio,Misc.,Decoration,juicetrio,Misc.,,https://pokopiadex.com/items;https://infipoke.com/zh/game/pokopia/items,265-juice-trio.png,assets/pokopia_image_sources/decorative_item_portraits/265-juice-trio.png,https://pokopiadex.com/images/items/item_ui/juice-trio.png,pokopiadex_items,image/png,136548,29695ec45e1f6e9c96a82a20682b22bf4a26c095cbead4e653e6057931c370a6,ok,
266,decorative_item,Jumbled cords,缠绕的电线,Misc.,Toy,infipoke_tag:toy;pokopiadex_tag:toy,https://pokopiadex.com/images/items/item_ui/jumbled-cords.png,pokopiadex_items,https://infipoke.com/img/pokopia/items/jumbledcords.webp,jumbled-cords,Misc.,Toy,jumbledcords,Misc.,Toy,https://pokopiadex.com/items;https://infipoke.com/zh/game/pokopia/items,266-jumbled-cords.png,assets/pokopia_image_sources/decorative_item_portraits/266-jumbled-cords.png,https://pokopiadex.com/images/items/item_ui/jumbled-cords.png,pokopiadex_items,image/png,21187,5795ddfdbd33ddae1ca8bb620cf1e4fbf6c6f0f42bfa8a82ee64a10e94bf0bd3,ok,
267,decorative_item,Jump rope trophy,,Other,Decoration,pokopiadex_tag:decoration,https://pokopiadex.com/images/items/item_ui/jump-rope-trophy.png,pokopiadex_items,,jump-rope-trophy,Other,Decoration,,,,https://pokopiadex.com/items;https://infipoke.com/zh/game/pokopia/items,267-jump-rope-trophy.png,assets/pokopia_image_sources/decorative_item_portraits/267-jump-rope-trophy.png,https://pokopiadex.com/images/items/item_ui/jump-rope-trophy.png,pokopiadex_items,image/png,201977,3a56c2624b2a4fd34e9516d9c95e125036b631af448bf9d03fc4e34a7a19d32f,ok,
268,decorative_item,Kitchen table,厨房桌,Furniture,,infipoke_category:furniture;pokopiadex_category:furniture,https://pokopiadex.com/images/items/item_ui/kitchen-table.png,pokopiadex_items,https://infipoke.com/img/pokopia/items/kitchentable.webp,kitchen-table,Furniture,,kitchentable,Furniture,,https://pokopiadex.com/items;https://infipoke.com/zh/game/pokopia/items,268-kitchen-table.png,assets/pokopia_image_sources/decorative_item_portraits/268-kitchen-table.png,https://pokopiadex.com/images/items/item_ui/kitchen-table.png,pokopiadex_items,image/png,18404,74786d4298a5bb326fe3fccbdc0c6de6477aa9c0644f5d54a725252d0b7d2955,ok,
269,decorative_item,Knitting supplies,编织用品,Misc.,Toy,infipoke_tag:toy;pokopiadex_tag:toy,https://pokopiadex.com/images/items/shop_ui/knitting-supplies.png,pokopiadex_items,https://infipoke.com/img/pokopia/items/knittingsupplies.webp,knitting-supplies,Misc.,Toy,knittingsupplies,Misc.,Toy,https://pokopiadex.com/items;https://infipoke.com/zh/game/pokopia/items,269-knitting-supplies.png,assets/pokopia_image_sources/decorative_item_portraits/269-knitting-supplies.png,https://pokopiadex.com/images/items/shop_ui/knitting-supplies.png,pokopiadex_items,image/png,146168,f69d5b54a7d289c62e2c8a67863dd8c7389298dd06dfbcae4d4325405a7dfee2,ok,
270,decorative_item,Lantern,灯笼,Utilities,Decoration,infipoke_tag:decoration;pokopiadex_tag:decoration,https://pokopiadex.com/images/items/item_ui/lantern.png,pokopiadex_items,https://infipoke.com/img/pokopia/items/lantern.webp,lantern,Utilities,Decoration,lantern,Utilities,Decoration,https://pokopiadex.com/items;https://infipoke.com/zh/game/pokopia/items,270-lantern.png,assets/pokopia_image_sources/decorative_item_portraits/270-lantern.png,https://pokopiadex.com/images/items/item_ui/lantern.png,pokopiadex_items,image/png,30847,1de06f0ef4e58ed3b1edb9eda58f5976bdb92c23fbfbfb8f499db29cc2c08150,ok,
271,decorative_item,Laptop,笔记本电脑,Misc.,Toy,infipoke_tag:toy;pokopiadex_tag:toy,https://pokopiadex.com/images/items/item_ui/laptop.png,pokopiadex_items,https://infipoke.com/img/pokopia/items/laptop.webp,laptop,Misc.,Toy,laptop,Misc.,Toy,https://pokopiadex.com/items;https://infipoke.com/zh/game/pokopia/items,271-laptop.png,assets/pokopia_image_sources/decorative_item_portraits/271-laptop.png,https://pokopiadex.com/images/items/item_ui/laptop.png,pokopiadex_items,image/png,21750,14053e2cc1816f948aeaf529c995196981710804466b0bc05e52e406608c4caf,ok,
272,decorative_item,Large mirror,大镜子,Furniture,Toy,infipoke_category:furniture;infipoke_tag:toy;pokopiadex_category:furniture;pokopiadex_tag:toy,https://pokopiadex.com/images/items/shop_ui/large-mirror.png,pokopiadex_items,https://infipoke.com/img/pokopia/items/largemirror.webp,large-mirror,Furniture,Toy,largemirror,Furniture,Toy,https://pokopiadex.com/items;https://infipoke.com/zh/game/pokopia/items,272-large-mirror.png,assets/pokopia_image_sources/decorative_item_portraits/272-large-mirror.png,https://pokopiadex.com/images/items/shop_ui/large-mirror.png,pokopiadex_items,image/png,139788,50da5c77a140be52c2f16555861ce04b77108ba16dee92f795243f5ef62b8591,ok,
273,decorative_item,Large ventilation fan,大型换气扇,Outdoor,Decoration,infipoke_tag:decoration;pokopiadex_tag:decoration,https://pokopiadex.com/images/items/item_ui/large-ventilation-fan.png,pokopiadex_items,https://infipoke.com/img/pokopia/items/largeventilationfan.webp,large-ventilation-fan,Outdoor,Decoration,largeventilationfan,Outdoor,Decoration,https://pokopiadex.com/items;https://infipoke.com/zh/game/pokopia/items,273-large-ventilation-fan.png,assets/pokopia_image_sources/decorative_item_portraits/273-large-ventilation-fan.png,https://pokopiadex.com/images/items/item_ui/large-ventilation-fan.png,pokopiadex_items,image/png,34007,7573a6b45d623533336f7f9a519d180de8739977de1269ceeb841336846ed9c0,ok,
274,decorative_item,Lava rock,岩浆岩石,Blocks,,infipoke_category:blocks;pokopiadex_category:blocks,https://pokopiadex.com/images/items/item_ui/lava-rock.png,pokopiadex_items,https://infipoke.com/img/pokopia/items/lavarock.webp,lava-rock,Blocks,,lavarock,Blocks,,https://pokopiadex.com/items;https://infipoke.com/zh/game/pokopia/items,274-lava-rock.png,assets/pokopia_image_sources/decorative_item_portraits/274-lava-rock.png,https://pokopiadex.com/images/items/item_ui/lava-rock.png,pokopiadex_items,image/png,32475,f0e79fbafd284fa1e89a4bb70a0635aad9ed47f7953e0fa8e53fbf897e88f801,ok,
275,decorative_item,Leaf print,叶子花纹,Blocks,,infipoke_category:blocks;pokopiadex_category:blocks,https://pokopiadex.com/images/items/crafting_ui/leaf-print.png,pokopiadex_items,https://infipoke.com/img/pokopia/items/leafprint.webp,leaf-print,Blocks,,leafprint,Blocks,,https://pokopiadex.com/items;https://infipoke.com/zh/game/pokopia/items,275-leaf-print.png,assets/pokopia_image_sources/decorative_item_portraits/275-leaf-print.png,https://pokopiadex.com/images/items/crafting_ui/leaf-print.png,pokopiadex_items,image/png,158222,c76b9cb7cf36efe81aa5fbb75a7842da3f6849d0c55af5dcda4abba8eeb2a6a3,ok,
276,decorative_item,Leafy plant,绿叶植物,Misc.,Decoration,infipoke_tag:decoration;pokopiadex_tag:decoration,https://pokopiadex.com/images/items/shop_ui/leafy-plant.png,pokopiadex_items,https://infipoke.com/img/pokopia/items/leafyplant.webp,leafy-plant,Misc.,Decoration,leafyplant,Misc.,Decoration,https://pokopiadex.com/items;https://infipoke.com/zh/game/pokopia/items,276-leafy-plant.png,assets/pokopia_image_sources/decorative_item_portraits/276-leafy-plant.png,https://pokopiadex.com/images/items/shop_ui/leafy-plant.png,pokopiadex_items,image/png,73219,37f15e22c868cb833231b37f96bcab3b61f7704c79d8915fa16a219eb72607ac,ok,
277,decorative_item,Letter,信件,Misc.,Toy,infipoke_tag:toy;pokopiadex_tag:toy,https://pokopiadex.com/images/items/item_ui/letter.png,pokopiadex_items,https://infipoke.com/img/pokopia/items/letter.webp,letter,Misc.,Toy,letter,Misc.,Toy,https://pokopiadex.com/items;https://infipoke.com/zh/game/pokopia/items,277-letter.png,assets/pokopia_image_sources/decorative_item_portraits/277-letter.png,https://pokopiadex.com/images/items/item_ui/letter.png,pokopiadex_items,image/png,99907,cc0220390542400a66331d6c1ef3573aefea050a443812531195311c8470fecf,ok,
278,decorative_item,Levee,堤坝,Blocks,,infipoke_category:blocks;pokopiadex_category:blocks,https://pokopiadex.com/images/items/item_ui/levee.png,pokopiadex_items,https://infipoke.com/img/pokopia/items/levee.webp,levee,Blocks,,levee,Blocks,,https://pokopiadex.com/items;https://infipoke.com/zh/game/pokopia/items,278-levee.png,assets/pokopia_image_sources/decorative_item_portraits/278-levee.png,https://pokopiadex.com/images/items/item_ui/levee.png,pokopiadex_items,image/png,29785,317fcabced6a782f2bdae73c48f0623edf91e47b0fa5aa25f2001bc7da08bdbe,ok,
279,decorative_item,Light antique wall (lower),浅色古董墙（下）,Blocks,,infipoke_category:blocks;pokopiadex_category:blocks,https://pokopiadex.com/images/items/item_ui/light-antique-wall-lower.png,pokopiadex_items,https://infipoke.com/img/pokopia/items/lightantiquewall%28lower%29.webp,light-antique-wall-lower,Blocks,,lightantiquewall(lower),Blocks,,https://pokopiadex.com/items;https://infipoke.com/zh/game/pokopia/items,279-light-antique-wall-lower.png,assets/pokopia_image_sources/decorative_item_portraits/279-light-antique-wall-lower.png,https://pokopiadex.com/images/items/item_ui/light-antique-wall-lower.png,pokopiadex_items,image/png,30458,ecf90a26198628066458228d1d06a04b62e91308e0a5494a05846db11354a95a,ok,
280,decorative_item,Light antique wall (middle),浅色古董墙（中）,Blocks,,infipoke_category:blocks;pokopiadex_category:blocks,https://pokopiadex.com/images/items/item_ui/light-antique-wall-middle.png,pokopiadex_items,https://infipoke.com/img/pokopia/items/lightantiquewall%28middle%29.webp,light-antique-wall-middle,Blocks,,lightantiquewall(middle),Blocks,,https://pokopiadex.com/items;https://infipoke.com/zh/game/pokopia/items,280-light-antique-wall-middle.png,assets/pokopia_image_sources/decorative_item_portraits/280-light-antique-wall-middle.png,https://pokopiadex.com/images/items/item_ui/light-antique-wall-middle.png,pokopiadex_items,image/png,34526,e7099f402b258708879a6dc9924030c963a85f91754811ffc28ca06234950e94,ok,
281,decorative_item,Light antique wall (upper),浅色古董墙（上）,Blocks,,infipoke_category:blocks;pokopiadex_category:blocks,https://pokopiadex.com/images/items/item_ui/light-antique-wall-upper.png,pokopiadex_items,https://infipoke.com/img/pokopia/items/lightantiquewall%28upper%29.webp,light-antique-wall-upper,Blocks,,lightantiquewall(upper),Blocks,,https://pokopiadex.com/items;https://infipoke.com/zh/game/pokopia/items,281-light-antique-wall-upper.png,assets/pokopia_image_sources/decorative_item_portraits/281-light-antique-wall-upper.png,https://pokopiadex.com/images/items/item_ui/light-antique-wall-upper.png,pokopiadex_items,image/png,32328,7b71126ae6f0b7b2b356bce8d1c27df6151104ae9d9e8fb8a900fe272502bc1e,ok,
282,decorative_item,Light brown rock,浅棕色岩石,Blocks,,infipoke_category:blocks;pokopiadex_category:blocks,https://pokopiadex.com/images/items/item_ui/light-brown-rock.png,pokopiadex_items,https://infipoke.com/img/pokopia/items/lightbrownrock.webp,light-brown-rock,Blocks,,lightbrownrock,Blocks,,https://pokopiadex.com/items;https://infipoke.com/zh/game/pokopia/items,282-light-brown-rock.png,assets/pokopia_image_sources/decorative_item_portraits/282-light-brown-rock.png,https://pokopiadex.com/images/items/item_ui/light-brown-rock.png,pokopiadex_items,image/png,25358,ce29024aee523f9cc7302a60826abd053fcf569dce3c185c68051855782db14f,ok,
283,decorative_item,Light marble flooring,浅色大理石地板,Blocks,Road,infipoke_category:blocks;pokopiadex_category:blocks,https://pokopiadex.com/images/items/item_ui/light-marble-flooring.png,pokopiadex_items,https://infipoke.com/img/pokopia/items/lightmarbleflooring.webp,light-marble-flooring,Blocks,Road,lightmarbleflooring,Blocks,Road,https://pokopiadex.com/items;https://infipoke.com/zh/game/pokopia/items,283-light-marble-flooring.png,assets/pokopia_image_sources/decorative_item_portraits/283-light-marble-flooring.png,https://pokopiadex.com/images/items/item_ui/light-marble-flooring.png,pokopiadex_items,image/png,22795,a83ba4ba4d49543cc2c8a9f8df57918db4ae10ba99fd252d9177d05dd26f0797,ok,
284,decorative_item,Light wooden wall,浅色木墙,Blocks,,infipoke_category:blocks;pokopiadex_category:blocks,https://pokopiadex.com/images/items/item_ui/light-wooden-wall.png,pokopiadex_items,https://infipoke.com/img/pokopia/items/lightwoodenwall.webp,light-wooden-wall,Blocks,,lightwoodenwall,Blocks,,https://pokopiadex.com/items;https://infipoke.com/zh/game/pokopia/items,284-light-wooden-wall.png,assets/pokopia_image_sources/decorative_item_portraits/284-light-wooden-wall.png,https://pokopiadex.com/images/items/item_ui/light-wooden-wall.png,pokopiadex_items,image/png,26314,8ea6dfd2ff35df4d898c253c468a657cccc969e8415b7fabe2944e160cdb1a83,ok,
285,decorative_item,Limestone,石灰石,Blocks,,infipoke_category:blocks;pokopiadex_category:blocks,https://pokopiadex.com/images/items/item_ui/limestone.png,pokopiadex_items,https://infipoke.com/img/pokopia/items/limestone.webp,limestone,Blocks,,limestone,Blocks,,https://pokopiadex.com/items;https://infipoke.com/zh/game/pokopia/items,285-limestone.png,assets/pokopia_image_sources/decorative_item_portraits/285-limestone.png,https://pokopiadex.com/images/items/item_ui/limestone.png,pokopiadex_items,image/png,101332,9c5bc4d33b57e89f64125541ef057a949c8c09913f7d874b927d1809ab3f2d89,ok,
286,decorative_item,Lined-stone flooring,纹理石地板,Blocks,Road,infipoke_category:blocks;pokopiadex_category:blocks,https://pokopiadex.com/images/items/crafting_ui/lined-stone-flooring.png,pokopiadex_items,https://infipoke.com/img/pokopia/items/lined-stoneflooring.webp,lined-stone-flooring,Blocks,Road,lined-stoneflooring,Blocks,Road,https://pokopiadex.com/items;https://infipoke.com/zh/game/pokopia/items,286-lined-stone-flooring.png,assets/pokopia_image_sources/decorative_item_portraits/286-lined-stone-flooring.png,https://pokopiadex.com/images/items/crafting_ui/lined-stone-flooring.png,pokopiadex_items,image/png,100358,50cac2c3ff30714a5e39238664d099c0fc71e893f2e17e643008d31e56527333,ok,
287,decorative_item,Log bed,原木床,Furniture,Relaxation,infipoke_category:furniture;pokopiadex_category:furniture,https://pokopiadex.com/images/items/shop_ui/log-bed.png,pokopiadex_items,https://infipoke.com/img/pokopia/items/logbed.webp,log-bed,Furniture,Relaxation,logbed,Furniture,Relaxation,https://pokopiadex.com/items;https://infipoke.com/zh/game/pokopia/items,287-log-bed.png,assets/pokopia_image_sources/decorative_item_portraits/287-log-bed.png,https://pokopiadex.com/images/items/shop_ui/log-bed.png,pokopiadex_items,image/png,334210,4491df70151adb99cd1da746a727c5ac050f1946cd2ee356ecb770874c4d62e7,ok,
288,decorative_item,Log chair,原木椅,Furniture,Relaxation,infipoke_category:furniture;pokopiadex_category:furniture,https://pokopiadex.com/images/items/crafting_ui/log-chair.png,pokopiadex_items,https://infipoke.com/img/pokopia/items/logchair.webp,log-chair,Furniture,Relaxation,logchair,Furniture,Relaxation,https://pokopiadex.com/items;https://infipoke.com/zh/game/pokopia/items,288-log-chair.png,assets/pokopia_image_sources/decorative_item_portraits/288-log-chair.png,https://pokopiadex.com/images/items/crafting_ui/log-chair.png,pokopiadex_items,image/png,93139,315743849a7a0739efa83521944d15a845f0bf46d3e60e8d3185001743a061e2,ok,
289,decorative_item,Log table,原木桌,Furniture,,infipoke_category:furniture;pokopiadex_category:furniture,https://pokopiadex.com/images/items/crafting_ui/log-table.png,pokopiadex_items,https://infipoke.com/img/pokopia/items/logtable.webp,log-table,Furniture,,logtable,Furniture,,https://pokopiadex.com/items;https://infipoke.com/zh/game/pokopia/items,289-log-table.png,assets/pokopia_image_sources/decorative_item_portraits/289-log-table.png,https://pokopiadex.com/images/items/crafting_ui/log-table.png,pokopiadex_items,image/png,95439,d3d39778576569debfa5f33139417a81c6dff59388c0e0de197e82ca55b74cb9,ok,
290,decorative_item,Lunch box,午餐盒,Misc.,Decoration,pokopiadex_tag:decoration,https://pokopiadex.com/images/items/item_ui/lunch-box.png,pokopiadex_items,https://infipoke.com/img/pokopia/items/lunchbox.webp,lunch-box,Misc.,Decoration,lunchbox,Misc.,,https://pokopiadex.com/items;https://infipoke.com/zh/game/pokopia/items,290-lunch-box.png,assets/pokopia_image_sources/decorative_item_portraits/290-lunch-box.png,https://pokopiadex.com/images/items/item_ui/lunch-box.png,pokopiadex_items,image/png,165481,993d66491b449a82d921ecfec60a7dac6c7a5d6b28aa49c5755e717e354ac71c,ok,
291,decorative_item,Luxury bed,豪华床,Furniture,Relaxation,infipoke_category:furniture;pokopiadex_category:furniture,https://pokopiadex.com/images/items/item_ui/luxury-bed.png,pokopiadex_items,https://infipoke.com/img/pokopia/items/luxurybed.webp,luxury-bed,Furniture,Relaxation,luxurybed,Furniture,Relaxation,https://pokopiadex.com/items;https://infipoke.com/zh/game/pokopia/items,291-luxury-bed.png,assets/pokopia_image_sources/decorative_item_portraits/291-luxury-bed.png,https://pokopiadex.com/images/items/item_ui/luxury-bed.png,pokopiadex_items,image/png,36717,69ab76640028f0465a9dacb7426221a5962fd576d3946459f9f42494beacc17a,ok,
292,decorative_item,Luxury chair,豪华椅,Furniture,Relaxation,infipoke_category:furniture;pokopiadex_category:furniture,https://pokopiadex.com/images/items/item_ui/luxury-chair.png,pokopiadex_items,https://infipoke.com/img/pokopia/items/luxurychair.webp,luxury-chair,Furniture,Relaxation,luxurychair,Furniture,Relaxation,https://pokopiadex.com/items;https://infipoke.com/zh/game/pokopia/items,292-luxury-chair.png,assets/pokopia_image_sources/decorative_item_portraits/292-luxury-chair.png,https://pokopiadex.com/images/items/item_ui/luxury-chair.png,pokopiadex_items,image/png,27842,30cea6e7265460a9c19fb14b94c348d1d708e58f92aaae7fe2fdb4f2eb062b69,ok,
293,decorative_item,Luxury dresser,豪华梳妆台,Furniture,Toy,infipoke_category:furniture;infipoke_tag:toy;pokopiadex_category:furniture;pokopiadex_tag:toy,https://pokopiadex.com/images/items/item_ui/luxury-dresser.png,pokopiadex_items,https://infipoke.com/img/pokopia/items/luxurydresser.webp,luxury-dresser,Furniture,Toy,luxurydresser,Furniture,Toy,https://pokopiadex.com/items;https://infipoke.com/zh/game/pokopia/items,293-luxury-dresser.png,assets/pokopia_image_sources/decorative_item_portraits/293-luxury-dresser.png,https://pokopiadex.com/images/items/item_ui/luxury-dresser.png,pokopiadex_items,image/png,29975,15646089a37bf54550b33b8b091d7d4aa3733b1fc07f0e96c936e5134e54d904,ok,
294,decorative_item,Luxury lamp,豪华灯,Utilities,Decoration,infipoke_tag:decoration;pokopiadex_tag:decoration,https://pokopiadex.com/images/items/item_ui/luxury-lamp.png,pokopiadex_items,https://infipoke.com/img/pokopia/items/luxurylamp.webp,luxury-lamp,Utilities,Decoration,luxurylamp,Utilities,Decoration,https://pokopiadex.com/items;https://infipoke.com/zh/game/pokopia/items,294-luxury-lamp.png,assets/pokopia_image_sources/decorative_item_portraits/294-luxury-lamp.png,https://pokopiadex.com/images/items/item_ui/luxury-lamp.png,pokopiadex_items,image/png,15274,f4d11e697b4e4c937062d79645f4592b085b0eeb099056fd3b91532b6b602f8c,ok,
295,decorative_item,Luxury sofa,豪华沙发,Furniture,Relaxation,infipoke_category:furniture;pokopiadex_category:furniture,https://pokopiadex.com/images/items/item_ui/luxury-sofa.png,pokopiadex_items,https://infipoke.com/img/pokopia/items/luxurysofa.webp,luxury-sofa,Furniture,Relaxation,luxurysofa,Furniture,Relaxation,https://pokopiadex.com/items;https://infipoke.com/zh/game/pokopia/items,295-luxury-sofa.png,assets/pokopia_image_sources/decorative_item_portraits/295-luxury-sofa.png,https://pokopiadex.com/images/items/item_ui/luxury-sofa.png,pokopiadex_items,image/png,31512,4431c05c7fe5adbf6dbc6be1b117acb3388899c7a4ee369a0fdbdce326460c1c,ok,
296,decorative_item,Luxury table,豪华桌,Furniture,,infipoke_category:furniture;pokopiadex_category:furniture,https://pokopiadex.com/images/items/item_ui/luxury-table.png,pokopiadex_items,https://infipoke.com/img/pokopia/items/luxurytable.webp,luxury-table,Furniture,,luxurytable,Furniture,,https://pokopiadex.com/items;https://infipoke.com/zh/game/pokopia/items,296-luxury-table.png,assets/pokopia_image_sources/decorative_item_portraits/296-luxury-table.png,https://pokopiadex.com/images/items/item_ui/luxury-table.png,pokopiadex_items,image/png,23342,fd994373a13a2bff3b7f64a9a7e7217c44cede9150408aa92741a8d65c89ba20,ok,
297,decorative_item,Magazine rack,杂志架,Misc.,Decoration,infipoke_tag:decoration;pokopiadex_tag:decoration,https://pokopiadex.com/images/items/item_ui/magazine-rack.png,pokopiadex_items,https://infipoke.com/img/pokopia/items/magazinerack.webp,magazine-rack,Misc.,Decoration,magazinerack,Misc.,Decoration,https://pokopiadex.com/items;https://infipoke.com/zh/game/pokopia/items,297-magazine-rack.png,assets/pokopia_image_sources/decorative_item_portraits/297-magazine-rack.png,https://pokopiadex.com/images/items/item_ui/magazine-rack.png,pokopiadex_items,image/png,42463,2f9217e0498e7a434242751f124517e81657bba7fb84faad8db612085ea9410f,ok,
298,decorative_item,Mailbox,邮箱,Outdoor,Decoration,infipoke_tag:decoration;pokopiadex_tag:decoration,https://pokopiadex.com/images/items/crafting_ui/mailbox.png,pokopiadex_items,https://infipoke.com/img/pokopia/items/mailbox.webp,mailbox,Outdoor,Decoration,mailbox,Outdoor,Decoration,https://pokopiadex.com/items;https://infipoke.com/zh/game/pokopia/items,298-mailbox.png,assets/pokopia_image_sources/decorative_item_portraits/298-mailbox.png,https://pokopiadex.com/images/items/crafting_ui/mailbox.png,pokopiadex_items,image/png,158559,a51614cffcd3bb72e911684f8ee66a7b60583c73d4507bb4e78d5085abdef742,ok,
299,decorative_item,Malicious Armor,诅咒铠甲,Misc.,Toy,infipoke_tag:toy;pokopiadex_tag:decoration,https://pokopiadex.com/images/items/item_ui/malicious-armor.png,pokopiadex_items,https://infipoke.com/img/pokopia/items/maliciousarmor.webp,malicious-armor,Misc.,Decoration,maliciousarmor,Misc.,Toy,https://pokopiadex.com/items;https://infipoke.com/zh/game/pokopia/items,299-malicious-armor.png,assets/pokopia_image_sources/decorative_item_portraits/299-malicious-armor.png,https://pokopiadex.com/images/items/item_ui/malicious-armor.png,pokopiadex_items,image/png,35651,9006c4b5e1518c7c14cd514ae155255c0a1dd58a4c8b9397096bfeb8b2f0a80e,ok,
300,decorative_item,Map and compass,,Outdoor,Toy,pokopiadex_tag:toy,https://pokopiadex.com/images/items/item_ui/map-and-compass.png,pokopiadex_items,,map-and-compass,Outdoor,Toy,,,,https://pokopiadex.com/items;https://infipoke.com/zh/game/pokopia/items,300-map-and-compass.png,assets/pokopia_image_sources/decorative_item_portraits/300-map-and-compass.png,https://pokopiadex.com/images/items/item_ui/map-and-compass.png,pokopiadex_items,image/png,130655,43b1f44fd96be55789b1a37f06899a10f5c33ae51aca58ef3e02698dfd1c4c43,ok,
301,decorative_item,Marble,大理石,Blocks,Road,infipoke_category:blocks;pokopiadex_category:blocks,https://pokopiadex.com/images/items/crafting_ui/marble.png,pokopiadex_items,https://infipoke.com/img/pokopia/items/marble.webp,marble,Blocks,Road,marble,Blocks,Road,https://pokopiadex.com/items;https://infipoke.com/zh/game/pokopia/items,301-marble.png,assets/pokopia_image_sources/decorative_item_portraits/301-marble.png,https://pokopiadex.com/images/items/crafting_ui/marble.png,pokopiadex_items,image/png,103047,635ecbaeced0ddbd54f2fc52fd364d3532fb4b39c7d542bd4792200cf6170586,ok,
302,decorative_item,Marked road (horizontal),标线道路（横）,Blocks,Road,infipoke_category:blocks;pokopiadex_category:blocks,https://pokopiadex.com/images/items/item_ui/marked-road-horizontal.png,pokopiadex_items,https://infipoke.com/img/pokopia/items/markedroad%28horizontal%29.webp,marked-road-horizontal,Blocks,Road,markedroad(horizontal),Blocks,Road,https://pokopiadex.com/items;https://infipoke.com/zh/game/pokopia/items,302-marked-road-horizontal.png,assets/pokopia_image_sources/decorative_item_portraits/302-marked-road-horizontal.png,https://pokopiadex.com/images/items/item_ui/marked-road-horizontal.png,pokopiadex_items,image/png,30576,80f11333dc61373120ef6b76d69250adb23813fae59df0fcd407d721f835f315,ok,
303,decorative_item,Marked road (vertical),标线道路（竖）,Blocks,Road,infipoke_category:blocks;pokopiadex_category:blocks,https://pokopiadex.com/images/items/item_ui/marked-road-vertical.png,pokopiadex_items,https://infipoke.com/img/pokopia/items/markedroad%28vertical%29.webp,marked-road-vertical,Blocks,Road,markedroad(vertical),Blocks,Road,https://pokopiadex.com/items;https://infipoke.com/zh/game/pokopia/items,303-marked-road-vertical.png,assets/pokopia_image_sources/decorative_item_portraits/303-marked-road-vertical.png,https://pokopiadex.com/images/items/item_ui/marked-road-vertical.png,pokopiadex_items,image/png,30251,16b3b5a90f6a724c1340c9e473b39d056e6ddcea7cf46b038344fd19f22a6264,ok,
304,decorative_item,Menu board,菜单板,Outdoor,Decoration,infipoke_tag:decoration;pokopiadex_tag:decoration,https://pokopiadex.com/images/items/item_ui/menu-board.png,pokopiadex_items,https://infipoke.com/img/pokopia/items/menuboard.webp,menu-board,Outdoor,Decoration,menuboard,Outdoor,Decoration,https://pokopiadex.com/items;https://infipoke.com/zh/game/pokopia/items,304-menu-board.png,assets/pokopia_image_sources/decorative_item_portraits/304-menu-board.png,https://pokopiadex.com/images/items/item_ui/menu-board.png,pokopiadex_items,image/png,32500,3f1a9aed47cce017d73477820d878f6f35aecd4ad695aa49c0ce4e5a1eb53f65,ok,
305,decorative_item,Metal drum,金属桶,Outdoor,Decoration,infipoke_tag:decoration;pokopiadex_tag:decoration,https://pokopiadex.com/images/items/item_ui/metal-drum.png,pokopiadex_items,https://infipoke.com/img/pokopia/items/metaldrum.webp,metal-drum,Outdoor,Decoration,metaldrum,Outdoor,Decoration,https://pokopiadex.com/items;https://infipoke.com/zh/game/pokopia/items,305-metal-drum.png,assets/pokopia_image_sources/decorative_item_portraits/305-metal-drum.png,https://pokopiadex.com/images/items/item_ui/metal-drum.png,pokopiadex_items,image/png,25372,0a83a7c152de64e6699b215f7b15ea8fd576c7a0c55db790bdc9fa494122bdd3,ok,
306,decorative_item,Microscope,显微镜,Misc.,Toy,infipoke_tag:toy;pokopiadex_tag:toy,https://pokopiadex.com/images/items/item_ui/microscope.png,pokopiadex_items,https://infipoke.com/img/pokopia/items/microscope.webp,microscope,Misc.,Toy,microscope,Misc.,Toy,https://pokopiadex.com/items;https://infipoke.com/zh/game/pokopia/items,306-microscope.png,assets/pokopia_image_sources/decorative_item_portraits/306-microscope.png,https://pokopiadex.com/images/items/item_ui/microscope.png,pokopiadex_items,image/png,20937,0554c86469905d21d9e30f196632b95721cf5c5459ffc774414dc98f4f5d3729,ok,
307,decorative_item,Microwave oven,微波炉,Misc.,Toy,infipoke_tag:toy;pokopiadex_tag:toy,https://pokopiadex.com/images/items/item_ui/microwave-oven.png,pokopiadex_items,https://infipoke.com/img/pokopia/items/microwaveoven.webp,microwave-oven,Misc.,Toy,microwaveoven,Misc.,Toy,https://pokopiadex.com/items;https://infipoke.com/zh/game/pokopia/items,307-microwave-oven.png,assets/pokopia_image_sources/decorative_item_portraits/307-microwave-oven.png,https://pokopiadex.com/images/items/item_ui/microwave-oven.png,pokopiadex_items,image/png,29783,be092f49885e256410597509b433f72d921071ee540f0cb8a11ca72d11ab0173,ok,
308,decorative_item,Mini bookcase,迷你书柜,Misc.,Decoration,infipoke_tag:decoration;pokopiadex_tag:decoration,https://pokopiadex.com/images/items/crafting_ui/mini-bookcase.png,pokopiadex_items,https://infipoke.com/img/pokopia/items/minibookcase.webp,mini-bookcase,Misc.,Decoration,minibookcase,Misc.,Decoration,https://pokopiadex.com/items;https://infipoke.com/zh/game/pokopia/items,308-mini-bookcase.png,assets/pokopia_image_sources/decorative_item_portraits/308-mini-bookcase.png,https://pokopiadex.com/images/items/crafting_ui/mini-bookcase.png,pokopiadex_items,image/png,133645,b58b8d2a676f5e84c7855ad655325d02d2d5ed5401ff21582c730bbdda2348b4,ok,
309,decorative_item,Mini generator,迷你发电机,Utilities,Decoration,infipoke_tag:decoration;pokopiadex_tag:decoration,https://pokopiadex.com/images/items/item_ui/mini-generator.png,pokopiadex_items,https://infipoke.com/img/pokopia/items/minigenerator.webp,mini-generator,Utilities,Decoration,minigenerator,Utilities,Decoration,https://pokopiadex.com/items;https://infipoke.com/zh/game/pokopia/items,309-mini-generator.png,assets/pokopia_image_sources/decorative_item_portraits/309-mini-generator.png,https://pokopiadex.com/images/items/item_ui/mini-generator.png,pokopiadex_items,image/png,26131,5d6ae6ca59d96bf7eddc43c5691d22f95ee10a32f4176a8c2691bf78f6c33da9,ok,
310,decorative_item,Mini plain bed,迷你简易床,Furniture,Relaxation,infipoke_category:furniture;pokopiadex_category:furniture,https://pokopiadex.com/images/items/crafting_ui/mini-plain-bed.png,pokopiadex_items,https://infipoke.com/img/pokopia/items/miniplainbed.webp,mini-plain-bed,Furniture,Relaxation,miniplainbed,Furniture,Relaxation,https://pokopiadex.com/items;https://infipoke.com/zh/game/pokopia/items,310-mini-plain-bed.png,assets/pokopia_image_sources/decorative_item_portraits/310-mini-plain-bed.png,https://pokopiadex.com/images/items/crafting_ui/mini-plain-bed.png,pokopiadex_items,image/png,103413,5a047f2a09cd950af8e0712d2ac86bdeed1bd142fd7bcb1ac94080cb1b39ef93,ok,
311,decorative_item,Mirror ball,镜球,Utilities,Decoration,infipoke_tag:decoration;pokopiadex_tag:decoration,https://pokopiadex.com/images/items/shop_ui/mirror-ball.png,pokopiadex_items,https://infipoke.com/img/pokopia/items/mirrorball.webp,mirror-ball,Utilities,Decoration,mirrorball,Utilities,Decoration,https://pokopiadex.com/items;https://infipoke.com/zh/game/pokopia/items,311-mirror-ball.png,assets/pokopia_image_sources/decorative_item_portraits/311-mirror-ball.png,https://pokopiadex.com/images/items/shop_ui/mirror-ball.png,pokopiadex_items,image/png,179457,37a1d641afa189d4f223fe205e5d028ab8880ec5c5c971f548cdda4fbb870574,ok,
312,decorative_item,Model planet,行星模型,Utilities,Toy,infipoke_tag:toy;pokopiadex_tag:toy,https://pokopiadex.com/images/items/item_ui/model-planet.png,pokopiadex_items,https://infipoke.com/img/pokopia/items/modelplanet.webp,model-planet,Utilities,Toy,modelplanet,Utilities,Toy,https://pokopiadex.com/items;https://infipoke.com/zh/game/pokopia/items,312-model-planet.png,assets/pokopia_image_sources/decorative_item_portraits/312-model-planet.png,https://pokopiadex.com/images/items/item_ui/model-planet.png,pokopiadex_items,image/png,25948,f38da5fddfca613e68bc24e85f6cf5eb3a78801df245b158839cbb582e514231,ok,
313,decorative_item,Model space shuttle,太空梭模型,Misc.,Toy,infipoke_tag:toy;pokopiadex_tag:toy,https://pokopiadex.com/images/items/item_ui/model-space-shuttle.png,pokopiadex_items,https://infipoke.com/img/pokopia/items/modelspaceshuttle.webp,model-space-shuttle,Misc.,Toy,modelspaceshuttle,Misc.,Toy,https://pokopiadex.com/items;https://infipoke.com/zh/game/pokopia/items,313-model-space-shuttle.png,assets/pokopia_image_sources/decorative_item_portraits/313-model-space-shuttle.png,https://pokopiadex.com/images/items/item_ui/model-space-shuttle.png,pokopiadex_items,image/png,100471,92a37d42203f2bd2a530fefc97da78ad8175f4dae7f1a459bd82bb0e050d685b,ok,
314,decorative_item,Modern carpeting,现代地毯,Blocks,Road,infipoke_category:blocks;pokopiadex_category:blocks,https://pokopiadex.com/images/items/item_ui/modern-carpeting.png,pokopiadex_items,https://infipoke.com/img/pokopia/items/moderncarpeting.webp,modern-carpeting,Blocks,Road,moderncarpeting,Blocks,Road,https://pokopiadex.com/items;https://infipoke.com/zh/game/pokopia/items,314-modern-carpeting.png,assets/pokopia_image_sources/decorative_item_portraits/314-modern-carpeting.png,https://pokopiadex.com/images/items/item_ui/modern-carpeting.png,pokopiadex_items,image/png,29639,cd46d5ccfcd525ac840743fb72897085162c73589ade314c71fc8d2fe45ebda5,ok,
315,decorative_item,Modern sink,现代水槽,Misc.,Toy,infipoke_tag:toy;pokopiadex_tag:toy,https://pokopiadex.com/images/items/item_ui/modern-sink.png,pokopiadex_items,https://infipoke.com/img/pokopia/items/modernsink.webp,modern-sink,Misc.,Toy,modernsink,Misc.,Toy,https://pokopiadex.com/items;https://infipoke.com/zh/game/pokopia/items,315-modern-sink.png,assets/pokopia_image_sources/decorative_item_portraits/315-modern-sink.png,https://pokopiadex.com/images/items/item_ui/modern-sink.png,pokopiadex_items,image/png,26416,4afd4fb2960fdae62378a85086a0e23ea060867539a899b51a1258dd8d324c46,ok,
316,decorative_item,Modern wall,现代墙,Blocks,,infipoke_category:blocks;pokopiadex_category:blocks,https://pokopiadex.com/images/items/item_ui/modern-wall.png,pokopiadex_items,https://infipoke.com/img/pokopia/items/modernwall.webp,modern-wall,Blocks,,modernwall,Blocks,,https://pokopiadex.com/items;https://infipoke.com/zh/game/pokopia/items,316-modern-wall.png,assets/pokopia_image_sources/decorative_item_portraits/316-modern-wall.png,https://pokopiadex.com/images/items/item_ui/modern-wall.png,pokopiadex_items,image/png,40678,bd991b3dd7150cc42e1855b1e75dca2e10ca5041444f1741685d2c1309cbbc74,ok,
317,decorative_item,Mosaic tiling,马赛克砖,Blocks,Road,infipoke_category:blocks;pokopiadex_category:blocks,https://pokopiadex.com/images/items/item_ui/mosaic-tiling.png,pokopiadex_items,https://infipoke.com/img/pokopia/items/mosaictiling.webp,mosaic-tiling,Blocks,Road,mosaictiling,Blocks,Road,https://pokopiadex.com/items;https://infipoke.com/zh/game/pokopia/items,317-mosaic-tiling.png,assets/pokopia_image_sources/decorative_item_portraits/317-mosaic-tiling.png,https://pokopiadex.com/images/items/item_ui/mosaic-tiling.png,pokopiadex_items,image/png,33267,2a4dcf90399e623936d922d573632a3ce004db66c09421e2190537dbc5f91eff,ok,
318,decorative_item,Mossy soil,苔藓泥土,Blocks,,infipoke_category:blocks;pokopiadex_category:blocks,https://pokopiadex.com/images/items/item_ui/mossy-soil.png,pokopiadex_items,https://infipoke.com/img/pokopia/items/mossysoil.webp,mossy-soil,Blocks,,mossysoil,Blocks,,https://pokopiadex.com/items;https://infipoke.com/zh/game/pokopia/items,318-mossy-soil.png,assets/pokopia_image_sources/decorative_item_portraits/318-mossy-soil.png,https://pokopiadex.com/images/items/item_ui/mossy-soil.png,pokopiadex_items,image/png,85413,a12116e136a35d68c9f1a91d499ee1e28bcab72d9f8319c7a1d9a90d9ae212ca,ok,
319,decorative_item,Muddy pure-white soil,泥泞纯白泥土,Blocks,,infipoke_category:blocks,https://infipoke.com/img/pokopia/items/muddypure-whitesoil.webp,infipoke_items,,,,,muddypure-whitesoil,Blocks,,https://pokopiadex.com/items;https://infipoke.com/zh/game/pokopia/items,319-muddy-pure-white-soil.webp,assets/pokopia_image_sources/decorative_item_portraits/319-muddy-pure-white-soil.webp,https://infipoke.com/img/pokopia/items/muddypure-whitesoil.webp,infipoke_items,image/webp,1124,b8cf20acda72b0e3c430175a60350502a2344f347fc6ceb151b1ded4c51df81d,ok,
320,decorative_item,Muddy sand,泥泞沙地,Blocks,,infipoke_category:blocks,https://infipoke.com/img/pokopia/items/muddysand.webp,infipoke_items,,,,,muddysand,Blocks,,https://pokopiadex.com/items;https://infipoke.com/zh/game/pokopia/items,320-muddy-sand.webp,assets/pokopia_image_sources/decorative_item_portraits/320-muddy-sand.webp,https://infipoke.com/img/pokopia/items/muddysand.webp,infipoke_items,image/webp,1054,e1de6df2c2b2c0759a0708fefdd67f1290feeff9d509b620730036ecb58ed6cf,ok,
321,decorative_item,Muddy seashell soil,泥泞贝壳泥土,Blocks,,infipoke_category:blocks,https://infipoke.com/img/pokopia/items/muddyseashellsoil.webp,infipoke_items,,,,,muddyseashellsoil,Blocks,,https://pokopiadex.com/items;https://infipoke.com/zh/game/pokopia/items,321-muddy-seashell-soil.webp,assets/pokopia_image_sources/decorative_item_portraits/321-muddy-seashell-soil.webp,https://infipoke.com/img/pokopia/items/muddyseashellsoil.webp,infipoke_items,image/webp,1124,188a23056b609b6f38bbe7bf555f7c14cf6f1a44db6e83d1db97ac6454a65938,ok,
322,decorative_item,Muddy tiling,泥泞地砖,Blocks,,infipoke_category:blocks,https://infipoke.com/img/pokopia/items/muddytiling.webp,infipoke_items,,,,,muddytiling,Blocks,,https://pokopiadex.com/items;https://infipoke.com/zh/game/pokopia/items,322-muddy-tiling.webp,assets/pokopia_image_sources/decorative_item_portraits/322-muddy-tiling.webp,https://infipoke.com/img/pokopia/items/muddytiling.webp,infipoke_items,image/webp,1200,6628e197f94eaea9f22f9410a244daa82f602f2dbcb147644753edac1343ea5a,ok,
323,decorative_item,Mug,马克杯,Misc.,Decoration,infipoke_tag:decoration;pokopiadex_tag:decoration,https://pokopiadex.com/images/items/crafting_ui/mug.png,pokopiadex_items,https://infipoke.com/img/pokopia/items/mug.webp,mug,Misc.,Decoration,mug,Misc.,Decoration,https://pokopiadex.com/items;https://infipoke.com/zh/game/pokopia/items,323-mug.png,assets/pokopia_image_sources/decorative_item_portraits/323-mug.png,https://pokopiadex.com/images/items/crafting_ui/mug.png,pokopiadex_items,image/png,106874,11e5265c36cdd954d2ac9897491df43e4e32fc13043ff9c4cdaa3132b3a14981,ok,
324,decorative_item,Munna bank,食梦梦存钱罐,Misc.,Toy,infipoke_tag:toy;pokopiadex_tag:toy,https://pokopiadex.com/images/items/item_ui/munna-bank.png,pokopiadex_items,https://infipoke.com/img/pokopia/items/munnabank.webp,munna-bank,Misc.,Toy,munnabank,Misc.,Toy,https://pokopiadex.com/items;https://infipoke.com/zh/game/pokopia/items,324-munna-bank.png,assets/pokopia_image_sources/decorative_item_portraits/324-munna-bank.png,https://pokopiadex.com/images/items/item_ui/munna-bank.png,pokopiadex_items,image/png,85736,c46d50d46719e6f97ce3bb20871ddddce6ad6cc4907b90a4831da443dcfb89b2,ok,
325,decorative_item,Mushroom lamp,蘑菇灯,Utilities,Decoration,infipoke_tag:decoration;pokopiadex_tag:decoration,https://pokopiadex.com/images/items/crafting_ui/mushroom-lamp.png,pokopiadex_items,https://infipoke.com/img/pokopia/items/mushroomlamp.webp,mushroom-lamp,Utilities,Decoration,mushroomlamp,Utilities,Decoration,https://pokopiadex.com/items;https://infipoke.com/zh/game/pokopia/items,325-mushroom-lamp.png,assets/pokopia_image_sources/decorative_item_portraits/325-mushroom-lamp.png,https://pokopiadex.com/images/items/crafting_ui/mushroom-lamp.png,pokopiadex_items,image/png,123016,8afa677ebdd0b5623bb69aa38f4f12f412e205c105bf4f40d565ade9555e25f0,ok,
326,decorative_item,Mushroom streetlight,蘑菇路灯,Utilities,Decoration,infipoke_tag:decoration;pokopiadex_tag:decoration,https://pokopiadex.com/images/items/shop_ui/mushroom-streetlight.png,pokopiadex_items,https://infipoke.com/img/pokopia/items/mushroomstreetlight.webp,mushroom-streetlight,Utilities,Decoration,mushroomstreetlight,Utilities,Decoration,https://pokopiadex.com/items;https://infipoke.com/zh/game/pokopia/items,326-mushroom-streetlight.png,assets/pokopia_image_sources/decorative_item_portraits/326-mushroom-streetlight.png,https://pokopiadex.com/images/items/shop_ui/mushroom-streetlight.png,pokopiadex_items,image/png,153040,d13ece3dd3b23e921e59daa14e83a0e139bc2cfaec1a0529d584d7bd0d78cc52,ok,
327,decorative_item,Music mat (Fa),音乐地垫（Fa）,Utilities,Toy,infipoke_tag:toy;pokopiadex_tag:toy,https://pokopiadex.com/images/items/item_ui/music-mat-fa.png,pokopiadex_items,https://infipoke.com/img/pokopia/items/musicmat%28fa%29.webp,music-mat-fa,Utilities,Toy,musicmat(fa),Utilities,Toy,https://pokopiadex.com/items;https://infipoke.com/zh/game/pokopia/items,327-music-mat-fa.png,assets/pokopia_image_sources/decorative_item_portraits/327-music-mat-fa.png,https://pokopiadex.com/images/items/item_ui/music-mat-fa.png,pokopiadex_items,image/png,32644,fdcd2838451d2a20c60978148b2c8db1beb59575e031b8dbd53605956759ba5f,ok,
328,decorative_item,Music mat (High do),音乐地垫（高Do）,Utilities,Toy,infipoke_tag:toy;pokopiadex_tag:toy,https://pokopiadex.com/images/items/item_ui/music-mat-high-do.png,pokopiadex_items,https://infipoke.com/img/pokopia/items/musicmat%28highdo%29.webp,music-mat-high-do,Utilities,Toy,musicmat(highdo),Utilities,Toy,https://pokopiadex.com/items;https://infipoke.com/zh/game/pokopia/items,328-music-mat-high-do.png,assets/pokopia_image_sources/decorative_item_portraits/328-music-mat-high-do.png,https://pokopiadex.com/images/items/item_ui/music-mat-high-do.png,pokopiadex_items,image/png,30777,f66c8d2da547edac6ed9430bc5b4b51406d933ba89f2c3142bf58c6a70af2de1,ok,
329,decorative_item,Music mat (La),音乐地垫（La）,Utilities,Toy,infipoke_tag:toy;pokopiadex_tag:toy,https://pokopiadex.com/images/items/item_ui/music-mat-la.png,pokopiadex_items,https://infipoke.com/img/pokopia/items/musicmat%28la%29.webp,music-mat-la,Utilities,Toy,musicmat(la),Utilities,Toy,https://pokopiadex.com/items;https://infipoke.com/zh/game/pokopia/items,329-music-mat-la.png,assets/pokopia_image_sources/decorative_item_portraits/329-music-mat-la.png,https://pokopiadex.com/images/items/item_ui/music-mat-la.png,pokopiadex_items,image/png,30367,9aae20e1aad50316926e3e224f140996b2806eadf7d86dd831ce72714f55a92d,ok,
330,decorative_item,Music mat (low do),音乐地垫（低Do）,Utilities,Toy,infipoke_tag:toy;pokopiadex_tag:toy,https://pokopiadex.com/images/items/item_ui/music-mat-low-do.png,pokopiadex_items,https://infipoke.com/img/pokopia/items/musicmat%28lowdo%29.webp,music-mat-low-do,Utilities,Toy,musicmat(lowdo),Utilities,Toy,https://pokopiadex.com/items;https://infipoke.com/zh/game/pokopia/items,330-music-mat-low-do.png,assets/pokopia_image_sources/decorative_item_portraits/330-music-mat-low-do.png,https://pokopiadex.com/images/items/item_ui/music-mat-low-do.png,pokopiadex_items,image/png,30169,ad92dd3a150143be277fa0b35169b20be34e118b5006d810873047ea57cc67fb,ok,
331,decorative_item,Music mat (Mi),音乐地垫（Mi）,Utilities,Toy,infipoke_tag:toy;pokopiadex_tag:toy,https://pokopiadex.com/images/items/item_ui/music-mat-mi.png,pokopiadex_items,https://infipoke.com/img/pokopia/items/musicmat%28mi%29.webp,music-mat-mi,Utilities,Toy,musicmat(mi),Utilities,Toy,https://pokopiadex.com/items;https://infipoke.com/zh/game/pokopia/items,331-music-mat-mi.png,assets/pokopia_image_sources/decorative_item_portraits/331-music-mat-mi.png,https://pokopiadex.com/images/items/item_ui/music-mat-mi.png,pokopiadex_items,image/png,31199,253a41a5266390ad255591fe861294143fe19dac46788727d2dd56894411beb7,ok,
332,decorative_item,Music mat (Re),音乐地垫（Re）,Utilities,Toy,infipoke_tag:toy;pokopiadex_tag:toy,https://pokopiadex.com/images/items/item_ui/music-mat-re.png,pokopiadex_items,https://infipoke.com/img/pokopia/items/musicmat%28re%29.webp,music-mat-re,Utilities,Toy,musicmat(re),Utilities,Toy,https://pokopiadex.com/items;https://infipoke.com/zh/game/pokopia/items,332-music-mat-re.png,assets/pokopia_image_sources/decorative_item_portraits/332-music-mat-re.png,https://pokopiadex.com/images/items/item_ui/music-mat-re.png,pokopiadex_items,image/png,30932,747ca122c694c97af41fd47c0eab94087fe36795754ab57c27bb4c0f4068f7ce,ok,
333,decorative_item,Music mat (Sol),音乐地垫（Sol）,Utilities,Toy,infipoke_tag:toy;pokopiadex_tag:toy,https://pokopiadex.com/images/items/item_ui/music-mat-sol.png,pokopiadex_items,https://infipoke.com/img/pokopia/items/musicmat%28sol%29.webp,music-mat-sol,Utilities,Toy,musicmat(sol),Utilities,Toy,https://pokopiadex.com/items;https://infipoke.com/zh/game/pokopia/items,333-music-mat-sol.png,assets/pokopia_image_sources/decorative_item_portraits/333-music-mat-sol.png,https://pokopiadex.com/images/items/item_ui/music-mat-sol.png,pokopiadex_items,image/png,30534,58d63c66c16be93d9e33003dcc3b3882beeafa96885ec83fa340294c25fd5f91,ok,
334,decorative_item,Music mat (Ti),音乐地垫（Ti）,Utilities,Toy,infipoke_tag:toy;pokopiadex_tag:toy,https://pokopiadex.com/images/items/item_ui/music-mat-ti.png,pokopiadex_items,https://infipoke.com/img/pokopia/items/musicmat%28ti%29.webp,music-mat-ti,Utilities,Toy,musicmat(ti),Utilities,Toy,https://pokopiadex.com/items;https://infipoke.com/zh/game/pokopia/items,334-music-mat-ti.png,assets/pokopia_image_sources/decorative_item_portraits/334-music-mat-ti.png,https://pokopiadex.com/images/items/item_ui/music-mat-ti.png,pokopiadex_items,image/png,31886,9487be4dea38ecbd1caf2534f653d16ac1033474a4c5ec0fc6db99879f0626ab,ok,
335,decorative_item,Mysterious pedestal,神秘台座,Furniture,,infipoke_category:furniture;pokopiadex_category:furniture,https://pokopiadex.com/images/items/item_ui/mysterious-pedestal.png,pokopiadex_items,https://infipoke.com/img/pokopia/items/mysteriouspedestal.webp,mysterious-pedestal,Furniture,,mysteriouspedestal,Furniture,,https://pokopiadex.com/items;https://infipoke.com/zh/game/pokopia/items,335-mysterious-pedestal.png,assets/pokopia_image_sources/decorative_item_portraits/335-mysterious-pedestal.png,https://pokopiadex.com/images/items/item_ui/mysterious-pedestal.png,pokopiadex_items,image/png,131032,82a348e4be315a5b1f1c13a0ead3adccdb0ebe2cd8f021f86d1927cb149e0816,ok,
336,decorative_item,Mysterious statue,神秘雕像,Misc.,Decoration,infipoke_tag:decoration;pokopiadex_tag:decoration,https://pokopiadex.com/images/items/item_ui/mysterious-statue.png,pokopiadex_items,https://infipoke.com/img/pokopia/items/mysteriousstatue.webp,mysterious-statue,Misc.,Decoration,mysteriousstatue,Misc.,Decoration,https://pokopiadex.com/items;https://infipoke.com/zh/game/pokopia/items,336-mysterious-statue.png,assets/pokopia_image_sources/decorative_item_portraits/336-mysterious-statue.png,https://pokopiadex.com/images/items/item_ui/mysterious-statue.png,pokopiadex_items,image/png,108138,96702e788127f14137ee1cd0497a5aac03bd296ea83d778fcf98cca5953fb137,ok,
337,decorative_item,Mysterious stone,神秘石头,Blocks,,infipoke_category:blocks;pokopiadex_category:blocks,https://pokopiadex.com/images/items/item_ui/mysterious-stone.png,pokopiadex_items,https://infipoke.com/img/pokopia/items/mysteriousstone.webp,mysterious-stone,Blocks,,mysteriousstone,Blocks,,https://pokopiadex.com/items;https://infipoke.com/zh/game/pokopia/items,337-mysterious-stone.png,assets/pokopia_image_sources/decorative_item_portraits/337-mysterious-stone.png,https://pokopiadex.com/images/items/item_ui/mysterious-stone.png,pokopiadex_items,image/png,35330,06febcc4b243579c024c1c5d782c9e39a4a467f0585d4e13a00dd4ca282388fd,ok,
338,decorative_item,Naptime bed,午睡床,Furniture,Relaxation,infipoke_category:furniture;pokopiadex_category:furniture,https://pokopiadex.com/images/items/item_ui/naptime-bed.png,pokopiadex_items,https://infipoke.com/img/pokopia/items/naptimebed.webp,naptime-bed,Furniture,Relaxation,naptimebed,Furniture,Relaxation,https://pokopiadex.com/items;https://infipoke.com/zh/game/pokopia/items,338-naptime-bed.png,assets/pokopia_image_sources/decorative_item_portraits/338-naptime-bed.png,https://pokopiadex.com/images/items/item_ui/naptime-bed.png,pokopiadex_items,image/png,112652,d7735fca8c0fbce60c46095d4d1758165be91b547af63612a3eb46b1f17fb5c2,ok,
339,decorative_item,Neon flooring,霓虹地板,Blocks,Road,infipoke_category:blocks;pokopiadex_category:blocks,https://pokopiadex.com/images/items/item_ui/neon-flooring.png,pokopiadex_items,https://infipoke.com/img/pokopia/items/neonflooring.webp,neon-flooring,Blocks,Road,neonflooring,Blocks,Road,https://pokopiadex.com/items;https://infipoke.com/zh/game/pokopia/items,339-neon-flooring.png,assets/pokopia_image_sources/decorative_item_portraits/339-neon-flooring.png,https://pokopiadex.com/images/items/item_ui/neon-flooring.png,pokopiadex_items,image/png,43033,307364639c92baf6dc1f2dacac3ddc5b0d4706ecf95c59083242648344d21598,ok,
340,decorative_item,Newspaper,报纸,Misc.,Toy,infipoke_tag:toy;pokopiadex_tag:toy,https://pokopiadex.com/images/items/item_ui/newspaper.png,pokopiadex_items,https://infipoke.com/img/pokopia/items/newspaper.webp,newspaper,Misc.,Toy,newspaper,Misc.,Toy,https://pokopiadex.com/items;https://infipoke.com/zh/game/pokopia/items,340-newspaper.png,assets/pokopia_image_sources/decorative_item_portraits/340-newspaper.png,https://pokopiadex.com/images/items/item_ui/newspaper.png,pokopiadex_items,image/png,97353,846dcf593dfad9b264c3e8d50dda7b0558894e71c85b46072b3c5b71ebc6a6c9,ok,
341,decorative_item,Notepad,记事本,Misc.,Toy,infipoke_tag:toy;pokopiadex_tag:toy,https://pokopiadex.com/images/items/item_ui/notepad.png,pokopiadex_items,https://infipoke.com/img/pokopia/items/notepad.webp,notepad,Misc.,Toy,notepad,Misc.,Toy,https://pokopiadex.com/items;https://infipoke.com/zh/game/pokopia/items,341-notepad.png,assets/pokopia_image_sources/decorative_item_portraits/341-notepad.png,https://pokopiadex.com/images/items/item_ui/notepad.png,pokopiadex_items,image/png,109409,07d20855408424fa270dc1275d41560aeb926acdc37a903dd6db2fa6be3d7753,ok,
342,decorative_item,Ocean rock,海洋岩石,Blocks,,infipoke_category:blocks;pokopiadex_category:blocks,https://pokopiadex.com/images/items/item_ui/ocean-rock.png,pokopiadex_items,https://infipoke.com/img/pokopia/items/oceanrock.webp,ocean-rock,Blocks,,oceanrock,Blocks,,https://pokopiadex.com/items;https://infipoke.com/zh/game/pokopia/items,342-ocean-rock.png,assets/pokopia_image_sources/decorative_item_portraits/342-ocean-rock.png,https://pokopiadex.com/images/items/item_ui/ocean-rock.png,pokopiadex_items,image/png,31850,451c8ce9d2888bce71a6df098fc1f359e98b88cf69cf2692f7a0f0b25d6fac45,ok,
343,decorative_item,Office cabinet,办公柜,Furniture,Decoration,infipoke_category:furniture;infipoke_tag:decoration;pokopiadex_category:furniture;pokopiadex_tag:decoration,https://pokopiadex.com/images/items/crafting_ui/office-cabinet.png,pokopiadex_items,https://infipoke.com/img/pokopia/items/officecabinet.webp,office-cabinet,Furniture,Decoration,officecabinet,Furniture,Decoration,https://pokopiadex.com/items;https://infipoke.com/zh/game/pokopia/items,343-office-cabinet.png,assets/pokopia_image_sources/decorative_item_portraits/343-office-cabinet.png,https://pokopiadex.com/images/items/crafting_ui/office-cabinet.png,pokopiadex_items,image/png,83194,592a44cd9329337a906586a1cfa6f0f6af256086224c8bc0f6d770a0dbdbce82,ok,
344,decorative_item,Office chair,办公椅,Furniture,Relaxation,infipoke_category:furniture;pokopiadex_category:furniture,https://pokopiadex.com/images/items/crafting_ui/office-chair.png,pokopiadex_items,https://infipoke.com/img/pokopia/items/officechair.webp,office-chair,Furniture,Relaxation,officechair,Furniture,Relaxation,https://pokopiadex.com/items;https://infipoke.com/zh/game/pokopia/items,344-office-chair.png,assets/pokopia_image_sources/decorative_item_portraits/344-office-chair.png,https://pokopiadex.com/images/items/crafting_ui/office-chair.png,pokopiadex_items,image/png,128408,3f2a6bbad811d5e0fb8da211c426465fdd70501ee7c5ccdf7bdb29ec546f6d2f,ok,
345,decorative_item,Office desk,办公桌,Furniture,,infipoke_category:furniture;pokopiadex_category:furniture,https://pokopiadex.com/images/items/crafting_ui/office-desk.png,pokopiadex_items,https://infipoke.com/img/pokopia/items/officedesk.webp,office-desk,Furniture,,officedesk,Furniture,,https://pokopiadex.com/items;https://infipoke.com/zh/game/pokopia/items,345-office-desk.png,assets/pokopia_image_sources/decorative_item_portraits/345-office-desk.png,https://pokopiadex.com/images/items/crafting_ui/office-desk.png,pokopiadex_items,image/png,133479,0ad4654330b8169ef81b3ca7699fbe5af16153fefd4039fb1ef91fb17a48473b,ok,
346,decorative_item,Office locker,办公储物柜,Furniture,Decoration,infipoke_category:furniture;infipoke_tag:decoration;pokopiadex_category:furniture;pokopiadex_tag:decoration,https://pokopiadex.com/images/items/item_ui/office-locker.png,pokopiadex_items,https://infipoke.com/img/pokopia/items/officelocker.webp,office-locker,Furniture,Decoration,officelocker,Furniture,Decoration,https://pokopiadex.com/items;https://infipoke.com/zh/game/pokopia/items,346-office-locker.png,assets/pokopia_image_sources/decorative_item_portraits/346-office-locker.png,https://pokopiadex.com/images/items/item_ui/office-locker.png,pokopiadex_items,image/png,14821,a367d2a2bc56f062674bfa75f7fd987f1ff34240a16b18601b7cdda1e9e49999,ok,
347,decorative_item,Office shelf,办公置物架,Furniture,Decoration,infipoke_category:furniture;infipoke_tag:decoration;pokopiadex_category:furniture;pokopiadex_tag:decoration,https://pokopiadex.com/images/items/item_ui/office-shelf.png,pokopiadex_items,https://infipoke.com/img/pokopia/items/officeshelf.webp,office-shelf,Furniture,Decoration,officeshelf,Furniture,Decoration,https://pokopiadex.com/items;https://infipoke.com/zh/game/pokopia/items,347-office-shelf.png,assets/pokopia_image_sources/decorative_item_portraits/347-office-shelf.png,https://pokopiadex.com/images/items/item_ui/office-shelf.png,pokopiadex_items,image/png,27144,46f41e30e757bf28ae5dc5795e749a4bd66444bad66e40fef9d871ea43159860,ok,
348,decorative_item,Office table,办公室桌,Furniture,,infipoke_category:furniture;pokopiadex_category:furniture,https://pokopiadex.com/images/items/crafting_ui/office-table.png,pokopiadex_items,https://infipoke.com/img/pokopia/items/officetable.webp,office-table,Furniture,,officetable,Furniture,,https://pokopiadex.com/items;https://infipoke.com/zh/game/pokopia/items,348-office-table.png,assets/pokopia_image_sources/decorative_item_portraits/348-office-table.png,https://pokopiadex.com/images/items/crafting_ui/office-table.png,pokopiadex_items,image/png,106920,b0d5d8fb2d2ef80d4c0e3a0589ee5ec487f25635572c38db614e7d16940c88f5,ok,
349,decorative_item,Oil lantern,,Utilities,Decoration,pokopiadex_tag:decoration,https://pokopiadex.com/images/items/item_ui/oil-lantern.png,pokopiadex_items,,oil-lantern,Utilities,Decoration,,,,https://pokopiadex.com/items;https://infipoke.com/zh/game/pokopia/items,349-oil-lantern.png,assets/pokopia_image_sources/decorative_item_portraits/349-oil-lantern.png,https://pokopiadex.com/images/items/item_ui/oil-lantern.png,pokopiadex_items,image/png,118603,e849555e72def91c3704806f7f27df7c711f18a8a7c3948d510c74953a284b62,ok,
350,decorative_item,Open book,翻开的书,Misc.,Toy,infipoke_tag:toy;pokopiadex_tag:toy,https://pokopiadex.com/images/items/item_ui/open-book.png,pokopiadex_items,https://infipoke.com/img/pokopia/items/openbook.webp,open-book,Misc.,Toy,openbook,Misc.,Toy,https://pokopiadex.com/items;https://infipoke.com/zh/game/pokopia/items,350-open-book.png,assets/pokopia_image_sources/decorative_item_portraits/350-open-book.png,https://pokopiadex.com/images/items/item_ui/open-book.png,pokopiadex_items,image/png,29642,86a41a2897c4b14b3c85ef7e7baa91ed81c6840a31947a851b7c200e693fd250,ok,
351,decorative_item,Orange meteor lamp,橙色流星灯,Utilities,Decoration,infipoke_tag:decoration;pokopiadex_tag:decoration,https://pokopiadex.com/images/items/item_ui/orange-meteor-lamp.png,pokopiadex_items,https://infipoke.com/img/pokopia/items/orangemeteorlamp.webp,orange-meteor-lamp,Utilities,Decoration,orangemeteorlamp,Utilities,Decoration,https://pokopiadex.com/items;https://infipoke.com/zh/game/pokopia/items,351-orange-meteor-lamp.png,assets/pokopia_image_sources/decorative_item_portraits/351-orange-meteor-lamp.png,https://pokopiadex.com/images/items/item_ui/orange-meteor-lamp.png,pokopiadex_items,image/png,30461,24e95c8cb3154fb639fe7184da8f690f3aca606b260354d221a72586d4bbe69d,ok,
352,decorative_item,Ordinary sand,普通沙,Blocks,,infipoke_category:blocks;pokopiadex_category:blocks,https://pokopiadex.com/images/items/item_ui/ordinary-sand.png,pokopiadex_items,https://infipoke.com/img/pokopia/items/ordinarysand.webp,ordinary-sand,Blocks,,ordinarysand,Blocks,,https://pokopiadex.com/items;https://infipoke.com/zh/game/pokopia/items,352-ordinary-sand.png,assets/pokopia_image_sources/decorative_item_portraits/352-ordinary-sand.png,https://pokopiadex.com/images/items/item_ui/ordinary-sand.png,pokopiadex_items,image/png,22337,24d6e900bb54205aea10c53f1ddfa2b8b2a21ea8de60c62db8bf9223c6eaf2ed,ok,
353,decorative_item,Ordinary soil,普通泥土,Blocks,,infipoke_category:blocks;pokopiadex_category:blocks,https://pokopiadex.com/images/items/item_ui/ordinary-soil.png,pokopiadex_items,https://infipoke.com/img/pokopia/items/ordinarysoil.webp,ordinary-soil,Blocks,,ordinarysoil,Blocks,,https://pokopiadex.com/items;https://infipoke.com/zh/game/pokopia/items,353-ordinary-soil.png,assets/pokopia_image_sources/decorative_item_portraits/353-ordinary-soil.png,https://pokopiadex.com/images/items/item_ui/ordinary-soil.png,pokopiadex_items,image/png,81806,f882f50d465ed70b233d14b8ff52c902ace50b2b4a3c2589a383fbf1ec2067d9,ok,
354,decorative_item,Painted wall,彩绘墙,Blocks,,infipoke_category:blocks;pokopiadex_category:blocks,https://pokopiadex.com/images/items/item_ui/painted-wall.png,pokopiadex_items,https://infipoke.com/img/pokopia/items/paintedwall.webp,painted-wall,Blocks,,paintedwall,Blocks,,https://pokopiadex.com/items;https://infipoke.com/zh/game/pokopia/items,354-painted-wall.png,assets/pokopia_image_sources/decorative_item_portraits/354-painted-wall.png,https://pokopiadex.com/images/items/item_ui/painted-wall.png,pokopiadex_items,image/png,27765,2ec57bd3818d3b413d6c1a0f013aac3a1e35bc5397a1db9c0086abbfc1c693e7,ok,
355,decorative_item,Painting (landscape),画（风景）,Outdoor,Decoration,infipoke_tag:decoration;pokopiadex_tag:decoration,https://pokopiadex.com/images/items/item_ui/painting-landscape.png,pokopiadex_items,https://infipoke.com/img/pokopia/items/painting%28landscape%29.webp,painting-landscape,Outdoor,Decoration,painting(landscape),Outdoor,Decoration,https://pokopiadex.com/items;https://infipoke.com/zh/game/pokopia/items,355-painting-landscape.png,assets/pokopia_image_sources/decorative_item_portraits/355-painting-landscape.png,https://pokopiadex.com/images/items/item_ui/painting-landscape.png,pokopiadex_items,image/png,29326,4e5f414b749a36a00fe82feafeaabb1b13286c0e94b4de6cc4859586b927cada,ok,
356,decorative_item,Painting (portrait),画（肖像）,Outdoor,Decoration,infipoke_tag:decoration;pokopiadex_tag:decoration,https://pokopiadex.com/images/items/item_ui/painting-portrait.png,pokopiadex_items,https://infipoke.com/img/pokopia/items/painting%28portrait%29.webp,painting-portrait,Outdoor,Decoration,painting(portrait),Outdoor,Decoration,https://pokopiadex.com/items;https://infipoke.com/zh/game/pokopia/items,356-painting-portrait.png,assets/pokopia_image_sources/decorative_item_portraits/356-painting-portrait.png,https://pokopiadex.com/images/items/item_ui/painting-portrait.png,pokopiadex_items,image/png,26642,eb35852d2046b027895eb0ed0224ec1e5ef305dd9894721071bd61e78c777735,ok,
357,decorative_item,Painting (still life),画（静物）,Outdoor,Decoration,infipoke_tag:decoration;pokopiadex_tag:decoration,https://pokopiadex.com/images/items/item_ui/painting-still-life.png,pokopiadex_items,https://infipoke.com/img/pokopia/items/painting%28stilllife%29.webp,painting-still-life,Outdoor,Decoration,painting(stilllife),Outdoor,Decoration,https://pokopiadex.com/items;https://infipoke.com/zh/game/pokopia/items,357-painting-still-life.png,assets/pokopia_image_sources/decorative_item_portraits/357-painting-still-life.png,https://pokopiadex.com/images/items/item_ui/painting-still-life.png,pokopiadex_items,image/png,35432,cfa598648e12034843a4b4ca6ecb145fbff1c154d85be35016d32e238b1f0aa3,ok,
358,decorative_item,Paper party cups,派对纸杯,Misc.,Decoration,infipoke_tag:decoration;pokopiadex_tag:decoration,https://pokopiadex.com/images/items/shop_ui/paper-party-cups.png,pokopiadex_items,https://infipoke.com/img/pokopia/items/paperpartycups.webp,paper-party-cups,Misc.,Decoration,paperpartycups,Misc.,Decoration,https://pokopiadex.com/items;https://infipoke.com/zh/game/pokopia/items,358-paper-party-cups.png,assets/pokopia_image_sources/decorative_item_portraits/358-paper-party-cups.png,https://pokopiadex.com/images/items/shop_ui/paper-party-cups.png,pokopiadex_items,image/png,94906,4ccef23c11896a68db088ed05c8dd3894c571e28e6484bf8828ffe060882a41a,ok,
359,decorative_item,Papers,文件,Misc.,Toy,infipoke_tag:toy;pokopiadex_tag:toy,https://pokopiadex.com/images/items/item_ui/papers.png,pokopiadex_items,https://infipoke.com/img/pokopia/items/papers.webp,papers,Misc.,Toy,papers,Misc.,Toy,https://pokopiadex.com/items;https://infipoke.com/zh/game/pokopia/items,359-papers.png,assets/pokopia_image_sources/decorative_item_portraits/359-papers.png,https://pokopiadex.com/images/items/item_ui/papers.png,pokopiadex_items,image/png,24820,ffcb8e5a79ff984490f19672ff905c35c57c015a4c4eb7b87a3586ba755d72d5,ok,
360,decorative_item,Party bunting,派对彩旗,Misc.,Decoration,infipoke_tag:decoration;pokopiadex_tag:decoration,https://pokopiadex.com/images/items/crafting_ui/party-bunting.png,pokopiadex_items,https://infipoke.com/img/pokopia/items/partybunting.webp,party-bunting,Misc.,Decoration,partybunting,Misc.,Decoration,https://pokopiadex.com/items;https://infipoke.com/zh/game/pokopia/items,360-party-bunting.png,assets/pokopia_image_sources/decorative_item_portraits/360-party-bunting.png,https://pokopiadex.com/images/items/crafting_ui/party-bunting.png,pokopiadex_items,image/png,92516,ea47495e8ffe164f5a029a4b7763b86ca380c8dfae1ccb0f89047e487194c904,ok,
361,decorative_item,Patterned aged-stone wall,花纹风化石墙,Blocks,,infipoke_category:blocks;pokopiadex_category:blocks,https://pokopiadex.com/images/items/crafting_ui/patterned-aged-stone-wall.png,pokopiadex_items,https://infipoke.com/img/pokopia/items/patternedaged-stonewall.webp,patterned-aged-stone-wall,Blocks,,patternedaged-stonewall,Blocks,,https://pokopiadex.com/items;https://infipoke.com/zh/game/pokopia/items,361-patterned-aged-stone-wall.png,assets/pokopia_image_sources/decorative_item_portraits/361-patterned-aged-stone-wall.png,https://pokopiadex.com/images/items/crafting_ui/patterned-aged-stone-wall.png,pokopiadex_items,image/png,145691,411008acd694436880b207a67c98100e50a4644c0aaf4f8b0ac6d936301f81f5,ok,
362,decorative_item,Pencil holder,笔筒,Misc.,Toy,infipoke_tag:toy;pokopiadex_tag:toy,https://pokopiadex.com/images/items/item_ui/pencil-holder.png,pokopiadex_items,https://infipoke.com/img/pokopia/items/pencilholder.webp,pencil-holder,Misc.,Toy,pencilholder,Misc.,Toy,https://pokopiadex.com/items;https://infipoke.com/zh/game/pokopia/items,362-pencil-holder.png,assets/pokopia_image_sources/decorative_item_portraits/362-pencil-holder.png,https://pokopiadex.com/images/items/item_ui/pencil-holder.png,pokopiadex_items,image/png,22423,ec508acf4ceb047d0e398c544fd091e2ac164dbf292cab81234ae63b9c82cb77,ok,
363,decorative_item,Photo cutout board,脸洞看板,Outdoor,Decoration,infipoke_tag:decoration;pokopiadex_tag:toy,https://pokopiadex.com/images/items/item_ui/photo-cutout-board.png,pokopiadex_items,https://infipoke.com/img/pokopia/items/photocutoutboard.webp,photo-cutout-board,Outdoor,Toy,photocutoutboard,Outdoor,Decoration,https://pokopiadex.com/items;https://infipoke.com/zh/game/pokopia/items,363-photo-cutout-board.png,assets/pokopia_image_sources/decorative_item_portraits/363-photo-cutout-board.png,https://pokopiadex.com/images/items/item_ui/photo-cutout-board.png,pokopiadex_items,image/png,144259,25220a11a8b59fbcfede3b8b43891d34e796928c7848141ad6563c8683250138,ok,
364,decorative_item,Photo frame,相框,Misc.,Decoration,infipoke_tag:decoration;pokopiadex_tag:decoration,https://pokopiadex.com/images/items/item_ui/photo-frame.png,pokopiadex_items,https://infipoke.com/img/pokopia/items/photoframe.webp,photo-frame,Misc.,Decoration,photoframe,Misc.,Decoration,https://pokopiadex.com/items;https://infipoke.com/zh/game/pokopia/items,364-photo-frame.png,assets/pokopia_image_sources/decorative_item_portraits/364-photo-frame.png,https://pokopiadex.com/images/items/item_ui/photo-frame.png,pokopiadex_items,image/png,21666,16f62214473f8f0884143309226f7e6eb1485359b200834eaec506ea64ff6a12,ok,
365,decorative_item,Pikachu doll,皮卡丘玩偶,Misc.,Toy,infipoke_tag:toy;pokopiadex_tag:toy,https://pokopiadex.com/images/items/item_ui/pikachu-doll.png,pokopiadex_items,https://infipoke.com/img/pokopia/items/pikachudoll.webp,pikachu-doll,Misc.,Toy,pikachudoll,Misc.,Toy,https://pokopiadex.com/items;https://infipoke.com/zh/game/pokopia/items,365-pikachu-doll.png,assets/pokopia_image_sources/decorative_item_portraits/365-pikachu-doll.png,https://pokopiadex.com/images/items/item_ui/pikachu-doll.png,pokopiadex_items,image/png,27808,afdde031502ac881a98c49b524ce221ed283c4f3e61d5000ece692bbdadc6e31,ok,
366,decorative_item,Pikachu sofa,皮卡丘沙发,Furniture,Relaxation,infipoke_category:furniture;pokopiadex_category:furniture,https://pokopiadex.com/images/items/item_ui/pikachu-sofa.png,pokopiadex_items,https://infipoke.com/img/pokopia/items/pikachusofa.webp,pikachu-sofa,Furniture,Relaxation,pikachusofa,Furniture,Relaxation,https://pokopiadex.com/items;https://infipoke.com/zh/game/pokopia/items,366-pikachu-sofa.png,assets/pokopia_image_sources/decorative_item_portraits/366-pikachu-sofa.png,https://pokopiadex.com/images/items/item_ui/pikachu-sofa.png,pokopiadex_items,image/png,132115,34dae905c1947f4ac27f2c30278d37ed9b2ff47038406712e19484b71491229e,ok,
367,decorative_item,Pinwheels,风车,Misc.,Toy,infipoke_tag:toy;pokopiadex_tag:toy,https://pokopiadex.com/images/items/crafting_ui/pinwheels.png,pokopiadex_items,https://infipoke.com/img/pokopia/items/pinwheels.webp,pinwheels,Misc.,Toy,pinwheels,Misc.,Toy,https://pokopiadex.com/items;https://infipoke.com/zh/game/pokopia/items,367-pinwheels.png,assets/pokopia_image_sources/decorative_item_portraits/367-pinwheels.png,https://pokopiadex.com/images/items/crafting_ui/pinwheels.png,pokopiadex_items,image/png,164729,fbdaffe849a7ce15085f86bb9fbebc49d697c6f07e62c59b6b0dd93f9af9f815,ok,
368,decorative_item,Pitcher-plant pot,猪笼草盆栽,Misc.,Decoration,infipoke_tag:decoration;pokopiadex_tag:decoration,https://pokopiadex.com/images/items/item_ui/pitcher-plant-pot.png,pokopiadex_items,https://infipoke.com/img/pokopia/items/pitcher-plantpot.webp,pitcher-plant-pot,Misc.,Decoration,pitcher-plantpot,Misc.,Decoration,https://pokopiadex.com/items;https://infipoke.com/zh/game/pokopia/items,368-pitcher-plant-pot.png,assets/pokopia_image_sources/decorative_item_portraits/368-pitcher-plant-pot.png,https://pokopiadex.com/images/items/item_ui/pitcher-plant-pot.png,pokopiadex_items,image/png,105813,a602a5e0e6663ed3520a0c3a0c58ba7161dfb4a0ea3556a15ae2dbeecd8c194c,ok,
369,decorative_item,Pizza,披萨,Misc.,Decoration,infipoke_tag:decoration;pokopiadex_tag:decoration,https://pokopiadex.com/images/items/item_ui/pizza.png,pokopiadex_items,https://infipoke.com/img/pokopia/items/pizza.webp,pizza,Misc.,Decoration,pizza,Misc.,Decoration,https://pokopiadex.com/items;https://infipoke.com/zh/game/pokopia/items,369-pizza.png,assets/pokopia_image_sources/decorative_item_portraits/369-pizza.png,https://pokopiadex.com/images/items/item_ui/pizza.png,pokopiadex_items,image/png,30561,4604917610dc5e26f640e7a652fba2364f3ec4a5a4820c70ba0b3a9116f363d0,ok,
370,decorative_item,Plain bed,简易床,Furniture,Relaxation,infipoke_category:furniture;pokopiadex_category:furniture,https://pokopiadex.com/images/items/crafting_ui/plain-bed.png,pokopiadex_items,https://infipoke.com/img/pokopia/items/plainbed.webp,plain-bed,Furniture,Relaxation,plainbed,Furniture,Relaxation,https://pokopiadex.com/items;https://infipoke.com/zh/game/pokopia/items,370-plain-bed.png,assets/pokopia_image_sources/decorative_item_portraits/370-plain-bed.png,https://pokopiadex.com/images/items/crafting_ui/plain-bed.png,pokopiadex_items,image/png,106889,16fd360731b6790fbd85dc66bc75ac71953e0e5dff6398206180013a79a2508e,ok,
371,decorative_item,Plain chair,朴素椅,Furniture,Relaxation,infipoke_category:furniture;pokopiadex_category:furniture,https://pokopiadex.com/images/items/crafting_ui/plain-chair.png,pokopiadex_items,https://infipoke.com/img/pokopia/items/plainchair.webp,plain-chair,Furniture,Relaxation,plainchair,Furniture,Relaxation,https://pokopiadex.com/items;https://infipoke.com/zh/game/pokopia/items,371-plain-chair.png,assets/pokopia_image_sources/decorative_item_portraits/371-plain-chair.png,https://pokopiadex.com/images/items/crafting_ui/plain-chair.png,pokopiadex_items,image/png,111509,7dbdd668044e2d50de40535ea50edc5e0ed9d8bd02a97763819f8fc7a7c59b68,ok,
372,decorative_item,Plain chest,朴素木箱,Furniture,Decoration,infipoke_category:furniture;infipoke_tag:decoration;pokopiadex_category:furniture;pokopiadex_tag:decoration,https://pokopiadex.com/images/items/item_ui/plain-chest.png,pokopiadex_items,https://infipoke.com/img/pokopia/items/plainchest.webp,plain-chest,Furniture,Decoration,plainchest,Furniture,Decoration,https://pokopiadex.com/items;https://infipoke.com/zh/game/pokopia/items,372-plain-chest.png,assets/pokopia_image_sources/decorative_item_portraits/372-plain-chest.png,https://pokopiadex.com/images/items/item_ui/plain-chest.png,pokopiadex_items,image/png,28536,c47a5c958e1cfd6f4a70189b4903a686aa4ee014c21579ec6e17f1ec35003053,ok,
373,decorative_item,Plain closet,朴素衣柜,Furniture,Decoration,infipoke_category:furniture;infipoke_tag:decoration;pokopiadex_category:furniture;pokopiadex_tag:decoration,https://pokopiadex.com/images/items/crafting_ui/plain-closet.png,pokopiadex_items,https://infipoke.com/img/pokopia/items/plaincloset.webp,plain-closet,Furniture,Decoration,plaincloset,Furniture,Decoration,https://pokopiadex.com/items;https://infipoke.com/zh/game/pokopia/items,373-plain-closet.png,assets/pokopia_image_sources/decorative_item_portraits/373-plain-closet.png,https://pokopiadex.com/images/items/crafting_ui/plain-closet.png,pokopiadex_items,image/png,141056,3f34db6dae065da052973e4410f374bb454ce2a93b10b5cc3a06e5f285c84ff2,ok,
374,decorative_item,Plain lamp,简约灯,Utilities,Decoration,infipoke_tag:decoration;pokopiadex_tag:decoration,https://pokopiadex.com/images/items/crafting_ui/plain-lamp.png,pokopiadex_items,https://infipoke.com/img/pokopia/items/plainlamp.webp,plain-lamp,Utilities,Decoration,plainlamp,Utilities,Decoration,https://pokopiadex.com/items;https://infipoke.com/zh/game/pokopia/items,374-plain-lamp.png,assets/pokopia_image_sources/decorative_item_portraits/374-plain-lamp.png,https://pokopiadex.com/images/items/crafting_ui/plain-lamp.png,pokopiadex_items,image/png,100147,05810eaecfbaaa9163231dc685f3451022e5892bba7a620e7017d3055f668493,ok,
375,decorative_item,Plain sofa,朴素沙发,Furniture,Relaxation,infipoke_category:furniture;pokopiadex_category:furniture,https://pokopiadex.com/images/items/crafting_ui/plain-sofa.png,pokopiadex_items,https://infipoke.com/img/pokopia/items/plainsofa.webp,plain-sofa,Furniture,Relaxation,plainsofa,Furniture,Relaxation,https://pokopiadex.com/items;https://infipoke.com/zh/game/pokopia/items,375-plain-sofa.png,assets/pokopia_image_sources/decorative_item_portraits/375-plain-sofa.png,https://pokopiadex.com/images/items/crafting_ui/plain-sofa.png,pokopiadex_items,image/png,131298,867779e8a7af614143ed0cc8583d3acc575dbf3bce283f1c1d9e481bd72addf6,ok,
376,decorative_item,Plain stand,朴素展架,Furniture,Decoration,infipoke_category:furniture;pokopiadex_category:furniture;pokopiadex_tag:decoration,https://pokopiadex.com/images/items/shop_ui/plain-stand.png,pokopiadex_items,https://infipoke.com/img/pokopia/items/plainstand.webp,plain-stand,Furniture,Decoration,plainstand,Furniture,,https://pokopiadex.com/items;https://infipoke.com/zh/game/pokopia/items,376-plain-stand.png,assets/pokopia_image_sources/decorative_item_portraits/376-plain-stand.png,https://pokopiadex.com/images/items/shop_ui/plain-stand.png,pokopiadex_items,image/png,201459,df7e694316f062e013ea65bc50bf905b3af8a55d69587b7f23cc1220a125926c,ok,
377,decorative_item,Plain stool,朴素凳,Furniture,Relaxation,infipoke_category:furniture;pokopiadex_category:furniture,https://pokopiadex.com/images/items/item_ui/plain-stool.png,pokopiadex_items,https://infipoke.com/img/pokopia/items/plainstool.webp,plain-stool,Furniture,Relaxation,plainstool,Furniture,Relaxation,https://pokopiadex.com/items;https://infipoke.com/zh/game/pokopia/items,377-plain-stool.png,assets/pokopia_image_sources/decorative_item_portraits/377-plain-stool.png,https://pokopiadex.com/images/items/item_ui/plain-stool.png,pokopiadex_items,image/png,14986,b7671ced51bee84957bb7e008bbc23673831fd3e96d53a0759c49b9e3e425192,ok,
378,decorative_item,Plain table,朴素桌,Furniture,,infipoke_category:furniture;pokopiadex_category:furniture,https://pokopiadex.com/images/items/crafting_ui/plain-table.png,pokopiadex_items,https://infipoke.com/img/pokopia/items/plaintable.webp,plain-table,Furniture,,plaintable,Furniture,,https://pokopiadex.com/items;https://infipoke.com/zh/game/pokopia/items,378-plain-table.png,assets/pokopia_image_sources/decorative_item_portraits/378-plain-table.png,https://pokopiadex.com/images/items/crafting_ui/plain-table.png,pokopiadex_items,image/png,117070,62a6cb44137c7ce190d0ac56e388b41eba3f573b7d4604bb4cd86b4e24c709eb,ok,
379,decorative_item,Plaster wall,灰泥墙,Blocks,,infipoke_category:blocks;pokopiadex_category:blocks,https://pokopiadex.com/images/items/crafting_ui/plaster-wall.png,pokopiadex_items,https://infipoke.com/img/pokopia/items/plasterwall.webp,plaster-wall,Blocks,,plasterwall,Blocks,,https://pokopiadex.com/items;https://infipoke.com/zh/game/pokopia/items,379-plaster-wall.png,assets/pokopia_image_sources/decorative_item_portraits/379-plaster-wall.png,https://pokopiadex.com/images/items/crafting_ui/plaster-wall.png,pokopiadex_items,image/png,100396,c49e63260b3375115829442bda2b6b55b2d8630ec4f8986b2f5fd274ae0b468a,ok,
380,decorative_item,Poké Ball Bed,精灵球床,Furniture,Relaxation,infipoke_category:furniture;pokopiadex_category:furniture,https://pokopiadex.com/images/items/item_ui/poke-ball-bed.png,pokopiadex_items,https://infipoke.com/img/pokopia/items/pokeballbed.webp,poke-ball-bed,Furniture,Relaxation,pokeballbed,Furniture,Relaxation,https://pokopiadex.com/items;https://infipoke.com/zh/game/pokopia/items,380-poke-ball-bed.png,assets/pokopia_image_sources/decorative_item_portraits/380-poke-ball-bed.png,https://pokopiadex.com/images/items/item_ui/poke-ball-bed.png,pokopiadex_items,image/png,25282,5786898bc66fdc1fcf2fcea46c20e0b345a55ab4ae287c6ffad3a2cab773c8ab,ok,
381,decorative_item,Poké Ball Chest,精灵球宝箱,Furniture,Decoration,infipoke_category:furniture;infipoke_tag:decoration;pokopiadex_category:furniture;pokopiadex_tag:decoration,https://pokopiadex.com/images/items/item_ui/poke-ball-chest.png,pokopiadex_items,https://infipoke.com/img/pokopia/items/pokeballchest.webp,poke-ball-chest,Furniture,Decoration,pokeballchest,Furniture,Decoration,https://pokopiadex.com/items;https://infipoke.com/zh/game/pokopia/items,381-poke-ball-chest.png,assets/pokopia_image_sources/decorative_item_portraits/381-poke-ball-chest.png,https://pokopiadex.com/images/items/item_ui/poke-ball-chest.png,pokopiadex_items,image/png,29546,65777a36ba19c980b9cdb2f2cdf9a25fd2fbcfb3717404425fabe660ccbbfc47,ok,
382,decorative_item,Poké Ball lamp,精灵球灯,Utilities,Decoration,infipoke_tag:decoration;pokopiadex_tag:decoration,https://pokopiadex.com/images/items/item_ui/poke-ball-lamp.png,pokopiadex_items,https://infipoke.com/img/pokopia/items/pokeballlamp.webp,poke-ball-lamp,Utilities,Decoration,pokeballlamp,Utilities,Decoration,https://pokopiadex.com/items;https://infipoke.com/zh/game/pokopia/items,382-poke-ball-lamp.png,assets/pokopia_image_sources/decorative_item_portraits/382-poke-ball-lamp.png,https://pokopiadex.com/images/items/item_ui/poke-ball-lamp.png,pokopiadex_items,image/png,20212,f36c40014224b26463c9e0ebc98a04399fe5993537863a73c6ce039dbfe4dd68,ok,
383,decorative_item,Poké Ball light,精灵球灯,Utilities,Decoration,infipoke_tag:decoration;pokopiadex_tag:decoration,https://pokopiadex.com/images/items/item_ui/poke-ball-light.png,pokopiadex_items,https://infipoke.com/img/pokopia/items/pokeballlight.webp,poke-ball-light,Utilities,Decoration,pokeballlight,Utilities,Decoration,https://pokopiadex.com/items;https://infipoke.com/zh/game/pokopia/items,383-poke-ball-light.png,assets/pokopia_image_sources/decorative_item_portraits/383-poke-ball-light.png,https://pokopiadex.com/images/items/item_ui/poke-ball-light.png,pokopiadex_items,image/png,30701,a23b2e867d19a8e5e6662624d44d69047ab768c0bee9da7c7ced3ae09c2a6f3c,ok,
384,decorative_item,Poké Ball print,精灵球花纹,Blocks,,infipoke_category:blocks;pokopiadex_category:blocks,https://pokopiadex.com/images/items/item_ui/poke-ball-print.png,pokopiadex_items,https://infipoke.com/img/pokopia/items/pokeballprint.webp,poke-ball-print,Blocks,,pokeballprint,Blocks,,https://pokopiadex.com/items;https://infipoke.com/zh/game/pokopia/items,384-poke-ball-print.png,assets/pokopia_image_sources/decorative_item_portraits/384-poke-ball-print.png,https://pokopiadex.com/images/items/item_ui/poke-ball-print.png,pokopiadex_items,image/png,30810,2e91dfc9cf549cc02b3d8814349cc528bee2746312020ba1ba33871bed0856c4,ok,
385,decorative_item,Poké Ball Sofa,精灵球沙发,Furniture,Relaxation,infipoke_category:furniture;pokopiadex_category:furniture,https://pokopiadex.com/images/items/item_ui/poke-ball-sofa.png,pokopiadex_items,https://infipoke.com/img/pokopia/items/pokeballsofa.webp,poke-ball-sofa,Furniture,Relaxation,pokeballsofa,Furniture,Relaxation,https://pokopiadex.com/items;https://infipoke.com/zh/game/pokopia/items,385-poke-ball-sofa.png,assets/pokopia_image_sources/decorative_item_portraits/385-poke-ball-sofa.png,https://pokopiadex.com/images/items/item_ui/poke-ball-sofa.png,pokopiadex_items,image/png,25598,ecd8ba34a4aab432d120c7fd8881f6196719c2762773154853d3d09be7f6b80a,ok,
386,decorative_item,Poké Ball table,精灵球桌,Furniture,,infipoke_category:furniture;pokopiadex_category:furniture,https://pokopiadex.com/images/items/item_ui/poke-ball-table.png,pokopiadex_items,https://infipoke.com/img/pokopia/items/pokeballtable.webp,poke-ball-table,Furniture,,pokeballtable,Furniture,,https://pokopiadex.com/items;https://infipoke.com/zh/game/pokopia/items,386-poke-ball-table.png,assets/pokopia_image_sources/decorative_item_portraits/386-poke-ball-table.png,https://pokopiadex.com/images/items/item_ui/poke-ball-table.png,pokopiadex_items,image/png,19961,522364d3fe13e71a2dadba0ce20cec88736fadde4771793e3516abfb0716216a,ok,
387,decorative_item,Poké Ball Wall,精灵球墙,Blocks,,infipoke_category:blocks;pokopiadex_category:blocks,https://pokopiadex.com/images/items/item_ui/poke-ball-wall.png,pokopiadex_items,https://infipoke.com/img/pokopia/items/pokeballwall.webp,poke-ball-wall,Blocks,,pokeballwall,Blocks,,https://pokopiadex.com/items;https://infipoke.com/zh/game/pokopia/items,387-poke-ball-wall.png,assets/pokopia_image_sources/decorative_item_portraits/387-poke-ball-wall.png,https://pokopiadex.com/images/items/item_ui/poke-ball-wall.png,pokopiadex_items,image/png,25529,6c6ffab4be7515a32a93c653834d08926f18538ec6621bcd2c1f13c762e0265d,ok,
388,decorative_item,Pokémetal deposit,宝可金属矿石,Blocks,,infipoke_category:blocks;pokopiadex_category:blocks,https://pokopiadex.com/images/items/item_ui/pokemetal-deposit.png,pokopiadex_items,https://infipoke.com/img/pokopia/items/pokemetaldeposit.webp,pokemetal-deposit,Blocks,,pokemetaldeposit,Blocks,,https://pokopiadex.com/items;https://infipoke.com/zh/game/pokopia/items,388-pokemetal-deposit.png,assets/pokopia_image_sources/decorative_item_portraits/388-pokemetal-deposit.png,https://pokopiadex.com/images/items/item_ui/pokemetal-deposit.png,pokopiadex_items,image/png,40448,98d8058c170361d421f0eeb754e020c439c81c68d2dc8587686c3c2cfef51fd1,ok,
389,decorative_item,Pokémon Center counter,宝可梦中心柜台,Furniture,,infipoke_category:furniture;pokopiadex_category:furniture,https://pokopiadex.com/images/items/item_ui/pokemon-center-counter.png,pokopiadex_items,https://infipoke.com/img/pokopia/items/pokemoncentercounter.webp,pokemon-center-counter,Furniture,,pokemoncentercounter,Furniture,,https://pokopiadex.com/items;https://infipoke.com/zh/game/pokopia/items,389-pokemon-center-counter.png,assets/pokopia_image_sources/decorative_item_portraits/389-pokemon-center-counter.png,https://pokopiadex.com/images/items/item_ui/pokemon-center-counter.png,pokopiadex_items,image/png,20072,7c3c053114c69beb64001baaeaa2e5da9b6233a5e4fc8432f9c6911a2c64fd2c,ok,
390,decorative_item,Pokémon Center wall (lower),宝可梦中心墙（下）,Blocks,,infipoke_category:blocks;pokopiadex_category:blocks,https://pokopiadex.com/images/items/item_ui/pokemon-center-wall-lower.png,pokopiadex_items,https://infipoke.com/img/pokopia/items/pokemoncenterwall%28lower%29.webp,pokemon-center-wall-lower,Blocks,,pokemoncenterwall(lower),Blocks,,https://pokopiadex.com/items;https://infipoke.com/zh/game/pokopia/items,390-pokemon-center-wall-lower.png,assets/pokopia_image_sources/decorative_item_portraits/390-pokemon-center-wall-lower.png,https://pokopiadex.com/images/items/item_ui/pokemon-center-wall-lower.png,pokopiadex_items,image/png,22469,f14884a55105d09d69008f13f20ac162b81bc6426339a68d2ac4811dec9c34e3,ok,
391,decorative_item,Pokémon Center wall (middle),宝可梦中心墙（中）,Blocks,,infipoke_category:blocks;pokopiadex_category:blocks,https://pokopiadex.com/images/items/item_ui/pokemon-center-wall-middle.png,pokopiadex_items,https://infipoke.com/img/pokopia/items/pokemoncenterwall%28middle%29.webp,pokemon-center-wall-middle,Blocks,,pokemoncenterwall(middle),Blocks,,https://pokopiadex.com/items;https://infipoke.com/zh/game/pokopia/items,391-pokemon-center-wall-middle.png,assets/pokopia_image_sources/decorative_item_portraits/391-pokemon-center-wall-middle.png,https://pokopiadex.com/images/items/item_ui/pokemon-center-wall-middle.png,pokopiadex_items,image/png,20636,6ea2b9a9e0ac4950f04659e9f62bc186c0d402646efb7ae178ad74ebb09c75a9,ok,
392,decorative_item,Pokémon Center wall (trim),宝可梦中心墙（边饰）,Blocks,,infipoke_category:blocks;pokopiadex_category:blocks,https://pokopiadex.com/images/items/item_ui/pokemon-center-wall-trim.png,pokopiadex_items,https://infipoke.com/img/pokopia/items/pokemoncenterwall%28trim%29.webp,pokemon-center-wall-trim,Blocks,,pokemoncenterwall(trim),Blocks,,https://pokopiadex.com/items;https://infipoke.com/zh/game/pokopia/items,392-pokemon-center-wall-trim.png,assets/pokopia_image_sources/decorative_item_portraits/392-pokemon-center-wall-trim.png,https://pokopiadex.com/images/items/item_ui/pokemon-center-wall-trim.png,pokopiadex_items,image/png,29251,94a76569f2556a309cb45d284dc4e09f71b22c692c3a3cc83e903e5d1e99035d,ok,
393,decorative_item,Pokémon Center wall (upper),宝可梦中心墙（上）,Blocks,,infipoke_category:blocks;pokopiadex_category:blocks,https://pokopiadex.com/images/items/item_ui/pokemon-center-wall-upper.png,pokopiadex_items,https://infipoke.com/img/pokopia/items/pokemoncenterwall%28upper%29.webp,pokemon-center-wall-upper,Blocks,,pokemoncenterwall(upper),Blocks,,https://pokopiadex.com/items;https://infipoke.com/zh/game/pokopia/items,393-pokemon-center-wall-upper.png,assets/pokopia_image_sources/decorative_item_portraits/393-pokemon-center-wall-upper.png,https://pokopiadex.com/images/items/item_ui/pokemon-center-wall-upper.png,pokopiadex_items,image/png,27311,1440d436100566eac36e8dfac11c9ad5e72f947db5f3cdf5305008e18c61105e,ok,
394,decorative_item,Polka-dot print,波点花纹,Blocks,,infipoke_category:blocks;pokopiadex_category:blocks,https://pokopiadex.com/images/items/item_ui/polka-dot-print.png,pokopiadex_items,https://infipoke.com/img/pokopia/items/polka-dotprint.webp,polka-dot-print,Blocks,,polka-dotprint,Blocks,,https://pokopiadex.com/items;https://infipoke.com/zh/game/pokopia/items,394-polka-dot-print.png,assets/pokopia_image_sources/decorative_item_portraits/394-polka-dot-print.png,https://pokopiadex.com/images/items/item_ui/polka-dot-print.png,pokopiadex_items,image/png,40428,1414cb91895d1ea6cf8a89cec93e3ac231fdb73b18145784577aac90ea9da49a,ok,
395,decorative_item,Polygonal Shelf,多边形架子,Furniture,Decoration,infipoke_category:furniture;infipoke_tag:decoration;pokopiadex_category:furniture;pokopiadex_tag:decoration,https://pokopiadex.com/images/items/item_ui/polygonal-shelf.png,pokopiadex_items,https://infipoke.com/img/pokopia/items/polygonalshelf.webp,polygonal-shelf,Furniture,Decoration,polygonalshelf,Furniture,Decoration,https://pokopiadex.com/items;https://infipoke.com/zh/game/pokopia/items,395-polygonal-shelf.png,assets/pokopia_image_sources/decorative_item_portraits/395-polygonal-shelf.png,https://pokopiadex.com/images/items/item_ui/polygonal-shelf.png,pokopiadex_items,image/png,115416,f0af813854db80895da50f02087bbe8bf6d8302a8acd7e3aaf2ee672ae484862,ok,
396,decorative_item,Pop art bed,波普艺术床,Furniture,Relaxation,infipoke_category:furniture;pokopiadex_category:furniture,https://pokopiadex.com/images/items/item_ui/pop-art-bed.png,pokopiadex_items,https://infipoke.com/img/pokopia/items/popartbed.webp,pop-art-bed,Furniture,Relaxation,popartbed,Furniture,Relaxation,https://pokopiadex.com/items;https://infipoke.com/zh/game/pokopia/items,396-pop-art-bed.png,assets/pokopia_image_sources/decorative_item_portraits/396-pop-art-bed.png,https://pokopiadex.com/images/items/item_ui/pop-art-bed.png,pokopiadex_items,image/png,33739,ef79684d257367dcdf193c1d6200888bf693c669b672aba3861089416d4554bd,ok,
397,decorative_item,Pop art chair,波普艺术椅,Furniture,Relaxation,infipoke_category:furniture;pokopiadex_category:furniture,https://pokopiadex.com/images/items/item_ui/pop-art-chair.png,pokopiadex_items,https://infipoke.com/img/pokopia/items/popartchair.webp,pop-art-chair,Furniture,Relaxation,popartchair,Furniture,Relaxation,https://pokopiadex.com/items;https://infipoke.com/zh/game/pokopia/items,397-pop-art-chair.png,assets/pokopia_image_sources/decorative_item_portraits/397-pop-art-chair.png,https://pokopiadex.com/images/items/item_ui/pop-art-chair.png,pokopiadex_items,image/png,22346,c17ea996ed8a4d157e15b66229b2c81c5fbeaa95de51d2a6bf1f4f24a74601f0,ok,
398,decorative_item,Pop art lamp,波普艺术灯,Utilities,Decoration,infipoke_tag:decoration;pokopiadex_tag:decoration,https://pokopiadex.com/images/items/item_ui/pop-art-lamp.png,pokopiadex_items,https://infipoke.com/img/pokopia/items/popartlamp.webp,pop-art-lamp,Utilities,Decoration,popartlamp,Utilities,Decoration,https://pokopiadex.com/items;https://infipoke.com/zh/game/pokopia/items,398-pop-art-lamp.png,assets/pokopia_image_sources/decorative_item_portraits/398-pop-art-lamp.png,https://pokopiadex.com/images/items/item_ui/pop-art-lamp.png,pokopiadex_items,image/png,11329,1b5e1835244093ed712d433cbae1ba5ad9358fc0234851ffe09731c7e521c7de,ok,
399,decorative_item,Pop art sofa,波普艺术沙发,Furniture,Relaxation,infipoke_category:furniture;pokopiadex_category:furniture,https://pokopiadex.com/images/items/item_ui/pop-art-sofa.png,pokopiadex_items,https://infipoke.com/img/pokopia/items/popartsofa.webp,pop-art-sofa,Furniture,Relaxation,popartsofa,Furniture,Relaxation,https://pokopiadex.com/items;https://infipoke.com/zh/game/pokopia/items,399-pop-art-sofa.png,assets/pokopia_image_sources/decorative_item_portraits/399-pop-art-sofa.png,https://pokopiadex.com/images/items/item_ui/pop-art-sofa.png,pokopiadex_items,image/png,31858,305a9efa85728da6311f83d171a9bd145bac4589af279e6caaee9a4dc66eff88,ok,
400,decorative_item,Pop art table,波普艺术桌,Furniture,,infipoke_category:furniture;pokopiadex_category:furniture,https://pokopiadex.com/images/items/item_ui/pop-art-table.png,pokopiadex_items,https://infipoke.com/img/pokopia/items/poparttable.webp,pop-art-table,Furniture,,poparttable,Furniture,,https://pokopiadex.com/items;https://infipoke.com/zh/game/pokopia/items,400-pop-art-table.png,assets/pokopia_image_sources/decorative_item_portraits/400-pop-art-table.png,https://pokopiadex.com/images/items/item_ui/pop-art-table.png,pokopiadex_items,image/png,20539,e3979c1d83b531b66b7fcf031547b2bc86db655fbbf5e81373bb0414ee23b400,ok,
401,decorative_item,Pop art wall (lower),波普艺术墙（下）,Blocks,,infipoke_category:blocks;pokopiadex_category:blocks,https://pokopiadex.com/images/items/item_ui/pop-art-wall-lower.png,pokopiadex_items,https://infipoke.com/img/pokopia/items/popartwall%28lower%29.webp,pop-art-wall-lower,Blocks,,popartwall(lower),Blocks,,https://pokopiadex.com/items;https://infipoke.com/zh/game/pokopia/items,401-pop-art-wall-lower.png,assets/pokopia_image_sources/decorative_item_portraits/401-pop-art-wall-lower.png,https://pokopiadex.com/images/items/item_ui/pop-art-wall-lower.png,pokopiadex_items,image/png,26188,d7e33abf0b67d9b6a38ee7a8b09d99d5c7d09794bfe85f225185b47e4004b413,ok,
402,decorative_item,Pop art wall (middle),波普艺术墙（中）,Blocks,,infipoke_category:blocks;pokopiadex_category:blocks,https://pokopiadex.com/images/items/item_ui/pop-art-wall-middle.png,pokopiadex_items,https://infipoke.com/img/pokopia/items/popartwall%28middle%29.webp,pop-art-wall-middle,Blocks,,popartwall(middle),Blocks,,https://pokopiadex.com/items;https://infipoke.com/zh/game/pokopia/items,402-pop-art-wall-middle.png,assets/pokopia_image_sources/decorative_item_portraits/402-pop-art-wall-middle.png,https://pokopiadex.com/images/items/item_ui/pop-art-wall-middle.png,pokopiadex_items,image/png,20942,2be5c880b74d4c7da672328e4c8baa74ccd0d64baf14d9a8508ec064ae098ee0,ok,
403,decorative_item,Pop art wall (upper),波普艺术墙（上）,Blocks,,infipoke_category:blocks;pokopiadex_category:blocks,https://pokopiadex.com/images/items/item_ui/pop-art-wall-upper.png,pokopiadex_items,https://infipoke.com/img/pokopia/items/popartwall%28upper%29.webp,pop-art-wall-upper,Blocks,,popartwall(upper),Blocks,,https://pokopiadex.com/items;https://infipoke.com/zh/game/pokopia/items,403-pop-art-wall-upper.png,assets/pokopia_image_sources/decorative_item_portraits/403-pop-art-wall-upper.png,https://pokopiadex.com/images/items/item_ui/pop-art-wall-upper.png,pokopiadex_items,image/png,35347,2a487f9dc2db98512500cf47f8ef8944a6b64b64356833843a8e8a3b4fae2bbc,ok,
404,decorative_item,Printer,打印机,Misc.,Decoration,infipoke_tag:decoration;pokopiadex_tag:decoration,https://pokopiadex.com/images/items/item_ui/printer.png,pokopiadex_items,https://infipoke.com/img/pokopia/items/printer.webp,printer,Misc.,Decoration,printer,Misc.,Decoration,https://pokopiadex.com/items;https://infipoke.com/zh/game/pokopia/items,404-printer.png,assets/pokopia_image_sources/decorative_item_portraits/404-printer.png,https://pokopiadex.com/images/items/item_ui/printer.png,pokopiadex_items,image/png,29858,1ef61b9b470c679715bcadbb2b6634faeb1654911f06f822a740a57bf5044f89,ok,
405,decorative_item,Professor's treasure trove,博士的宝物,Other,Decoration,infipoke_tag:decoration;pokopiadex_tag:decoration,https://pokopiadex.com/images/items/item_ui/professors-treasure-trove.png,pokopiadex_items,https://infipoke.com/img/pokopia/items/professor%27streasuretrove.webp,professors-treasure-trove,Other,Decoration,professor'streasuretrove,Other,Decoration,https://pokopiadex.com/items;https://infipoke.com/zh/game/pokopia/items,405-professors-treasure-trove.png,assets/pokopia_image_sources/decorative_item_portraits/405-professors-treasure-trove.png,https://pokopiadex.com/images/items/item_ui/professors-treasure-trove.png,pokopiadex_items,image/png,29888,53381fcc17afbad8c195febf617e771847d2a1fb778ea42b0fb0774706409424,ok,
406,decorative_item,Public seat,公共座椅,Furniture,Relaxation,infipoke_category:furniture;pokopiadex_category:furniture,https://pokopiadex.com/images/items/item_ui/public-seat.png,pokopiadex_items,https://infipoke.com/img/pokopia/items/publicseat.webp,public-seat,Furniture,Relaxation,publicseat,Furniture,Relaxation,https://pokopiadex.com/items;https://infipoke.com/zh/game/pokopia/items,406-public-seat.png,assets/pokopia_image_sources/decorative_item_portraits/406-public-seat.png,https://pokopiadex.com/images/items/item_ui/public-seat.png,pokopiadex_items,image/png,13328,6dee968d63142188516daf033f2900cd0a632048ce474785fe54b9a8ef2ba592,ok,
407,decorative_item,Puffy-tree pillar,蓬松树柱,Blocks,Road,infipoke_category:blocks;pokopiadex_category:blocks,https://pokopiadex.com/images/items/crafting_ui/puffy-tree-pillar.png,pokopiadex_items,https://infipoke.com/img/pokopia/items/puffy-treepillar.webp,puffy-tree-pillar,Blocks,Road,puffy-treepillar,Blocks,Road,https://pokopiadex.com/items;https://infipoke.com/zh/game/pokopia/items,407-puffy-tree-pillar.png,assets/pokopia_image_sources/decorative_item_portraits/407-puffy-tree-pillar.png,https://pokopiadex.com/images/items/crafting_ui/puffy-tree-pillar.png,pokopiadex_items,image/png,125883,5f70df9582f82ae34976df31f071f38efe8daaf184e06a44d09610c380b04c11,ok,
408,decorative_item,Punching bag,沙袋,Outdoor,Toy,infipoke_tag:toy;pokopiadex_tag:toy,https://pokopiadex.com/images/items/crafting_ui/punching-bag.png,pokopiadex_items,https://infipoke.com/img/pokopia/items/punchingbag.webp,punching-bag,Outdoor,Toy,punchingbag,Outdoor,Toy,https://pokopiadex.com/items;https://infipoke.com/zh/game/pokopia/items,408-punching-bag.png,assets/pokopia_image_sources/decorative_item_portraits/408-punching-bag.png,https://pokopiadex.com/images/items/crafting_ui/punching-bag.png,pokopiadex_items,image/png,145470,12583f6ccc74e25105f80584b55d80fd90a3c62db469e01a4fa111f4436b3b5a,ok,
409,decorative_item,Punching game,拳击游戏机,Misc.,Toy,infipoke_tag:toy;pokopiadex_tag:toy,https://pokopiadex.com/images/items/item_ui/punching-game.png,pokopiadex_items,https://infipoke.com/img/pokopia/items/punchinggame.webp,punching-game,Misc.,Toy,punchinggame,Misc.,Toy,https://pokopiadex.com/items;https://infipoke.com/zh/game/pokopia/items,409-punching-game.png,assets/pokopia_image_sources/decorative_item_portraits/409-punching-game.png,https://pokopiadex.com/images/items/item_ui/punching-game.png,pokopiadex_items,image/png,27520,9cb583002b492b74c455c0f77b1a2a95361aa90df0730bf5353a33c8c69fd0c9,ok,
410,decorative_item,Pure-white soil,纯白泥土,Blocks,,infipoke_category:blocks;pokopiadex_category:blocks,https://pokopiadex.com/images/items/item_ui/pure-white-soil.png,pokopiadex_items,https://infipoke.com/img/pokopia/items/pure-whitesoil.webp,pure-white-soil,Blocks,,pure-whitesoil,Blocks,,https://pokopiadex.com/items;https://infipoke.com/zh/game/pokopia/items,410-pure-white-soil.png,assets/pokopia_image_sources/decorative_item_portraits/410-pure-white-soil.png,https://pokopiadex.com/images/items/item_ui/pure-white-soil.png,pokopiadex_items,image/png,27904,69eac698797824f9696510f5c3f65180a028392ac54db7c71fa39acba6a87a70,ok,
411,decorative_item,Push cart,推车,Furniture,,infipoke_category:furniture;pokopiadex_category:furniture,https://pokopiadex.com/images/items/shop_ui/push-cart.png,pokopiadex_items,https://infipoke.com/img/pokopia/items/pushcart.webp,push-cart,Furniture,,pushcart,Furniture,,https://pokopiadex.com/items;https://infipoke.com/zh/game/pokopia/items,411-push-cart.png,assets/pokopia_image_sources/decorative_item_portraits/411-push-cart.png,https://pokopiadex.com/images/items/shop_ui/push-cart.png,pokopiadex_items,image/png,162329,35722b93b84152f5aa26d87ccc7304c6b7ade86f07abba6485edc34371e67c02,ok,
412,decorative_item,Raichu sign,雷丘看板,Outdoor,Decoration,infipoke_tag:decoration;pokopiadex_tag:decoration,https://pokopiadex.com/images/items/item_ui/raichu-sign.png,pokopiadex_items,https://infipoke.com/img/pokopia/items/raichusign.webp,raichu-sign,Outdoor,Decoration,raichusign,Outdoor,Decoration,https://pokopiadex.com/items;https://infipoke.com/zh/game/pokopia/items,412-raichu-sign.png,assets/pokopia_image_sources/decorative_item_portraits/412-raichu-sign.png,https://pokopiadex.com/images/items/item_ui/raichu-sign.png,pokopiadex_items,image/png,130358,8320c8a8d2e7824ce15477082532bcbb425ee062909e33a889ba39a72b76c9f7,ok,
413,decorative_item,Recycling bin,回收箱,Outdoor,Decoration,infipoke_tag:decoration;pokopiadex_tag:decoration,https://pokopiadex.com/images/items/item_ui/recycling-bin.png,pokopiadex_items,https://infipoke.com/img/pokopia/items/recyclingbin.webp,recycling-bin,Outdoor,Decoration,recyclingbin,Outdoor,Decoration,https://pokopiadex.com/items;https://infipoke.com/zh/game/pokopia/items,413-recycling-bin.png,assets/pokopia_image_sources/decorative_item_portraits/413-recycling-bin.png,https://pokopiadex.com/images/items/item_ui/recycling-bin.png,pokopiadex_items,image/png,25473,1d9145616a5225088ce0a28950836108fe4a627b5a9818f7de5b2e611a36de8b,ok,
414,decorative_item,Red cliff rock,红色悬崖岩石,Blocks,,infipoke_category:blocks;pokopiadex_category:blocks,https://pokopiadex.com/images/items/item_ui/red-cliff-rock.png,pokopiadex_items,https://infipoke.com/img/pokopia/items/redcliffrock.webp,red-cliff-rock,Blocks,,redcliffrock,Blocks,,https://pokopiadex.com/items;https://infipoke.com/zh/game/pokopia/items,414-red-cliff-rock.png,assets/pokopia_image_sources/decorative_item_portraits/414-red-cliff-rock.png,https://pokopiadex.com/images/items/item_ui/red-cliff-rock.png,pokopiadex_items,image/png,31744,95bd98a629e5a053ecaba8dd63a5bc620591ce2d1071e19fb0e3f26f6b8c2a23,ok,
415,decorative_item,Red meteor lamp,红色流星灯,Utilities,Decoration,infipoke_tag:decoration;pokopiadex_tag:decoration,https://pokopiadex.com/images/items/item_ui/red-meteor-lamp.png,pokopiadex_items,https://infipoke.com/img/pokopia/items/redmeteorlamp.webp,red-meteor-lamp,Utilities,Decoration,redmeteorlamp,Utilities,Decoration,https://pokopiadex.com/items;https://infipoke.com/zh/game/pokopia/items,415-red-meteor-lamp.png,assets/pokopia_image_sources/decorative_item_portraits/415-red-meteor-lamp.png,https://pokopiadex.com/images/items/item_ui/red-meteor-lamp.png,pokopiadex_items,image/png,29068,b8f180434715d7e3341596ddd0398c4cbd788c962ce09221ad45288216472873,ok,
416,decorative_item,Red rock,红色岩石,Blocks,,infipoke_category:blocks;pokopiadex_category:blocks,https://pokopiadex.com/images/items/item_ui/red-rock.png,pokopiadex_items,https://infipoke.com/img/pokopia/items/redrock.webp,red-rock,Blocks,,redrock,Blocks,,https://pokopiadex.com/items;https://infipoke.com/zh/game/pokopia/items,416-red-rock.png,assets/pokopia_image_sources/decorative_item_portraits/416-red-rock.png,https://pokopiadex.com/images/items/item_ui/red-rock.png,pokopiadex_items,image/png,25462,a3f5e2102c4cf56460b4f6c0bb81de8be8a6ad94d380d0ca0b2ea854b62272e4,ok,
417,decorative_item,Red spotted cliff rock,红色斑纹悬崖岩石,Blocks,,infipoke_category:blocks;pokopiadex_category:blocks,https://pokopiadex.com/images/items/item_ui/red-spotted-cliff-rock.png,pokopiadex_items,https://infipoke.com/img/pokopia/items/redspottedcliffrock.webp,red-spotted-cliff-rock,Blocks,,redspottedcliffrock,Blocks,,https://pokopiadex.com/items;https://infipoke.com/zh/game/pokopia/items,417-red-spotted-cliff-rock.png,assets/pokopia_image_sources/decorative_item_portraits/417-red-spotted-cliff-rock.png,https://pokopiadex.com/images/items/item_ui/red-spotted-cliff-rock.png,pokopiadex_items,image/png,33282,d69b9d3000b6c478a8613e52b1416ae264659022b52e2bca33a8d3c50bab47a6,ok,
418,decorative_item,Reddish-brown cave rock,红棕色洞穴岩石,Blocks,,infipoke_category:blocks;pokopiadex_category:blocks,https://pokopiadex.com/images/items/item_ui/reddish-brown-cave-rock.png,pokopiadex_items,https://infipoke.com/img/pokopia/items/reddish-browncaverock.webp,reddish-brown-cave-rock,Blocks,,reddish-browncaverock,Blocks,,https://pokopiadex.com/items;https://infipoke.com/zh/game/pokopia/items,418-reddish-brown-cave-rock.png,assets/pokopia_image_sources/decorative_item_portraits/418-reddish-brown-cave-rock.png,https://pokopiadex.com/images/items/item_ui/reddish-brown-cave-rock.png,pokopiadex_items,image/png,29754,a50e2728eaa4614a1d800b3f48d7562305ada2549e79c4e40c9770453cba75aa,ok,
419,decorative_item,Refrigerator,冰箱,Misc.,Toy,infipoke_tag:toy;pokopiadex_tag:toy,https://pokopiadex.com/images/items/item_ui/refrigerator.png,pokopiadex_items,https://infipoke.com/img/pokopia/items/refrigerator.webp,refrigerator,Misc.,Toy,refrigerator,Misc.,Toy,https://pokopiadex.com/items;https://infipoke.com/zh/game/pokopia/items,419-refrigerator.png,assets/pokopia_image_sources/decorative_item_portraits/419-refrigerator.png,https://pokopiadex.com/images/items/item_ui/refrigerator.png,pokopiadex_items,image/png,16424,56aa7341691a7fc197ffe516d0296838582e0f71b7c848d26228bb63476a0191,ok,
420,decorative_item,Repel,除虫喷雾,Misc.,Toy,infipoke_tag:toy;pokopiadex_tag:toy,https://pokopiadex.com/images/items/item_ui/repel.png,pokopiadex_items,https://infipoke.com/img/pokopia/items/repel.webp,repel,Misc.,Toy,repel,Misc.,Toy,https://pokopiadex.com/items;https://infipoke.com/zh/game/pokopia/items,420-repel.png,assets/pokopia_image_sources/decorative_item_portraits/420-repel.png,https://pokopiadex.com/images/items/item_ui/repel.png,pokopiadex_items,image/png,133734,287e881117aee718bef75072266bfbf096c14d994daec1e414d24185878d01b1,ok,
421,decorative_item,Resort bed,度假风床铺,Furniture,Relaxation,infipoke_category:furniture;pokopiadex_category:furniture,https://pokopiadex.com/images/items/item_ui/resort-bed.png,pokopiadex_items,https://infipoke.com/img/pokopia/items/resortbed.webp,resort-bed,Furniture,Relaxation,resortbed,Furniture,Relaxation,https://pokopiadex.com/items;https://infipoke.com/zh/game/pokopia/items,421-resort-bed.png,assets/pokopia_image_sources/decorative_item_portraits/421-resort-bed.png,https://pokopiadex.com/images/items/item_ui/resort-bed.png,pokopiadex_items,image/png,30548,454424366f3efa21dc814fe3b25965a9081ae8b559d5dfa880c63edea4ad141c,ok,
422,decorative_item,Resort chair,度假风椅,Furniture,Relaxation,infipoke_category:furniture;pokopiadex_category:furniture,https://pokopiadex.com/images/items/item_ui/resort-chair.png,pokopiadex_items,https://infipoke.com/img/pokopia/items/resortchair.webp,resort-chair,Furniture,Relaxation,resortchair,Furniture,Relaxation,https://pokopiadex.com/items;https://infipoke.com/zh/game/pokopia/items,422-resort-chair.png,assets/pokopia_image_sources/decorative_item_portraits/422-resort-chair.png,https://pokopiadex.com/images/items/item_ui/resort-chair.png,pokopiadex_items,image/png,29376,7577f345a093c20e073f79b4610e4e1889592add9fffe298c06857cbf1a41ac9,ok,
423,decorative_item,Resort hammock,度假风吊床,Furniture,Relaxation,infipoke_category:furniture;pokopiadex_category:furniture,https://pokopiadex.com/images/items/item_ui/resort-hammock.png,pokopiadex_items,https://infipoke.com/img/pokopia/items/resorthammock.webp,resort-hammock,Furniture,Relaxation,resorthammock,Furniture,Relaxation,https://pokopiadex.com/items;https://infipoke.com/zh/game/pokopia/items,423-resort-hammock.png,assets/pokopia_image_sources/decorative_item_portraits/423-resort-hammock.png,https://pokopiadex.com/images/items/item_ui/resort-hammock.png,pokopiadex_items,image/png,24580,a856bc413c1e1a543320050a9313728a33b24d92e241af89a239c325429fc0ed,ok,
424,decorative_item,Resort light,度假村灯,Utilities,Decoration,infipoke_tag:decoration;pokopiadex_tag:decoration,https://pokopiadex.com/images/items/crafting_ui/resort-light.png,pokopiadex_items,https://infipoke.com/img/pokopia/items/resortlight.webp,resort-light,Utilities,Decoration,resortlight,Utilities,Decoration,https://pokopiadex.com/items;https://infipoke.com/zh/game/pokopia/items,424-resort-light.png,assets/pokopia_image_sources/decorative_item_portraits/424-resort-light.png,https://pokopiadex.com/images/items/crafting_ui/resort-light.png,pokopiadex_items,image/png,185859,e20d37ba1e90cff6a6c33c4f58a889b29cf9869a06d50f3b925e9afd47795ffa,ok,
425,decorative_item,Resort sofa,度假风沙发,Furniture,Relaxation,infipoke_category:furniture;pokopiadex_category:furniture,https://pokopiadex.com/images/items/shop_ui/resort-sofa.png,pokopiadex_items,https://infipoke.com/img/pokopia/items/resortsofa.webp,resort-sofa,Furniture,Relaxation,resortsofa,Furniture,Relaxation,https://pokopiadex.com/items;https://infipoke.com/zh/game/pokopia/items,425-resort-sofa.png,assets/pokopia_image_sources/decorative_item_portraits/425-resort-sofa.png,https://pokopiadex.com/images/items/shop_ui/resort-sofa.png,pokopiadex_items,image/png,329056,cf0051d2e796545881ee68bd832963a77054d478552983b44ec4c8ce135c0cad,ok,
426,decorative_item,Resort stool,度假风凳,Furniture,Relaxation,infipoke_category:furniture;pokopiadex_category:furniture,https://pokopiadex.com/images/items/item_ui/resort-stool.png,pokopiadex_items,https://infipoke.com/img/pokopia/items/resortstool.webp,resort-stool,Furniture,Relaxation,resortstool,Furniture,Relaxation,https://pokopiadex.com/items;https://infipoke.com/zh/game/pokopia/items,426-resort-stool.png,assets/pokopia_image_sources/decorative_item_portraits/426-resort-stool.png,https://pokopiadex.com/images/items/item_ui/resort-stool.png,pokopiadex_items,image/png,17596,a6b674d74375fb8792f79e7f94b60153e3a38f578bc8e2263a51b076e16cd409,ok,
427,decorative_item,Resort table,度假风桌,Furniture,,infipoke_category:furniture;pokopiadex_category:furniture,https://pokopiadex.com/images/items/item_ui/resort-table.png,pokopiadex_items,https://infipoke.com/img/pokopia/items/resorttable.webp,resort-table,Furniture,,resorttable,Furniture,,https://pokopiadex.com/items;https://infipoke.com/zh/game/pokopia/items,427-resort-table.png,assets/pokopia_image_sources/decorative_item_portraits/427-resort-table.png,https://pokopiadex.com/images/items/item_ui/resort-table.png,pokopiadex_items,image/png,25178,afbf5147c7b7e1d5c744b067ce5635a780b9848ac5881d25d6159092924cc6a3,ok,
428,decorative_item,Ribbon cake,丝带蛋糕,Misc.,Decoration,infipoke_tag:decoration;pokopiadex_tag:decoration,https://pokopiadex.com/images/items/item_ui/ribbon-cake.png,pokopiadex_items,https://infipoke.com/img/pokopia/items/ribboncake.webp,ribbon-cake,Misc.,Decoration,ribboncake,Misc.,Decoration,https://pokopiadex.com/items;https://infipoke.com/zh/game/pokopia/items,428-ribbon-cake.png,assets/pokopia_image_sources/decorative_item_portraits/428-ribbon-cake.png,https://pokopiadex.com/images/items/item_ui/ribbon-cake.png,pokopiadex_items,image/png,36371,e43efb29b9035a3206a6b9b01962325bafd5a88fe5a64e8f934598adf4386281,ok,
429,decorative_item,Rough wall,粗糙墙,Blocks,,infipoke_category:blocks;pokopiadex_category:blocks,https://pokopiadex.com/images/items/item_ui/rough-wall.png,pokopiadex_items,https://infipoke.com/img/pokopia/items/roughwall.webp,rough-wall,Blocks,,roughwall,Blocks,,https://pokopiadex.com/items;https://infipoke.com/zh/game/pokopia/items,429-rough-wall.png,assets/pokopia_image_sources/decorative_item_portraits/429-rough-wall.png,https://pokopiadex.com/images/items/item_ui/rough-wall.png,pokopiadex_items,image/png,25069,57e073ad108988100d3da7944757933a3366d097594d8c012620d852bb505c31,ok,
430,decorative_item,Rowlet clock,木木枭钟,Misc.,Decoration,infipoke_tag:decoration;pokopiadex_tag:toy,https://pokopiadex.com/images/items/item_ui/rowlet-clock.png,pokopiadex_items,https://infipoke.com/img/pokopia/items/rowletclock.webp,rowlet-clock,Misc.,Toy,rowletclock,Misc.,Decoration,https://pokopiadex.com/items;https://infipoke.com/zh/game/pokopia/items,430-rowlet-clock.png,assets/pokopia_image_sources/decorative_item_portraits/430-rowlet-clock.png,https://pokopiadex.com/images/items/item_ui/rowlet-clock.png,pokopiadex_items,image/png,148947,8697d22e4dabe06aea4e27c4beda5225adde35854e9dea11bc13eeae314b9386,ok,
431,decorative_item,Rusted iron-plate flooring,生锈铁板地板,Blocks,,infipoke_category:blocks,https://infipoke.com/img/pokopia/items/rustediron-plateflooring.webp,infipoke_items,,,,,rustediron-plateflooring,Blocks,,https://pokopiadex.com/items;https://infipoke.com/zh/game/pokopia/items,431-rusted-iron-plate-flooring.webp,assets/pokopia_image_sources/decorative_item_portraits/431-rusted-iron-plate-flooring.webp,https://infipoke.com/img/pokopia/items/rustediron-plateflooring.webp,infipoke_items,image/webp,1174,9edf04fa48f61b1d3d30569c7918bcd222cc7c36a0b3da8087e58f15c7405570,ok,
432,decorative_item,Rusted Wall,生锈墙壁,Blocks,,infipoke_category:blocks,https://infipoke.com/img/pokopia/items/rustedwall.webp,infipoke_items,,,,,rustedwall,Blocks,,https://pokopiadex.com/items;https://infipoke.com/zh/game/pokopia/items,432-rusted-wall.webp,assets/pokopia_image_sources/decorative_item_portraits/432-rusted-wall.webp,https://infipoke.com/img/pokopia/items/rustedwall.webp,infipoke_items,image/webp,1154,619291fdd593d4e1a63cb4ae8a21898e2821946015d31096fb079e58fce045aa,ok,
433,decorative_item,Rustic door,质朴木门,Buildings,Decoration,pokopiadex_tag:decoration,https://pokopiadex.com/images/items/crafting_ui/rustic-door.png,pokopiadex_items,https://infipoke.com/img/pokopia/items/rusticdoor.webp,rustic-door,Buildings,Decoration,rusticdoor,Buildings,,https://pokopiadex.com/items;https://infipoke.com/zh/game/pokopia/items,433-rustic-door.png,assets/pokopia_image_sources/decorative_item_portraits/433-rustic-door.png,https://pokopiadex.com/images/items/crafting_ui/rustic-door.png,pokopiadex_items,image/png,148346,60ad34da51c0d274e7ef8d6963c36924c5a72b6a9158173d3e3c979c2b946494,ok,
434,decorative_item,Sail Fossil,帆化石,Other,Decoration,infipoke_tag:decoration;pokopiadex_tag:decoration,https://pokopiadex.com/images/items/item_ui/sail-fossil.png,pokopiadex_items,https://infipoke.com/img/pokopia/items/sailfossil.webp,sail-fossil,Other,Decoration,sailfossil,Other,Decoration,https://pokopiadex.com/items;https://infipoke.com/zh/game/pokopia/items,434-sail-fossil.png,assets/pokopia_image_sources/decorative_item_portraits/434-sail-fossil.png,https://pokopiadex.com/images/items/item_ui/sail-fossil.png,pokopiadex_items,image/png,107514,39fdd3c28547417b3cd580dc92f36d028e424c8f88ad0a4bac8a74664b3d952e,ok,
435,decorative_item,Sandbags,沙袋,Outdoor,Decoration,pokopiadex_tag:decoration,https://pokopiadex.com/images/items/item_ui/sandbags.png,pokopiadex_items,https://infipoke.com/img/pokopia/items/sandbags.webp,sandbags,Outdoor,Decoration,sandbags,Outdoor,,https://pokopiadex.com/items;https://infipoke.com/zh/game/pokopia/items,435-sandbags.png,assets/pokopia_image_sources/decorative_item_portraits/435-sandbags.png,https://pokopiadex.com/images/items/item_ui/sandbags.png,pokopiadex_items,image/png,23993,dcc7f783a236f20e408e33a8015dca7ca3fef6596edcdd1d04645d0aec408464,ok,
436,decorative_item,Sandbox,沙坑,Outdoor,Toy,infipoke_tag:toy;pokopiadex_tag:toy,https://pokopiadex.com/images/items/crafting_ui/sandbox.png,pokopiadex_items,https://infipoke.com/img/pokopia/items/sandbox.webp,sandbox,Outdoor,Toy,sandbox,Outdoor,Toy,https://pokopiadex.com/items;https://infipoke.com/zh/game/pokopia/items,436-sandbox.png,assets/pokopia_image_sources/decorative_item_portraits/436-sandbox.png,https://pokopiadex.com/images/items/crafting_ui/sandbox.png,pokopiadex_items,image/png,148679,2b25d5999b4abce6302911b409d0b62defbbd92be1f01bee3439067315a2cfc3,ok,
437,decorative_item,Sandstone,砂岩,Blocks,,infipoke_category:blocks;pokopiadex_category:blocks,https://pokopiadex.com/images/items/item_ui/sandstone.png,pokopiadex_items,https://infipoke.com/img/pokopia/items/sandstone.webp,sandstone,Blocks,,sandstone,Blocks,,https://pokopiadex.com/items;https://infipoke.com/zh/game/pokopia/items,437-sandstone.png,assets/pokopia_image_sources/decorative_item_portraits/437-sandstone.png,https://pokopiadex.com/images/items/item_ui/sandstone.png,pokopiadex_items,image/png,95078,9e805789726c7163e4c165cd6d6d01b490346c1555562a6f524f82d3461fb725,ok,
438,decorative_item,Sandwiches,三明治,Misc.,Decoration,infipoke_tag:decoration;pokopiadex_tag:decoration,https://pokopiadex.com/images/items/item_ui/sandwiches.png,pokopiadex_items,https://infipoke.com/img/pokopia/items/sandwiches.webp,sandwiches,Misc.,Decoration,sandwiches,Misc.,Decoration,https://pokopiadex.com/items;https://infipoke.com/zh/game/pokopia/items,438-sandwiches.png,assets/pokopia_image_sources/decorative_item_portraits/438-sandwiches.png,https://pokopiadex.com/images/items/item_ui/sandwiches.png,pokopiadex_items,image/png,37401,8104228ee5895c9f059fd96b06c89e2e2e7c13bb71b40fa4715b228ad6e90972,ok,
439,decorative_item,Science Experiment,科学实验装置,Misc.,Toy,infipoke_tag:toy;pokopiadex_tag:toy,https://pokopiadex.com/images/items/item_ui/science-experiment.png,pokopiadex_items,https://infipoke.com/img/pokopia/items/scienceexperiment.webp,science-experiment,Misc.,Toy,scienceexperiment,Misc.,Toy,https://pokopiadex.com/items;https://infipoke.com/zh/game/pokopia/items,439-science-experiment.png,assets/pokopia_image_sources/decorative_item_portraits/439-science-experiment.png,https://pokopiadex.com/images/items/item_ui/science-experiment.png,pokopiadex_items,image/png,22546,6858fdfda8f7037cf29b0db2a7b2e00136804e0ad0bf9ac13abc97548292256f,ok,
440,decorative_item,Scrap cube,废料方块,Blocks,,infipoke_category:blocks;pokopiadex_category:blocks,https://pokopiadex.com/images/items/crafting_ui/scrap-cube.png,pokopiadex_items,https://infipoke.com/img/pokopia/items/scrapcube.webp,scrap-cube,Blocks,,scrapcube,Blocks,,https://pokopiadex.com/items;https://infipoke.com/zh/game/pokopia/items,440-scrap-cube.png,assets/pokopia_image_sources/decorative_item_portraits/440-scrap-cube.png,https://pokopiadex.com/images/items/crafting_ui/scrap-cube.png,pokopiadex_items,image/png,166715,c3c7cead6b7ad2544664aac4fbcbc705655831ac112b28c342c9e3ab62ecddac,ok,
441,decorative_item,Seashell soil,贝壳泥土,Blocks,,infipoke_category:blocks;pokopiadex_category:blocks,https://pokopiadex.com/images/items/item_ui/seashell-soil.png,pokopiadex_items,https://infipoke.com/img/pokopia/items/seashellsoil.webp,seashell-soil,Blocks,,seashellsoil,Blocks,,https://pokopiadex.com/items;https://infipoke.com/zh/game/pokopia/items,441-seashell-soil.png,assets/pokopia_image_sources/decorative_item_portraits/441-seashell-soil.png,https://pokopiadex.com/images/items/item_ui/seashell-soil.png,pokopiadex_items,image/png,27252,9357d6d80233d9d602e06a7789d0b3de77c7ae82503670350b2267f2f2e10276,ok,
442,decorative_item,Seashore grass,海边草,Blocks,,infipoke_category:blocks;pokopiadex_category:blocks,https://pokopiadex.com/images/items/item_ui/seashore-grass.png,pokopiadex_items,https://infipoke.com/img/pokopia/items/seashoregrass.webp,seashore-grass,Blocks,,seashoregrass,Blocks,,https://pokopiadex.com/items;https://infipoke.com/zh/game/pokopia/items,442-seashore-grass.png,assets/pokopia_image_sources/decorative_item_portraits/442-seashore-grass.png,https://pokopiadex.com/images/items/item_ui/seashore-grass.png,pokopiadex_items,image/png,31968,2fb7099ab146f2e41369ce58840e4d12c952fc4fe8ea329340415bdfaf7ac439,ok,
443,decorative_item,Seedot lamp,橡实果灯,Utilities,Decoration,infipoke_tag:decoration;pokopiadex_tag:decoration,https://pokopiadex.com/images/items/item_ui/seedot-lamp.png,pokopiadex_items,https://infipoke.com/img/pokopia/items/seedotlamp.webp,seedot-lamp,Utilities,Decoration,seedotlamp,Utilities,Decoration,https://pokopiadex.com/items;https://infipoke.com/zh/game/pokopia/items,443-seedot-lamp.png,assets/pokopia_image_sources/decorative_item_portraits/443-seedot-lamp.png,https://pokopiadex.com/images/items/item_ui/seedot-lamp.png,pokopiadex_items,image/png,110384,d2f51828f3f3fce1f4afbde07aac9fc925bcdafafae05e56183093ac8c5b711b,ok,
444,decorative_item,Shaved ice,刨冰,Misc.,Decoration,infipoke_tag:decoration;pokopiadex_tag:decoration,https://pokopiadex.com/images/items/item_ui/shaved-ice.png,pokopiadex_items,https://infipoke.com/img/pokopia/items/shavedice.webp,shaved-ice,Misc.,Decoration,shavedice,Misc.,Decoration,https://pokopiadex.com/items;https://infipoke.com/zh/game/pokopia/items,444-shaved-ice.png,assets/pokopia_image_sources/decorative_item_portraits/444-shaved-ice.png,https://pokopiadex.com/images/items/item_ui/shaved-ice.png,pokopiadex_items,image/png,35112,364250ad5a992685002fde3c7b0ea1bc6c41943a0b84f0ad11c68bf3afca5a1c,ok,
445,decorative_item,Shell lamp,贝壳灯,Utilities,Decoration,infipoke_tag:decoration;pokopiadex_tag:decoration,https://pokopiadex.com/images/items/crafting_ui/shell-lamp.png,pokopiadex_items,https://infipoke.com/img/pokopia/items/shelllamp.webp,shell-lamp,Utilities,Decoration,shelllamp,Utilities,Decoration,https://pokopiadex.com/items;https://infipoke.com/zh/game/pokopia/items,445-shell-lamp.png,assets/pokopia_image_sources/decorative_item_portraits/445-shell-lamp.png,https://pokopiadex.com/images/items/crafting_ui/shell-lamp.png,pokopiadex_items,image/png,124300,ea14293746439bc79e546522082aa5b1e7d55085acfe338d917a14b99f2d7d32,ok,
446,decorative_item,Shield Fossil (body),盾化石（身体）,Other,Decoration,infipoke_tag:decoration;pokopiadex_tag:decoration,https://pokopiadex.com/images/items/item_ui/shield-fossil-body.png,pokopiadex_items,https://infipoke.com/img/pokopia/items/shieldfossil%28body%29.webp,shield-fossil-body,Other,Decoration,shieldfossil(body),Other,Decoration,https://pokopiadex.com/items;https://infipoke.com/zh/game/pokopia/items,446-shield-fossil-body.png,assets/pokopia_image_sources/decorative_item_portraits/446-shield-fossil-body.png,https://pokopiadex.com/images/items/item_ui/shield-fossil-body.png,pokopiadex_items,image/png,133313,9eb8b21f8407bf8f297d0b7806f64039ea440b39922931af0ab6d21bf580db16,ok,
447,decorative_item,Shield Fossil (head),盾化石（头）,Other,Decoration,infipoke_tag:decoration;pokopiadex_tag:decoration,https://pokopiadex.com/images/items/item_ui/shield-fossil-head.png,pokopiadex_items,https://infipoke.com/img/pokopia/items/shieldfossil%28head%29.webp,shield-fossil-head,Other,Decoration,shieldfossil(head),Other,Decoration,https://pokopiadex.com/items;https://infipoke.com/zh/game/pokopia/items,447-shield-fossil-head.png,assets/pokopia_image_sources/decorative_item_portraits/447-shield-fossil-head.png,https://pokopiadex.com/images/items/item_ui/shield-fossil-head.png,pokopiadex_items,image/png,111097,1753d3c6fa46a2ea78c29867aec3276a52ad5eb87b277422f857bb353ddeec32,ok,
448,decorative_item,Shield Fossil (tail),盾化石（尾）,Other,Decoration,infipoke_tag:decoration;pokopiadex_tag:decoration,https://pokopiadex.com/images/items/item_ui/shield-fossil-tail.png,pokopiadex_items,https://infipoke.com/img/pokopia/items/shieldfossil%28tail%29.webp,shield-fossil-tail,Other,Decoration,shieldfossil(tail),Other,Decoration,https://pokopiadex.com/items;https://infipoke.com/zh/game/pokopia/items,448-shield-fossil-tail.png,assets/pokopia_image_sources/decorative_item_portraits/448-shield-fossil-tail.png,https://pokopiadex.com/images/items/item_ui/shield-fossil-tail.png,pokopiadex_items,image/png,91734,44b81ec2c7e8a40405a506e0c9e8e8c79217561c969b2a100c45d5cc24534e86,ok,
449,decorative_item,Ship's wheel,船舵,Misc.,Toy,infipoke_tag:toy;pokopiadex_tag:toy,https://pokopiadex.com/images/items/item_ui/ships-wheel.png,pokopiadex_items,https://infipoke.com/img/pokopia/items/ship%27swheel.webp,ships-wheel,Misc.,Toy,ship'swheel,Misc.,Toy,https://pokopiadex.com/items;https://infipoke.com/zh/game/pokopia/items,449-ships-wheel.png,assets/pokopia_image_sources/decorative_item_portraits/449-ships-wheel.png,https://pokopiadex.com/images/items/item_ui/ships-wheel.png,pokopiadex_items,image/png,34468,17795055617e86ee306987066c381b38ec10d01b2d58e49fd9d3c16fcf19e194,ok,
450,decorative_item,Shop flooring,商店地板,Blocks,Road,infipoke_category:blocks;pokopiadex_category:blocks,https://pokopiadex.com/images/items/item_ui/shop-flooring.png,pokopiadex_items,https://infipoke.com/img/pokopia/items/shopflooring.webp,shop-flooring,Blocks,Road,shopflooring,Blocks,Road,https://pokopiadex.com/items;https://infipoke.com/zh/game/pokopia/items,450-shop-flooring.png,assets/pokopia_image_sources/decorative_item_portraits/450-shop-flooring.png,https://pokopiadex.com/images/items/item_ui/shop-flooring.png,pokopiadex_items,image/png,23717,d3768af5e546ab526196d3e889fa60bb964b96f30f0a7b94fd00146180a041d7,ok,
451,decorative_item,Shower,淋浴器,Misc.,Toy,infipoke_tag:toy;pokopiadex_tag:toy,https://pokopiadex.com/images/items/crafting_ui/shower.png,pokopiadex_items,https://infipoke.com/img/pokopia/items/shower.webp,shower,Misc.,Toy,shower,Misc.,Toy,https://pokopiadex.com/items;https://infipoke.com/zh/game/pokopia/items,451-shower.png,assets/pokopia_image_sources/decorative_item_portraits/451-shower.png,https://pokopiadex.com/images/items/crafting_ui/shower.png,pokopiadex_items,image/png,151430,6c5c3b22230813de8948b4c732b4b5f66cfa19b31ca0c87b22282bc34f457a1f,ok,
452,decorative_item,Side table,边桌,Furniture,,infipoke_category:furniture;pokopiadex_category:furniture,https://pokopiadex.com/images/items/item_ui/side-table.png,pokopiadex_items,https://infipoke.com/img/pokopia/items/sidetable.webp,side-table,Furniture,,sidetable,Furniture,,https://pokopiadex.com/items;https://infipoke.com/zh/game/pokopia/items,452-side-table.png,assets/pokopia_image_sources/decorative_item_portraits/452-side-table.png,https://pokopiadex.com/images/items/item_ui/side-table.png,pokopiadex_items,image/png,18756,ffa8c67d1623fd46a04b4f31e1585e4a7f1bfcab8528679dd4429d0cb360063b,ok,
453,decorative_item,Sign,招牌,Outdoor,Decoration,infipoke_tag:decoration;pokopiadex_tag:decoration,https://pokopiadex.com/images/items/crafting_ui/sign.png,pokopiadex_items,https://infipoke.com/img/pokopia/items/sign.webp,sign,Outdoor,Decoration,sign,Outdoor,Decoration,https://pokopiadex.com/items;https://infipoke.com/zh/game/pokopia/items,453-sign.png,assets/pokopia_image_sources/decorative_item_portraits/453-sign.png,https://pokopiadex.com/images/items/crafting_ui/sign.png,pokopiadex_items,image/png,141936,144e4bec6fe4adf9aa50e0b2fe0088961babe0d5472d829c538873b47847ec78,ok,
454,decorative_item,Signpost,路标,Outdoor,Decoration,infipoke_tag:decoration;pokopiadex_tag:decoration,https://pokopiadex.com/images/items/crafting_ui/signpost.png,pokopiadex_items,https://infipoke.com/img/pokopia/items/signpost.webp,signpost,Outdoor,Decoration,signpost,Outdoor,Decoration,https://pokopiadex.com/items;https://infipoke.com/zh/game/pokopia/items,454-signpost.png,assets/pokopia_image_sources/decorative_item_portraits/454-signpost.png,https://pokopiadex.com/images/items/crafting_ui/signpost.png,pokopiadex_items,image/png,184088,d60412c1227b7bf1c25fd606ee0e258ea13049713fe4e22a3d6bfb05f79068db,ok,
455,decorative_item,Simple cushion,简易坐垫,Furniture,Relaxation,infipoke_category:furniture;pokopiadex_category:furniture,https://pokopiadex.com/images/items/item_ui/simple-cushion.png,pokopiadex_items,https://infipoke.com/img/pokopia/items/simplecushion.webp,simple-cushion,Furniture,Relaxation,simplecushion,Furniture,Relaxation,https://pokopiadex.com/items;https://infipoke.com/zh/game/pokopia/items,455-simple-cushion.png,assets/pokopia_image_sources/decorative_item_portraits/455-simple-cushion.png,https://pokopiadex.com/images/items/item_ui/simple-cushion.png,pokopiadex_items,image/png,17178,2080f4cae55f39c767a3b9d5592ce53d5938737241a46c7f7934c0f63524e8eb,ok,
456,decorative_item,Simple flooring,简约地板,Blocks,Road,infipoke_category:blocks;pokopiadex_category:blocks,https://pokopiadex.com/images/items/item_ui/simple-flooring.png,pokopiadex_items,https://infipoke.com/img/pokopia/items/simpleflooring.webp,simple-flooring,Blocks,Road,simpleflooring,Blocks,Road,https://pokopiadex.com/items;https://infipoke.com/zh/game/pokopia/items,456-simple-flooring.png,assets/pokopia_image_sources/decorative_item_portraits/456-simple-flooring.png,https://pokopiadex.com/images/items/item_ui/simple-flooring.png,pokopiadex_items,image/png,16897,bf2446d413ec3e5cb3741b4444a83a270fc0152afd8ffe2d696709610dc021a8,ok,
457,decorative_item,Simple square tiling,简约方砖,Blocks,Road,infipoke_category:blocks;pokopiadex_category:blocks,https://pokopiadex.com/images/items/item_ui/simple-square-tiling.png,pokopiadex_items,https://infipoke.com/img/pokopia/items/simplesquaretiling.webp,simple-square-tiling,Blocks,Road,simplesquaretiling,Blocks,Road,https://pokopiadex.com/items;https://infipoke.com/zh/game/pokopia/items,457-simple-square-tiling.png,assets/pokopia_image_sources/decorative_item_portraits/457-simple-square-tiling.png,https://pokopiadex.com/images/items/item_ui/simple-square-tiling.png,pokopiadex_items,image/png,27230,7dcb75fa0a200faef74d8bf8a207ca88e4e319c308e749e7d003c92c51036023,ok,
458,decorative_item,Sink,水槽,Misc.,Toy,infipoke_tag:toy;pokopiadex_tag:toy,https://pokopiadex.com/images/items/item_ui/sink.png,pokopiadex_items,https://infipoke.com/img/pokopia/items/sink.webp,sink,Misc.,Toy,sink,Misc.,Toy,https://pokopiadex.com/items;https://infipoke.com/zh/game/pokopia/items,458-sink.png,assets/pokopia_image_sources/decorative_item_portraits/458-sink.png,https://pokopiadex.com/images/items/item_ui/sink.png,pokopiadex_items,image/png,31599,6f6779f565ec70217512152839e05436718b118d6a637d1c6043cc63b478b76f,ok,
459,decorative_item,Skull Fossil,头盖化石,Other,Decoration,infipoke_tag:decoration;pokopiadex_tag:decoration,https://pokopiadex.com/images/items/item_ui/skull-fossil.png,pokopiadex_items,https://infipoke.com/img/pokopia/items/skullfossil.webp,skull-fossil,Other,Decoration,skullfossil,Other,Decoration,https://pokopiadex.com/items;https://infipoke.com/zh/game/pokopia/items,459-skull-fossil.png,assets/pokopia_image_sources/decorative_item_portraits/459-skull-fossil.png,https://pokopiadex.com/images/items/item_ui/skull-fossil.png,pokopiadex_items,image/png,127089,5510dc099071e856a5f0fbe124080ca4f5818f0de9573c3981ccef7e1a71c95a,ok,
460,decorative_item,Sky-high grass,高空草,Blocks,,infipoke_category:blocks;pokopiadex_category:blocks,https://pokopiadex.com/images/items/item_ui/sky-high-grass.png,pokopiadex_items,https://infipoke.com/img/pokopia/items/sky-highgrass.webp,sky-high-grass,Blocks,,sky-highgrass,Blocks,,https://pokopiadex.com/items;https://infipoke.com/zh/game/pokopia/items,460-sky-high-grass.png,assets/pokopia_image_sources/decorative_item_portraits/460-sky-high-grass.png,https://pokopiadex.com/images/items/item_ui/sky-high-grass.png,pokopiadex_items,image/png,32133,eba5777ef1be4d67254d18f41079e036aaa533cbf4e13322ec059467ba82fe53,ok,
461,decorative_item,Skyland cliff rock,浮岛悬崖岩石,Blocks,,infipoke_category:blocks;pokopiadex_category:blocks,https://pokopiadex.com/images/items/item_ui/skyland-cliff-rock.png,pokopiadex_items,https://infipoke.com/img/pokopia/items/skylandcliffrock.webp,skyland-cliff-rock,Blocks,,skylandcliffrock,Blocks,,https://pokopiadex.com/items;https://infipoke.com/zh/game/pokopia/items,461-skyland-cliff-rock.png,assets/pokopia_image_sources/decorative_item_portraits/461-skyland-cliff-rock.png,https://pokopiadex.com/images/items/item_ui/skyland-cliff-rock.png,pokopiadex_items,image/png,30452,2f9baa3ab06c6d8d66792713354eff7cce216aedbc0c1749c9be13e1fce2a899,ok,
462,decorative_item,Skyland sand,浮岛沙,Blocks,,infipoke_category:blocks;pokopiadex_category:blocks,https://pokopiadex.com/images/items/item_ui/skyland-sand.png,pokopiadex_items,https://infipoke.com/img/pokopia/items/skylandsand.webp,skyland-sand,Blocks,,skylandsand,Blocks,,https://pokopiadex.com/items;https://infipoke.com/zh/game/pokopia/items,462-skyland-sand.png,assets/pokopia_image_sources/decorative_item_portraits/462-skyland-sand.png,https://pokopiadex.com/images/items/item_ui/skyland-sand.png,pokopiadex_items,image/png,22454,999652d79bf0752fb2d77ff858e09b99437324fa67ac204cde73ddf9f8b20c76,ok,
463,decorative_item,Skyland sandstone,浮岛砂岩,Blocks,,infipoke_category:blocks;pokopiadex_category:blocks,https://pokopiadex.com/images/items/item_ui/skyland-sandstone.png,pokopiadex_items,https://infipoke.com/img/pokopia/items/skylandsandstone.webp,skyland-sandstone,Blocks,,skylandsandstone,Blocks,,https://pokopiadex.com/items;https://infipoke.com/zh/game/pokopia/items,463-skyland-sandstone.png,assets/pokopia_image_sources/decorative_item_portraits/463-skyland-sandstone.png,https://pokopiadex.com/images/items/item_ui/skyland-sandstone.png,pokopiadex_items,image/png,26997,a033383a08a04ff42bfc482b13cca3d59d8465e06a18b7ad3ce1b1bc75c0e8c5,ok,
464,decorative_item,Skyland spotted cliff rock,浮岛斑纹悬崖岩石,Blocks,,infipoke_category:blocks;pokopiadex_category:blocks,https://pokopiadex.com/images/items/item_ui/skyland-spotted-cliff-rock.png,pokopiadex_items,https://infipoke.com/img/pokopia/items/skylandspottedcliffrock.webp,skyland-spotted-cliff-rock,Blocks,,skylandspottedcliffrock,Blocks,,https://pokopiadex.com/items;https://infipoke.com/zh/game/pokopia/items,464-skyland-spotted-cliff-rock.png,assets/pokopia_image_sources/decorative_item_portraits/464-skyland-spotted-cliff-rock.png,https://pokopiadex.com/images/items/item_ui/skyland-spotted-cliff-rock.png,pokopiadex_items,image/png,32270,eecaaf5a1905947d3ea21109f756bcabacbd41874d623d4082af5130f74761a2,ok,
465,decorative_item,Sleeping bag,,Furniture,Relaxation,pokopiadex_category:furniture,https://pokopiadex.com/images/items/item_ui/sleeping-bag.png,pokopiadex_items,,sleeping-bag,Furniture,Relaxation,,,,https://pokopiadex.com/items;https://infipoke.com/zh/game/pokopia/items,465-sleeping-bag.png,assets/pokopia_image_sources/decorative_item_portraits/465-sleeping-bag.png,https://pokopiadex.com/images/items/item_ui/sleeping-bag.png,pokopiadex_items,image/png,120416,1d30f849ac2c1c1a735983ef81697efbae76d312293ae078176c39df425de1b1,ok,
466,decorative_item,Slender candle,细长蜡烛,Outdoor,Decoration,infipoke_tag:decoration;pokopiadex_tag:decoration,https://pokopiadex.com/images/items/shop_ui/slender-candle.png,pokopiadex_items,https://infipoke.com/img/pokopia/items/slendercandle.webp,slender-candle,Outdoor,Decoration,slendercandle,Outdoor,Decoration,https://pokopiadex.com/items;https://infipoke.com/zh/game/pokopia/items,466-slender-candle.png,assets/pokopia_image_sources/decorative_item_portraits/466-slender-candle.png,https://pokopiadex.com/images/items/shop_ui/slender-candle.png,pokopiadex_items,image/png,118957,5f9c441df112210a6c03124b39321031f28351918a16da0d375e5012b2be6568,ok,
467,decorative_item,Slide,滑梯,Outdoor,Toy,infipoke_tag:toy;pokopiadex_tag:toy,https://pokopiadex.com/images/items/item_ui/slide.png,pokopiadex_items,https://infipoke.com/img/pokopia/items/slide.webp,slide,Outdoor,Toy,slide,Outdoor,Toy,https://pokopiadex.com/items;https://infipoke.com/zh/game/pokopia/items,467-slide.png,assets/pokopia_image_sources/decorative_item_portraits/467-slide.png,https://pokopiadex.com/images/items/item_ui/slide.png,pokopiadex_items,image/png,21455,2f69ebbd82e05ebb66f10108ae468a70fd62b082aad3b94557018616958da13c,ok,
468,decorative_item,Small garbage can,小垃圾桶,Misc.,Decoration,infipoke_tag:decoration;pokopiadex_tag:decoration,https://pokopiadex.com/images/items/item_ui/small-garbage-can.png,pokopiadex_items,https://infipoke.com/img/pokopia/items/smallgarbagecan.webp,small-garbage-can,Misc.,Decoration,smallgarbagecan,Misc.,Decoration,https://pokopiadex.com/items;https://infipoke.com/zh/game/pokopia/items,468-small-garbage-can.png,assets/pokopia_image_sources/decorative_item_portraits/468-small-garbage-can.png,https://pokopiadex.com/images/items/item_ui/small-garbage-can.png,pokopiadex_items,image/png,21184,7f10862502e2671d3a3cc2ba8c503376d7854e8d6fa39912b8cb67c8f6bd8caf,ok,
469,decorative_item,Small stage,小型舞台,Outdoor,Toy,infipoke_tag:toy;pokopiadex_tag:toy,https://pokopiadex.com/images/items/shop_ui/small-stage.png,pokopiadex_items,https://infipoke.com/img/pokopia/items/smallstage.webp,small-stage,Outdoor,Toy,smallstage,Outdoor,Toy,https://pokopiadex.com/items;https://infipoke.com/zh/game/pokopia/items,469-small-stage.png,assets/pokopia_image_sources/decorative_item_portraits/469-small-stage.png,https://pokopiadex.com/images/items/shop_ui/small-stage.png,pokopiadex_items,image/png,160404,d460a3bffb1f48e5821b22be08ea8543682544747cb8f8f083b47a982aea9499,ok,
470,decorative_item,Small vase,小花瓶,Misc.,Decoration,infipoke_tag:decoration;pokopiadex_tag:decoration,https://pokopiadex.com/images/items/crafting_ui/small-vase.png,pokopiadex_items,https://infipoke.com/img/pokopia/items/smallvase.webp,small-vase,Misc.,Decoration,smallvase,Misc.,Decoration,https://pokopiadex.com/items;https://infipoke.com/zh/game/pokopia/items,470-small-vase.png,assets/pokopia_image_sources/decorative_item_portraits/470-small-vase.png,https://pokopiadex.com/images/items/crafting_ui/small-vase.png,pokopiadex_items,image/png,155203,0c465cd73b867a68919956a3048dc484546ecafcd418ec207af12bff1bb2305d,ok,
471,decorative_item,Soda Float,漂浮汽水,Misc.,Decoration,infipoke_tag:decoration;pokopiadex_tag:decoration,https://pokopiadex.com/images/items/item_ui/soda-float.png,pokopiadex_items,https://infipoke.com/img/pokopia/items/sodafloat.webp,soda-float,Misc.,Decoration,sodafloat,Misc.,Decoration,https://pokopiadex.com/items;https://infipoke.com/zh/game/pokopia/items,471-soda-float.png,assets/pokopia_image_sources/decorative_item_portraits/471-soda-float.png,https://pokopiadex.com/images/items/item_ui/soda-float.png,pokopiadex_items,image/png,26739,c350450f70a0eab9c1f38dfb4d785856bdac36c720d5609ea947897f0a606ec9,ok,
472,decorative_item,Soft carpeting,柔软地毯,Blocks,Road,infipoke_category:blocks;pokopiadex_category:blocks,https://pokopiadex.com/images/items/item_ui/soft-carpeting.png,pokopiadex_items,https://infipoke.com/img/pokopia/items/softcarpeting.webp,soft-carpeting,Blocks,Road,softcarpeting,Blocks,Road,https://pokopiadex.com/items;https://infipoke.com/zh/game/pokopia/items,472-soft-carpeting.png,assets/pokopia_image_sources/decorative_item_portraits/472-soft-carpeting.png,https://pokopiadex.com/images/items/item_ui/soft-carpeting.png,pokopiadex_items,image/png,22857,af9b3afb999624610708cb8ff43f1f1dbbce53212c44dcdcbacfadba1610ed1d,ok,
473,decorative_item,Soft seat,柔软座椅,Furniture,Relaxation,infipoke_category:furniture;pokopiadex_category:furniture,https://pokopiadex.com/images/items/item_ui/soft-seat.png,pokopiadex_items,https://infipoke.com/img/pokopia/items/softseat.webp,soft-seat,Furniture,Relaxation,softseat,Furniture,Relaxation,https://pokopiadex.com/items;https://infipoke.com/zh/game/pokopia/items,473-soft-seat.png,assets/pokopia_image_sources/decorative_item_portraits/473-soft-seat.png,https://pokopiadex.com/images/items/item_ui/soft-seat.png,pokopiadex_items,image/png,22971,1f2918445229d6170e95d6e2c5fb133b16a2c7052ebe7783459258354799f025,ok,
474,decorative_item,Spaceship,宇宙飞船,Misc.,Toy,infipoke_tag:toy;pokopiadex_tag:toy,https://pokopiadex.com/images/items/item_ui/spaceship.png,pokopiadex_items,https://infipoke.com/img/pokopia/items/spaceship.webp,spaceship,Misc.,Toy,spaceship,Misc.,Toy,https://pokopiadex.com/items;https://infipoke.com/zh/game/pokopia/items,474-spaceship.png,assets/pokopia_image_sources/decorative_item_portraits/474-spaceship.png,https://pokopiadex.com/images/items/item_ui/spaceship.png,pokopiadex_items,image/png,94728,ecb5ba1a80f3561b55754a8fb2ef8b57ed5e6d37cacb165a02a28ff350dae113,ok,
475,decorative_item,Spacesuit,太空服,Misc.,Toy,infipoke_tag:toy;pokopiadex_tag:toy,https://pokopiadex.com/images/items/item_ui/spacesuit.png,pokopiadex_items,https://infipoke.com/img/pokopia/items/spacesuit.webp,spacesuit,Misc.,Toy,spacesuit,Misc.,Toy,https://pokopiadex.com/items;https://infipoke.com/zh/game/pokopia/items,475-spacesuit.png,assets/pokopia_image_sources/decorative_item_portraits/475-spacesuit.png,https://pokopiadex.com/images/items/item_ui/spacesuit.png,pokopiadex_items,image/png,137848,b9606393c9b2dd14939b3c6b3deacfafe021bc16ba42597c62e961276f538e38,ok,
476,decorative_item,Speaker,音箱,Misc.,Toy,infipoke_tag:toy;pokopiadex_tag:toy,https://pokopiadex.com/images/items/shop_ui/speaker.png,pokopiadex_items,https://infipoke.com/img/pokopia/items/speaker.webp,speaker,Misc.,Toy,speaker,Misc.,Toy,https://pokopiadex.com/items;https://infipoke.com/zh/game/pokopia/items,476-speaker.png,assets/pokopia_image_sources/decorative_item_portraits/476-speaker.png,https://pokopiadex.com/images/items/shop_ui/speaker.png,pokopiadex_items,image/png,86568,31ed6c5d8e41793babd2b82be45fc9e0cc73adc76771d45a91417ded90a0b60e,ok,
477,decorative_item,Spectator chair,观众椅,Furniture,Relaxation,infipoke_category:furniture;pokopiadex_category:furniture,https://pokopiadex.com/images/items/item_ui/spectator-chair.png,pokopiadex_items,https://infipoke.com/img/pokopia/items/spectatorchair.webp,spectator-chair,Furniture,Relaxation,spectatorchair,Furniture,Relaxation,https://pokopiadex.com/items;https://infipoke.com/zh/game/pokopia/items,477-spectator-chair.png,assets/pokopia_image_sources/decorative_item_portraits/477-spectator-chair.png,https://pokopiadex.com/images/items/item_ui/spectator-chair.png,pokopiadex_items,image/png,29609,ba5ad519bfcd2a71cc8537f381fcc1c9cf764d7f958a02a79dc94b955feba9d0,ok,
478,decorative_item,Spotlight,射灯,Utilities,Decoration,infipoke_tag:decoration;pokopiadex_tag:decoration,https://pokopiadex.com/images/items/crafting_ui/spotlight.png,pokopiadex_items,https://infipoke.com/img/pokopia/items/spotlight.webp,spotlight,Utilities,Decoration,spotlight,Utilities,Decoration,https://pokopiadex.com/items;https://infipoke.com/zh/game/pokopia/items,478-spotlight.png,assets/pokopia_image_sources/decorative_item_portraits/478-spotlight.png,https://pokopiadex.com/images/items/crafting_ui/spotlight.png,pokopiadex_items,image/png,113569,932ad8e643768fe750f18355909d235822974ec79ab1a3590a4576fb8e8715d4,ok,
479,decorative_item,Spotted cliff rock,斑纹悬崖岩石,Blocks,,infipoke_category:blocks;pokopiadex_category:blocks,https://pokopiadex.com/images/items/item_ui/spotted-cliff-rock.png,pokopiadex_items,https://infipoke.com/img/pokopia/items/spottedcliffrock.webp,spotted-cliff-rock,Blocks,,spottedcliffrock,Blocks,,https://pokopiadex.com/items;https://infipoke.com/zh/game/pokopia/items,479-spotted-cliff-rock.png,assets/pokopia_image_sources/decorative_item_portraits/479-spotted-cliff-rock.png,https://pokopiadex.com/images/items/item_ui/spotted-cliff-rock.png,pokopiadex_items,image/png,105143,170054958b043602c171b0353ef246ee37f43b5944ab9687db0f1be7f6788bf4,ok,
480,decorative_item,Sprinkler,洒水器,Utilities,Toy,pokopiadex_tag:toy,https://pokopiadex.com/images/items/item_ui/sprinkler.png,pokopiadex_items,https://infipoke.com/img/pokopia/items/sprinkler.webp,sprinkler,Utilities,Toy,sprinkler,Utilities,,https://pokopiadex.com/items;https://infipoke.com/zh/game/pokopia/items,480-sprinkler.png,assets/pokopia_image_sources/decorative_item_portraits/480-sprinkler.png,https://pokopiadex.com/images/items/item_ui/sprinkler.png,pokopiadex_items,image/png,29786,4ff3b398278828dd898f554b6e3fef5d864a137e437484279949a53e230395d2,ok,
481,decorative_item,Square tiling,方格砖,Blocks,Road,infipoke_category:blocks;pokopiadex_category:blocks,https://pokopiadex.com/images/items/crafting_ui/square-tiling.png,pokopiadex_items,https://infipoke.com/img/pokopia/items/squaretiling.webp,square-tiling,Blocks,Road,squaretiling,Blocks,Road,https://pokopiadex.com/items;https://infipoke.com/zh/game/pokopia/items,481-square-tiling.png,assets/pokopia_image_sources/decorative_item_portraits/481-square-tiling.png,https://pokopiadex.com/images/items/crafting_ui/square-tiling.png,pokopiadex_items,image/png,132495,b7e83916aa32c1263c6bc67f9fe90d68cae69b5d5b0ecefdc738fde308e53c25,ok,
482,decorative_item,Standing mic,立式麦克风,Misc.,Toy,infipoke_tag:toy;pokopiadex_tag:toy,https://pokopiadex.com/images/items/item_ui/standing-mic.png,pokopiadex_items,https://infipoke.com/img/pokopia/items/standingmic.webp,standing-mic,Misc.,Toy,standingmic,Misc.,Toy,https://pokopiadex.com/items;https://infipoke.com/zh/game/pokopia/items,482-standing-mic.png,assets/pokopia_image_sources/decorative_item_portraits/482-standing-mic.png,https://pokopiadex.com/images/items/item_ui/standing-mic.png,pokopiadex_items,image/png,9024,65975c127b967166b55139e816657d4e274d454ce56f1e8a38d1f49c47d86a2d,ok,
483,decorative_item,Star print,星星花纹,Blocks,,infipoke_category:blocks;pokopiadex_category:blocks,https://pokopiadex.com/images/items/crafting_ui/star-print.png,pokopiadex_items,https://infipoke.com/img/pokopia/items/starprint.webp,star-print,Blocks,,starprint,Blocks,,https://pokopiadex.com/items;https://infipoke.com/zh/game/pokopia/items,483-star-print.png,assets/pokopia_image_sources/decorative_item_portraits/483-star-print.png,https://pokopiadex.com/images/items/crafting_ui/star-print.png,pokopiadex_items,image/png,154616,66069bf5dda978cfd6fbcebd9dbabc160a368cd23a05d4adac98502c31a0bc49,ok,
484,decorative_item,Starry-sky wall,星空墙,Blocks,,infipoke_category:blocks;pokopiadex_category:blocks,https://pokopiadex.com/images/items/item_ui/starry-sky-wall.png,pokopiadex_items,https://infipoke.com/img/pokopia/items/starry-skywall.webp,starry-sky-wall,Blocks,,starry-skywall,Blocks,,https://pokopiadex.com/items;https://infipoke.com/zh/game/pokopia/items,484-starry-sky-wall.png,assets/pokopia_image_sources/decorative_item_portraits/484-starry-sky-wall.png,https://pokopiadex.com/images/items/item_ui/starry-sky-wall.png,pokopiadex_items,image/png,35764,4967ae4da61bf28d1256ec5d2a7dead536c7d6bd87a8a3eaa268945edbcef447,ok,
485,decorative_item,Step stool,脚踏凳,Misc.,Toy,infipoke_tag:toy;pokopiadex_tag:toy,https://pokopiadex.com/images/items/crafting_ui/step-stool.png,pokopiadex_items,https://infipoke.com/img/pokopia/items/stepstool.webp,step-stool,Misc.,Toy,stepstool,Misc.,Toy,https://pokopiadex.com/items;https://infipoke.com/zh/game/pokopia/items,485-step-stool.png,assets/pokopia_image_sources/decorative_item_portraits/485-step-stool.png,https://pokopiadex.com/images/items/crafting_ui/step-stool.png,pokopiadex_items,image/png,121829,4f0eabeb6ba4dfd67aa6da1896f0778c9af27501d46617c356a9ee70a8c67415,ok,
486,decorative_item,Stone bench,石长椅,Furniture,Relaxation,infipoke_category:furniture;pokopiadex_category:furniture,https://pokopiadex.com/images/items/shop_ui/stone-bench.png,pokopiadex_items,https://infipoke.com/img/pokopia/items/stonebench.webp,stone-bench,Furniture,Relaxation,stonebench,Furniture,Relaxation,https://pokopiadex.com/items;https://infipoke.com/zh/game/pokopia/items,486-stone-bench.png,assets/pokopia_image_sources/decorative_item_portraits/486-stone-bench.png,https://pokopiadex.com/images/items/shop_ui/stone-bench.png,pokopiadex_items,image/png,191928,2fba5b09ddefd3d71f5cf928a8132acf0edd1f130920cb9b46fe8282fc1852f3,ok,
487,decorative_item,Stone brick wall,石砖墙,Blocks,,infipoke_category:blocks;pokopiadex_category:blocks,https://pokopiadex.com/images/items/crafting_ui/stone-brick-wall.png,pokopiadex_items,https://infipoke.com/img/pokopia/items/stonebrickwall.webp,stone-brick-wall,Blocks,,stonebrickwall,Blocks,,https://pokopiadex.com/items;https://infipoke.com/zh/game/pokopia/items,487-stone-brick-wall.png,assets/pokopia_image_sources/decorative_item_portraits/487-stone-brick-wall.png,https://pokopiadex.com/images/items/crafting_ui/stone-brick-wall.png,pokopiadex_items,image/png,131686,19a50dcd379f67dfc5c7e6b64dc974d328bd9a6b398256849bdbc57d55b201d7,ok,
488,decorative_item,Stone fireplace,石制壁炉,Misc.,Decoration,infipoke_tag:decoration,https://pokopiadex.com/images/items/shop_ui/stone-fireplace.png,pokopiadex_items,https://infipoke.com/img/pokopia/items/stonefireplace.webp,stone-fireplace,Misc.,Relaxation,stonefireplace,Misc.,Decoration,https://pokopiadex.com/items;https://infipoke.com/zh/game/pokopia/items,488-stone-fireplace.png,assets/pokopia_image_sources/decorative_item_portraits/488-stone-fireplace.png,https://pokopiadex.com/images/items/shop_ui/stone-fireplace.png,pokopiadex_items,image/png,390440,2dd8c201c1f2dc769974e4c3262e31dfe37498368debad51ba55c453842b37d3,ok,
489,decorative_item,Stone flooring,石地板,Blocks,Road,infipoke_category:blocks;pokopiadex_category:blocks,https://pokopiadex.com/images/items/crafting_ui/stone-flooring.png,pokopiadex_items,https://infipoke.com/img/pokopia/items/stoneflooring.webp,stone-flooring,Blocks,Road,stoneflooring,Blocks,Road,https://pokopiadex.com/items;https://infipoke.com/zh/game/pokopia/items,489-stone-flooring.png,assets/pokopia_image_sources/decorative_item_portraits/489-stone-flooring.png,https://pokopiadex.com/images/items/crafting_ui/stone-flooring.png,pokopiadex_items,image/png,96342,1725d3fcc1315d863cf0b0b5c5e7b653ac5f1acdd9e177c584ac7167f5e8052a,ok,
490,decorative_item,Stone pillar (lower),石柱（下）,Blocks,,infipoke_category:blocks;pokopiadex_category:blocks,https://pokopiadex.com/images/items/crafting_ui/stone-pillar-lower.png,pokopiadex_items,https://infipoke.com/img/pokopia/items/stonepillar%28lower%29.webp,stone-pillar-lower,Blocks,,stonepillar(lower),Blocks,,https://pokopiadex.com/items;https://infipoke.com/zh/game/pokopia/items,490-stone-pillar-lower.png,assets/pokopia_image_sources/decorative_item_portraits/490-stone-pillar-lower.png,https://pokopiadex.com/images/items/crafting_ui/stone-pillar-lower.png,pokopiadex_items,image/png,118121,ba48f3cf204ac3693c1e0b93a348609ffd33a9f58e25283ddafb62094cc6e80f,ok,
491,decorative_item,Stone pillar (middle),石柱（中）,Blocks,,infipoke_category:blocks;pokopiadex_category:blocks,https://pokopiadex.com/images/items/crafting_ui/stone-pillar-middle.png,pokopiadex_items,https://infipoke.com/img/pokopia/items/stonepillar%28middle%29.webp,stone-pillar-middle,Blocks,,stonepillar(middle),Blocks,,https://pokopiadex.com/items;https://infipoke.com/zh/game/pokopia/items,491-stone-pillar-middle.png,assets/pokopia_image_sources/decorative_item_portraits/491-stone-pillar-middle.png,https://pokopiadex.com/images/items/crafting_ui/stone-pillar-middle.png,pokopiadex_items,image/png,105159,405787d9f307c049b55a6d8141c2675ef25e33e854b049115f010f25c425ac14,ok,
492,decorative_item,Stone pillar (upper),石柱（上）,Blocks,,infipoke_category:blocks;pokopiadex_category:blocks,https://pokopiadex.com/images/items/crafting_ui/stone-pillar-upper.png,pokopiadex_items,https://infipoke.com/img/pokopia/items/stonepillar%28upper%29.webp,stone-pillar-upper,Blocks,,stonepillar(upper),Blocks,,https://pokopiadex.com/items;https://infipoke.com/zh/game/pokopia/items,492-stone-pillar-upper.png,assets/pokopia_image_sources/decorative_item_portraits/492-stone-pillar-upper.png,https://pokopiadex.com/images/items/crafting_ui/stone-pillar-upper.png,pokopiadex_items,image/png,119322,294b2ce2d4d6fb8b03b6f88803b16686df2d504a6593774bf9d77cd7a069cddb,ok,
493,decorative_item,Stone table,石桌,Furniture,,infipoke_category:furniture;pokopiadex_category:furniture,https://pokopiadex.com/images/items/item_ui/stone-table.png,pokopiadex_items,https://infipoke.com/img/pokopia/items/stonetable.webp,stone-table,Furniture,,stonetable,Furniture,,https://pokopiadex.com/items;https://infipoke.com/zh/game/pokopia/items,493-stone-table.png,assets/pokopia_image_sources/decorative_item_portraits/493-stone-table.png,https://pokopiadex.com/images/items/item_ui/stone-table.png,pokopiadex_items,image/png,18495,296a1a461cce081f3920c74f362b31688065d660af1ccd7aa406d41a01f5719e,ok,
494,decorative_item,Stone tiling,石砖,Blocks,Road,infipoke_category:blocks;pokopiadex_category:blocks,https://pokopiadex.com/images/items/crafting_ui/stone-tiling.png,pokopiadex_items,https://infipoke.com/img/pokopia/items/stonetiling.webp,stone-tiling,Blocks,Road,stonetiling,Blocks,Road,https://pokopiadex.com/items;https://infipoke.com/zh/game/pokopia/items,494-stone-tiling.png,assets/pokopia_image_sources/decorative_item_portraits/494-stone-tiling.png,https://pokopiadex.com/images/items/crafting_ui/stone-tiling.png,pokopiadex_items,image/png,95471,b655e24d422621a80577c72170acaca0ad24d461244c38923d16120f6dbd354d,ok,
495,decorative_item,Storage box,收纳箱,Furniture,,infipoke_category:furniture;pokopiadex_category:furniture,https://pokopiadex.com/images/items/crafting_ui/storage-box.png,pokopiadex_items,https://infipoke.com/img/pokopia/items/storagebox.webp,storage-box,Furniture,,storagebox,Furniture,,https://pokopiadex.com/items;https://infipoke.com/zh/game/pokopia/items,495-storage-box.png,assets/pokopia_image_sources/decorative_item_portraits/495-storage-box.png,https://pokopiadex.com/images/items/crafting_ui/storage-box.png,pokopiadex_items,image/png,107108,174be00347b60870af512fef8c297b8c430fd20344a7bebb684bd48ab07f2a23,ok,
496,decorative_item,Straw bed,稻草床,Furniture,Relaxation,infipoke_category:furniture;pokopiadex_category:furniture,https://pokopiadex.com/images/items/crafting_ui/straw-bed.png,pokopiadex_items,https://infipoke.com/img/pokopia/items/strawbed.webp,straw-bed,Furniture,Relaxation,strawbed,Furniture,Relaxation,https://pokopiadex.com/items;https://infipoke.com/zh/game/pokopia/items,496-straw-bed.png,assets/pokopia_image_sources/decorative_item_portraits/496-straw-bed.png,https://pokopiadex.com/images/items/crafting_ui/straw-bed.png,pokopiadex_items,image/png,175810,33a5acbc18ecc8c9661f655aadb57e054d467329ddaf6349959db7af85ca4b8e,ok,
497,decorative_item,Straw stool,草编凳,Furniture,Relaxation,infipoke_category:furniture;pokopiadex_category:furniture,https://pokopiadex.com/images/items/crafting_ui/straw-stool.png,pokopiadex_items,https://infipoke.com/img/pokopia/items/strawstool.webp,straw-stool,Furniture,Relaxation,strawstool,Furniture,Relaxation,https://pokopiadex.com/items;https://infipoke.com/zh/game/pokopia/items,497-straw-stool.png,assets/pokopia_image_sources/decorative_item_portraits/497-straw-stool.png,https://pokopiadex.com/images/items/crafting_ui/straw-stool.png,pokopiadex_items,image/png,157255,abead34891f44fa9f573507f3ce93b09d1ce8823943dbbacfb4e182a158f0273,ok,
498,decorative_item,Straw table,草编桌,Furniture,,infipoke_category:furniture;pokopiadex_category:furniture,https://pokopiadex.com/images/items/crafting_ui/straw-table.png,pokopiadex_items,https://infipoke.com/img/pokopia/items/strawtable.webp,straw-table,Furniture,,strawtable,Furniture,,https://pokopiadex.com/items;https://infipoke.com/zh/game/pokopia/items,498-straw-table.png,assets/pokopia_image_sources/decorative_item_portraits/498-straw-table.png,https://pokopiadex.com/images/items/crafting_ui/straw-table.png,pokopiadex_items,image/png,169681,6074c4be6d6cdc6e1e99be93f1db5701d1a6c8fbdb835825eda3d0d49424dd6f,ok,
499,decorative_item,String lights,串灯,Utilities,Decoration,infipoke_tag:decoration;pokopiadex_tag:decoration,https://pokopiadex.com/images/items/crafting_ui/string-lights.png,pokopiadex_items,https://infipoke.com/img/pokopia/items/stringlights.webp,string-lights,Utilities,Decoration,stringlights,Utilities,Decoration,https://pokopiadex.com/items;https://infipoke.com/zh/game/pokopia/items,499-string-lights.png,assets/pokopia_image_sources/decorative_item_portraits/499-string-lights.png,https://pokopiadex.com/images/items/crafting_ui/string-lights.png,pokopiadex_items,image/png,108594,313f12a30afc41a5d859bb34ecb55a2e01ee6d6c1f2e8f9e6c0496c32703234b,ok,
500,decorative_item,Striped soil,条纹土壤,Blocks,,infipoke_category:blocks;pokopiadex_category:blocks,https://pokopiadex.com/images/items/item_ui/striped-soil.png,pokopiadex_items,https://infipoke.com/img/pokopia/items/stripedsoil.webp,striped-soil,Blocks,,stripedsoil,Blocks,,https://pokopiadex.com/items;https://infipoke.com/zh/game/pokopia/items,500-striped-soil.png,assets/pokopia_image_sources/decorative_item_portraits/500-striped-soil.png,https://pokopiadex.com/images/items/item_ui/striped-soil.png,pokopiadex_items,image/png,24420,4caa956e77da2621325def922dd443f824f25d3758f2728a462f780a3c4576af,ok,
501,decorative_item,Striped wall,条纹墙,Blocks,,infipoke_category:blocks;pokopiadex_category:blocks,https://pokopiadex.com/images/items/item_ui/striped-wall.png,pokopiadex_items,https://infipoke.com/img/pokopia/items/stripedwall.webp,striped-wall,Blocks,,stripedwall,Blocks,,https://pokopiadex.com/items;https://infipoke.com/zh/game/pokopia/items,501-striped-wall.png,assets/pokopia_image_sources/decorative_item_portraits/501-striped-wall.png,https://pokopiadex.com/images/items/item_ui/striped-wall.png,pokopiadex_items,image/png,22730,260e417a6f229c289413a2ccec70f5d4db5e8abfe327f37d0933ea2496e7a9d7,ok,
502,decorative_item,Study desk,学习桌,Furniture,,infipoke_category:furniture;pokopiadex_category:furniture,https://pokopiadex.com/images/items/item_ui/study-desk.png,pokopiadex_items,https://infipoke.com/img/pokopia/items/studydesk.webp,study-desk,Furniture,,studydesk,Furniture,,https://pokopiadex.com/items;https://infipoke.com/zh/game/pokopia/items,502-study-desk.png,assets/pokopia_image_sources/decorative_item_portraits/502-study-desk.png,https://pokopiadex.com/images/items/item_ui/study-desk.png,pokopiadex_items,image/png,18533,cb7eb51cc0fd2d31f97edc48fdff6a0c47144a7feef0f83e84cd49b4040b6893,ok,
503,decorative_item,Stylish brick wall (lower),时尚砖墙（下）,Blocks,,infipoke_category:blocks;pokopiadex_category:blocks,https://pokopiadex.com/images/items/item_ui/stylish-brick-wall-lower.png,pokopiadex_items,https://infipoke.com/img/pokopia/items/stylishbrickwall%28lower%29.webp,stylish-brick-wall-lower,Blocks,,stylishbrickwall(lower),Blocks,,https://pokopiadex.com/items;https://infipoke.com/zh/game/pokopia/items,503-stylish-brick-wall-lower.png,assets/pokopia_image_sources/decorative_item_portraits/503-stylish-brick-wall-lower.png,https://pokopiadex.com/images/items/item_ui/stylish-brick-wall-lower.png,pokopiadex_items,image/png,33328,037efe9e1250382b6fbca706cb6c32779d314257e2e8ff0f166359e8f9c833fb,ok,
504,decorative_item,Stylish brick wall (middle),时尚砖墙（中）,Blocks,,infipoke_category:blocks;pokopiadex_category:blocks,https://pokopiadex.com/images/items/item_ui/stylish-brick-wall-middle.png,pokopiadex_items,https://infipoke.com/img/pokopia/items/stylishbrickwall%28middle%29.webp,stylish-brick-wall-middle,Blocks,,stylishbrickwall(middle),Blocks,,https://pokopiadex.com/items;https://infipoke.com/zh/game/pokopia/items,504-stylish-brick-wall-middle.png,assets/pokopia_image_sources/decorative_item_portraits/504-stylish-brick-wall-middle.png,https://pokopiadex.com/images/items/item_ui/stylish-brick-wall-middle.png,pokopiadex_items,image/png,33235,287b2d49aa60adafbc87d2b6da21ee77c4a1029c740ca7f1b29f1fbedfd3b045,ok,
505,decorative_item,Stylish brick wall (upper),时尚砖墙（上）,Blocks,,infipoke_category:blocks;pokopiadex_category:blocks,https://pokopiadex.com/images/items/item_ui/stylish-brick-wall-upper.png,pokopiadex_items,https://infipoke.com/img/pokopia/items/stylishbrickwall%28upper%29.webp,stylish-brick-wall-upper,Blocks,,stylishbrickwall(upper),Blocks,,https://pokopiadex.com/items;https://infipoke.com/zh/game/pokopia/items,505-stylish-brick-wall-upper.png,assets/pokopia_image_sources/decorative_item_portraits/505-stylish-brick-wall-upper.png,https://pokopiadex.com/images/items/item_ui/stylish-brick-wall-upper.png,pokopiadex_items,image/png,32336,f4f630c56ff6b1ad94be7413438cbb8dc8be2e99b1ed196dfa0615ae10dbff5e,ok,
506,decorative_item,Stylish Bronze wall,时尚青铜墙,Blocks,,infipoke_category:blocks;pokopiadex_category:blocks,https://pokopiadex.com/images/items/item_ui/stylish-bronze-wall.png,pokopiadex_items,https://infipoke.com/img/pokopia/items/stylishbronzewall.webp,stylish-bronze-wall,Blocks,,stylishbronzewall,Blocks,,https://pokopiadex.com/items;https://infipoke.com/zh/game/pokopia/items,506-stylish-bronze-wall.png,assets/pokopia_image_sources/decorative_item_portraits/506-stylish-bronze-wall.png,https://pokopiadex.com/images/items/item_ui/stylish-bronze-wall.png,pokopiadex_items,image/png,33290,aac05b982850f2ec49b87f3a775e1ad17dd0bfd92278b63fcef15d67bd643db1,ok,
507,decorative_item,Stylish gold wall,时尚金墙,Blocks,,infipoke_category:blocks;pokopiadex_category:blocks,https://pokopiadex.com/images/items/item_ui/stylish-gold-wall.png,pokopiadex_items,https://infipoke.com/img/pokopia/items/stylishgoldwall.webp,stylish-gold-wall,Blocks,,stylishgoldwall,Blocks,,https://pokopiadex.com/items;https://infipoke.com/zh/game/pokopia/items,507-stylish-gold-wall.png,assets/pokopia_image_sources/decorative_item_portraits/507-stylish-gold-wall.png,https://pokopiadex.com/images/items/item_ui/stylish-gold-wall.png,pokopiadex_items,image/png,33250,ca312df179e3d2f952e6275d32592a0d6fe805aa344487636fb31a947c793fd0,ok,
508,decorative_item,Stylish iron wall,时尚铁墙,Blocks,,infipoke_category:blocks;pokopiadex_category:blocks,https://pokopiadex.com/images/items/item_ui/stylish-iron-wall.png,pokopiadex_items,https://infipoke.com/img/pokopia/items/stylishironwall.webp,stylish-iron-wall,Blocks,,stylishironwall,Blocks,,https://pokopiadex.com/items;https://infipoke.com/zh/game/pokopia/items,508-stylish-iron-wall.png,assets/pokopia_image_sources/decorative_item_portraits/508-stylish-iron-wall.png,https://pokopiadex.com/images/items/item_ui/stylish-iron-wall.png,pokopiadex_items,image/png,37970,e3ddad5fce8468441240ac895d2f2d6413388037f6dfa06fef9b29ac4d7b0e9f,ok,
509,decorative_item,Stylish Poké Ball print,时尚精灵球花纹,Blocks,,infipoke_category:blocks;pokopiadex_category:blocks,https://pokopiadex.com/images/items/item_ui/stylish-poke-ball-print.png,pokopiadex_items,https://infipoke.com/img/pokopia/items/stylishpokeballprint.webp,stylish-poke-ball-print,Blocks,,stylishpokeballprint,Blocks,,https://pokopiadex.com/items;https://infipoke.com/zh/game/pokopia/items,509-stylish-poke-ball-print.png,assets/pokopia_image_sources/decorative_item_portraits/509-stylish-poke-ball-print.png,https://pokopiadex.com/images/items/item_ui/stylish-poke-ball-print.png,pokopiadex_items,image/png,43319,ae0427689055bf9909f11ab8435d9a26c4969e90de192943be8ba99541a9e5ac,ok,
510,decorative_item,Stylish stone flooring,时尚石地板,Blocks,Road,infipoke_category:blocks;pokopiadex_category:blocks,https://pokopiadex.com/images/items/item_ui/stylish-stone-flooring.png,pokopiadex_items,https://infipoke.com/img/pokopia/items/stylishstoneflooring.webp,stylish-stone-flooring,Blocks,Road,stylishstoneflooring,Blocks,Road,https://pokopiadex.com/items;https://infipoke.com/zh/game/pokopia/items,510-stylish-stone-flooring.png,assets/pokopia_image_sources/decorative_item_portraits/510-stylish-stone-flooring.png,https://pokopiadex.com/images/items/item_ui/stylish-stone-flooring.png,pokopiadex_items,image/png,107461,1b82d982e87d607067da405a1246af0f16e1bd96c9962964f02893090d679f68,ok,
511,decorative_item,Stylish stool,时尚凳,Furniture,Relaxation,infipoke_category:furniture;pokopiadex_category:furniture,https://pokopiadex.com/images/items/crafting_ui/stylish-stool.png,pokopiadex_items,https://infipoke.com/img/pokopia/items/stylishstool.webp,stylish-stool,Furniture,Relaxation,stylishstool,Furniture,Relaxation,https://pokopiadex.com/items;https://infipoke.com/zh/game/pokopia/items,511-stylish-stool.png,assets/pokopia_image_sources/decorative_item_portraits/511-stylish-stool.png,https://pokopiadex.com/images/items/crafting_ui/stylish-stool.png,pokopiadex_items,image/png,111325,bc1d99429f6cebfdaa9b73496c1279985ac3474002799057cc8f7b41bbc37e36,ok,
512,decorative_item,Stylish tiling,时尚瓷砖,Blocks,Road,infipoke_category:blocks;pokopiadex_category:blocks,https://pokopiadex.com/images/items/crafting_ui/stylish-tiling.png,pokopiadex_items,https://infipoke.com/img/pokopia/items/stylishtiling.webp,stylish-tiling,Blocks,Road,stylishtiling,Blocks,Road,https://pokopiadex.com/items;https://infipoke.com/zh/game/pokopia/items,512-stylish-tiling.png,assets/pokopia_image_sources/decorative_item_portraits/512-stylish-tiling.png,https://pokopiadex.com/images/items/crafting_ui/stylish-tiling.png,pokopiadex_items,image/png,150288,d1ee6df70611a239a04c2ca6b01a94a8341d5f9d3f9df18efc4b9099b48b2562,ok,
513,decorative_item,Stylish wall (lower),时尚墙（下）,Blocks,,infipoke_category:blocks;pokopiadex_category:blocks,https://pokopiadex.com/images/items/item_ui/stylish-wall-lower.png,pokopiadex_items,https://infipoke.com/img/pokopia/items/stylishwall%28lower%29.webp,stylish-wall-lower,Blocks,,stylishwall(lower),Blocks,,https://pokopiadex.com/items;https://infipoke.com/zh/game/pokopia/items,513-stylish-wall-lower.png,assets/pokopia_image_sources/decorative_item_portraits/513-stylish-wall-lower.png,https://pokopiadex.com/images/items/item_ui/stylish-wall-lower.png,pokopiadex_items,image/png,30134,1227b7a58c871b7b0d19da39f69067b84e7d035197a2633804b6f23ff4528458,ok,
514,decorative_item,Stylish wall (middle),时尚墙（中）,Blocks,,infipoke_category:blocks;pokopiadex_category:blocks,https://pokopiadex.com/images/items/item_ui/stylish-wall-middle.png,pokopiadex_items,https://infipoke.com/img/pokopia/items/stylishwall%28middle%29.webp,stylish-wall-middle,Blocks,,stylishwall(middle),Blocks,,https://pokopiadex.com/items;https://infipoke.com/zh/game/pokopia/items,514-stylish-wall-middle.png,assets/pokopia_image_sources/decorative_item_portraits/514-stylish-wall-middle.png,https://pokopiadex.com/images/items/item_ui/stylish-wall-middle.png,pokopiadex_items,image/png,26897,58febe27718231734e3943940994440d58e1fa1a958f66470ffd4470264b950c,ok,
515,decorative_item,Stylish wall (upper),时尚墙（上）,Blocks,,infipoke_category:blocks;pokopiadex_category:blocks,https://pokopiadex.com/images/items/item_ui/stylish-wall-upper.png,pokopiadex_items,https://infipoke.com/img/pokopia/items/stylishwall%28upper%29.webp,stylish-wall-upper,Blocks,,stylishwall(upper),Blocks,,https://pokopiadex.com/items;https://infipoke.com/zh/game/pokopia/items,515-stylish-wall-upper.png,assets/pokopia_image_sources/decorative_item_portraits/515-stylish-wall-upper.png,https://pokopiadex.com/images/items/item_ui/stylish-wall-upper.png,pokopiadex_items,image/png,29896,878f1b8c55398a4b79a4279ff489721229e37cccfc6b20dd413c041b2d99b532,ok,
516,decorative_item,Substitute doll,替身玩偶,Misc.,Toy,infipoke_tag:toy;pokopiadex_tag:toy,https://pokopiadex.com/images/items/item_ui/substitute-doll.png,pokopiadex_items,https://infipoke.com/img/pokopia/items/substitutedoll.webp,substitute-doll,Misc.,Toy,substitutedoll,Misc.,Toy,https://pokopiadex.com/items;https://infipoke.com/zh/game/pokopia/items,516-substitute-doll.png,assets/pokopia_image_sources/decorative_item_portraits/516-substitute-doll.png,https://pokopiadex.com/images/items/item_ui/substitute-doll.png,pokopiadex_items,image/png,100099,a38a0895674a46c43ac6aeed73aacee2f827e6865cd146931c470d7a18e849c4,ok,
517,decorative_item,Surface light,吸顶灯,Utilities,Decoration,infipoke_tag:decoration;pokopiadex_tag:decoration,https://pokopiadex.com/images/items/item_ui/surface-light.png,pokopiadex_items,https://infipoke.com/img/pokopia/items/surfacelight.webp,surface-light,Utilities,Decoration,surfacelight,Utilities,Decoration,https://pokopiadex.com/items;https://infipoke.com/zh/game/pokopia/items,517-surface-light.png,assets/pokopia_image_sources/decorative_item_portraits/517-surface-light.png,https://pokopiadex.com/images/items/item_ui/surface-light.png,pokopiadex_items,image/png,14760,227e46246616518b221f4c50df6475c086a0b192ff2c8e94868062670e631d0b,ok,
518,decorative_item,Swirl print,漩涡花纹,Blocks,,infipoke_category:blocks;pokopiadex_category:blocks,https://pokopiadex.com/images/items/item_ui/swirl-print.png,pokopiadex_items,https://infipoke.com/img/pokopia/items/swirlprint.webp,swirl-print,Blocks,,swirlprint,Blocks,,https://pokopiadex.com/items;https://infipoke.com/zh/game/pokopia/items,518-swirl-print.png,assets/pokopia_image_sources/decorative_item_portraits/518-swirl-print.png,https://pokopiadex.com/images/items/item_ui/swirl-print.png,pokopiadex_items,image/png,41187,132fdbb493c28e11224bfda553929e8bb5a760dbea27da92cbce3c14a4c1ef35,ok,
519,decorative_item,Table setting,餐桌摆设,Misc.,Decoration,infipoke_tag:decoration;pokopiadex_tag:decoration,https://pokopiadex.com/images/items/crafting_ui/table-setting.png,pokopiadex_items,https://infipoke.com/img/pokopia/items/tablesetting.webp,table-setting,Misc.,Decoration,tablesetting,Misc.,Decoration,https://pokopiadex.com/items;https://infipoke.com/zh/game/pokopia/items,519-table-setting.png,assets/pokopia_image_sources/decorative_item_portraits/519-table-setting.png,https://pokopiadex.com/images/items/crafting_ui/table-setting.png,pokopiadex_items,image/png,152310,bb4c82859e4bd5bc40afaed5a0c22e9686aa47138a763d9ca9a28d946473071c,ok,
520,decorative_item,Tablet,平板电脑,Misc.,Toy,infipoke_tag:toy;pokopiadex_tag:toy,https://pokopiadex.com/images/items/item_ui/tablet.png,pokopiadex_items,https://infipoke.com/img/pokopia/items/tablet.webp,tablet,Misc.,Toy,tablet,Misc.,Toy,https://pokopiadex.com/items;https://infipoke.com/zh/game/pokopia/items,520-tablet.png,assets/pokopia_image_sources/decorative_item_portraits/520-tablet.png,https://pokopiadex.com/images/items/item_ui/tablet.png,pokopiadex_items,image/png,108792,7b5e076a6cd2adad5f7ef41192da36c902bb71aca73d472c69da22143a516fcf,ok,
521,decorative_item,Tabletop mic,桌面麦克风,Misc.,Toy,infipoke_tag:toy;pokopiadex_tag:toy,https://pokopiadex.com/images/items/item_ui/tabletop-mic.png,pokopiadex_items,https://infipoke.com/img/pokopia/items/tabletopmic.webp,tabletop-mic,Misc.,Toy,tabletopmic,Misc.,Toy,https://pokopiadex.com/items;https://infipoke.com/zh/game/pokopia/items,521-tabletop-mic.png,assets/pokopia_image_sources/decorative_item_portraits/521-tabletop-mic.png,https://pokopiadex.com/images/items/item_ui/tabletop-mic.png,pokopiadex_items,image/png,21749,d061102f4237d89af6f34895e57fcf6d022c0cbadfeaf54d6308de14704ba3d0,ok,
522,decorative_item,Tall potted plant,大型盆栽,Misc.,Decoration,infipoke_tag:decoration;pokopiadex_tag:decoration,https://pokopiadex.com/images/items/shop_ui/tall-potted-plant.png,pokopiadex_items,https://infipoke.com/img/pokopia/items/tallpottedplant.webp,tall-potted-plant,Misc.,Decoration,tallpottedplant,Misc.,Decoration,https://pokopiadex.com/items;https://infipoke.com/zh/game/pokopia/items,522-tall-potted-plant.png,assets/pokopia_image_sources/decorative_item_portraits/522-tall-potted-plant.png,https://pokopiadex.com/images/items/shop_ui/tall-potted-plant.png,pokopiadex_items,image/png,280058,bdfd9e342ba173f7fa761d7b1164cc4a796051b2a01ddad2624d2d7ccf3ac80c,ok,
523,decorative_item,Tartan print,苏格兰格纹花纹,Blocks,,infipoke_category:blocks;pokopiadex_category:blocks,https://pokopiadex.com/images/items/item_ui/tartan-print.png,pokopiadex_items,https://infipoke.com/img/pokopia/items/tartanprint.webp,tartan-print,Blocks,,tartanprint,Blocks,,https://pokopiadex.com/items;https://infipoke.com/zh/game/pokopia/items,523-tartan-print.png,assets/pokopia_image_sources/decorative_item_portraits/523-tartan-print.png,https://pokopiadex.com/images/items/item_ui/tartan-print.png,pokopiadex_items,image/png,42140,10898918322932361b49d5c6a6c2decb86cd088253c9b959330211c3572260b7,ok,
524,decorative_item,Tatami mat,榻榻米,Blocks,Road,infipoke_category:blocks;pokopiadex_category:blocks,https://pokopiadex.com/images/items/item_ui/tatami-mat.png,pokopiadex_items,https://infipoke.com/img/pokopia/items/tatamimat.webp,tatami-mat,Blocks,Road,tatamimat,Blocks,Road,https://pokopiadex.com/items;https://infipoke.com/zh/game/pokopia/items,524-tatami-mat.png,assets/pokopia_image_sources/decorative_item_portraits/524-tatami-mat.png,https://pokopiadex.com/images/items/item_ui/tatami-mat.png,pokopiadex_items,image/png,25614,a7796158ceb90e0c55c84e3e1e0a10a2365055676efce7e817ff4d5f6f0883b2,ok,
525,decorative_item,Tea set,茶具,Misc.,Decoration,infipoke_tag:decoration;pokopiadex_tag:decoration,https://pokopiadex.com/images/items/crafting_ui/tea-set.png,pokopiadex_items,https://infipoke.com/img/pokopia/items/teaset.webp,tea-set,Misc.,Decoration,teaset,Misc.,Decoration,https://pokopiadex.com/items;https://infipoke.com/zh/game/pokopia/items,525-tea-set.png,assets/pokopia_image_sources/decorative_item_portraits/525-tea-set.png,https://pokopiadex.com/images/items/crafting_ui/tea-set.png,pokopiadex_items,image/png,119127,99f70838b374a37bf543adf2f82454d6e69b6f9e5fbed3a33772c5be5de46e7f,ok,
526,decorative_item,Team Rocket Wall Hanging,火箭队挂饰,Other,Decoration,infipoke_tag:decoration;pokopiadex_tag:decoration,https://pokopiadex.com/images/items/item_ui/team-rocket-wall-hanging.png,pokopiadex_items,https://infipoke.com/img/pokopia/items/teamrocketwallhanging.webp,team-rocket-wall-hanging,Other,Decoration,teamrocketwallhanging,Other,Decoration,https://pokopiadex.com/items;https://infipoke.com/zh/game/pokopia/items,526-team-rocket-wall-hanging.png,assets/pokopia_image_sources/decorative_item_portraits/526-team-rocket-wall-hanging.png,https://pokopiadex.com/images/items/item_ui/team-rocket-wall-hanging.png,pokopiadex_items,image/png,88676,bed3c5f831d5d70993c761cf7003800ae1bc91265d2871ac0143ed6e68f4d920,ok,
527,decorative_item,Television,电视机,Misc.,Toy,infipoke_tag:toy;pokopiadex_tag:toy,https://pokopiadex.com/images/items/item_ui/television.png,pokopiadex_items,https://infipoke.com/img/pokopia/items/television.webp,television,Misc.,Toy,television,Misc.,Toy,https://pokopiadex.com/items;https://infipoke.com/zh/game/pokopia/items,527-television.png,assets/pokopia_image_sources/decorative_item_portraits/527-television.png,https://pokopiadex.com/images/items/item_ui/television.png,pokopiadex_items,image/png,22381,e7bcdc847994584d184d8b7f6d915a5a16e75da68d2543bf87ccc04ca16574d9,ok,
528,decorative_item,Tidal Bell,潮汐铃铛,Misc.,Toy,infipoke_tag:toy;pokopiadex_tag:toy,https://pokopiadex.com/images/items/item_ui/tidal-bell.png,pokopiadex_items,https://infipoke.com/img/pokopia/items/tidalbell.webp,tidal-bell,Misc.,Toy,tidalbell,Misc.,Toy,https://pokopiadex.com/items;https://infipoke.com/zh/game/pokopia/items,528-tidal-bell.png,assets/pokopia_image_sources/decorative_item_portraits/528-tidal-bell.png,https://pokopiadex.com/images/items/item_ui/tidal-bell.png,pokopiadex_items,image/png,23239,b665b0c8b22931d28cee5b04521f9c5a0b04c6ce1062d137bd5effe579f4dab2,ok,
529,decorative_item,Tire toy,轮胎玩具,Outdoor,Toy,infipoke_tag:toy;pokopiadex_tag:toy,https://pokopiadex.com/images/items/shop_ui/tire-toy.png,pokopiadex_items,https://infipoke.com/img/pokopia/items/tiretoy.webp,tire-toy,Outdoor,Toy,tiretoy,Outdoor,Toy,https://pokopiadex.com/items;https://infipoke.com/zh/game/pokopia/items,529-tire-toy.png,assets/pokopia_image_sources/decorative_item_portraits/529-tire-toy.png,https://pokopiadex.com/images/items/shop_ui/tire-toy.png,pokopiadex_items,image/png,121569,7c6bc47f52091ac0337e70bf69692b5c29e6d4bc05d5725c7cbab3a377d326a0,ok,
530,decorative_item,Tires,轮胎,Outdoor,Decoration,infipoke_tag:decoration;pokopiadex_tag:toy,https://pokopiadex.com/images/items/item_ui/tires.png,pokopiadex_items,https://infipoke.com/img/pokopia/items/tires.webp,tires,Outdoor,Toy,tires,Outdoor,Decoration,https://pokopiadex.com/items;https://infipoke.com/zh/game/pokopia/items,530-tires.png,assets/pokopia_image_sources/decorative_item_portraits/530-tires.png,https://pokopiadex.com/images/items/item_ui/tires.png,pokopiadex_items,image/png,30170,1328f2e60e0e44084184cd6b4a852b5790f5e35860615d37dfc73b95c8e68935,ok,
531,decorative_item,Toilet,马桶,Misc.,Decoration,infipoke_tag:decoration;pokopiadex_tag:decoration,https://pokopiadex.com/images/items/item_ui/toilet.png,pokopiadex_items,https://infipoke.com/img/pokopia/items/toilet.webp,toilet,Misc.,Decoration,toilet,Misc.,Decoration,https://pokopiadex.com/items;https://infipoke.com/zh/game/pokopia/items,531-toilet.png,assets/pokopia_image_sources/decorative_item_portraits/531-toilet.png,https://pokopiadex.com/images/items/item_ui/toilet.png,pokopiadex_items,image/png,34577,37b62113bcd8447a088867db7db4a7dc08e35dfcca6a806df152a5a8a099949d,ok,
532,decorative_item,Torch,火把,Outdoor,Decoration,infipoke_tag:decoration,https://pokopiadex.com/images/items/crafting_ui/torch.png,pokopiadex_items,https://infipoke.com/img/pokopia/items/torch.webp,torch,Outdoor,Relaxation,torch,Outdoor,Decoration,https://pokopiadex.com/items;https://infipoke.com/zh/game/pokopia/items,532-torch.png,assets/pokopia_image_sources/decorative_item_portraits/532-torch.png,https://pokopiadex.com/images/items/crafting_ui/torch.png,pokopiadex_items,image/png,170695,b1841e71a5bbb7c06782edbb3b7f1e0311a8d3d3a82678c1f5c7148d6fe8f012,ok,
533,decorative_item,Towel Rack,毛巾架,Misc.,Decoration,infipoke_tag:decoration;pokopiadex_tag:decoration,https://pokopiadex.com/images/items/item_ui/towel-rack.png,pokopiadex_items,https://infipoke.com/img/pokopia/items/towelrack.webp,towel-rack,Misc.,Decoration,towelrack,Misc.,Decoration,https://pokopiadex.com/items;https://infipoke.com/zh/game/pokopia/items,533-towel-rack.png,assets/pokopia_image_sources/decorative_item_portraits/533-towel-rack.png,https://pokopiadex.com/images/items/item_ui/towel-rack.png,pokopiadex_items,image/png,19576,1412b8ffbcb7d689f3f997d4b41c5cdd813f46eb8487a95122ff8c2de047b75e,ok,
534,decorative_item,Town map,城镇地图,Other,Toy,pokopiadex_tag:toy,https://pokopiadex.com/images/items/item_ui/town-map.png,pokopiadex_items,https://infipoke.com/img/pokopia/items/townmap.webp,town-map,Other,Toy,townmap,Other,,https://pokopiadex.com/items;https://infipoke.com/zh/game/pokopia/items,534-town-map.png,assets/pokopia_image_sources/decorative_item_portraits/534-town-map.png,https://pokopiadex.com/images/items/item_ui/town-map.png,pokopiadex_items,image/png,106647,6078c8da674af82f3af9a0e68d9d42391839e63656f4c43466fc83462849590e,ok,
535,decorative_item,Town streetlight,城镇路灯,Utilities,Decoration,infipoke_tag:decoration;pokopiadex_tag:decoration,https://pokopiadex.com/images/items/item_ui/town-streetlight.png,pokopiadex_items,https://infipoke.com/img/pokopia/items/townstreetlight.webp,town-streetlight,Utilities,Decoration,townstreetlight,Utilities,Decoration,https://pokopiadex.com/items;https://infipoke.com/zh/game/pokopia/items,535-town-streetlight.png,assets/pokopia_image_sources/decorative_item_portraits/535-town-streetlight.png,https://pokopiadex.com/images/items/item_ui/town-streetlight.png,pokopiadex_items,image/png,11900,106b78246a6bd204f440098fbc1690e5bdf3b89093d871494ce0e9c898184680,ok,
536,decorative_item,Toy blocks,积木,Misc.,Toy,infipoke_tag:toy;pokopiadex_tag:toy,https://pokopiadex.com/images/items/crafting_ui/toy-blocks.png,pokopiadex_items,https://infipoke.com/img/pokopia/items/toyblocks.webp,toy-blocks,Misc.,Toy,toyblocks,Misc.,Toy,https://pokopiadex.com/items;https://infipoke.com/zh/game/pokopia/items,536-toy-blocks.png,assets/pokopia_image_sources/decorative_item_portraits/536-toy-blocks.png,https://pokopiadex.com/images/items/crafting_ui/toy-blocks.png,pokopiadex_items,image/png,119477,223723817381b52afce52fa2e124d8523de26f91ac44709dec60691b544deedb,ok,
537,decorative_item,Treasure,,Outdoor,Toy,pokopiadex_tag:toy,https://pokopiadex.com/images/items/item_ui/treasure.png,pokopiadex_items,,treasure,Outdoor,Toy,,,,https://pokopiadex.com/items;https://infipoke.com/zh/game/pokopia/items,537-treasure.png,assets/pokopia_image_sources/decorative_item_portraits/537-treasure.png,https://pokopiadex.com/images/items/item_ui/treasure.png,pokopiadex_items,image/png,134540,9275bcfafe47555b965ed3f31d3eef7c1bf28a63b706ea30616abe77b3d28b32,ok,
538,decorative_item,Triangle-design flooring,三角花纹地板,Blocks,Road,infipoke_category:blocks;pokopiadex_category:blocks,https://pokopiadex.com/images/items/item_ui/triangle-design-flooring.png,pokopiadex_items,https://infipoke.com/img/pokopia/items/triangle-designflooring.webp,triangle-design-flooring,Blocks,Road,triangle-designflooring,Blocks,Road,https://pokopiadex.com/items;https://infipoke.com/zh/game/pokopia/items,538-triangle-design-flooring.png,assets/pokopia_image_sources/decorative_item_portraits/538-triangle-design-flooring.png,https://pokopiadex.com/images/items/item_ui/triangle-design-flooring.png,pokopiadex_items,image/png,25811,df7a2f6afd0b81eff3829c7753f3fed4edd62bf24510d6e56d2bc12c1fc220c1,ok,
539,decorative_item,Tundra Fossil (body),冻土化石（身体）,Other,Decoration,infipoke_tag:decoration;pokopiadex_tag:decoration,https://pokopiadex.com/images/items/item_ui/tundra-fossil-body.png,pokopiadex_items,https://infipoke.com/img/pokopia/items/tundrafossil%28body%29.webp,tundra-fossil-body,Other,Decoration,tundrafossil(body),Other,Decoration,https://pokopiadex.com/items;https://infipoke.com/zh/game/pokopia/items,539-tundra-fossil-body.png,assets/pokopia_image_sources/decorative_item_portraits/539-tundra-fossil-body.png,https://pokopiadex.com/images/items/item_ui/tundra-fossil-body.png,pokopiadex_items,image/png,108118,2cee0af121fa7da7d10650e9e8aed28e58855eb93733742539ffe82e3cd5d289,ok,
540,decorative_item,Tundra Fossil (head),冻土化石（头）,Other,Decoration,infipoke_tag:decoration;pokopiadex_tag:decoration,https://pokopiadex.com/images/items/item_ui/tundra-fossil-head.png,pokopiadex_items,https://infipoke.com/img/pokopia/items/tundrafossil%28head%29.webp,tundra-fossil-head,Other,Decoration,tundrafossil(head),Other,Decoration,https://pokopiadex.com/items;https://infipoke.com/zh/game/pokopia/items,540-tundra-fossil-head.png,assets/pokopia_image_sources/decorative_item_portraits/540-tundra-fossil-head.png,https://pokopiadex.com/images/items/item_ui/tundra-fossil-head.png,pokopiadex_items,image/png,91505,1ad88678c5d4ae69dbf9a6aa7b34993d2ae4b3a129057a371f659736c5b4e06a,ok,
541,decorative_item,Tundra Fossil (tail),冻土化石（尾）,Other,Decoration,infipoke_tag:decoration;pokopiadex_tag:decoration,https://pokopiadex.com/images/items/item_ui/tundra-fossil-tail.png,pokopiadex_items,https://infipoke.com/img/pokopia/items/tundrafossil%28tail%29.webp,tundra-fossil-tail,Other,Decoration,tundrafossil(tail),Other,Decoration,https://pokopiadex.com/items;https://infipoke.com/zh/game/pokopia/items,541-tundra-fossil-tail.png,assets/pokopia_image_sources/decorative_item_portraits/541-tundra-fossil-tail.png,https://pokopiadex.com/images/items/item_ui/tundra-fossil-tail.png,pokopiadex_items,image/png,159778,8bc8a5bc7fd7a333cb44a1cb811dcc875dd034513373ba6fb044120026130f89,ok,
542,decorative_item,Twisted potted plant,扭曲盆栽,Misc.,Decoration,infipoke_tag:decoration;pokopiadex_tag:decoration,https://pokopiadex.com/images/items/shop_ui/twisted-potted-plant.png,pokopiadex_items,https://infipoke.com/img/pokopia/items/twistedpottedplant.webp,twisted-potted-plant,Misc.,Decoration,twistedpottedplant,Misc.,Decoration,https://pokopiadex.com/items;https://infipoke.com/zh/game/pokopia/items,542-twisted-potted-plant.png,assets/pokopia_image_sources/decorative_item_portraits/542-twisted-potted-plant.png,https://pokopiadex.com/images/items/shop_ui/twisted-potted-plant.png,pokopiadex_items,image/png,247907,6d4e5727bed41bcda9dfdf3971343dfa5db7f31eb214a41c8c031f97385a703d,ok,
543,decorative_item,Vending machine,自动贩卖机,Outdoor,Toy,infipoke_tag:toy;pokopiadex_tag:toy,https://pokopiadex.com/images/items/shop_ui/vending-machine.png,pokopiadex_items,https://infipoke.com/img/pokopia/items/vendingmachine.webp,vending-machine,Outdoor,Toy,vendingmachine,Outdoor,Toy,https://pokopiadex.com/items;https://infipoke.com/zh/game/pokopia/items,543-vending-machine.png,assets/pokopia_image_sources/decorative_item_portraits/543-vending-machine.png,https://pokopiadex.com/images/items/shop_ui/vending-machine.png,pokopiadex_items,image/png,350859,409d9cb48f6f32c209ea673072e0f2b6945cd3726c91a9527cd744ec8bff6eab,ok,
544,decorative_item,Vertical-stripe print,竖条纹花纹,Blocks,,infipoke_category:blocks;pokopiadex_category:blocks,https://pokopiadex.com/images/items/item_ui/vertical-stripe-print.png,pokopiadex_items,https://infipoke.com/img/pokopia/items/vertical-stripeprint.webp,vertical-stripe-print,Blocks,,vertical-stripeprint,Blocks,,https://pokopiadex.com/items;https://infipoke.com/zh/game/pokopia/items,544-vertical-stripe-print.png,assets/pokopia_image_sources/decorative_item_portraits/544-vertical-stripe-print.png,https://pokopiadex.com/images/items/item_ui/vertical-stripe-print.png,pokopiadex_items,image/png,30140,3f41983b001d55fc341cd1289f945e68eb07fa78507fe1db4734b142b1cfb0af,ok,
545,decorative_item,Vine print,藤蔓花纹,Blocks,,infipoke_category:blocks;pokopiadex_category:blocks,https://pokopiadex.com/images/items/item_ui/vine-print.png,pokopiadex_items,https://infipoke.com/img/pokopia/items/vineprint.webp,vine-print,Blocks,,vineprint,Blocks,,https://pokopiadex.com/items;https://infipoke.com/zh/game/pokopia/items,545-vine-print.png,assets/pokopia_image_sources/decorative_item_portraits/545-vine-print.png,https://pokopiadex.com/images/items/item_ui/vine-print.png,pokopiadex_items,image/png,39156,bba315e6c8e218ae9290a5835364258cf51a15febf69817a79ce34a9a7d0ee7d,ok,
546,decorative_item,Vine wall decoration,藤蔓墙饰,Misc.,Decoration,infipoke_tag:decoration;pokopiadex_tag:decoration,https://pokopiadex.com/images/items/crafting_ui/vine-wall-decoration.png,pokopiadex_items,https://infipoke.com/img/pokopia/items/vinewalldecoration.webp,vine-wall-decoration,Misc.,Decoration,vinewalldecoration,Misc.,Decoration,https://pokopiadex.com/items;https://infipoke.com/zh/game/pokopia/items,546-vine-wall-decoration.png,assets/pokopia_image_sources/decorative_item_portraits/546-vine-wall-decoration.png,https://pokopiadex.com/images/items/crafting_ui/vine-wall-decoration.png,pokopiadex_items,image/png,129027,1560331cc7d086a59baa43e9e1c394d31e93b011718d17bd907d93b7057e786a,ok,
547,decorative_item,Violet meteor lamp,紫罗兰流星灯,Utilities,Decoration,infipoke_tag:decoration;pokopiadex_tag:decoration,https://pokopiadex.com/images/items/item_ui/violet-meteor-lamp.png,pokopiadex_items,https://infipoke.com/img/pokopia/items/violetmeteorlamp.webp,violet-meteor-lamp,Utilities,Decoration,violetmeteorlamp,Utilities,Decoration,https://pokopiadex.com/items;https://infipoke.com/zh/game/pokopia/items,547-violet-meteor-lamp.png,assets/pokopia_image_sources/decorative_item_portraits/547-violet-meteor-lamp.png,https://pokopiadex.com/images/items/item_ui/violet-meteor-lamp.png,pokopiadex_items,image/png,29896,b3bed8d5ef74f38e9cfe326c89003803958b0134d8ff86b79b3d86627ea456c8,ok,
548,decorative_item,Volcanic ash,火山灰,Blocks,,infipoke_category:blocks;pokopiadex_category:blocks,https://pokopiadex.com/images/items/item_ui/volcanic-ash.png,pokopiadex_items,https://infipoke.com/img/pokopia/items/volcanicash.webp,volcanic-ash,Blocks,,volcanicash,Blocks,,https://pokopiadex.com/items;https://infipoke.com/zh/game/pokopia/items,548-volcanic-ash.png,assets/pokopia_image_sources/decorative_item_portraits/548-volcanic-ash.png,https://pokopiadex.com/images/items/item_ui/volcanic-ash.png,pokopiadex_items,image/png,68511,e42eb9611cbe27e96d597d36ed6314f0654300b744ac4fa9dfaabf3816a2b809,ok,
549,decorative_item,Volcanic rock,火山岩,Blocks,,infipoke_category:blocks;pokopiadex_category:blocks,https://pokopiadex.com/images/items/item_ui/volcanic-rock.png,pokopiadex_items,https://infipoke.com/img/pokopia/items/volcanicrock.webp,volcanic-rock,Blocks,,volcanicrock,Blocks,,https://pokopiadex.com/items;https://infipoke.com/zh/game/pokopia/items,549-volcanic-rock.png,assets/pokopia_image_sources/decorative_item_portraits/549-volcanic-rock.png,https://pokopiadex.com/images/items/item_ui/volcanic-rock.png,pokopiadex_items,image/png,31430,1c1ed8d413d3603eb4221e589cf7b4b83914641842e4f2b0957f14f3a06ab236,ok,
550,decorative_item,Wall calendar,挂历,Misc.,Decoration,infipoke_tag:decoration;pokopiadex_tag:decoration,https://pokopiadex.com/images/items/item_ui/wall-calendar.png,pokopiadex_items,https://infipoke.com/img/pokopia/items/wallcalendar.webp,wall-calendar,Misc.,Decoration,wallcalendar,Misc.,Decoration,https://pokopiadex.com/items;https://infipoke.com/zh/game/pokopia/items,550-wall-calendar.png,assets/pokopia_image_sources/decorative_item_portraits/550-wall-calendar.png,https://pokopiadex.com/images/items/item_ui/wall-calendar.png,pokopiadex_items,image/png,25177,af0a2c60dbffedd373bb395fc7aea1cdbd762e1a18ee46f0d1007c693ce5abff,ok,
551,decorative_item,Wall light,壁灯,Utilities,Decoration,infipoke_tag:decoration;pokopiadex_tag:decoration,https://pokopiadex.com/images/items/item_ui/wall-light.png,pokopiadex_items,https://infipoke.com/img/pokopia/items/walllight.webp,wall-light,Utilities,Decoration,walllight,Utilities,Decoration,https://pokopiadex.com/items;https://infipoke.com/zh/game/pokopia/items,551-wall-light.png,assets/pokopia_image_sources/decorative_item_portraits/551-wall-light.png,https://pokopiadex.com/images/items/item_ui/wall-light.png,pokopiadex_items,image/png,15946,1b3b682eaf343bbe385c0faacb80f615a188bad06b8e60a8110bd347b9cee139,ok,
552,decorative_item,Wall mirror,壁挂镜,Furniture,Toy,infipoke_category:furniture;infipoke_tag:toy;pokopiadex_category:furniture;pokopiadex_tag:toy,https://pokopiadex.com/images/items/item_ui/wall-mirror.png,pokopiadex_items,https://infipoke.com/img/pokopia/items/wallmirror.webp,wall-mirror,Furniture,Toy,wallmirror,Furniture,Toy,https://pokopiadex.com/items;https://infipoke.com/zh/game/pokopia/items,552-wall-mirror.png,assets/pokopia_image_sources/decorative_item_portraits/552-wall-mirror.png,https://pokopiadex.com/images/items/item_ui/wall-mirror.png,pokopiadex_items,image/png,18557,28bb1a0c5d2b5566c6ccd9e452b8f06e9045b7f06f10b4ff0367bee8b230c33d,ok,
553,decorative_item,Wall monitor,壁挂显示器,Misc.,Toy,infipoke_tag:toy;pokopiadex_tag:toy,https://pokopiadex.com/images/items/item_ui/wall-monitor.png,pokopiadex_items,https://infipoke.com/img/pokopia/items/wallmonitor.webp,wall-monitor,Misc.,Toy,wallmonitor,Misc.,Toy,https://pokopiadex.com/items;https://infipoke.com/zh/game/pokopia/items,553-wall-monitor.png,assets/pokopia_image_sources/decorative_item_portraits/553-wall-monitor.png,https://pokopiadex.com/images/items/item_ui/wall-monitor.png,pokopiadex_items,image/png,17726,4db26439c6c85749f7d239b1fe39f3b657a8679401f696ac4941caf17beed669,ok,
554,decorative_item,Wall photo frame,壁挂相框,Misc.,Decoration,infipoke_tag:decoration;pokopiadex_tag:decoration,https://pokopiadex.com/images/items/item_ui/wall-photo-frame.png,pokopiadex_items,https://infipoke.com/img/pokopia/items/wallphotoframe.webp,wall-photo-frame,Misc.,Decoration,wallphotoframe,Misc.,Decoration,https://pokopiadex.com/items;https://infipoke.com/zh/game/pokopia/items,554-wall-photo-frame.png,assets/pokopia_image_sources/decorative_item_portraits/554-wall-photo-frame.png,https://pokopiadex.com/images/items/item_ui/wall-photo-frame.png,pokopiadex_items,image/png,21918,6d700c90631a0e25d9a003f6133a180c6b09d54d31d7f4f86291fab2a9402de2,ok,
555,decorative_item,Wall storage box,壁挂收纳箱,Furniture,,infipoke_category:furniture;pokopiadex_category:furniture,https://pokopiadex.com/images/items/item_ui/wall-storage-box.png,pokopiadex_items,https://infipoke.com/img/pokopia/items/wallstoragebox.webp,wall-storage-box,Furniture,,wallstoragebox,Furniture,,https://pokopiadex.com/items;https://infipoke.com/zh/game/pokopia/items,555-wall-storage-box.png,assets/pokopia_image_sources/decorative_item_portraits/555-wall-storage-box.png,https://pokopiadex.com/images/items/item_ui/wall-storage-box.png,pokopiadex_items,image/png,24716,0616ec32c939282232c17a064e3e55eea53bbae3f9f7a8070f94be91833fd668,ok,
556,decorative_item,Wall torch,壁挂火把,Outdoor,Decoration,infipoke_tag:decoration;pokopiadex_tag:decoration,https://pokopiadex.com/images/items/item_ui/wall-torch.png,pokopiadex_items,https://infipoke.com/img/pokopia/items/walltorch.webp,wall-torch,Outdoor,Decoration,walltorch,Outdoor,Decoration,https://pokopiadex.com/items;https://infipoke.com/zh/game/pokopia/items,556-wall-torch.png,assets/pokopia_image_sources/decorative_item_portraits/556-wall-torch.png,https://pokopiadex.com/images/items/item_ui/wall-torch.png,pokopiadex_items,image/png,15844,e0fa9bb37eac4e4f9a84473a8d6cf8a813331f9d4148c8b7442f93f75affd947,ok,
557,decorative_item,Wall-mounted flowers,壁挂花卉,Outdoor,Decoration,pokopiadex_tag:decoration,https://pokopiadex.com/images/items/crafting_ui/wall-mounted-flowers.png,pokopiadex_items,https://infipoke.com/img/pokopia/items/wall-mountedflowers.webp,wall-mounted-flowers,Outdoor,Decoration,wall-mountedflowers,Outdoor,,https://pokopiadex.com/items;https://infipoke.com/zh/game/pokopia/items,557-wall-mounted-flowers.png,assets/pokopia_image_sources/decorative_item_portraits/557-wall-mounted-flowers.png,https://pokopiadex.com/images/items/crafting_ui/wall-mounted-flowers.png,pokopiadex_items,image/png,215446,1552f1379f263bce86fa2efe5088d63067f3d78c6db8d00ea7e12e1b20117243,ok,
558,decorative_item,Wall-mounted table,壁挂桌,Furniture,,infipoke_category:furniture;pokopiadex_category:furniture,https://pokopiadex.com/images/items/item_ui/wall-mounted-table.png,pokopiadex_items,https://infipoke.com/img/pokopia/items/wall-mountedtable.webp,wall-mounted-table,Furniture,,wall-mountedtable,Furniture,,https://pokopiadex.com/items;https://infipoke.com/zh/game/pokopia/items,558-wall-mounted-table.png,assets/pokopia_image_sources/decorative_item_portraits/558-wall-mounted-table.png,https://pokopiadex.com/images/items/item_ui/wall-mounted-table.png,pokopiadex_items,image/png,18535,2161e16adbc90f57341c68bea646874c1935d3bf34a8d6ce41c6243e82d5eb74,ok,
559,decorative_item,Warning wall,警示墙,Blocks,,infipoke_category:blocks;pokopiadex_category:blocks,https://pokopiadex.com/images/items/item_ui/warning-wall.png,pokopiadex_items,https://infipoke.com/img/pokopia/items/warningwall.webp,warning-wall,Blocks,,warningwall,Blocks,,https://pokopiadex.com/items;https://infipoke.com/zh/game/pokopia/items,559-warning-wall.png,assets/pokopia_image_sources/decorative_item_portraits/559-warning-wall.png,https://pokopiadex.com/images/items/item_ui/warning-wall.png,pokopiadex_items,image/png,27949,8d4345c341ed698074e86d5e3c5955e249b2877c7b8dbbdc68de81c8a26e3f68,ok,
560,decorative_item,Washing machine,洗衣机,Misc.,Toy,infipoke_tag:toy;pokopiadex_tag:toy,https://pokopiadex.com/images/items/shop_ui/washing-machine.png,pokopiadex_items,https://infipoke.com/img/pokopia/items/washingmachine.webp,washing-machine,Misc.,Toy,washingmachine,Misc.,Toy,https://pokopiadex.com/items;https://infipoke.com/zh/game/pokopia/items,560-washing-machine.png,assets/pokopia_image_sources/decorative_item_portraits/560-washing-machine.png,https://pokopiadex.com/images/items/shop_ui/washing-machine.png,pokopiadex_items,image/png,151557,26afbe7b617f50ec35a6bc6c37584d47ed6c0466c8fc5b63c5cd0234b0e1ecc3,ok,
561,decorative_item,Water basin,水盆,Outdoor,Decoration,infipoke_tag:decoration;pokopiadex_tag:decoration,https://pokopiadex.com/images/items/shop_ui/water-basin.png,pokopiadex_items,https://infipoke.com/img/pokopia/items/waterbasin.webp,water-basin,Outdoor,Decoration,waterbasin,Outdoor,Decoration,https://pokopiadex.com/items;https://infipoke.com/zh/game/pokopia/items,561-water-basin.png,assets/pokopia_image_sources/decorative_item_portraits/561-water-basin.png,https://pokopiadex.com/images/items/shop_ui/water-basin.png,pokopiadex_items,image/png,231860,ee0de010ffb543b8bbd5bb6e487de859018c644444927658e7bcf4145938a34e,ok,
562,decorative_item,Water pillar quarter,水纹四分之一柱,Buildings,Decoration,infipoke_tag:decoration;pokopiadex_tag:decoration,https://pokopiadex.com/images/items/item_ui/water-pillar-quarter.png,pokopiadex_items,https://infipoke.com/img/pokopia/items/waterpillarquarter.webp,water-pillar-quarter,Buildings,Decoration,waterpillarquarter,Buildings,Decoration,https://pokopiadex.com/items;https://infipoke.com/zh/game/pokopia/items,562-water-pillar-quarter.png,assets/pokopia_image_sources/decorative_item_portraits/562-water-pillar-quarter.png,https://pokopiadex.com/images/items/item_ui/water-pillar-quarter.png,pokopiadex_items,image/png,29674,861b543856ce0852c927cd127bb498121a9fcd3d67aa05c19b257b211d2cc67d,ok,
563,decorative_item,Waterproof seat,防水座椅,Furniture,Relaxation,infipoke_category:furniture;pokopiadex_category:furniture,https://pokopiadex.com/images/items/item_ui/waterproof-seat.png,pokopiadex_items,https://infipoke.com/img/pokopia/items/waterproofseat.webp,waterproof-seat,Furniture,Relaxation,waterproofseat,Furniture,Relaxation,https://pokopiadex.com/items;https://infipoke.com/zh/game/pokopia/items,563-waterproof-seat.png,assets/pokopia_image_sources/decorative_item_portraits/563-waterproof-seat.png,https://pokopiadex.com/images/items/item_ui/waterproof-seat.png,pokopiadex_items,image/png,16313,69abaa3e101da464050f1336dfbcc326b6058a4ec37b117440d56b1c6cad7574,ok,
564,decorative_item,Weather vane,风向标,Outdoor,Toy,infipoke_tag:toy;pokopiadex_tag:toy,https://pokopiadex.com/images/items/item_ui/weather-vane.png,pokopiadex_items,https://infipoke.com/img/pokopia/items/weathervane.webp,weather-vane,Outdoor,Toy,weathervane,Outdoor,Toy,https://pokopiadex.com/items;https://infipoke.com/zh/game/pokopia/items,564-weather-vane.png,assets/pokopia_image_sources/decorative_item_portraits/564-weather-vane.png,https://pokopiadex.com/images/items/item_ui/weather-vane.png,pokopiadex_items,image/png,15754,adb8304f304f8f4d7b0d14d19dc4b427592a97955f564df19173c9f3a02977ae,ok,
565,decorative_item,Wheelbarrow,独轮车,Outdoor,Decoration,infipoke_tag:decoration;pokopiadex_tag:decoration,https://pokopiadex.com/images/items/item_ui/wheelbarrow.png,pokopiadex_items,https://infipoke.com/img/pokopia/items/wheelbarrow.webp,wheelbarrow,Outdoor,Decoration,wheelbarrow,Outdoor,Decoration,https://pokopiadex.com/items;https://infipoke.com/zh/game/pokopia/items,565-wheelbarrow.png,assets/pokopia_image_sources/decorative_item_portraits/565-wheelbarrow.png,https://pokopiadex.com/images/items/item_ui/wheelbarrow.png,pokopiadex_items,image/png,24976,0ff7a9d0aab342a8c444aabc4a79e78d3b9722af820dc09719a3b27a913a046f,ok,
566,decorative_item,White rock,白色岩石,Blocks,,infipoke_category:blocks;pokopiadex_category:blocks,https://pokopiadex.com/images/items/item_ui/white-rock.png,pokopiadex_items,https://infipoke.com/img/pokopia/items/whiterock.webp,white-rock,Blocks,,whiterock,Blocks,,https://pokopiadex.com/items;https://infipoke.com/zh/game/pokopia/items,566-white-rock.png,assets/pokopia_image_sources/decorative_item_portraits/566-white-rock.png,https://pokopiadex.com/images/items/item_ui/white-rock.png,pokopiadex_items,image/png,24539,8c912c3fa12e47ef3ad403c7129ee55dc88ff60726fabfa2b50242acbd161326,ok,
567,decorative_item,Whiteboard,白板,Misc.,Toy,infipoke_tag:toy;pokopiadex_tag:decoration,https://pokopiadex.com/images/items/crafting_ui/whiteboard.png,pokopiadex_items,https://infipoke.com/img/pokopia/items/whiteboard.webp,whiteboard,Misc.,Decoration,whiteboard,Misc.,Toy,https://pokopiadex.com/items;https://infipoke.com/zh/game/pokopia/items,567-whiteboard.png,assets/pokopia_image_sources/decorative_item_portraits/567-whiteboard.png,https://pokopiadex.com/images/items/crafting_ui/whiteboard.png,pokopiadex_items,image/png,131984,3445f7f6a64bf04a09b420eb24ab4b0c4b7095c4b36eb014975eb18232707553,ok,
568,decorative_item,Wiggly mirror,摆动镜子,Furniture,Toy,infipoke_category:furniture;infipoke_tag:toy;pokopiadex_category:furniture;pokopiadex_tag:toy,https://pokopiadex.com/images/items/item_ui/wiggly-mirror.png,pokopiadex_items,https://infipoke.com/img/pokopia/items/wigglymirror.webp,wiggly-mirror,Furniture,Toy,wigglymirror,Furniture,Toy,https://pokopiadex.com/items;https://infipoke.com/zh/game/pokopia/items,568-wiggly-mirror.png,assets/pokopia_image_sources/decorative_item_portraits/568-wiggly-mirror.png,https://pokopiadex.com/images/items/item_ui/wiggly-mirror.png,pokopiadex_items,image/png,131882,7e6395b065574ae67fe2f921b51eccdcd36312d52bf9217a50af66cef289fc1a,ok,
569,decorative_item,Wing Fossil (body),翅膀化石（身体）,Other,Decoration,infipoke_tag:decoration;pokopiadex_tag:decoration,https://pokopiadex.com/images/items/item_ui/wing-fossil-body.png,pokopiadex_items,https://infipoke.com/img/pokopia/items/wingfossil%28body%29.webp,wing-fossil-body,Other,Decoration,wingfossil(body),Other,Decoration,https://pokopiadex.com/items;https://infipoke.com/zh/game/pokopia/items,569-wing-fossil-body.png,assets/pokopia_image_sources/decorative_item_portraits/569-wing-fossil-body.png,https://pokopiadex.com/images/items/item_ui/wing-fossil-body.png,pokopiadex_items,image/png,103842,7c883bd583acc071d5b0c8363f5c5f6c1b0a8e8c48475f2e24d18c957d1ab726,ok,
570,decorative_item,Wing Fossil (head),翅膀化石（头）,Other,Decoration,infipoke_tag:decoration;pokopiadex_tag:decoration,https://pokopiadex.com/images/items/item_ui/wing-fossil-head.png,pokopiadex_items,https://infipoke.com/img/pokopia/items/wingfossil%28head%29.webp,wing-fossil-head,Other,Decoration,wingfossil(head),Other,Decoration,https://pokopiadex.com/items;https://infipoke.com/zh/game/pokopia/items,570-wing-fossil-head.png,assets/pokopia_image_sources/decorative_item_portraits/570-wing-fossil-head.png,https://pokopiadex.com/images/items/item_ui/wing-fossil-head.png,pokopiadex_items,image/png,117822,7dc054f673f06f8c31c3921e100f66026d3c34350c812956e68c1696e4003e10,ok,
571,decorative_item,Wing Fossil (left wing),翅膀化石（左翼）,Other,Decoration,infipoke_tag:decoration;pokopiadex_tag:decoration,https://pokopiadex.com/images/items/item_ui/wing-fossil-left-wing.png,pokopiadex_items,https://infipoke.com/img/pokopia/items/wingfossil%28leftwing%29.webp,wing-fossil-left-wing,Other,Decoration,wingfossil(leftwing),Other,Decoration,https://pokopiadex.com/items;https://infipoke.com/zh/game/pokopia/items,571-wing-fossil-left-wing.png,assets/pokopia_image_sources/decorative_item_portraits/571-wing-fossil-left-wing.png,https://pokopiadex.com/images/items/item_ui/wing-fossil-left-wing.png,pokopiadex_items,image/png,88562,132241f58486bf17aaf6cfe72f6d4bea280fbfe91caff4ec827e57b06ef192e1,ok,
572,decorative_item,Wing Fossil (right wing),翅膀化石（右翼）,Other,Decoration,infipoke_tag:decoration;pokopiadex_tag:decoration,https://pokopiadex.com/images/items/item_ui/wing-fossil-right-wing.png,pokopiadex_items,https://infipoke.com/img/pokopia/items/wingfossil%28rightwing%29.webp,wing-fossil-right-wing,Other,Decoration,wingfossil(rightwing),Other,Decoration,https://pokopiadex.com/items;https://infipoke.com/zh/game/pokopia/items,572-wing-fossil-right-wing.png,assets/pokopia_image_sources/decorative_item_portraits/572-wing-fossil-right-wing.png,https://pokopiadex.com/images/items/item_ui/wing-fossil-right-wing.png,pokopiadex_items,image/png,53345,57d2ef0d5561d0a145461a487b0ddee14941d91e9bd970613182be35eceabfc3,ok,
573,decorative_item,Wing Fossil (tail),翅膀化石（尾）,Other,Decoration,infipoke_tag:decoration;pokopiadex_tag:decoration,https://pokopiadex.com/images/items/item_ui/wing-fossil-tail.png,pokopiadex_items,https://infipoke.com/img/pokopia/items/wingfossil%28tail%29.webp,wing-fossil-tail,Other,Decoration,wingfossil(tail),Other,Decoration,https://pokopiadex.com/items;https://infipoke.com/zh/game/pokopia/items,573-wing-fossil-tail.png,assets/pokopia_image_sources/decorative_item_portraits/573-wing-fossil-tail.png,https://pokopiadex.com/images/items/item_ui/wing-fossil-tail.png,pokopiadex_items,image/png,56442,b328040cb37ed5d57409267703d2ab8878ebe85cdca2265437d0d3a93de89f35,ok,
574,decorative_item,Winter print,冬季花纹,Blocks,,infipoke_category:blocks;pokopiadex_category:blocks,https://pokopiadex.com/images/items/crafting_ui/winter-print.png,pokopiadex_items,https://infipoke.com/img/pokopia/items/winterprint.webp,winter-print,Blocks,,winterprint,Blocks,,https://pokopiadex.com/items;https://infipoke.com/zh/game/pokopia/items,574-winter-print.png,assets/pokopia_image_sources/decorative_item_portraits/574-winter-print.png,https://pokopiadex.com/images/items/crafting_ui/winter-print.png,pokopiadex_items,image/png,179632,65f762a7457024a405351da8b557675d46899bc901381bedc18ed73d4dc71cb1,ok,
575,decorative_item,Wobbuffet wobbler,果然翁不倒翁,Misc.,Toy,infipoke_tag:toy;pokopiadex_tag:toy,https://pokopiadex.com/images/items/item_ui/wobbuffet-wobbler.png,pokopiadex_items,https://infipoke.com/img/pokopia/items/wobbuffetwobbler.webp,wobbuffet-wobbler,Misc.,Toy,wobbuffetwobbler,Misc.,Toy,https://pokopiadex.com/items;https://infipoke.com/zh/game/pokopia/items,575-wobbuffet-wobbler.png,assets/pokopia_image_sources/decorative_item_portraits/575-wobbuffet-wobbler.png,https://pokopiadex.com/images/items/item_ui/wobbuffet-wobbler.png,pokopiadex_items,image/png,123141,3016959a372db76d7ce67ce1fc125a4c87a3d67503ad30cfff9552995069345c,ok,
576,decorative_item,Wooden bed,木制床,Furniture,Relaxation,infipoke_category:furniture;pokopiadex_category:furniture,https://pokopiadex.com/images/items/crafting_ui/wooden-bed.png,pokopiadex_items,https://infipoke.com/img/pokopia/items/woodenbed.webp,wooden-bed,Furniture,Relaxation,woodenbed,Furniture,Relaxation,https://pokopiadex.com/items;https://infipoke.com/zh/game/pokopia/items,576-wooden-bed.png,assets/pokopia_image_sources/decorative_item_portraits/576-wooden-bed.png,https://pokopiadex.com/images/items/crafting_ui/wooden-bed.png,pokopiadex_items,image/png,159316,d97c863fea3d99c24362babdd57d09b47fa02cad4a4b0c2d9be24bd2ce10619d,ok,
577,decorative_item,Wooden bench,木长椅,Furniture,Relaxation,infipoke_category:furniture;pokopiadex_category:furniture,https://pokopiadex.com/images/items/crafting_ui/wooden-bench.png,pokopiadex_items,https://infipoke.com/img/pokopia/items/woodenbench.webp,wooden-bench,Furniture,Relaxation,woodenbench,Furniture,Relaxation,https://pokopiadex.com/items;https://infipoke.com/zh/game/pokopia/items,577-wooden-bench.png,assets/pokopia_image_sources/decorative_item_portraits/577-wooden-bench.png,https://pokopiadex.com/images/items/crafting_ui/wooden-bench.png,pokopiadex_items,image/png,147975,a9d90ad462b41194d0a2c2d3d0a37c802a8c6e5bc0301004da986d31ad78d593,ok,
578,decorative_item,Wooden birdhouse,木制鸟屋,Outdoor,Decoration,infipoke_tag:decoration;pokopiadex_tag:decoration,https://pokopiadex.com/images/items/crafting_ui/wooden-birdhouse.png,pokopiadex_items,https://infipoke.com/img/pokopia/items/woodenbirdhouse.webp,wooden-birdhouse,Outdoor,Decoration,woodenbirdhouse,Outdoor,Decoration,https://pokopiadex.com/items;https://infipoke.com/zh/game/pokopia/items,578-wooden-birdhouse.png,assets/pokopia_image_sources/decorative_item_portraits/578-wooden-birdhouse.png,https://pokopiadex.com/images/items/crafting_ui/wooden-birdhouse.png,pokopiadex_items,image/png,143494,b23bd494cced82457f4f5c9f3c8adeff174ffea3415e6bb043ec54cb702febe9,ok,
579,decorative_item,Wooden crate,木箱,Outdoor,Decoration,infipoke_tag:decoration;pokopiadex_tag:decoration,https://pokopiadex.com/images/items/crafting_ui/wooden-crate.png,pokopiadex_items,https://infipoke.com/img/pokopia/items/woodencrate.webp,wooden-crate,Outdoor,Decoration,woodencrate,Outdoor,Decoration,https://pokopiadex.com/items;https://infipoke.com/zh/game/pokopia/items,579-wooden-crate.png,assets/pokopia_image_sources/decorative_item_portraits/579-wooden-crate.png,https://pokopiadex.com/images/items/crafting_ui/wooden-crate.png,pokopiadex_items,image/png,146985,eff43c68f67bb1750fd850b5800c46fdb8e4935616f701c522360d5596b86a22,ok,
580,decorative_item,Wooden flooring,木地板,Blocks,Road,infipoke_category:blocks;pokopiadex_category:blocks,https://pokopiadex.com/images/items/crafting_ui/wooden-flooring.png,pokopiadex_items,https://infipoke.com/img/pokopia/items/woodenflooring.webp,wooden-flooring,Blocks,Road,woodenflooring,Blocks,Road,https://pokopiadex.com/items;https://infipoke.com/zh/game/pokopia/items,580-wooden-flooring.png,assets/pokopia_image_sources/decorative_item_portraits/580-wooden-flooring.png,https://pokopiadex.com/images/items/crafting_ui/wooden-flooring.png,pokopiadex_items,image/png,103973,1c3660e1513c236973129c9617a30145fe003daf00578a3a94b3b6c17d4473b4,ok,
581,decorative_item,Wooden pillar (lower),木柱（下）,Blocks,,infipoke_category:blocks;pokopiadex_category:blocks,https://pokopiadex.com/images/items/crafting_ui/wooden-pillar-lower.png,pokopiadex_items,https://infipoke.com/img/pokopia/items/woodenpillar%28lower%29.webp,wooden-pillar-lower,Blocks,,woodenpillar(lower),Blocks,,https://pokopiadex.com/items;https://infipoke.com/zh/game/pokopia/items,581-wooden-pillar-lower.png,assets/pokopia_image_sources/decorative_item_portraits/581-wooden-pillar-lower.png,https://pokopiadex.com/images/items/crafting_ui/wooden-pillar-lower.png,pokopiadex_items,image/png,109019,cde6274abf071dd62a9e68edaa04a69faef767bed1dd8dd80b24bd0ddf50e79c,ok,
582,decorative_item,Wooden pillar (middle),木柱（中）,Blocks,,infipoke_category:blocks;pokopiadex_category:blocks,https://pokopiadex.com/images/items/crafting_ui/wooden-pillar-middle.png,pokopiadex_items,https://infipoke.com/img/pokopia/items/woodenpillar%28middle%29.webp,wooden-pillar-middle,Blocks,,woodenpillar(middle),Blocks,,https://pokopiadex.com/items;https://infipoke.com/zh/game/pokopia/items,582-wooden-pillar-middle.png,assets/pokopia_image_sources/decorative_item_portraits/582-wooden-pillar-middle.png,https://pokopiadex.com/images/items/crafting_ui/wooden-pillar-middle.png,pokopiadex_items,image/png,104527,7bc4cc90065d49df4b417cf18171cfb5bdcbf4d56f2d945bde438403d609bad7,ok,
583,decorative_item,Wooden pillar (upper),木柱（上）,Blocks,,infipoke_category:blocks;pokopiadex_category:blocks,https://pokopiadex.com/images/items/crafting_ui/wooden-pillar-upper.png,pokopiadex_items,https://infipoke.com/img/pokopia/items/woodenpillar%28upper%29.webp,wooden-pillar-upper,Blocks,,woodenpillar(upper),Blocks,,https://pokopiadex.com/items;https://infipoke.com/zh/game/pokopia/items,583-wooden-pillar-upper.png,assets/pokopia_image_sources/decorative_item_portraits/583-wooden-pillar-upper.png,https://pokopiadex.com/images/items/crafting_ui/wooden-pillar-upper.png,pokopiadex_items,image/png,113792,681cd681912885ea70bff8e73685cd4d85d1284efaea94b764cd956f50963412,ok,
584,decorative_item,Wooden stool,木凳,Furniture,Relaxation,infipoke_category:furniture;pokopiadex_category:furniture,https://pokopiadex.com/images/items/crafting_ui/wooden-stool.png,pokopiadex_items,https://infipoke.com/img/pokopia/items/woodenstool.webp,wooden-stool,Furniture,Relaxation,woodenstool,Furniture,Relaxation,https://pokopiadex.com/items;https://infipoke.com/zh/game/pokopia/items,584-wooden-stool.png,assets/pokopia_image_sources/decorative_item_portraits/584-wooden-stool.png,https://pokopiadex.com/images/items/crafting_ui/wooden-stool.png,pokopiadex_items,image/png,100656,d124f21899e4c918091889748a3ca17476b24aa12951bf2b02298a0ab41ef495,ok,
585,decorative_item,Wooden table,木桌,Furniture,,infipoke_category:furniture;pokopiadex_category:furniture,https://pokopiadex.com/images/items/shop_ui/wooden-table.png,pokopiadex_items,https://infipoke.com/img/pokopia/items/woodentable.webp,wooden-table,Furniture,,woodentable,Furniture,,https://pokopiadex.com/items;https://infipoke.com/zh/game/pokopia/items,585-wooden-table.png,assets/pokopia_image_sources/decorative_item_portraits/585-wooden-table.png,https://pokopiadex.com/images/items/shop_ui/wooden-table.png,pokopiadex_items,image/png,124875,5aeb5171a3ee401895f342c7672a2372d3c1a3bad4808d11d3a1a9853c77d9e5,ok,
586,decorative_item,Wooden wall,木墙,Blocks,,infipoke_category:blocks;pokopiadex_category:blocks,https://pokopiadex.com/images/items/crafting_ui/wooden-wall.png,pokopiadex_items,https://infipoke.com/img/pokopia/items/woodenwall.webp,wooden-wall,Blocks,,woodenwall,Blocks,,https://pokopiadex.com/items;https://infipoke.com/zh/game/pokopia/items,586-wooden-wall.png,assets/pokopia_image_sources/decorative_item_portraits/586-wooden-wall.png,https://pokopiadex.com/images/items/crafting_ui/wooden-wall.png,pokopiadex_items,image/png,112612,094d2ce093d3ed07b04fafcb79f9790257c270dbdd7017ee7b1a0bf9bd9620ca,ok,
587,decorative_item,Worn wooden crate,破旧木箱,Outdoor,Decoration,infipoke_tag:decoration;pokopiadex_tag:decoration,https://pokopiadex.com/images/items/item_ui/worn-wooden-crate.png,pokopiadex_items,https://infipoke.com/img/pokopia/items/wornwoodencrate.webp,worn-wooden-crate,Outdoor,Decoration,wornwoodencrate,Outdoor,Decoration,https://pokopiadex.com/items;https://infipoke.com/zh/game/pokopia/items,587-worn-wooden-crate.png,assets/pokopia_image_sources/decorative_item_portraits/587-worn-wooden-crate.png,https://pokopiadex.com/images/items/item_ui/worn-wooden-crate.png,pokopiadex_items,image/png,124776,630139e5ca1efb64552357d4c9ae1e4c6c8f833c30ba207c0be836029f8f5941,ok,
588,decorative_item,Woven carpeting,编织地毯,Blocks,Road,infipoke_category:blocks;pokopiadex_category:blocks,https://pokopiadex.com/images/items/crafting_ui/woven-carpeting.png,pokopiadex_items,https://infipoke.com/img/pokopia/items/wovencarpeting.webp,woven-carpeting,Blocks,Road,wovencarpeting,Blocks,Road,https://pokopiadex.com/items;https://infipoke.com/zh/game/pokopia/items,588-woven-carpeting.png,assets/pokopia_image_sources/decorative_item_portraits/588-woven-carpeting.png,https://pokopiadex.com/images/items/crafting_ui/woven-carpeting.png,pokopiadex_items,image/png,126841,4f42b210cc2724052eb965360e4279e7a4b598c1e1c7194871be39e81d0d8b82,ok,
589,decorative_item,Wreath,花环,Misc.,Decoration,infipoke_tag:decoration;pokopiadex_tag:decoration,https://pokopiadex.com/images/items/crafting_ui/wreath.png,pokopiadex_items,https://infipoke.com/img/pokopia/items/wreath.webp,wreath,Misc.,Decoration,wreath,Misc.,Decoration,https://pokopiadex.com/items;https://infipoke.com/zh/game/pokopia/items,589-wreath.png,assets/pokopia_image_sources/decorative_item_portraits/589-wreath.png,https://pokopiadex.com/images/items/crafting_ui/wreath.png,pokopiadex_items,image/png,201017,a22c9179fb5912e8f8a21f1e88a325d4988198bcc849c364e6835575b321fa16,ok,
590,decorative_item,Yellow meteor lamp,黄色流星灯,Utilities,Decoration,infipoke_tag:decoration;pokopiadex_tag:decoration,https://pokopiadex.com/images/items/item_ui/yellow-meteor-lamp.png,pokopiadex_items,https://infipoke.com/img/pokopia/items/yellowmeteorlamp.webp,yellow-meteor-lamp,Utilities,Decoration,yellowmeteorlamp,Utilities,Decoration,https://pokopiadex.com/items;https://infipoke.com/zh/game/pokopia/items,590-yellow-meteor-lamp.png,assets/pokopia_image_sources/decorative_item_portraits/590-yellow-meteor-lamp.png,https://pokopiadex.com/images/items/item_ui/yellow-meteor-lamp.png,pokopiadex_items,image/png,33120,1200dc53aae7d481561c610b99f6d52343ee331129610b30e2f090d87e4bd207,ok,
591,decorative_item,Yellow rock,黄色岩石,Blocks,,infipoke_category:blocks;pokopiadex_category:blocks,https://pokopiadex.com/images/items/item_ui/yellow-rock.png,pokopiadex_items,https://infipoke.com/img/pokopia/items/yellowrock.webp,yellow-rock,Blocks,,yellowrock,Blocks,,https://pokopiadex.com/items;https://infipoke.com/zh/game/pokopia/items,591-yellow-rock.png,assets/pokopia_image_sources/decorative_item_portraits/591-yellow-rock.png,https://pokopiadex.com/images/items/item_ui/yellow-rock.png,pokopiadex_items,image/png,28718,9ce85202072deba479a8d7efdfbb8a1187f9b63f93c416ae4586e3b37290fdaf,ok,
592,decorative_item,Zig-zag print,Z字形花纹,Blocks,,infipoke_category:blocks;pokopiadex_category:blocks,https://pokopiadex.com/images/items/item_ui/zig-zag-print.png,pokopiadex_items,https://infipoke.com/img/pokopia/items/zig-zagprint.webp,zig-zag-print,Blocks,,zig-zagprint,Blocks,,https://pokopiadex.com/items;https://infipoke.com/zh/game/pokopia/items,592-zig-zag-print.png,assets/pokopia_image_sources/decorative_item_portraits/592-zig-zag-print.png,https://pokopiadex.com/images/items/item_ui/zig-zag-print.png,pokopiadex_items,image/png,48404,1c6254943b4c865e497ff81f8149e47d5d914c3eae21466fbb22c53fc0090fb7,ok,
593,decorative_item,Armor fragment,铠甲碎片,Materials,,pokopiadex_placeable_food_or_material_favorite_category_ids,https://pokopiadex.com/images/items/item_ui/armor-fragment.png,pokopiadex_items,https://infipoke.com/img/pokopia/items/armorfragment.webp,armor-fragment,Materials,,armorfragment,Materials,,https://pokopiadex.com/items;https://infipoke.com/zh/game/pokopia/items,593-armor-fragment.png,assets/pokopia_image_sources/decorative_item_portraits/593-armor-fragment.png,https://pokopiadex.com/images/items/item_ui/armor-fragment.png,pokopiadex_items,image/png,17763,f1e67a34ed9c80f9349d1e5648a6f696a22a725173bcd40842db3e0a5b4a2583,ok,
594,decorative_item,Aspear Berry,木子果,Food,Food,pokopiadex_placeable_food_or_material_favorite_category_ids,https://pokopiadex.com/images/items/item_ui/aspear-berry.png,pokopiadex_items,https://infipoke.com/img/pokopia/items/aspearberry.webp,aspear-berry,Food,Food,aspearberry,Food,Food,https://pokopiadex.com/items;https://infipoke.com/zh/game/pokopia/items,594-aspear-berry.png,assets/pokopia_image_sources/decorative_item_portraits/594-aspear-berry.png,https://pokopiadex.com/images/items/item_ui/aspear-berry.png,pokopiadex_items,image/png,27202,02b17c648d12fd1c391370250babd3b16fb4b96c835121e44fe667fcd604fbb8,ok,
595,decorative_item,Bean,豆子,Food,Food,pokopiadex_placeable_food_or_material_favorite_category_ids,https://pokopiadex.com/images/items/item_ui/bean.png,pokopiadex_items,https://infipoke.com/img/pokopia/items/bean.webp,bean,Food,Food,bean,Food,Food,https://pokopiadex.com/items;https://infipoke.com/zh/game/pokopia/items,595-bean.png,assets/pokopia_image_sources/decorative_item_portraits/595-bean.png,https://pokopiadex.com/images/items/item_ui/bean.png,pokopiadex_items,image/png,114702,3f1d910a305b726e20002c71e7b8768535d851b3f275b53322aa53fe42d7cb33,ok,
596,decorative_item,Bitter hamburger steak,成熟滋味汉堡排,Food,Food,pokopiadex_placeable_food_or_material_favorite_category_ids,https://pokopiadex.com/images/items/item_ui/bitter-hamburger-steak.png,pokopiadex_items,https://infipoke.com/img/pokopia/items/bitterhamburgersteak.webp,bitter-hamburger-steak,Food,Food,bitterhamburgersteak,Food,Food,https://pokopiadex.com/items;https://infipoke.com/zh/game/pokopia/items,596-bitter-hamburger-steak.png,assets/pokopia_image_sources/decorative_item_portraits/596-bitter-hamburger-steak.png,https://pokopiadex.com/images/items/item_ui/bitter-hamburger-steak.png,pokopiadex_items,image/png,132048,9bf9704aa51b5713fa68dbbdb8ac78a425e2f4931e349d7367a362f391e3b680,ok,
597,decorative_item,Black paint,黑色颜料,Materials,,pokopiadex_placeable_food_or_material_favorite_category_ids,https://pokopiadex.com/images/items/item_ui/black-paint.png,pokopiadex_items,https://infipoke.com/img/pokopia/items/blackpaint.webp,black-paint,Materials,,blackpaint,Materials,,https://pokopiadex.com/items;https://infipoke.com/zh/game/pokopia/items,597-black-paint.png,assets/pokopia_image_sources/decorative_item_portraits/597-black-paint.png,https://pokopiadex.com/images/items/item_ui/black-paint.png,pokopiadex_items,image/png,24790,f4301c83f5ab56fa0d4fd45ac9053aa5f65f47b62e4972d948f0ffc281406f38,ok,
598,decorative_item,Blue paint,蓝色颜料,Materials,,pokopiadex_placeable_food_or_material_favorite_category_ids,https://pokopiadex.com/images/items/item_ui/blue-paint.png,pokopiadex_items,https://infipoke.com/img/pokopia/items/bluepaint.webp,blue-paint,Materials,,bluepaint,Materials,,https://pokopiadex.com/items;https://infipoke.com/zh/game/pokopia/items,598-blue-paint.png,assets/pokopia_image_sources/decorative_item_portraits/598-blue-paint.png,https://pokopiadex.com/images/items/item_ui/blue-paint.png,pokopiadex_items,image/png,31806,0fdfb7bcd72e25a13ecc838fc57061f9e4c1a028d7e874b82ad5bc349bbdf1f3,ok,
599,decorative_item,Bread bowl,热腾腾的浓汤面包,Food,Food,pokopiadex_placeable_food_or_material_favorite_category_ids,https://pokopiadex.com/images/items/item_ui/bread-bowl.png,pokopiadex_items,https://infipoke.com/img/pokopia/items/breadbowl.webp,bread-bowl,Food,Food,breadbowl,Food,Food,https://pokopiadex.com/items;https://infipoke.com/zh/game/pokopia/items,599-bread-bowl.png,assets/pokopia_image_sources/decorative_item_portraits/599-bread-bowl.png,https://pokopiadex.com/images/items/item_ui/bread-bowl.png,pokopiadex_items,image/png,33984,14e01958c889ce68ed038cc8d9a2a450840496461cc6005368ee525c430353dd,ok,
600,decorative_item,Carrot bread,胡萝卜面包,Food,Food,pokopiadex_placeable_food_or_material_favorite_category_ids,https://pokopiadex.com/images/items/item_ui/carrot-bread.png,pokopiadex_items,https://infipoke.com/img/pokopia/items/carrotbread.webp,carrot-bread,Food,Food,carrotbread,Food,Food,https://pokopiadex.com/items;https://infipoke.com/zh/game/pokopia/items,600-carrot-bread.png,assets/pokopia_image_sources/decorative_item_portraits/600-carrot-bread.png,https://pokopiadex.com/images/items/item_ui/carrot-bread.png,pokopiadex_items,image/png,115719,738d28663799bb65578125918759dbae4194e25e58247daffe6fa6f7ee4e9f20,ok,
601,decorative_item,Cave mushrooms,成熟的蘑菇,Food,Food,pokopiadex_placeable_food_or_material_favorite_category_ids,https://pokopiadex.com/images/items/dream_ui/cave-mushrooms.png,pokopiadex_items,https://infipoke.com/img/pokopia/items/cavemushrooms.webp,cave-mushrooms,Food,Food,cavemushrooms,Food,Food,https://pokopiadex.com/items;https://infipoke.com/zh/game/pokopia/items,601-cave-mushrooms.png,assets/pokopia_image_sources/decorative_item_portraits/601-cave-mushrooms.png,https://pokopiadex.com/images/items/dream_ui/cave-mushrooms.png,pokopiadex_items,image/png,167032,bf3a583c3b8df07d47f2367034db1cf8f1d2f856026ad03964219b636af0a0eb,ok,
602,decorative_item,Chesto Berry,零余果,Food,Food,pokopiadex_placeable_food_or_material_favorite_category_ids,https://pokopiadex.com/images/items/item_ui/chesto-berry.png,pokopiadex_items,https://infipoke.com/img/pokopia/items/chestoberry.webp,chesto-berry,Food,Food,chestoberry,Food,Food,https://pokopiadex.com/items;https://infipoke.com/zh/game/pokopia/items,602-chesto-berry.png,assets/pokopia_image_sources/decorative_item_portraits/602-chesto-berry.png,https://pokopiadex.com/images/items/item_ui/chesto-berry.png,pokopiadex_items,image/png,25741,f3ff710846e665981d893d22cc1990dabcabd6eee2a3dbe01c2a58f66fb372ef,ok,
603,decorative_item,Chili sauce,辣酱,Food,Food,pokopiadex_placeable_food_or_material_favorite_category_ids,https://pokopiadex.com/images/items/item_ui/chili-sauce.png,pokopiadex_items,https://infipoke.com/img/pokopia/items/chilisauce.webp,chili-sauce,Food,Food,chilisauce,Food,Food,https://pokopiadex.com/items;https://infipoke.com/zh/game/pokopia/items,603-chili-sauce.png,assets/pokopia_image_sources/decorative_item_portraits/603-chili-sauce.png,https://pokopiadex.com/images/items/item_ui/chili-sauce.png,pokopiadex_items,image/png,25479,07b1ba244db370bd94208ec82e9490a69d119c5c8b0d0f16c03c7335df97847d,ok,
604,decorative_item,Common candy,普通糖果,Food,Food,pokopiadex_placeable_food_or_material_favorite_category_ids,https://pokopiadex.com/images/items/item_ui/common-candy.png,pokopiadex_items,https://infipoke.com/img/pokopia/items/commoncandy.webp,common-candy,Food,Food,commoncandy,Food,Food,https://pokopiadex.com/items;https://infipoke.com/zh/game/pokopia/items,604-common-candy.png,assets/pokopia_image_sources/decorative_item_portraits/604-common-candy.png,https://pokopiadex.com/images/items/item_ui/common-candy.png,pokopiadex_items,image/png,20845,840d81435c7d730387f4bb105f5fe692e44ac4cea867559ab8c82c9a75ab114a,ok,
605,decorative_item,Copper ingot,铜锭,Materials,,pokopiadex_placeable_food_or_material_favorite_category_ids,https://pokopiadex.com/images/items/item_ui/copper-ingot.png,pokopiadex_items,https://infipoke.com/img/pokopia/items/copperingot.webp,copper-ingot,Materials,,copperingot,Materials,,https://pokopiadex.com/items;https://infipoke.com/zh/game/pokopia/items,605-copper-ingot.png,assets/pokopia_image_sources/decorative_item_portraits/605-copper-ingot.png,https://pokopiadex.com/images/items/item_ui/copper-ingot.png,pokopiadex_items,image/png,96186,cc6c6777b826ffff3caeecf90a7211e285949ec2037d5771397cd23482196872,ok,
606,decorative_item,Copper ore,铜矿石,Materials,,pokopiadex_placeable_food_or_material_favorite_category_ids,https://pokopiadex.com/images/items/dream_ui/copper-ore.png,pokopiadex_items,https://infipoke.com/img/pokopia/items/copperore.webp,copper-ore,Materials,,copperore,Materials,,https://pokopiadex.com/items;https://infipoke.com/zh/game/pokopia/items,606-copper-ore.png,assets/pokopia_image_sources/decorative_item_portraits/606-copper-ore.png,https://pokopiadex.com/images/items/dream_ui/copper-ore.png,pokopiadex_items,image/png,196106,d6c1f975d55160be12f0c66380999484e82e7d6e02dfb6eba2362f6694e5a79b,ok,
607,decorative_item,Cotton spores,棉花孢子,Materials,,pokopiadex_placeable_food_or_material_favorite_category_ids,https://pokopiadex.com/images/items/item_ui/cotton-spores.png,pokopiadex_items,https://infipoke.com/img/pokopia/items/cottonspores.webp,cotton-spores,Materials,,cottonspores,Materials,,https://pokopiadex.com/items;https://infipoke.com/zh/game/pokopia/items,607-cotton-spores.png,assets/pokopia_image_sources/decorative_item_portraits/607-cotton-spores.png,https://pokopiadex.com/images/items/item_ui/cotton-spores.png,pokopiadex_items,image/png,92816,2611580fa798c0946716618bf9957d840b9fbcefcee4e8908c651b2085f692fe,ok,
608,decorative_item,Crouton salad,面包丁沙拉,Food,Food,pokopiadex_placeable_food_or_material_favorite_category_ids,https://pokopiadex.com/images/items/item_ui/crouton-salad.png,pokopiadex_items,https://infipoke.com/img/pokopia/items/croutonsalad.webp,crouton-salad,Food,Food,croutonsalad,Food,Food,https://pokopiadex.com/items;https://infipoke.com/zh/game/pokopia/items,608-crouton-salad.png,assets/pokopia_image_sources/decorative_item_portraits/608-crouton-salad.png,https://pokopiadex.com/images/items/item_ui/crouton-salad.png,pokopiadex_items,image/png,183152,617682abd50a83be6a2676142d2cbaf60b057325880f255da53f8a626553b2e6,ok,
609,decorative_item,Crushed-berry salad,捣捣沙拉,Food,Food,pokopiadex_placeable_food_or_material_favorite_category_ids,https://pokopiadex.com/images/items/item_ui/crushed-berry-salad.png,pokopiadex_items,https://infipoke.com/img/pokopia/items/crushed-berrysalad.webp,crushed-berry-salad,Food,Food,crushed-berrysalad,Food,Food,https://pokopiadex.com/items;https://infipoke.com/zh/game/pokopia/items,609-crushed-berry-salad.png,assets/pokopia_image_sources/decorative_item_portraits/609-crushed-berry-salad.png,https://pokopiadex.com/images/items/item_ui/crushed-berry-salad.png,pokopiadex_items,image/png,33823,11c1c911386abdf64290cb0f17bd82bb02ebe597fb2dbd5e653400632f9fe37c,ok,
610,decorative_item,Crystal fragment,水晶碎片,Materials,,pokopiadex_placeable_food_or_material_favorite_category_ids,https://pokopiadex.com/images/items/item_ui/crystal-fragment.png,pokopiadex_items,https://infipoke.com/img/pokopia/items/crystalfragment.webp,crystal-fragment,Materials,,crystalfragment,Materials,,https://pokopiadex.com/items;https://infipoke.com/zh/game/pokopia/items,610-crystal-fragment.png,assets/pokopia_image_sources/decorative_item_portraits/610-crystal-fragment.png,https://pokopiadex.com/images/items/item_ui/crystal-fragment.png,pokopiadex_items,image/png,99859,ba2be5218128d48d9981985a34b8d79c0724a27e865d080091601c4f793954e4,ok,
611,decorative_item,Curry and rice,咖喱饭,Food,Food,pokopiadex_placeable_food_or_material_favorite_category_ids,https://pokopiadex.com/images/items/item_ui/curry-and-rice.png,pokopiadex_items,https://infipoke.com/img/pokopia/items/curryandrice.webp,curry-and-rice,Food,Food,curryandrice,Food,Food,https://pokopiadex.com/items;https://infipoke.com/zh/game/pokopia/items,611-curry-and-rice.png,assets/pokopia_image_sources/decorative_item_portraits/611-curry-and-rice.png,https://pokopiadex.com/images/items/item_ui/curry-and-rice.png,pokopiadex_items,image/png,30306,c7f45e7e570e54cb854d07a099b1928ad2cf23c36057faf10c8b4c3706a5b23e,ok,
612,decorative_item,Cyan paint,青色颜料,Materials,,pokopiadex_placeable_food_or_material_favorite_category_ids,https://pokopiadex.com/images/items/item_ui/cyan-paint.png,pokopiadex_items,https://infipoke.com/img/pokopia/items/cyanpaint.webp,cyan-paint,Materials,,cyanpaint,Materials,,https://pokopiadex.com/items;https://infipoke.com/zh/game/pokopia/items,612-cyan-paint.png,assets/pokopia_image_sources/decorative_item_portraits/612-cyan-paint.png,https://pokopiadex.com/images/items/item_ui/cyan-paint.png,pokopiadex_items,image/png,32112,f0ab43b66a6d93d2b9d020418f300e0bb28b350cc8d422de3c50a2b12e81836f,ok,
613,decorative_item,Electrifying soup,电电汤,Food,Food,pokopiadex_placeable_food_or_material_favorite_category_ids,https://pokopiadex.com/images/items/item_ui/electrifying-soup.png,pokopiadex_items,https://infipoke.com/img/pokopia/items/electrifyingsoup.webp,electrifying-soup,Food,Food,electrifyingsoup,Food,Food,https://pokopiadex.com/items;https://infipoke.com/zh/game/pokopia/items,613-electrifying-soup.png,assets/pokopia_image_sources/decorative_item_portraits/613-electrifying-soup.png,https://pokopiadex.com/images/items/item_ui/electrifying-soup.png,pokopiadex_items,image/png,37384,40f0d1031d3e9b1fb1c9da465e8d1bd6829f2e16612a127df13ec117c5a210c8,ok,
614,decorative_item,Flavorful soup,多滋汤,Food,Food,pokopiadex_placeable_food_or_material_favorite_category_ids,https://pokopiadex.com/images/items/item_ui/flavorful-soup.png,pokopiadex_items,https://infipoke.com/img/pokopia/items/flavorfulsoup.webp,flavorful-soup,Food,Food,flavorfulsoup,Food,Food,https://pokopiadex.com/items;https://infipoke.com/zh/game/pokopia/items,614-flavorful-soup.png,assets/pokopia_image_sources/decorative_item_portraits/614-flavorful-soup.png,https://pokopiadex.com/images/items/item_ui/flavorful-soup.png,pokopiadex_items,image/png,35791,dee8f550e98a4edb274664bf62510962e35117ae24de7aeda7f95dca49281ab1,ok,
615,decorative_item,Fluff,绒毛,Materials,,pokopiadex_placeable_food_or_material_favorite_category_ids,https://pokopiadex.com/images/items/item_ui/fluff.png,pokopiadex_items,https://infipoke.com/img/pokopia/items/fluff.webp,fluff,Materials,,fluff,Materials,,https://pokopiadex.com/items;https://infipoke.com/zh/game/pokopia/items,615-fluff.png,assets/pokopia_image_sources/decorative_item_portraits/615-fluff.png,https://pokopiadex.com/images/items/item_ui/fluff.png,pokopiadex_items,image/png,21885,1c524ab856f2cdd278bc45cba3a4dca58e6bc2c9b3c7062a94d1df7a373f3046,ok,
616,decorative_item,Fluffy bread,松软面包,Food,Food,pokopiadex_placeable_food_or_material_favorite_category_ids,https://pokopiadex.com/images/items/item_ui/fluffy-bread.png,pokopiadex_items,https://infipoke.com/img/pokopia/items/fluffybread.webp,fluffy-bread,Food,Food,fluffybread,Food,Food,https://pokopiadex.com/items;https://infipoke.com/zh/game/pokopia/items,616-fluffy-bread.png,assets/pokopia_image_sources/decorative_item_portraits/616-fluffy-bread.png,https://pokopiadex.com/images/items/item_ui/fluffy-bread.png,pokopiadex_items,image/png,26983,dbbe7aacac48344ec471f78179f40a6d05e24868d2be1f3d3966f6bc2caf798f,ok,
617,decorative_item,Fresh carrot,成熟的胡萝卜,Food,Food,pokopiadex_placeable_food_or_material_favorite_category_ids,https://pokopiadex.com/images/items/item_ui/fresh-carrot.png,pokopiadex_items,https://infipoke.com/img/pokopia/items/freshcarrot.webp,fresh-carrot,Food,Food,freshcarrot,Food,Food,https://pokopiadex.com/items;https://infipoke.com/zh/game/pokopia/items,617-fresh-carrot.png,assets/pokopia_image_sources/decorative_item_portraits/617-fresh-carrot.png,https://pokopiadex.com/images/items/item_ui/fresh-carrot.png,pokopiadex_items,image/png,92685,9a0dbf11a99443bbfeb8a0f22f554073f805ccf5f4913e050b1820bba91a92c5,ok,
618,decorative_item,Glass,玻璃,Materials,,pokopiadex_placeable_food_or_material_favorite_category_ids,https://pokopiadex.com/images/items/item_ui/glass.png,pokopiadex_items,https://infipoke.com/img/pokopia/items/glass.webp,glass,Materials,,glass,Materials,,https://pokopiadex.com/items;https://infipoke.com/zh/game/pokopia/items,618-glass.png,assets/pokopia_image_sources/decorative_item_portraits/618-glass.png,https://pokopiadex.com/images/items/item_ui/glass.png,pokopiadex_items,image/png,16084,6ab05fd1aab817952c79ee3d550e502df1eadf77ef80b854f5beb6f5522968b4,ok,
619,decorative_item,Gold ingot,金锭,Materials,,pokopiadex_placeable_food_or_material_favorite_category_ids,https://pokopiadex.com/images/items/item_ui/gold-ingot.png,pokopiadex_items,https://infipoke.com/img/pokopia/items/goldingot.webp,gold-ingot,Materials,,goldingot,Materials,,https://pokopiadex.com/items;https://infipoke.com/zh/game/pokopia/items,619-gold-ingot.png,assets/pokopia_image_sources/decorative_item_portraits/619-gold-ingot.png,https://pokopiadex.com/images/items/item_ui/gold-ingot.png,pokopiadex_items,image/png,100614,3f230b5e66f27f372168cf7ee9130d42cd03850f125a0e307937fa9803fb15fb,ok,
620,decorative_item,Gold ore,金矿,Materials,,pokopiadex_placeable_food_or_material_favorite_category_ids,https://pokopiadex.com/images/items/dream_ui/gold-ore.png,pokopiadex_items,https://infipoke.com/img/pokopia/items/goldore.webp,gold-ore,Materials,,goldore,Materials,,https://pokopiadex.com/items;https://infipoke.com/zh/game/pokopia/items,620-gold-ore.png,assets/pokopia_image_sources/decorative_item_portraits/620-gold-ore.png,https://pokopiadex.com/images/items/dream_ui/gold-ore.png,pokopiadex_items,image/png,124663,b67bbae500183d2bf00af3016a1cd0129f35ef33e70460d9d74420ac31b3f71d,ok,
621,decorative_item,Green paint,绿色颜料,Materials,,pokopiadex_placeable_food_or_material_favorite_category_ids,https://pokopiadex.com/images/items/item_ui/green-paint.png,pokopiadex_items,https://infipoke.com/img/pokopia/items/greenpaint.webp,green-paint,Materials,,greenpaint,Materials,,https://pokopiadex.com/items;https://infipoke.com/zh/game/pokopia/items,621-green-paint.png,assets/pokopia_image_sources/decorative_item_portraits/621-green-paint.png,https://pokopiadex.com/images/items/item_ui/green-paint.png,pokopiadex_items,image/png,32146,6daff76b1553d78fb0c3b5821c9300266ba9a588d1f0f842de7474b06933e38f,ok,
622,decorative_item,Healthy soup,药膳汤,Food,Food,pokopiadex_placeable_food_or_material_favorite_category_ids,https://pokopiadex.com/images/items/item_ui/healthy-soup.png,pokopiadex_items,https://infipoke.com/img/pokopia/items/healthysoup.webp,healthy-soup,Food,Food,healthysoup,Food,Food,https://pokopiadex.com/items;https://infipoke.com/zh/game/pokopia/items,622-healthy-soup.png,assets/pokopia_image_sources/decorative_item_portraits/622-healthy-soup.png,https://pokopiadex.com/images/items/item_ui/healthy-soup.png,pokopiadex_items,image/png,178861,ccc6f6819119f0de4cf50def158854a978dce8744de53a0aa76ae9cde2cd5b1e,ok,
623,decorative_item,Iron ingot,铁锭,Materials,,pokopiadex_placeable_food_or_material_favorite_category_ids,https://pokopiadex.com/images/items/item_ui/iron-ingot.png,pokopiadex_items,https://infipoke.com/img/pokopia/items/ironingot.webp,iron-ingot,Materials,,ironingot,Materials,,https://pokopiadex.com/items;https://infipoke.com/zh/game/pokopia/items,623-iron-ingot.png,assets/pokopia_image_sources/decorative_item_portraits/623-iron-ingot.png,https://pokopiadex.com/images/items/item_ui/iron-ingot.png,pokopiadex_items,image/png,90643,26dea997ab5b7fd0aa9d87f8ea949a2c332dccb96d7d83ab8e4fd6254c8ea36f,ok,
624,decorative_item,Iron ore,铁矿石,Materials,,pokopiadex_placeable_food_or_material_favorite_category_ids,https://pokopiadex.com/images/items/dream_ui/iron-ore.png,pokopiadex_items,https://infipoke.com/img/pokopia/items/ironore.webp,iron-ore,Materials,,ironore,Materials,,https://pokopiadex.com/items;https://infipoke.com/zh/game/pokopia/items,624-iron-ore.png,assets/pokopia_image_sources/decorative_item_portraits/624-iron-ore.png,https://pokopiadex.com/images/items/dream_ui/iron-ore.png,pokopiadex_items,image/png,142917,28199243e6595748d598fca85a93dceffdb09d41b16c409036952269c99aef3c,ok,
625,decorative_item,Leppa bread,苹野面包,Food,Food,pokopiadex_placeable_food_or_material_favorite_category_ids,https://pokopiadex.com/images/items/item_ui/leppa-bread.png,pokopiadex_items,https://infipoke.com/img/pokopia/items/leppabread.webp,leppa-bread,Food,Food,leppabread,Food,Food,https://pokopiadex.com/items;https://infipoke.com/zh/game/pokopia/items,625-leppa-bread.png,assets/pokopia_image_sources/decorative_item_portraits/625-leppa-bread.png,https://pokopiadex.com/images/items/item_ui/leppa-bread.png,pokopiadex_items,image/png,136684,0a76a57f1a1e776c6e2708cb2b662a2e5c54c89e33f17a2abade769b831d9a2d,ok,
626,decorative_item,Leppa salad,苹野沙拉,Food,Food,pokopiadex_placeable_food_or_material_favorite_category_ids,https://pokopiadex.com/images/items/item_ui/leppa-salad.png,pokopiadex_items,https://infipoke.com/img/pokopia/items/leppasalad.webp,leppa-salad,Food,Food,leppasalad,Food,Food,https://pokopiadex.com/items;https://infipoke.com/zh/game/pokopia/items,626-leppa-salad.png,assets/pokopia_image_sources/decorative_item_portraits/626-leppa-salad.png,https://pokopiadex.com/images/items/item_ui/leppa-salad.png,pokopiadex_items,image/png,184366,8abba35df9337ba271122fa6afb9c81582f3f7178770a38d15d30efab878a94c,ok,
627,decorative_item,Moomoo Milk coffee,哞哞牛奶咖啡,Food,Food,pokopiadex_placeable_food_or_material_favorite_category_ids,https://pokopiadex.com/images/items/item_ui/moomoo-milk-coffee.png,pokopiadex_items,https://infipoke.com/img/pokopia/items/moomoomilkcoffee.webp,moomoo-milk-coffee,Food,Food,moomoomilkcoffee,Food,Food,https://pokopiadex.com/items;https://infipoke.com/zh/game/pokopia/items,627-moomoo-milk-coffee.png,assets/pokopia_image_sources/decorative_item_portraits/627-moomoo-milk-coffee.png,https://pokopiadex.com/images/items/item_ui/moomoo-milk-coffee.png,pokopiadex_items,image/png,23763,d637d31962410c5175631521c1118ba01ea1997af5c2cbb88ca243b73c206131,ok,
628,decorative_item,Mushroom hamburger steak,蘑菇汉堡排,Food,Food,pokopiadex_placeable_food_or_material_favorite_category_ids,https://pokopiadex.com/images/items/item_ui/mushroom-hamburger-steak.png,pokopiadex_items,https://infipoke.com/img/pokopia/items/mushroomhamburgersteak.webp,mushroom-hamburger-steak,Food,Food,mushroomhamburgersteak,Food,Food,https://pokopiadex.com/items;https://infipoke.com/zh/game/pokopia/items,628-mushroom-hamburger-steak.png,assets/pokopia_image_sources/decorative_item_portraits/628-mushroom-hamburger-steak.png,https://pokopiadex.com/images/items/item_ui/mushroom-hamburger-steak.png,pokopiadex_items,image/png,33402,a1196d33544e69b002a77829a9e7bdbf68fa3599271040f78be2d2492c9506d6,ok,
629,decorative_item,Mushroom soup,蘑菇汤,Food,Food,pokopiadex_placeable_food_or_material_favorite_category_ids,https://pokopiadex.com/images/items/item_ui/mushroom-soup.png,pokopiadex_items,https://infipoke.com/img/pokopia/items/mushroomsoup.webp,mushroom-soup,Food,Food,mushroomsoup,Food,Food,https://pokopiadex.com/items;https://infipoke.com/zh/game/pokopia/items,629-mushroom-soup.png,assets/pokopia_image_sources/decorative_item_portraits/629-mushroom-soup.png,https://pokopiadex.com/images/items/item_ui/mushroom-soup.png,pokopiadex_items,image/png,158403,b21e9f27b99b9b6929b1d08a7e7801f54b74eaf0addb6c2cdc1130751709679e,ok,
630,decorative_item,Nonburnable garbage,不可燃垃圾,Materials,,pokopiadex_placeable_food_or_material_favorite_category_ids,https://pokopiadex.com/images/items/item_ui/nonburnable-garbage.png,pokopiadex_items,https://infipoke.com/img/pokopia/items/nonburnablegarbage.webp,nonburnable-garbage,Materials,,nonburnablegarbage,Materials,,https://pokopiadex.com/items;https://infipoke.com/zh/game/pokopia/items,630-nonburnable-garbage.png,assets/pokopia_image_sources/decorative_item_portraits/630-nonburnable-garbage.png,https://pokopiadex.com/images/items/item_ui/nonburnable-garbage.png,pokopiadex_items,image/png,130889,79c5a62a84741be1dc155a4aceba45a23d57a8eca9eb38d65245862faa01ee72,ok,
631,decorative_item,Pecha Berry,桃桃果,Food,Food,pokopiadex_placeable_food_or_material_favorite_category_ids,https://pokopiadex.com/images/items/item_ui/pecha-berry.png,pokopiadex_items,https://infipoke.com/img/pokopia/items/pechaberry.webp,pecha-berry,Food,Food,pechaberry,Food,Food,https://pokopiadex.com/items;https://infipoke.com/zh/game/pokopia/items,631-pecha-berry.png,assets/pokopia_image_sources/decorative_item_portraits/631-pecha-berry.png,https://pokopiadex.com/images/items/item_ui/pecha-berry.png,pokopiadex_items,image/png,27083,ec884be41f34265c8d738c45b998b2fef6a0f730e3f9bf4b641a9ba6cf7ef67d,ok,
632,decorative_item,Pink paint,粉色颜料,Materials,,pokopiadex_placeable_food_or_material_favorite_category_ids,https://pokopiadex.com/images/items/item_ui/pink-paint.png,pokopiadex_items,https://infipoke.com/img/pokopia/items/pinkpaint.webp,pink-paint,Materials,,pinkpaint,Materials,,https://pokopiadex.com/items;https://infipoke.com/zh/game/pokopia/items,632-pink-paint.png,assets/pokopia_image_sources/decorative_item_portraits/632-pink-paint.png,https://pokopiadex.com/images/items/item_ui/pink-paint.png,pokopiadex_items,image/png,30195,cd77fd20e472b345e492bd703a5a8733e2eccb13d3f5a5067af94f00d2197025,ok,
633,decorative_item,Pokémetal,宝可梦金属,Materials,,pokopiadex_placeable_food_or_material_favorite_category_ids,https://pokopiadex.com/images/items/item_ui/pokemetal.png,pokopiadex_items,https://infipoke.com/img/pokopia/items/pokemetal.webp,pokemetal,Materials,,pokemetal,Materials,,https://pokopiadex.com/items;https://infipoke.com/zh/game/pokopia/items,633-pokemetal.png,assets/pokopia_image_sources/decorative_item_portraits/633-pokemetal.png,https://pokopiadex.com/images/items/item_ui/pokemetal.png,pokopiadex_items,image/png,119052,34bed5039bf47a747f2cd5bd5c440a4fdb3c97864b17a2eab4c481a5d30d9d5e,ok,
634,decorative_item,Pokémetal fragment,宝可金属碎片,Materials,,pokopiadex_placeable_food_or_material_favorite_category_ids,https://pokopiadex.com/images/items/item_ui/pokemetal-fragment.png,pokopiadex_items,https://infipoke.com/img/pokopia/items/pokemetalfragment.webp,pokemetal-fragment,Materials,,pokemetalfragment,Materials,,https://pokopiadex.com/items;https://infipoke.com/zh/game/pokopia/items,634-pokemetal-fragment.png,assets/pokopia_image_sources/decorative_item_portraits/634-pokemetal-fragment.png,https://pokopiadex.com/images/items/item_ui/pokemetal-fragment.png,pokopiadex_items,image/png,162508,3d2a6f5f75b02517cc7e973ee8790a43a693a9c3b8f5a84af3d1b2c90f8929b3,ok,
635,decorative_item,Potato,马铃薯,Food,Food,pokopiadex_placeable_food_or_material_favorite_category_ids,https://pokopiadex.com/images/items/item_ui/potato.png,pokopiadex_items,https://infipoke.com/img/pokopia/items/potato.webp,potato,Food,Food,potato,Food,Food,https://pokopiadex.com/items;https://infipoke.com/zh/game/pokopia/items,635-potato.png,assets/pokopia_image_sources/decorative_item_portraits/635-potato.png,https://pokopiadex.com/images/items/item_ui/potato.png,pokopiadex_items,image/png,22720,d008d3a1bab6072d382000665e71d9dee543d0c41f61a5d980881f1cf2ce669a,ok,
636,decorative_item,Potato Hamburger Steak,马铃薯汉堡排,Food,Food,pokopiadex_placeable_food_or_material_favorite_category_ids,https://pokopiadex.com/images/items/item_ui/potato-hamburger-steak.png,pokopiadex_items,https://infipoke.com/img/pokopia/items/potatohamburgersteak.webp,potato-hamburger-steak,Food,Food,potatohamburgersteak,Food,Food,https://pokopiadex.com/items;https://infipoke.com/zh/game/pokopia/items,636-potato-hamburger-steak.png,assets/pokopia_image_sources/decorative_item_portraits/636-potato-hamburger-steak.png,https://pokopiadex.com/images/items/item_ui/potato-hamburger-steak.png,pokopiadex_items,image/png,34596,7f4b0e47c416ce4404492dc55ed01dbfed4c1dd0cc62b4395b3e07e45872f788,ok,
637,decorative_item,Rare Candy,神奇糖果,Food,Food,pokopiadex_placeable_food_or_material_favorite_category_ids,https://pokopiadex.com/images/items/item_ui/rare-candy.png,pokopiadex_items,https://infipoke.com/img/pokopia/items/rarecandy.webp,rare-candy,Food,Food,rarecandy,Food,Food,https://pokopiadex.com/items;https://infipoke.com/zh/game/pokopia/items,637-rare-candy.png,assets/pokopia_image_sources/decorative_item_portraits/637-rare-candy.png,https://pokopiadex.com/images/items/item_ui/rare-candy.png,pokopiadex_items,image/png,20817,c3e396ce1f854d85e45e412bd49d95b9eacfcfac34b81d16308b818f7f061795,ok,
638,decorative_item,Rare Pokémetal fragment,稀有宝可金属碎片,Materials,,pokopiadex_placeable_food_or_material_favorite_category_ids,https://pokopiadex.com/images/items/item_ui/rare-pokemetal-fragment.png,pokopiadex_items,https://infipoke.com/img/pokopia/items/rarepokemetalfragment.webp,rare-pokemetal-fragment,Materials,,rarepokemetalfragment,Materials,,https://pokopiadex.com/items;https://infipoke.com/zh/game/pokopia/items,638-rare-pokemetal-fragment.png,assets/pokopia_image_sources/decorative_item_portraits/638-rare-pokemetal-fragment.png,https://pokopiadex.com/images/items/item_ui/rare-pokemetal-fragment.png,pokopiadex_items,image/png,42375,b1ae9bee64b0fe199f9e1368647d2583078565ebc64042416f621081d2eebb30,ok,
639,decorative_item,Rawst Berry,莓莓果,Food,Food,pokopiadex_placeable_food_or_material_favorite_category_ids,https://pokopiadex.com/images/items/item_ui/rawst-berry.png,pokopiadex_items,https://infipoke.com/img/pokopia/items/rawstberry.webp,rawst-berry,Food,Food,rawstberry,Food,Food,https://pokopiadex.com/items;https://infipoke.com/zh/game/pokopia/items,639-rawst-berry.png,assets/pokopia_image_sources/decorative_item_portraits/639-rawst-berry.png,https://pokopiadex.com/images/items/item_ui/rawst-berry.png,pokopiadex_items,image/png,32476,074963eff7ac272298bc709f2ed3e43b19f25df40ed88dd60c403c6bf6a05855,ok,
640,decorative_item,Recycled bread,重制面包,Food,Food,pokopiadex_placeable_food_or_material_favorite_category_ids,https://pokopiadex.com/images/items/item_ui/recycled-bread.png,pokopiadex_items,https://infipoke.com/img/pokopia/items/recycledbread.webp,recycled-bread,Food,Food,recycledbread,Food,Food,https://pokopiadex.com/items;https://infipoke.com/zh/game/pokopia/items,640-recycled-bread.png,assets/pokopia_image_sources/decorative_item_portraits/640-recycled-bread.png,https://pokopiadex.com/images/items/item_ui/recycled-bread.png,pokopiadex_items,image/png,28158,6b87a42abc62f3f733fc45ffa048043850b018ec915749dc0065a3db4a35cfd0,ok,
641,decorative_item,Red paint,红色颜料,Materials,,pokopiadex_placeable_food_or_material_favorite_category_ids,https://pokopiadex.com/images/items/item_ui/red-paint.png,pokopiadex_items,https://infipoke.com/img/pokopia/items/redpaint.webp,red-paint,Materials,,redpaint,Materials,,https://pokopiadex.com/items;https://infipoke.com/zh/game/pokopia/items,641-red-paint.png,assets/pokopia_image_sources/decorative_item_portraits/641-red-paint.png,https://pokopiadex.com/images/items/item_ui/red-paint.png,pokopiadex_items,image/png,32311,7c9cdc3beeb0ff2eaf64b21bdda409448efec0e007425430236f5ffd7f04c06a,ok,
642,decorative_item,Roserade Tea,罗丝雷朵茶,Food,Food,pokopiadex_placeable_food_or_material_favorite_category_ids,https://pokopiadex.com/images/items/item_ui/roserade-tea.png,pokopiadex_items,https://infipoke.com/img/pokopia/items/roseradetea.webp,roserade-tea,Food,Food,roseradetea,Food,Food,https://pokopiadex.com/items;https://infipoke.com/zh/game/pokopia/items,642-roserade-tea.png,assets/pokopia_image_sources/decorative_item_portraits/642-roserade-tea.png,https://pokopiadex.com/images/items/item_ui/roserade-tea.png,pokopiadex_items,image/png,23928,819776835f985b6367865a21088e4c51d8c7e1afe030704d11ce4c1fa534d9aa,ok,
643,decorative_item,Sea glass fragments,海玻璃碎片,Materials,,pokopiadex_placeable_food_or_material_favorite_category_ids,https://pokopiadex.com/images/items/dream_ui/sea-glass-fragments.png,pokopiadex_items,https://infipoke.com/img/pokopia/items/seaglassfragments.webp,sea-glass-fragments,Materials,,seaglassfragments,Materials,,https://pokopiadex.com/items;https://infipoke.com/zh/game/pokopia/items,643-sea-glass-fragments.png,assets/pokopia_image_sources/decorative_item_portraits/643-sea-glass-fragments.png,https://pokopiadex.com/images/items/dream_ui/sea-glass-fragments.png,pokopiadex_items,image/png,154458,d5ea5395e47863f935991da500a2fe38523363aefaa4218324e57442890af3a7,ok,
644,decorative_item,Seaweed salad,海藻沙拉,Food,Food,pokopiadex_placeable_food_or_material_favorite_category_ids,https://pokopiadex.com/images/items/item_ui/seaweed-salad.png,pokopiadex_items,https://infipoke.com/img/pokopia/items/seaweedsalad.webp,seaweed-salad,Food,Food,seaweedsalad,Food,Food,https://pokopiadex.com/items;https://infipoke.com/zh/game/pokopia/items,644-seaweed-salad.png,assets/pokopia_image_sources/decorative_item_portraits/644-seaweed-salad.png,https://pokopiadex.com/images/items/item_ui/seaweed-salad.png,pokopiadex_items,image/png,40712,2484746fd0e65edaf1141249565c25e5bff38e423344a6dc15322f926467506a,ok,
645,decorative_item,Seaweed soup,海藻汤,Food,Food,pokopiadex_placeable_food_or_material_favorite_category_ids,https://pokopiadex.com/images/items/item_ui/seaweed-soup.png,pokopiadex_items,https://infipoke.com/img/pokopia/items/seaweedsoup.webp,seaweed-soup,Food,Food,seaweedsoup,Food,Food,https://pokopiadex.com/items;https://infipoke.com/zh/game/pokopia/items,645-seaweed-soup.png,assets/pokopia_image_sources/decorative_item_portraits/645-seaweed-soup.png,https://pokopiadex.com/images/items/item_ui/seaweed-soup.png,pokopiadex_items,image/png,141008,1ca953a0189a271d8a5d10e24065a9df69e481d4cc202706827e58810ad8afee,ok,
646,decorative_item,Shredded salad,丝丝沙拉,Food,Food,pokopiadex_placeable_food_or_material_favorite_category_ids,https://pokopiadex.com/images/items/item_ui/shredded-salad.png,pokopiadex_items,https://infipoke.com/img/pokopia/items/shreddedsalad.webp,shredded-salad,Food,Food,shreddedsalad,Food,Food,https://pokopiadex.com/items;https://infipoke.com/zh/game/pokopia/items,646-shredded-salad.png,assets/pokopia_image_sources/decorative_item_portraits/646-shredded-salad.png,https://pokopiadex.com/images/items/item_ui/shredded-salad.png,pokopiadex_items,image/png,38092,75956ecb2ec8b7d41249f46c8293b386c6daf7458116fbf12debc39621aba7e6,ok,
647,decorative_item,Soda Pop,苏打汽水,Food,Food,pokopiadex_placeable_food_or_material_favorite_category_ids,https://pokopiadex.com/images/items/item_ui/soda-pop.png,pokopiadex_items,https://infipoke.com/img/pokopia/items/sodapop.webp,soda-pop,Food,Food,sodapop,Food,Food,https://pokopiadex.com/items;https://infipoke.com/zh/game/pokopia/items,647-soda-pop.png,assets/pokopia_image_sources/decorative_item_portraits/647-soda-pop.png,https://pokopiadex.com/images/items/item_ui/soda-pop.png,pokopiadex_items,image/png,19512,9e3100a34fee73f61de1ad95f78f9acee5ad6c43518947709a0f5fcf66792e4e,ok,
648,decorative_item,Squishy clay,柔软黏土,Materials,,pokopiadex_placeable_food_or_material_favorite_category_ids,https://pokopiadex.com/images/items/item_ui/squishy-clay.png,pokopiadex_items,https://infipoke.com/img/pokopia/items/squishyclay.webp,squishy-clay,Materials,,squishyclay,Materials,,https://pokopiadex.com/items;https://infipoke.com/zh/game/pokopia/items,648-squishy-clay.png,assets/pokopia_image_sources/decorative_item_portraits/648-squishy-clay.png,https://pokopiadex.com/images/items/item_ui/squishy-clay.png,pokopiadex_items,image/png,97697,42a15e55eb5a06aecb1af57ec4856bbecbf1750a8777aa41f1ab8c4d86f8e5df,ok,
649,decorative_item,Stardust,星星沙子,Materials,,pokopiadex_placeable_food_or_material_favorite_category_ids,https://pokopiadex.com/images/items/item_ui/stardust.png,pokopiadex_items,https://infipoke.com/img/pokopia/items/stardust.webp,stardust,Materials,,stardust,Materials,,https://pokopiadex.com/items;https://infipoke.com/zh/game/pokopia/items,649-stardust.png,assets/pokopia_image_sources/decorative_item_portraits/649-stardust.png,https://pokopiadex.com/images/items/item_ui/stardust.png,pokopiadex_items,image/png,149812,991bf105487ab055d9a5e89059b8bd029177ed3a414e9baf77b73e858b1e5336,ok,
650,decorative_item,Stone,石头,Materials,,pokopiadex_placeable_food_or_material_favorite_category_ids,https://pokopiadex.com/images/items/item_ui/stone.png,pokopiadex_items,https://infipoke.com/img/pokopia/items/stone.webp,stone,Materials,,stone,Materials,,https://pokopiadex.com/items;https://infipoke.com/zh/game/pokopia/items,650-stone.png,assets/pokopia_image_sources/decorative_item_portraits/650-stone.png,https://pokopiadex.com/images/items/item_ui/stone.png,pokopiadex_items,image/png,90369,74060baa18244b354ff6a921ae6df881ef233064fe70744130dc9fd6a50b9505,ok,
651,decorative_item,Tomato,番茄,Food,Food,pokopiadex_placeable_food_or_material_favorite_category_ids,https://pokopiadex.com/images/items/item_ui/tomato.png,pokopiadex_items,https://infipoke.com/img/pokopia/items/tomato.webp,tomato,Food,Food,tomato,Food,Food,https://pokopiadex.com/items;https://infipoke.com/zh/game/pokopia/items,651-tomato.png,assets/pokopia_image_sources/decorative_item_portraits/651-tomato.png,https://pokopiadex.com/images/items/item_ui/tomato.png,pokopiadex_items,image/png,35963,d83e780c90f6dff021a1a2dbaec03fe39be53b4ba312091eb97a012c4828490d,ok,
652,decorative_item,Tomato hamburger steak,番茄汉堡排,Food,Food,pokopiadex_placeable_food_or_material_favorite_category_ids,https://pokopiadex.com/images/items/item_ui/tomato-hamburger-steak.png,pokopiadex_items,https://infipoke.com/img/pokopia/items/tomatohamburgersteak.webp,tomato-hamburger-steak,Food,Food,tomatohamburgersteak,Food,Food,https://pokopiadex.com/items;https://infipoke.com/zh/game/pokopia/items,652-tomato-hamburger-steak.png,assets/pokopia_image_sources/decorative_item_portraits/652-tomato-hamburger-steak.png,https://pokopiadex.com/images/items/item_ui/tomato-hamburger-steak.png,pokopiadex_items,image/png,34474,06e82fee80475c6415c15e5765897999eead53e592727eb3984a5b1dcbf88d83,ok,
653,decorative_item,Twine,细绳,Materials,,pokopiadex_placeable_food_or_material_favorite_category_ids,https://pokopiadex.com/images/items/dream_ui/twine.png,pokopiadex_items,https://infipoke.com/img/pokopia/items/twine.webp,twine,Materials,,twine,Materials,,https://pokopiadex.com/items;https://infipoke.com/zh/game/pokopia/items,653-twine.png,assets/pokopia_image_sources/decorative_item_portraits/653-twine.png,https://pokopiadex.com/images/items/dream_ui/twine.png,pokopiadex_items,image/png,195836,20653241659d394245e35a39f3d30e276082451813727ca7aef5483981b41323,ok,
654,decorative_item,Vine rope,藤蔓绳,Materials,,pokopiadex_placeable_food_or_material_favorite_category_ids,https://pokopiadex.com/images/items/dream_ui/vine-rope.png,pokopiadex_items,https://infipoke.com/img/pokopia/items/vinerope.webp,vine-rope,Materials,,vinerope,Materials,,https://pokopiadex.com/items;https://infipoke.com/zh/game/pokopia/items,654-vine-rope.png,assets/pokopia_image_sources/decorative_item_portraits/654-vine-rope.png,https://pokopiadex.com/images/items/dream_ui/vine-rope.png,pokopiadex_items,image/png,222259,2012e99eafb84c4b2421b890d2946ef1ec81cb4c276805ccb5c4f52840f61a33,ok,
655,decorative_item,Wastepaper,废纸,Materials,,pokopiadex_placeable_food_or_material_favorite_category_ids,https://pokopiadex.com/images/items/item_ui/wastepaper.png,pokopiadex_items,https://infipoke.com/img/pokopia/items/wastepaper.webp,wastepaper,Materials,,wastepaper,Materials,,https://pokopiadex.com/items;https://infipoke.com/zh/game/pokopia/items,655-wastepaper.png,assets/pokopia_image_sources/decorative_item_portraits/655-wastepaper.png,https://pokopiadex.com/images/items/item_ui/wastepaper.png,pokopiadex_items,image/png,28972,6f033c7cd3e2a8f98ca3e6b786600ba77f0465ec0a5908a403deadfcc96493e7,ok,
656,decorative_item,Wheat,小麦,Food,Food,pokopiadex_placeable_food_or_material_favorite_category_ids,https://pokopiadex.com/images/items/item_ui/wheat.png,pokopiadex_items,https://infipoke.com/img/pokopia/items/wheat.webp,wheat,Food,Food,wheat,Food,Food,https://pokopiadex.com/items;https://infipoke.com/zh/game/pokopia/items,656-wheat.png,assets/pokopia_image_sources/decorative_item_portraits/656-wheat.png,https://pokopiadex.com/images/items/item_ui/wheat.png,pokopiadex_items,image/png,119117,b5addf741c4397438edacce86fa74be3b02ee5646d712d47175ac5ebe27167d4,ok,
657,decorative_item,White paint,白色颜料,Materials,,pokopiadex_placeable_food_or_material_favorite_category_ids,https://pokopiadex.com/images/items/item_ui/white-paint.png,pokopiadex_items,https://infipoke.com/img/pokopia/items/whitepaint.webp,white-paint,Materials,,whitepaint,Materials,,https://pokopiadex.com/items;https://infipoke.com/zh/game/pokopia/items,657-white-paint.png,assets/pokopia_image_sources/decorative_item_portraits/657-white-paint.png,https://pokopiadex.com/images/items/item_ui/white-paint.png,pokopiadex_items,image/png,25186,7fbefd500d42c9deedfbf84ac48d1a66a9400f14275699dc2994aacb05f5fe4f,ok,
658,decorative_item,Yellow paint,黄色颜料,Materials,,pokopiadex_placeable_food_or_material_favorite_category_ids,https://pokopiadex.com/images/items/item_ui/yellow-paint.png,pokopiadex_items,https://infipoke.com/img/pokopia/items/yellowpaint.webp,yellow-paint,Materials,,yellowpaint,Materials,,https://pokopiadex.com/items;https://infipoke.com/zh/game/pokopia/items,658-yellow-paint.png,assets/pokopia_image_sources/decorative_item_portraits/658-yellow-paint.png,https://pokopiadex.com/images/items/item_ui/yellow-paint.png,pokopiadex_items,image/png,32314,e3024682383d81529da9560456d816196bef1337548b885cd90af61b4aca672f,ok,
